{
  "config": {
    "mf": 0.05,
    "mf1": 0.5,
    "mf2": 0.05,
    "T_coh": 10,
    "tStack": 864000.0,
    "nStacks": 12,
    "gamma1": 13,
    "gamma2": 27,
    "gamma1_upper": 26.758176320519304,
    "gamma2_upper": 100.0
  },
  "mismatch_list": [
    0.39088389328829276,
    0.46301972667954233,
    0.5929607345388364,
    0.5769579684385704,
    0.34538234624762,
    0.01369583934586803,
    0.5768993384323459,
    0.4078981421958989,
    0.4763831937940992,
    0.22317448170586593,
    0.4414383547905242,
    0.5376451804183261,
    0.5434632395011088,
    0.5826547287336254,
    0.23381489268296438,
    0.5718074186175939,
    0.4160847667913573,
    0.354326851089976,
    0.19255243333228886,
    0.4309796615950853,
    0.517854639436033,
    0.49421864227109064,
    0.4753642297654377,
    0.48749194006826124,
    0.5431563467916891,
    0.6266485386193114,
    0.5897626750592236,
    0.5100343778383238,
    0.6464215692067726,
    0.5353578783169594,
    0.5617115375503641,
    0.577848233775806,
    0.40404607217990757,
    0.4282167056105799,
    0.49820775958780855,
    0.5305620901795092,
    0.4840147442945658,
    0.13384848228246207,
    0.440430178899855,
    0.5867707557540621,
    0.5777680003877225,
    0.5827149308805625,
    0.31589982883182466,
    0.2579039916435842,
    0.37505823697104645,
    0.5322881922582804,
    0.5272560951082246,
    0.2771503550923752,
    0.1326924167413253,
    0.30906914849497885,
    0.5193084901128071,
    0.24482529884497534,
    0.2257807115248648,
    0.4243225130658446,
    0.5927697736540226,
    0.6227288123409359,
    0.4206711349435596,
    0.3044923216105487,
    0.3578373870891251,
    0.472848967260766,
    0.42687512746537415,
    0.2938677404640721,
    0.10180196599990914,
    0.3960874079877542,
    0.40488705903757016,
    0.26170575315677724,
    0.6064348207266261,
    0.5771714814108456,
    0.029346337503048055,
    0.11786837669315489,
    0.36416856037340184,
    0.2803458124080501,
    0.6408071565580007,
    0.48155271772712255,
    0.36689226705184474,
    0.2569647188855192,
    0.49027565915252075,
    0.2967851457206384,
    0.156958950755457,
    0.08199071612961074,
    0.29721206324169125,
    0.5664281765347048,
    0.5335670474102343,
    0.5865166923937556,
    0.11841179526217506,
    0.48342188461072655,
    0.5276338967849505,
    0.5205346514450195,
    0.08679366021789003,
    0.3543541195995747,
    0.5722862167821575,
    0.5208790044727946,
    0.1803001444309409,
    0.5267026473656939,
    0.5604812832311243,
    0.25007288769613406,
    0.5674180288543117,
    0.20845008285181554,
    0.5524992537752791,
    0.43274463349767806,
    0.43158076146472774,
    0.5666617749598751,
    0.39870317907452524,
    0.16713075537674835,
    0.4786529855006341,
    0.4546817970934479,
    0.37358779749916865,
    0.4396870984603538,
    0.38812538266718116,
    0.7017797879735139,
    0.5314524097284935,
    0.5289177394177853,
    0.5338766507070892,
    0.561753660079108,
    0.3603248389667111,
    0.5828779727147931,
    0.5672987087954117,
    0.5414818542976851,
    0.48818368198173867,
    0.5744645261627526,
    0.30489506069167904,
    0.44428458002104065,
    0.4212906668077618,
    0.5966871146154549,
    0.5792657354750733,
    0.5476317977060406,
    0.21875448941043965,
    0.5185507725011556,
    0.2881341974975206,
    0.15980284488077914,
    0.1220380733448096,
    0.5543813501609492,
    0.5811397543101864,
    0.060766382817564565,
    0.1497316572650845,
    0.4895591424698851,
    0.4131793965430035,
    0.4889288766794393,
    0.4875275029754118,
    0.12163305737023361,
    0.5850365219129852,
    0.5726313287744144,
    0.5689847483918898,
    0.1460898746223203,
    0.4257912177617639,
    0.35301492677131197,
    0.3088862380548478,
    0.587610685482625,
    0.5963070089394089,
    0.2890150842022302,
    0.5290443780627605,
    0.5486899297231417,
    0.4950293247612271,
    0.5573812385931705,
    0.5354775778581004,
    0.2395849743681431,
    0.5606308805516761,
    0.5648940111522242,
    0.5494299200929667,
    0.3303714925134117,
    0.12868313265408904,
    0.5083281172595787,
    0.5021123607882952,
    0.522606516057032,
    0.454496826606866,
    0.5006124843368706,
    0.6740415877840547,
    0.45571106135436346,
    0.1942251368385855,
    0.36330138924111466,
    0.25800184384999697,
    0.385740553629894,
    0.5252255940604741,
    0.4288460498012977,
    0.40483138357165,
    0.19617177231108912,
    0.36049614809261926,
    0.23876138948181483,
    0.49996763558602303,
    0.36512902992521057,
    0.591358560517605,
    0.4548952287481,
    0.2132593155029446,
    0.192929476044533,
    0.41017996891064634,
    0.57957777830062,
    0.37551101349623167,
    0.22478289007819827,
    0.5274315785387831,
    0.050563189593772935,
    0.19947543627717948,
    0.54045215634278,
    0.39616086490724967,
    0.49737945827934293,
    0.514000292526596,
    0.48306815295042566,
    0.30986638647143644,
    0.26710443015157714,
    0.275301083920546,
    0.5744585086586463,
    0.2159237145283041,
    0.4470931822979558,
    0.005916128136190322,
    0.3637100374028539,
    0.7050376430119484,
    0.49064505800819747,
    0.5185213355216086,
    0.4666167846296248,
    0.50751125463009,
    0.02213021163290883,
    0.38225576821137985,
    0.5015024244036138,
    0.5287714219080302,
    0.06054031982546419,
    0.7452439490743507,
    0.5827931313280696,
    0.2627757304409703,
    0.2966710299896141,
    0.2330661200098492,
    0.5884395831203263,
    0.221609930638236,
    0.3908364580081758,
    0.555474909555829,
    0.2377550567906016,
    0.547298070181012,
    0.5851539987724291,
    0.5111348763370379,
    0.5458835501279234,
    0.5056945647192325,
    0.2963376277350776,
    0.28237831929050267,
    0.30075534313705826,
    0.1657945441946644,
    0.5100787230487647,
    0.3065749201488047,
    0.4194130428913598,
    0.47105287781441646,
    0.5426602550792885,
    0.3800604092358171,
    0.319312512624561,
    0.06574280450170024,
    0.3610676483474687,
    0.5695141532238697,
    0.5281483120684135,
    0.592622805603283,
    0.43021771546703474,
    0.5538289866533928,
    0.5847864431162084,
    0.4915599354793452,
    0.5179803022695315,
    0.005210399591547001,
    0.48967699881157006,
    0.4112573189926633,
    0.5301443344439875,
    0.5093745124330851,
    0.30832373695028337,
    0.0856445879923362,
    0.5878686520888383,
    0.2866159432632849,
    0.022345649122262997,
    0.36860774362786974,
    0.48862567036893156,
    0.0508505118619101,
    0.4942743719487595,
    0.5606831948891765,
    0.4753639044949455,
    0.3993885240016554,
    0.5181163737587814,
    0.4777442881688388,
    0.4802417692199352,
    0.606240227654649,
    0.3940254641257548,
    0.572540496989459,
    0.3874890451608804,
    0.2279552531889248,
    0.5634131630245949,
    0.2565195320051527,
    0.40994225039257437,
    0.5763680361891613,
    0.3311357155349079,
    0.705812437324442,
    0.33680192750956756,
    0.5746103828726437,
    0.44343231711964737,
    0.498333801903548,
    0.33038125062817864,
    0.44570921056526264,
    0.24396853636843951,
    0.41136162239717194,
    0.5804972637704076,
    0.23246068320031035,
    0.49152903478258325,
    0.22955281921151613,
    0.18235092067270708,
    0.481059011331665,
    0.4555366079470303,
    0.5044113184156335,
    0.4505393689513919,
    0.35788872561514884,
    0.2432308228920602,
    0.5337506083913498,
    0.4771346770546497,
    0.1094870234963477,
    0.1638737677262931,
    0.5770700783348927,
    0.5380543164858036,
    0.46461599162016476,
    0.576593665487272,
    0.3102278704118022,
    0.2731003037701127,
    0.5867890793251245,
    0.5441369289022674,
    0.5612397055955091,
    0.5624748389721322,
    0.31895975677573674,
    0.4072523718453235,
    0.09859149202984292,
    0.4000325595762723,
    0.3141601738158772,
    0.42211533592906414,
