{
  "config": {
    "mf": 1.7,
    "mf1": 0.08,
    "mf2": 0.0008,
    "T_coh": 20,
    "tStack": 1728000.0,
    "nStacks": 6,
    "gamma1": 3,
    "gamma2": 49,
    "gamma1_upper": 13.2664991614216,
    "gamma2_upper": 100.0
  },
  "mismatch_list": [
    0.09357544155740379,
    0.06794651208656359,
    0.10967329506489851,
    0.10342544523838153,
    0.21462398785309875,
    0.47137283555527415,
    0.18973759670427262,
    0.4244243227299128,
    0.4587951135264493,
    0.25762696960770104,
    0.21969880386113422,
    0.008924338071837724,
    0.3963620989184431,
    0.11272107957710065,
    0.29661860722861627,
    0.3306474845260695,
    0.41394974549210334,
    0.08887669245013577,
    0.03634138786196778,
    0.17362239543719227,
    0.025192850164256177,
    0.16670362100870065,
    0.17765954436326295,
    0.02919205086623327,
    0.3167836429709643,
    0.20855579576179054,
    0.149064202215027,
    0.15770875345179758,
    0.363363461693382,
    0.4494704216904242,
    0.5192531941291278,
    0.17098629494465686,
    0.49737192284627296,
    0.362667979169244,
    0.2728829688695538,
    0.16396630718133276,
    0.26398763408327336,
    0.08836872836476874,
    0.4094152037716631,
    0.48760719424600835,
    0.09023133562677943,
    0.44841584054286343,
    0.31236733707444997,
    0.04208837534219811,
    0.12672847384277705,
    0.49463786172382734,
    0.46760848014868767,
    0.25051547241256267,
    0.2953298313266493,
    0.22456756101234152,
    0.42951296273386813,
    0.04610730912070387,
    0.06104611544088301,
    0.023707014555746104,
    0.4225052268257514,
    0.38120243393403924,
    0.3153592292737371,
    0.33627900098155794,
    0.1993754698125672,
    0.24095441735218326,
    0.17976870665838457,
    0.03137570010407571,
    0.0070777774874437455,
    0.5191756713284795,
    0.3550005404911346,
    0.3796161981669273,
    0.10178922623896344,
    0.2269916935674399,
    0.496832136464416,
    0.07267149968020489,
    0.410681752856661,
    0.4091179607535129,
    0.24345081416830558,
    0.5475188475276136,
    0.2834226544175582,
    0.3626576247252413,
    0.38925477602795505,
    0.05947939590330489,
    0.13682768893255223,
    0.27000150600237904,
    0.07469338105991125,
    0.5189528610413014,
    0.41608921215475114,
    0.20723877553874823,
    0.2295090703303111,
    0.3355238313220955,
    0.45828129457222216,
    0.2157416172644036,
    0.3580564025538938,
    0.18107455926119362,
    0.20563741469374752,
    0.46435913635479986,
    0.38425477223313265,
    0.1280589385794982,
    0.011806017786007362,
    0.04712811634882138,
    0.33899224479250073,
    0.20442887217986416,
    0.2411494170122756,
    0.20577917841661145,
    0.38236359537955433,
    0.24222964031697392,
    0.03181177941065974,
    0.2350344401818349,
    0.05279855683988007,
    0.369680810981739,
    0.4479830681529504,
    0.46075237450169915,
    0.4584250099180394,
    0.35732736295730727,
    0.16813979865539683,
    0.11495373623577253,
    0.13051359234911758,
    0.41873539603254567,
    0.3149488463360393,
    0.20485812080611135,
    0.07420384896910397,
    0.24009879332237027,
    0.12666602190826873,
    0.28202117229003326,
    0.51643130997378,
    0.5249383802158343,
    0.5453732007256135,
    0.37359885669590454,
    0.12751627897495993,
    0.5175950735832329,
    0.06900234010434461,
    0.14543028027582505,
    0.5204749643096952,
    0.38816300562078254,
    0.3560593501550944,
    0.31297234018999914,
    0.19703319699801358,
    0.3563596832429208,
    0.5525076023845796,
    0.5785841853703524,
    0.39746937388574527,
    0.42971419674506156,
    0.1254439264572091,
    0.26484531815953716,
    0.43297194335999867,
    0.3291404521238157,
    0.662854451321265,
    0.23846192378196773,
    0.20417678754838534,
    0.40281400176708615,
    0.1543444265389062,
    0.05747236854274374,
    0.011810788419893413,
    0.2051453346507511,
    0.3090881768187744,
    0.29823406312828027,
    0.13328641487188733,
    0.37978311614119037,
    0.2694054478253662,
    0.05447153140492024,
    0.39204543421604876,
    0.2954090346915075,
    0.05725595524191288,
    0.282132631645371,
    0.03756928397013887,
    0.46375348269826616,
    0.30025301707355656,
    0.24511945179344932,
    0.36743286660993224,
    0.12799681191548215,
    0.49929719888978674,
    0.37851017006984533,
    0.24745483971591742,
    0.4234816346316794,
    0.02857457904848189,
    0.45254574577096857,
    0.2961957555887163,
    0.2285824289096944,
    0.5179089053964868,
    0.2842752968011924,
    0.48122370662423114,
    0.36600818185396156,
    0.03357994980642611,
    0.44450430023854254,
    0.03878785565753267,
    0.3038348957340016,
    0.10020917061120385,
    0.5746030913924428,
    0.3843861273002452,
    0.32761845727891936,
    0.32681932189125706,
    0.2448673671619705,
    0.2475634258485738,
    0.05239261926557609,
    0.29883125975201597,
    0.48145660029666837,
    0.04795191808214446,
    0.18274249213360422,
    0.3334008450310541,
    0.3200404137744247,
    0.426989134772901,
    0.540356743665059,
    0.20096501249635018,
    0.4538193423832981,
    0.547402021209154,
    0.12040575759129828,
    0.01625788658967225,
    0.05932163971457297,
    0.24138914136504966,
    0.24894007899519174,
    0.3807498742558489,
    0.4358558457558652,
    0.296122081822226,
    0.19676777627635328,
    0.22554293879504414,
    0.46638145142849585,
    0.10240566803348941,
    0.12209391144597588,
    0.09456681180597441,
    0.3285365874549893,
    0.5725474360932932,
    0.08054066027524606,
    0.1732218248260101,
    0.12744173782049037,
    0.3780251917659293,
    0.42355899479708164,
    0.43196165321112995,
    0.44460806152556415,
    0.5743366948593058,
    0.5378801883489628,
    0.2379709821856941,
    0.23654027992561713,
    0.003106116353808858,
    0.39815358036615267,
    0.3218164448737533,
    0.007780470174159579,
    0.3047753611505381,
    0.16806195058425627,
    0.07955769284772472,
    0.169272444721093,
    0.23596525590710188,
    0.47131553373689283,
    0.02916689661483409,
    0.1874621127641237,
    0.33667149404218305,
    0.47384293967327445,
    0.07875752743683707,
    0.4535369533842931,
    0.10829767194150595,
    0.4747947895570391,
    0.38485912480769735,
    0.08373308173299347,
    0.4213339819949772,
    0.11170520561811531,
    0.4335638272323612,
    0.1871701282855979,
    0.1002276568175123,
    0.08968379696485766,
    0.5376485415467458,
    0.5326310273570916,
    0.4218198276868725,
    0.16220887071181,
    0.03672791763023532,
    0.6917619718244195,
    0.42700734992046596,
    0.07386860351511147,
    0.2996642774826189,
    0.37099924071024765,
    0.4294735507925595,
    0.518825897125834,
    0.16871135312199498,
    0.337044525085023,
    0.14285907124648967,
    0.22449025505868803,
    0.5158201809306271,
    0.4039218188518754,
    0.1908974028560701,
    0.5133598891391423,
    0.5098345533325968,
    0.4191416588773419,
    0.43115807246007387,
    0.09415859733822482,
    0.3970339993318944,
    0.532659813795654,
    0.5301879749016951,
    0.36495988926925055,
    0.3992449712910842,
    0.2875909957754953,
    0.3988184332522723,
    0.22925167294745916,
    0.5358810216919638,
    0.18586427568278885,
    0.28885830382497496,
    0.5724128554271327,
    0.5369024252493171,
    0.45013543721179,
    0.2916040204733922,
    0.2663456283049515,
    0.5348180919351024,
    0.44069966550266815,
    0.46436824392858234,
    0.23906914957921382,
    0.1885220608748063,
    0.2594136804215245,
    0.19563594338688767,
    0.2535207007020313,
    0.0072996119631451185,
    0.1302934926493748,
    0.33704403717928466,
    0.2797840702679676,
    0.43199900510598777,
    0.27332967367888406,
    0.15297595936634273,
    0.15139384369213235,
    0.08132564639649627,
    0.014675987762456695,
    0.2494209914179549,
    0.42513449663795,
    0.46538406367581897,
