{
  "config": {
    "mf": 0.15,
    "mf1": 0.25,
    "mf2": 0.1,
    "T_coh": 10,
    "tStack": 864000.0,
    "nStacks": 12,
    "gamma1": 25,
    "gamma2": 75,
    "gamma1_upper": 26.758176320519304,
    "gamma2_upper": 100.0
  },
  "mismatch_list": [
    0.014455996486211296,
    0.748868438169278,
    0.10846019876412392,
    0.5027776473684045,
    0.6846117403348313,
    0.7520032054322774,
    0.39507749732112646,
    0.5046707758449361,
    0.29638229821601064,
    0.75910426686579,
    0.7057409862396486,
    0.35107132715673584,
    0.7120649222554734,
    0.03688231269054752,
    0.16346474008231296,
    0.1021389462298602,
    0.7609930584024253,
    0.3740505489861156,
    0.6609727073119614,
    0.15740885405796082,
    0.6542904587430702,
    0.6959057823660675,
    0.18699469906678812,
    0.7774678055398553,
    0.6898415748382891,
    0.6899666955543005,
    0.7885964746316664,
    0.7595748790562993,
    0.33408028087757546,
    0.08937587423221256,
    0.7215444970575489,
    0.6774206873984682,
    0.7899234020517846,
    0.40644700210656015,
    0.6341795534318043,
    0.7440389303241332,
    0.39250704725627295,
    0.2555410099410252,
    0.7825733731623437,
    0.6029772225000876,
    0.7405435736146214,
    0.10063776869646658,
    0.7691568869575531,
    0.12524046976431877,
    0.4473623436302767,
    0.6508300415055991,
    0.5564407460707596,
    0.678503865243471,
    0.33267440759840544,
    0.37630575773224884,
    0.44721559242653197,
    0.734070961877973,
    0.42981053102251054,
    0.3274720855574155,
    0.6763633685575977,
    0.46837861225079264,
    0.7662797068185261,
    0.13017400995522868,
    0.13731001086078173,
    0.6403022283305612,
    0.800801382464646,
    0.13115746528848837,
    0.6408455113702095,
    0.4255153883843522,
    0.6161432775317347,
    0.2484974400670144,
    0.23321552758928052,
    0.6420998628117487,
    0.48313781504751174,
    0.7619863802739493,
    0.7054353404004492,
    0.41907877324884396,
    0.6854044245243976,
    0.4138673978458203,
    0.408311235721032,
    0.779945011396936,
    0.19057739090346373,
    0.751777982722282,
    0.6121951442970379,
    0.405215256964231,
    0.6541662596267868,
    0.3692037475931339,
    0.14884469884451995,
    0.07379216494943724,
    0.8011928861608573,
    0.24784662802380936,
    0.6394351927276457,
    0.7802425796855783,
    0.697332229003871,
    0.7694931895406454,
    0.2654550376972237,
    0.5526260008437517,
    0.5756717133829183,
    0.7294193769920785,
    0.742723617771175,
    0.10982091365662257,
    0.723748719654025,
    0.4306692451219997,
    0.7697141024166189,
    0.21779494145835893,
    0.32499000064295136,
    0.10979017559510676,
    0.7415245623133151,
    0.6608723342592339,
    0.43790326086921166,
    0.003429868917075866,
    0.39557765491467994,
    0.28659447541079763,
    0.7441525039376704,
    0.419222163324169,
    0.38497443319719316,
    0.4125961323386851,
    0.6040637343676357,
    0.5465854838501574,
    0.2569295354606096,
    0.6048299903297083,
    0.7252874117175225,
    0.22462188118454407,
    0.45776286761935503,
    0.029529356366676557,
    0.26138460275744807,
    0.5246175008752487,
    0.5551659025882099,
    0.5590925950762938,
    0.7255934912507117,
    0.7835725363497907,
    0.09227479328247043,
    0.3303195034464035,
    0.49061318149995886,
    0.7550457585107295,
    0.07056895121842531,
    0.7726259374160057,
    0.4281018851268224,
    0.22503876953208646,
    0.6922710472506349,
    0.7567763601646432,
    0.4024558789551401,
    0.7782158463543629,
    0.7888686582689777,
    0.5731525205264655,
    0.5953493855044073,
    0.715299113865598,
    0.06037573295639543,
    0.4858423849786617,
    0.4267002945758001,
    0.6281930855516691,
    0.5508200719650121,
    0.35941722586988983,
    0.7589263981182885,
    0.5928767876459665,
    0.7975894312244276,
    0.19634936999984712,
    0.36527930489262117,
    0.10498598463660726,
    0.7833098939802515,
    0.6488587125815602,
    0.7734998443580695,
    0.3976052285280003,
    0.3231376936131946,
    0.20307618062617389,
    0.743475832890333,
    0.43856301785095303,
    0.6997028816688718,
    0.7500938947487573,
    0.27935774907615046,
    0.6485269095736105,
    0.5069761846703703,
    0.7492256935932446,
    0.4652792181538232,
    0.2929097104409551,
    0.046319710752130545,
    0.11038216789096673,
    0.27606134948438665,
    0.14210466055150914,
    0.7358024851316147,
    0.7793846381035082,
    0.2605461638519746,
    0.36891019097389566,
    0.36716300052487816,
    0.7414913034054845,
    0.7665732905436387,
    0.5787188744600104,
    0.7178075999016815,
    0.5650736959933073,
    0.03183769262654079,
    0.7878077343468184,
    0.6879853645626256,
    0.7940793831310169,
    0.2785415369876461,
    0.7168676223908834,
    0.3565354377322228,
    0.12176083446193159,
    0.46259519447543246,
    0.47743793757690617,
    0.7795947763944264,
    0.6391081332477077,
    0.1582115132092889,
    0.7222146355891673,
    0.7773212440772309,
    0.6795156733213034,
    0.3411622326696695,
    0.6072854572755582,
    0.26562808159909046,
    0.7722488811508244,
    0.429369030541056,
    0.4149720706491846,
    0.0781220573185156,
    0.35610239428356627,
    0.7121127370178312,
    0.8021593596638351,
    0.7997281524755308,
    0.21074334824553975,
    0.46418907409911186,
    0.19689842659073264,
    0.7021156297567421,
    0.7208539749084174,
    0.7013009355972015,
    0.7709134289332223,
    0.7406463590901664,
    0.277887797510011,
    0.663968394333658,
    0.6952578706514181,
    0.5662044988595475,
    0.5395367367541453,
    0.42579430783144007,
    0.7196024966895596,
    0.5993576124625437,
    0.8010537923666171,
    0.45996440673427014,
    0.46468050360112384,
    0.6105077765127165,
    0.6989159168187938,
    0.7483369732908473,
    0.15182645344679924,
    0.6344094383521883,
    0.11540998231287487,
    0.709348181786739,
    0.5084616950083882,
    0.7176437719970947,
    0.42296467139602734,
    0.42972081057840356,
    0.2323945448668901,
    0.4006113784171969,
    0.7193818548723298,
    0.3479095895487555,
    0.15400403096878673,
    0.6354399765891985,
    0.41605885357547623,
    0.713146175583397,
    0.7352822691910403,
    0.7776093659686615,
    0.752699880614887,
    0.5230338130603258,
    0.6817626960933821,
    0.8019570143117932,
    0.7413875421184629,
    0.6015125294735725,
    0.4451897535891701,
    0.7591046734539053,
    0.41362848666927676,
    0.35960425640292254,
    0.36928072827629516,
    0.55150154075211,
    0.409010946761569,
    0.3685194869009778,
    0.7082095182169366,
    0.7071117845174064,
    0.6035016940629353,
    0.7188108154173443,
    0.7138703361226001,
    0.37440211217646835,
    0.588780764760802,
    0.6434175877875242,
    0.6935625608459115,
    0.6636300859158636,
    0.11673063472308043,
    0.47358863236009874,
    0.7796238338917324,
    0.6523302703333903,
    0.2971457622730249,
    0.4077579506137475,
    0.7084895490048729,
    0.09126141306392552,
    0.35080325005938895,
    0.729576103157585,
    0.7001720572480403,
    0.15296923710950328,
    0.1284500763464057,
    0.07813138173929288,
    0.17294897709477722,
    0.6481276942561459,
    0.3184003999525972,
    0.7729090989324298,
    0.47091122251505,
    0.2078763057035205,
    0.29932035814883357,
    0.7255383307964042,
    0.17218984997765935,
    0.3553761194861637,
    0.42321431649881447,
    0.029518514016935532,
    0.717336120323193,
    0.7807154281107216,
    0.7743450461791939,
    0.13653462021905233,
    0.5531035792439695,
    0.7715597414012848,
    0.7681270534732763,
    0.42288964233581944,
    0.7516716734830713,
    0.6808977476427919,
    0.7994537868153341,
    0.7522580277570659,
    0.7677898835022048,
    0.6296380183957812,
    0.7590292649114565,
    0.5488325879398592,
    0.8080686706726258,
    0.7766377287966195,
