{
  "config": {
    "mf": 0.7,
    "mf1": 0.2,
    "mf2": 0.07,
    "T_coh": 30,
    "tStack": 2592000.0,
    "nStacks": 4,
    "gamma1": 7,
    "gamma2": 25,
    "gamma1_upper": 8.717797887081348,
    "gamma2_upper": 47.70744176750625
  },
  "mismatch_list": [
    0.05986048349952973,
    0.12807384307039232,
    0.3396875060536468,
    0.4497066276264876,
    0.37079595010667427,
    0.2708983452835333,
    0.20416171412099313,
    0.08704059868289993,
    0.1540536375514325,
    0.4569175509930294,
    0.18978988677403583,
    0.34720096719566745,
    0.2909058106046303,
    0.35687567059950115,
    0.1341724494955993,
    0.25063890369070785,
    0.1267037311281627,
    0.1488824859577079,
    0.45147284684613315,
    0.2792649550013459,
    0.021102832051381765,
    0.26293745639567245,
    0.13692033530914727,
    0.14298735434745086,
    0.3117241393268316,
    0.12806350669435757,
    0.08503642596740528,
    0.3102691679058271,
    0.044734678960834245,
    0.2696994702282012,
    0.04875357761490797,
    0.03729472896865519,
    0.20404490584356538,
    0.46935925889195784,
    0.1951153611847829,
    0.056613704907017434,
    0.16333353476014836,
    0.17547827062453975,
    0.2522260795296674,
    0.033177237189326844,
    0.0725473369881217,
    0.23214011557658618,
    0.22337920564010502,
    0.2374911779391955,
    0.4313027823789509,
    0.16495518928000708,
    0.09227622613272948,
    0.09520698629150778,
    0.23317852381515494,
    0.094936939432306,
    0.06271845533196536,
    0.4555775446495304,
    0.24301210382405436,
    0.29988616975538784,
    0.4544806238487229,
    0.07558702664818936,
    0.14710629177377707,
    0.17699489889000333,
    0.4016102772779855,
    0.22643891751109319,
    0.21314612108334474,
    0.07741829998273897,
    0.45525997214527364,
    0.14908176839636403,
    0.397183633888163,
    0.3843840922160872,
    0.22173196316838406,
    0.4053202050274398,
    0.0579955265899298,
    0.13047629153379967,
    0.07827000291153305,
    0.13077149265076435,
    0.45425065755253696,
    0.31290754595928655,
    0.23453923905189844,
    0.20528606607358516,
    0.05194643357439979,
    0.529904364668503,
    0.20993085759538596,
    0.17023158397517651,
    0.030590613298391082,
    0.0379398489414539,
    0.4127461683849145,
    0.1400503779065817,
    0.047012006676576096,
    0.225448938446953,
    0.35875067475573624,
    0.1864141564693137,
    0.43171833360848816,
    0.20311998089432928,
    0.3543708703286447,
    0.15985538036562727,
    0.04329474226860757,
    0.1188086914610547,
    0.11195365024421315,
    0.4150920920507052,
    0.23617867502983092,
    0.4030098804189716,
    0.37652410948867754,
    0.009503105105186722,
    0.08055694417981073,
    0.21606596660728913,
    0.09053147477100229,
    0.20766986569072002,
    0.1431929253505477,
    0.391209136257723,
    0.18590499959666448,
    0.06289663132445263,
    0.1854681973562586,
    0.24187409050733247,
    0.31838900568110357,
    0.29421843841789547,
    0.1124676500343052,
    0.29302194868010983,
    0.11281409933734433,
    0.3554478773420566,
    0.1646973581379373,
    0.2501414565587414,
    0.11771448124836822,
    0.051918098893241574,
    0.2674392011470342,
    0.17909686962490376,
    0.44886602003840215,
    0.2989115145494251,
    0.500421080829304,
    0.38342389348010314,
    0.33556379799222763,
    0.13808502081297983,
    0.015383491116065504,
    0.1776930018252739,
    0.04033752676976828,
    0.23771857821196019,
    0.06875583860681264,
    0.4857702436117582,
    0.5941943105695011,
    0.1340648933589579,
    0.4500322234715825,
    0.16113347687644258,
    0.22369811536783477,
    0.2723814345386463,
    0.2914042696894953,
    0.27723447151049,
    0.1658316127724647,
    0.2794456608760794,
    0.29344104174479185,
    0.1016574631959959,
    0.16024975286664572,
    0.13577617799268446,
    0.1950473434935332,
    0.2309869952487366,
    0.16826644372862432,
    0.16363618095915208,
    0.4728167043932345,
    0.5683429979653964,
    0.14634284559420285,
    0.39385177896982615,
    0.3413688657945175,
    0.4621614547719217,
    0.35864058873684856,
    0.2746837719474513,
    0.3389337457089583,
    0.2478712125132891,
    0.3499391671743297,
    0.438028618895358,
    0.09835546088816503,
    0.2584194481155847,
    0.3700020730577949,
    0.6018672988577365,
    0.08741061203200431,
    0.09190028563093385,
    0.19472077183671474,
    0.15747591768948602,
    0.09437169145613951,
    0.10135893709093612,
    0.09022384108985593,
    0.23712723630748217,
    0.25841879757443564,
    0.24640590471624985,
    0.14532865194284836,
    0.45743993553570905,
    0.47939342242181143,
    0.05055622713889979,
    0.3308362431797989,
    0.34752002148809696,
    0.3542297751816528,
    0.3254443412894998,
    0.07157528394675508,
    0.3334279268352272,
    0.25498748214264544,
    0.3006840223335113,
    0.0775179050608921,
    0.34704715035509426,
    0.15792536934112325,
    0.21653406710519887,
    0.29737688797883804,
    0.09032315703860948,
    0.2921555724342874,
    0.19340516078630474,
    0.37831837426008175,
    0.1799269601310797,
    0.16524417411488093,
    0.16494355182167425,
    0.128070662646997,
    0.23619833582900193,
    0.2952738330086892,
    0.14406096409041771,
    0.4618496648556565,
    0.03485650074205061,
    0.2089858381528795,
    0.25606752501475283,
    0.0656290487151234,
    0.07092683898586129,
    0.31923087821031215,
    0.2780746092633012,
    0.11210717795538676,
    0.10940056536362792,
    0.25845905884332626,
    0.05500629001008772,
    0.011669696260891866,
    0.17850032339123342,
    0.10249102325496674,
    0.16994895998709325,
    0.11952508183084831,
    0.15128341649176746,
    0.4600127534978152,
    0.3988117576783372,
    0.0722718689526779,
    0.28140631961693824,
    0.22220309952498932,
    0.12162936560094534,
    0.3467834643426831,
    0.2930531023729139,
    0.1600326889699158,
    0.4816942419012687,
    0.4185923648442937,
    0.20728228773059154,
    0.4986368633045351,
    0.15902695235349887,
    0.19956535177362092,
    0.13332024059035597,
    0.07701619327028192,
    0.1831145394790293,
    0.05885857784765714,
    0.04721678257382413,
    0.10254884913488146,
    0.35055703670121857,
    0.3601274366741561,
    0.3702933709278654,
    0.24936181913279107,
    0.29220132716176994,
    0.16007360077995547,
    0.041034400905090675,
    0.3037336146755144,
    0.28434922321049866,
    0.5302618731710759,
    0.348903433382707,
    0.21036014247140294,
    0.4772946321103063,
    0.14904201310392265,
    0.176805230003883,
    0.14257997102345157,
    0.23065493013332625,
    0.058201675851825806,
    0.1861475068805569,
    0.15091412596616202,
    0.05639989371603272,
    0.2562818421821868,
    0.26687771185306214,
    0.0018022158298924525,
    0.1438480925699816,
    0.1754479120375845,
    0.1971329061350078,
    0.44541236936049494,
    0.10473813694845314,
    0.18978742917413946,
    0.2617533992220684,
    0.04770302594155712,
    0.13500246771942537,
    0.2888343430213849,
    0.12106520186002726,
    0.20428032945716823,
    0.3452313454434219,
    0.20306743162595678,
    0.10056318070095953,
    0.07577684009900947,
    0.09290681735319961,
    0.4280832180911735,
    0.17619046861803953,
    0.30850265955678197,
    0.2692666435170394,
    0.18074302786137633,
    0.05891264504537742,
    0.08724682022714583,
    0.3895771453618295,
    0.47302335963157977,
    0.23357347457497254,
    0.2076153647989004,
    0.19255656599855608,
    0.1957305562647257,
    0.2873988878348516,
    0.07811351162401381,
    0.025987384127779005,
    0.43237689809836705,
    0.03714835721012103,
    0.19219457599028988,
    0.27889443567579225,
    0.133196782336738,
    0.36481075468845003,
    0.07820820150237419,
    0.061818034099343125,
    0.06623217264263404,
    0.0844722622264872,
    0.11571269385042006,
    0.13130190053428223,
