{
  "config": {
    "mf": 0.2,
    "mf1": 1.0,
    "mf2": 0.01,
    "T_coh": 30,
    "tStack": 2592000.0,
    "nStacks": 4,
    "gamma1": 3,
    "gamma2": 31,
    "gamma1_upper": 8.717797887081348,
    "gamma2_upper": 47.70744176750625
  },
  "mismatch_list": [
    0.3335179906431944,
    0.39931856537461485,
    0.1438216372299206,
    0.40567030458914854,
    0.04487114803743301,
    0.3566676419965079,
    0.3655603949391946,
    0.03328117920847357,
    0.3538980714779919,
    0.28474070441752136,
    0.350110548625927,
    0.4391505493892286,
    0.10710704640150995,
    0.3168035646185415,
    0.17302681472790465,
    0.3902500940393372,
    0.3247116151086302,
    0.0430990739474461,
    0.4110797710904718,
    0.3123796679580149,
    0.32702660192866656,
    0.03348797901151863,
    0.30630838426106766,
    0.06606317650858325,
    0.26046474948816867,
    0.2932593961995097,
    0.3126207295949095,
    0.1826667503214396,
    0.13567534411458312,
    0.3730241981068385,
    0.39546309711365013,
    0.3674552044593006,
    0.4085528885617229,
    0.28370388639065025,
    0.05489085509730794,
    0.4227565510216532,
    0.24434853219123365,
    0.017773073321191827,
    0.31900022523180227,
    0.3191919180237196,
    0.0685346546161388,
    0.306409218139169,
    0.19914943913233424,
    0.06797822508665931,
    0.07635191847476146,
    0.3133455769996406,
    0.007170192262376834,
    0.33641933188556605,
    0.334321842656359,
    0.3113150935087848,
    0.3249897575910201,
    0.3008463684913719,
    0.36200222398334153,
    0.3083831768324082,
    0.049602316967356425,
    0.06722366963612197,
    0.32035031496311145,
    0.08397380314162223,
    0.29053312280857985,
    0.4388905859178369,
    0.11163893289277722,
    0.43522684658996447,
    0.06844632558456905,
    0.33219153724030037,
    0.04654954420195804,
    0.1824233756493485,
    0.42219954323337455,
    0.07927089661050714,
    0.1533965187085515,
    0.402444054184006,
    0.3228457908108316,
    0.14394769764813473,
    0.06532228242217576,
    0.2994774853490905,
    0.2792346686967406,
    0.23129029198888934,
    0.3385518780544714,
    0.4359734148408386,
    0.3620904807325614,
    0.36158363689510875,
    0.04562360729982343,
    0.15989275034052214,
    0.3365823285845757,
    0.22405085323531462,
    0.3809775696303105,
    0.05137265628094588,
    0.3106112802678726,
    0.38819481770246794,
    0.04945637890292162,
    0.371387508858202,
    0.19856640969809397,
    0.1460505357712339,
    0.34053205302980144,
    0.15620027877856707,
    0.4294943141257927,
    0.4353983726062616,
    0.31212436669819144,
    0.04637982524440831,
    0.1599742848312019,
    0.4053400826736605,
    0.16539430455560955,
    0.31514916619418104,
    0.07625151829075952,
    0.354778253652644,
    0.41414963863161997,
    0.4258093960694015,
    0.4132313275173991,
    0.05877473032178078,
    0.4323504066171311,
    0.1048746060250519,
    0.40596239756506786,
    0.3145956279586973,
    0.4408202716717664,
    0.21452100366066731,
    0.31693237176605155,
    0.35449129272356716,
    0.26321487605456334,
    0.26576586474700165,
    0.11182079528510906,
    0.07128600998248165,
    0.14403212343281024,
    0.44504459676423724,
    0.05654503667461869,
    0.30659932071938867,
    0.3859567393027182,
    0.31420335164582575,
    0.2321211776009141,
    0.18010434101771813,
    0.3971080988325244,
    0.3277080076411118,
    0.05195091508009318,
    0.33745325861844144,
    0.18624978640565606,
    0.4276262852163223,
    0.3242279739054934,
    0.4295225403834261,
    0.14865400144969482,
    0.35529528930143156,
    0.31087099075103963,
    0.3259224890340447,
    0.05402968318067783,
    0.15182452216306955,
    0.21957274481236802,
    0.4232827303877023,
    0.11712747628488382,
    0.3389664173311101,
    0.036360624160982624,
    0.2712747917617782,
    0.08701117976649332,
    0.41119386877977854,
    0.041934027031864086,
    0.41362197747739804,
    0.2984528107570015,
    0.4281487059001769,
    0.25741840985191083,
    0.10076824572760715,
    0.24441532108253516,
    0.21608880782985546,
    0.31086108806910423,
    0.3616570757626005,
    0.4369228796478635,
    0.08025379200435775,
    0.20208569274970445,
    0.3133963914916157,
    0.1718949454109237,
    0.27837364134481024,
    0.03123811858873627,
    0.13875478906709218,
    0.4076874158452741,
    0.42717220749429186,
    0.24391519950362264,
    0.29195498891333316,
    0.47196109821754617,
    0.3116729634231071,
    0.3489450680162456,
    0.24073419784951336,
    0.4156029475585769,
    0.33070237626779625,
    0.03982670740307154,
    0.34045521689186475,
    0.429794538866075,
    0.41014342552995253,
    0.32852812318300245,
    0.3346479083367282,
    0.33802334951205076,
    0.3125994063016909,
    0.2110758823000475,
    0.40199662643816575,
    0.17787580388815433,
    0.36730731477141865,
    0.3480456587365219,
    0.05614025551521558,
    0.3762142350546845,
    0.08593460644718083,
    0.1123678281091024,
    0.13724184720147317,
    0.20858358687572265,
    0.08840225359019203,
    0.3057618574135236,
    0.07993531597072738,
    0.082214161615817,
    0.11766438957989209,
    0.3105867765512587,
    0.2694092565933791,
    0.3595167230999066,
    0.03934039175298866,
    0.30316721018174964,
    0.4023862644452662,
    0.30604708356620297,
    0.3617774981575229,
    0.14860875269866153,
    0.3265693437832409,
    0.304053319509093,
    0.42438998756454455,
    0.4004300872101008,
    0.12471813497659064,
    0.3197789952695539,
    0.15526313811219897,
    0.18083403133989215,
    0.3481576963788567,
    0.2820279478260216,
    0.012474343379905333,
    0.2893411868588375,
    0.27182912510311075,
    0.3820768396074895,
    0.24585504092771215,
    0.44669147782420876,
    0.33790509558762516,
    0.20537728639915065,
    0.21379904754993193,
    0.4386730521858327,
    0.12283149336202268,
    0.35783991714707925,
    0.21941654265424837,
    0.2977439377515968,
    0.428470109368978,
    0.4340486804278768,
    0.18352069400308038,
    0.35074504309329135,
    0.430634748901236,
    0.31337803177474277,
    0.40828952781988626,
    0.43183409379184245,
    0.2130255541237225,
    0.3125579162328521,
    0.42290021219206636,
    0.3197483475531991,
    0.34157067811541986,
    0.06636856943688291,
    0.31037701317186805,
    0.4227710436328068,
    0.39694578881583875,
    0.32056492125994496,
    0.18632365896724712,
    0.3166527836366638,
    0.04485560733220592,
    0.17030263752512173,
    0.35062794568646405,
    0.049844751968898926,
    0.3506058995697465,
    0.06110135460014994,
    0.35975474887810566,
    0.24734304538261795,
    0.4007447684203618,
    0.027209389535077035,
    0.34385480037205174,
    0.04331028297383466,
    0.3263636282154442,
    0.29957340402739907,
    0.43946736292881144,
    0.44018393400447975,
    0.4301420001220126,
    0.3614156527139565,
    0.29130986894053446,
    0.32630175452393545,
    0.29202864462787453,
    0.30670355186793496,
    0.3494984616870296,
    0.317290097115674,
    0.027881759953785556,
    0.4273774532268142,
    0.315074570809091,
    0.11614277383228587,
    0.25640284283590836,
    0.09225352947486294,
    0.05808855397424262,
    0.030565965017077427,
    0.31895671125716646,
    0.359371363294271,
    0.43972739868255295,
    0.3016453775870937,
    0.3791228045320455,
    0.2925430058297161,
    0.16445181499534936,
    0.3374812318878502,
    0.0877574227467929,
    0.25110555854161976,
    0.41328199744467436,
    0.32517884821834125,
    0.42366528472451315,
    0.4173892974126677,
    0.11660140534235956,
    0.046535665990778505,
    0.05401341965195181,
    0.3154262967236724,
    0.31505259697472343,
    0.1779212694862373,
    0.0728424658227365,
    0.005719702347065727,
    0.11313163570042609,
    0.14132081248830833,
    0.320052222552151,
    0.2825411525102648,
    0.38126843380628156,
