{
  "config": {
    "mf": 1.0,
    "mf1": 0.15,
    "mf2": 0.002,
    "T_coh": 40,
    "tStack": 3456000.0,
    "nStacks": 3,
    "gamma1": 5,
    "gamma2": 9,
    "gamma1_upper": 6.4031242374328485,
    "gamma2_upper": 23.685438564654024
  },
  "mismatch_list": [
    0.05412886620237597,
    0.0733843205229998,
    0.016260257802663117,
    0.05852782052370455,
    0.23068580730060312,
    0.20211613209049756,
    0.25549763577347795,
    0.09533577697999837,
    0.2240853157739463,
    0.12769398275048707,
    0.14012635229734555,
    0.07490419979137168,
    0.15932911284393395,
    0.11446643596334899,
    0.025051661041118382,
    0.11343413673990993,
    0.19998160054844893,
    0.007476010508829948,
    0.4395928224140666,
    0.06273508226788366,
    0.14910109951089118,
    0.027910569341049178,
    0.019792692284297874,
    0.28579200206091204,
    0.2237902956933899,
    0.004325443253847052,
    0.23273961761884643,
    0.07051782258483345,
    0.13959502340915492,
    0.20916733970494306,
    0.08668028247766126,
    0.15354526639142302,
    0.2160830180651822,
    0.08336632115380717,
    0.06321312105332036,
    0.204253591064437,
    0.016258523028209276,
    0.1531462140553378,
    0.21434206347734888,
    0.38599181555097356,
    0.03713512407594799,
    0.25377158940360733,
    0.14411589984756754,
    0.1212992788434172,
    0.19946463776120418,
    0.006223069659542924,
    0.009186281273510937,
    0.16387400506619196,
    0.14056308176610013,
    0.09351437222686816,
    0.21632491067808973,
    0.026722465686974478,
    0.10570799343951671,
    0.21810706615920178,
    0.27024788083747536,
    0.08060542761051842,
    0.07367142569511057,
    0.005410978368338371,
    0.20697762065058162,
    0.024132881121002578,
    0.2528099280274606,
    0.15911074810955664,
    0.022394420271446665,
    0.19983246415712025,
    0.36390504668657536,
    0.05739479595853932,
    0.16599541737643336,
    0.034268951407991737,
    0.07785158158844839,
    0.04019038715937297,
    0.020003901074053077,
    0.18496430864196325,
    0.0934344641785881,
    0.03298391723130865,
    0.06937981054311343,
    0.15162888273694497,
    0.08639805635870192,
    0.007738828838586935,
    0.37650211138314543,
    0.012649216353588668,
    0.1864474323765944,
    0.2520924903673938,
    0.41460366746498817,
    0.04863863032617771,
    0.08499896076167875,
    0.1460210074680956,
    0.23012265614352484,
    0.22841612598625993,
    0.2519380954410019,
    0.146563991872148,
    0.1439681729604826,
    0.23390847611882382,
    0.42021685548060245,
    0.08284079291769655,
    0.14185245287891785,
    0.19484065066619133,
    0.08096626069691745,
    0.07705163371842073,
    0.278382780368555,
    0.20257682313139583,
    0.06204897897138934,
    0.08707830479141451,
    0.061695518676419134,
    0.13899761045661324,
    0.0783734234288446,
    0.025785687481900067,
    0.034453921734132587,
    0.08299334464623125,
    0.013676744947279662,
    0.04165540418564212,
    0.012141469555629935,
    0.03318894588707204,
    0.10167133592053258,
    0.1658605386626472,
    0.1983954203689193,
    0.23244129062448737,
    0.050764487995957105,
    0.06998199412540317,
    0.11362149238092481,
    0.014491004706551517,
    0.24926339850338838,
    0.10167887134706646,
    0.10013259097997518,
    0.07963633923124121,
    0.23222417275924875,
    0.06249318965497613,
    0.40680466363753365,
    0.012782468716324368,
    0.1069725355929638,
    0.2174475265965319,
    0.21186480555726322,
    0.05949940264125916,
    0.19485279408736822,
    0.02198241133865931,
    0.025114438191666772,
    0.06779520250293258,
    0.11898443918157245,
    0.16604708112813685,
    0.043175608724224095,
    0.019438798295714207,
    0.0584282878394154,
    0.07471565149291978,
    0.04286367459274272,
    0.0942103420530687,
    0.22790073533836397,
    0.0802482809198338,
    0.21971422626728254,
    0.19734355072117285,
    0.0836510410110439,
    0.055324559494686225,
    0.2605598160531908,
    0.05323469839482404,
    0.12665832240154368,
    0.13839027676266366,
    0.06519976307317897,
    0.23039447361576113,
    0.23832640453574128,
    0.18762751269882005,
    0.08727173214301784,
    0.07837298973523113,
    0.221646765008862,
    0.10969873364717572,
    0.2816756533404546,
    0.2535421654820868,
    0.17232680201593803,
    0.0022547730963804907,
    0.04112998437293487,
    0.06076101736281539,
    0.05224338321785699,
    0.08323317721447483,
    0.19512667160426844,
    0.1798645596529844,
    0.022495796153593026,
    0.13419862798856913,
    0.10801600242694946,
    0.04374797587058843,
    0.04963514982650629,
    0.016787195543017473,
    0.05143096665644234,
    0.14243089173587062,
    0.18073915703622892,
    0.14172321218210665,
    0.3391874923629265,
    0.13880808634753106,
    0.1682565874536124,
    0.19308728159867272,
    0.0077694042383358915,
    0.06209202306252528,
    0.14188080559889782,
    0.2402254404456809,
    0.032821932666681194,
    0.23185157573358461,
    0.052736492856361436,
    0.11852439868109435,
    0.5055083967962619,
    0.06523315748141542,
    0.055081691071148416,
    0.23925586416108854,
    0.015706539481677582,
    0.11013340307126637,
    0.04170527895119006,
    0.27281030534090434,
    0.11685104608525917,
    0.12825089956187186,
    0.11488554662905676,
    0.09760936153686271,
    0.026646135611005452,
    0.2148868368675568,
    0.1592363566223551,
    0.17913730967491304,
    0.20086747396564344,
    0.004544783798854637,
    0.020166427755697353,
    0.15787585975692991,
    0.05517732051291643,
    0.09441369014607993,
    0.02162190352247037,
    0.09150642500824831,
    0.11117350877974773,
    0.21011918876308522,
    0.04385965197605447,
    0.22769489350707534,
    0.024124749365750195,
    0.2263959811347615,
    0.08116792822717653,
    0.060495488447974276,
    0.32646471073015465,
    0.08259044327932655,
    0.14520360343012617,
    0.16356657050595022,
    0.1704544924749279,
    0.10631820035365545,
    0.012917781123724006,
    0.09119909887140995,
    0.1701075917958613,
    0.3144407179320708,
    0.3305130237650005,
    0.02905768894865187,
    0.14044034647349085,
    0.027125583900685896,
    0.17222087235085032,
    0.08500318927440999,
    0.12332348957254181,
    0.09022518565068299,
    0.10731737622736648,
    0.042845025767363924,
    0.039150281450891625,
    0.010401382355023544,
    0.24909577592178597,
    0.016143594220642276,
    0.13858039720046436,
    0.030677426171523005,
    0.1147055637794707,
    0.13685239920933318,
    0.08340773889389264,
    0.1121398865739408,
    0.21556665160665595,
    0.0801650117460494,
    0.05918052941196242,
    0.20238323314468745,
    0.10421218416669188,
    0.2025791000228665,
    0.06189642724285466,
    0.1111443428842425,
    0.15208973641294832,
    0.04950504174246818,
    0.15806863656811304,
    0.1040400078021481,
    0.24168948166131976,
    0.21251144273493264,
    0.020584942092686614,
    0.16941747683344247,
    0.06903198826511821,
    0.02694256519580562,
    0.1300057865570376,
    0.20395710726793514,
    0.06166212426818268,
    0.12429458378478128,
    0.0819522631271196,
    0.18491687340299104,
    0.01136212213224164,
    0.10426726325560134,
    0.05237945458908018,
    0.03872862283520478,
    0.14126338852843529,
    0.07413786317638721,
    0.02918920653693373,
    0.052424450301476695,
    0.1414248309760459,
    0.22755779211352017,
    0.0029197338292186108,
    0.04947164733423173,
    0.19870057803769037,
    0.17583700969988295,
    0.1333519496316911,
    0.1312910375805274,
    0.44098302729201383,
    0.20306808957204306,
    0.17594033720328986,
    0.23706229607590765,
    0.027631270653980695,
    0.04683500701119938,
    0.12714514348265296,
    0.2267112763917472,
    0.1492852566615068,
    0.06055902456234622,
    0.2842372104566566,
    0.11645015055131674,
    0.06454380148282014,
