{
  "config": {
    "mf": 1.2,
    "mf1": 0.9,
    "mf2": 0.05,
    "T_coh": 40,
    "tStack": 3456000.0,
    "nStacks": 3,
    "gamma1": 5,
    "gamma2": 5,
    "gamma1_upper": 6.4031242374328485,
    "gamma2_upper": 23.685438564654024
  },
  "mismatch_list": [
    0.21591853976227735,
    0.29351814536130527,
    0.32238164799453023,
    0.3659021515648587,
    0.20857057729282158,
    0.5244654156991233,
    0.03460788296691102,
    0.22320096028439892,
    0.37812038489007116,
    0.31783274410634776,
    0.2799526428258782,
    0.43864964722819366,
    0.35559466387714933,
    0.3540023035636279,
    0.3194985612756491,
    0.40274127974962,
    0.5135924457511633,
    0.32089201885569724,
    0.5441362400780388,
    0.3631369210854354,
    0.4578434628440044,
    0.55231597268641,
    0.34060133354280736,
    0.35194513211988027,
    0.22654907498031301,
    0.24060741609573613,
    0.32914163034753713,
    0.3575489957228052,
    0.07206881936997112,
    0.34524998696208575,
    0.4282188279191565,
    0.4179685877884239,
    0.34993745595976883,
    0.30638908757477556,
    0.6590430919058569,
    0.4031396273335834,
    0.4255511785027617,
    0.21590498683685672,
    0.38776773668639214,
    0.10066457040858601,
    0.42058874775414473,
    0.2547601939954902,
    0.019296329943692472,
    0.2664932868023455,
    0.30424333421047867,
    0.3092727164106736,
    0.24598093417821187,
    0.1295526309426732,
    0.46558478542086873,
    0.20359470204218733,
    0.4780144443826431,
    0.47467559988771674,
    0.10528947910252745,
    0.2959482933126288,
    0.29769374747170174,
    0.1956433633330048,
    0.42209106243117145,
    0.5324026593658684,
    0.33183920462326066,
    0.39205019006080494,
    0.5968347034256699,
    0.4198955969364317,
    0.43973610394161355,
    0.4014842188110051,
    0.2293664029050533,
    0.33001969727968933,
    0.4764099406479448,
    0.4167758761397062,
    0.24795749282155752,
    0.3049832697267437,
    0.5337073723902622,
    0.6164702088809393,
    0.4723774574299902,
    0.3167595150481384,
    0.5107539752627668,
    0.26154733641104005,
    0.3446232996906355,
    0.351195492709014,
    0.49347383271635,
    0.4762834647479194,
    0.46739453465813724,
    0.46641991668528837,
    0.27914890013673277,
    0.5000364302635306,
    0.4118190291963625,
    0.20091805348331326,
    0.08455941228443666,
    0.33323721598625017,
    0.4194307858062055,
    0.353978721473396,
    0.5857258041519875,
    0.29705486256737296,
    0.3290687698204758,
    0.38502728095463773,
    0.15919553521098814,
    0.14057235196708787,
    0.39489283485023097,
    0.4274767781465258,
    0.21402270234273701,
    0.454984825602582,
    0.5483182933809355,
    0.3149447783343151,
    0.3544034159443771,
    0.3715873327203074,
    0.33503666500019896,
    0.3156178708224056,
    0.5032949872282652,
    0.25973774980887665,
    0.4160381090915084,
    0.24843195363468318,
    0.40658223302553015,
    0.47562191935228726,
    0.04418405479892284,
    0.2150781499627945,
    0.2908745117287559,
    0.3381219613663561,
    0.3204513861444215,
    0.10033209004216695,
    0.21307898503984724,
    0.18602756274706306,
    0.5226741526521286,
    0.2876347662245052,
    0.1172572543659665,
    0.3064253009914995,
    0.26598765426075244,
    0.5481671511566446,
    0.293735751131859,
    0.43282530463452584,
    0.3291275895168013,
    0.4087062474974523,
    0.4050276040563797,
    0.49037758558645295,
    0.3532056626074029,
    0.17403132634024066,
    0.2962156654253271,
    0.11089144529589343,
    0.40165151612239747,
    0.2425124695045625,
    0.37051128465361055,
    0.15789450858230872,
    0.394731283979217,
    0.14404726783323743,
    0.6604653087936476,
    0.28673794204357084,
    0.226145035167673,
    0.3381319905311673,
    0.3522377668855627,
    0.3273483614675802,
    0.3992950418736605,
    0.08684389339333919,
    0.3549196197677983,
    0.26967735688896827,
    0.32227783258580817,
    0.5682308748435043,
    0.21045952982624824,
    0.23743608575900882,
    0.33856839472971184,
    0.4334167542998824,
    0.4025173854216711,
    0.5555804929383296,
    0.4987818088514915,
    0.23673605005518208,
    0.3990627989436525,
    0.4682963463156264,
    0.2532205816677059,
    0.33967263288128363,
    0.536346343816467,
    0.3165702619975646,
    0.22559478639559516,
    0.2979775457300099,
    0.46844900646756443,
    0.3270935664696722,
    0.3979271180051048,
    0.39778871553070927,
    0.4288411240427704,
    0.25597459032488096,
    0.4848379086383202,
    0.43861641545506225,
    0.2863786810965206,
    0.39905445034159337,
    0.2503397176285937,
    0.2722739889761589,
    0.3182162376840501,
    0.4290511943867903,
    0.32568297799189233,
    0.32666534823808174,
    0.3345392184255599,
    0.13346861321371195,
    0.5987067419081716,
    0.5555047320852282,
    0.2088593630276845,
    0.528825229171837,
    0.3060975370431268,
    0.5289325683411685,
    0.26288105269583406,
    0.3705418600533595,
    0.5468439790478279,
    0.36288006604286344,
    0.2906618392230552,
    0.2661623785752753,
    0.2805972199588837,
    0.4337834422500632,
    0.38066578691917174,
    0.32762923229399743,
    0.348217427088785,
    0.5061014728126689,
    0.14820628116291906,
    0.27673767206929645,
    0.28208533117006956,
    0.32029623225420606,
    0.2157768303740792,
    0.48071288604559353,
    0.21358353334740668,
    0.5837790077328655,
    0.27554707467694434,
    0.46517537864976216,
    0.3970119702690017,
    0.39529974788306016,
    0.44273693847654927,
    0.27493150080433904,
    0.2700639947453682,
    0.5580428155346017,
    0.5061873983598358,
    0.539188121218666,
    0.4362146202237187,
    0.3955832750828599,
    0.6304717903447008,
    0.33412292676833966,
    0.06058743149402788,
    0.5245763328407658,
    0.35481938233138727,
    0.3322789699473095,
    0.42926234896484383,
    0.4833518032600966,
    0.4008966723881697,
    0.27653573348052896,
    0.12982450262661116,
    0.21765618743630802,
    0.169619578057315,
    0.5372920127406173,
    0.12239077724509359,
    0.3174291379873212,
    0.21691126444348816,
    0.32990850907953845,
    0.01426309871267809,
    0.19419791673104306,
    0.556183733648802,
    0.502933828871656,
    0.3336612057051094,
    0.26900263804982727,
    0.3460838713573667,
    0.2653755499370548,
    0.4072423147052168,
    0.40626498614728385,
    0.3532201913434538,
    0.3912349002792011,
    0.4690783501123971,
    0.46798685171072074,
    0.3313254945381168,
    0.3113980319634362,
    0.24432297770565453,
    0.33242192620464633,
    0.4123709585311925,
    0.18324135233908856,
    0.4662390122367737,
    0.2708445348261935,
    0.39378360922210437,
    0.1866263309921468,
    0.328705334572396,
    0.4777019681341449,
    0.42351021635781716,
    0.3085943653875199,
    0.2856415103770413,
    0.5232823537333051,
    0.2275278672541914,
    0.3590439376084031,
    0.3372577726298346,
    0.40548048861223573,
    0.05538744506863798,
    0.46394227928329096,
    0.5002850451274469,
    0.22433680385805166,
    0.34826410336393365,
    0.3742888102385521,
    0.2066866122359497,
    0.4797989851786292,
    0.13173795884919834,
    0.24572565127498874,
    0.34589548569401984,
    0.2967860267387292,
    0.3999546898597337,
    0.3793679045691899,
    0.07388144182742876,
    0.5310437888514936,
    0.284781387518146,
    0.10085967832294149,
    0.17862419591848772,
    0.5855524080241559,
    0.19251578183953533,
    0.5301864307893842,
    0.2465436516416767,
    0.41258910641876306,
    0.1278753208926152,
    0.356439011130855,
    0.4167267061262801,
    0.2746948667264947,
    0.313873555109068,
    0.5249909439352339,
    0.15830369850660858,
    0.32830292111080644,
    0.41278269640547144,
    0.4319983051253586,
    0.3817595622123188,
    0.4383725712208941,
    0.2697953215518295,
    0.44809294617938156,
    0.2706041601409331,
