{
  "config": {
    "mf": 0.15,
    "mf1": 0.75,
    "mf2": 0.001,
    "T_coh": 20,
    "tStack": 1728000.0,
    "nStacks": 6,
    "gamma1": 11,
    "gamma2": 63,
    "gamma1_upper": 13.2664991614216,
    "gamma2_upper": 100.0
  },
  "mismatch_list": [
    0.06400401687373206,
    0.04280950002347369,
    0.11925186052010968,
    0.07788970576356544,
    0.12502329749900604,
    0.11301398565535445,
    0.0037308525458867215,
    0.13121465868337226,
    0.19314572671011773,
    0.10321553734739529,
    0.05845913079267443,
    0.08171965738608512,
    0.16299792271421312,
    0.20291788231995492,
    0.021967142692803813,
    0.028009258932984844,
    0.1348136140446594,
    0.030969003565289865,
    0.20465531465420547,
    0.0458009043170225,
    0.008635497874736815,
    0.01425834045043241,
    0.15251597267857975,
    0.04764258584403302,
    0.07566995150108537,
    0.1945584848813733,
    0.24055737050466694,
    0.005124528181598082,
    0.11389232440787489,
    0.18375055960077602,
    0.12310843011124359,
    0.07249650415538475,
    0.1331654684605262,
    0.07521728339939758,
    0.039994609183708764,
    0.09040871646854261,
    0.19633180539326667,
    0.1696637451232466,
    0.16210966321167963,
    0.055868459745553906,
    0.037775613885710574,
    0.0625469134920357,
    0.007654590493666279,
    0.08227847209173755,
    0.0979852420440735,
    0.10146601579318348,
    0.0023447665549940783,
    0.10011993807283522,
    0.07699141708752151,
    0.015386812211478296,
    0.05617790040716276,
    0.053178255927810766,
    0.022885814986360865,
    0.09767466293574184,
    0.059427135777553146,
    0.07032120352684289,
    0.0021880946012362663,
    0.17253902785106906,
    0.08434881877478628,
    0.25541794927146455,
    0.10682755774012037,
    0.06097737494352491,
    0.219533566451081,
    0.08016584024469882,
    0.2089287183811331,
    0.20562050062815154,
    0.12222467018385264,
    0.03499585225910657,
    0.04361497818573444,
    0.007775482693278708,
    0.15291925387719715,
    0.08483661608963501,
    0.09628098730003047,
    0.12706073765059075,
    0.20976460933441743,
    0.17271873979802654,
    0.021025267770800965,
    0.18397960423905516,
    0.24864831136366075,
    0.09732060600494867,
    0.14560153518998453,
    0.17338180369643894,
    0.03824010014861609,
    0.13933254278147256,
    0.20141968643274008,
    0.2086676888111179,
    0.015689964310237357,
    0.05551131274508454,
    0.18680582533429946,
    0.1014863994106966,
    0.00405915889604496,
    0.07680210966104321,
    0.07616533846075281,
    0.04327745583829633,
    0.010024077606069895,
    0.03772270321897437,
    0.07809419247968116,
    0.01412432900763334,
    0.04152110360374768,
    0.04092564175597058,
    0.2558024189932813,
    0.09687482279534643,
    0.04276851594145261,
    0.06257835630628467,
    0.22766196762843008,
    0.17604669062753678,
    0.1743650421827038,
    0.09402089949651381,
    0.17327647026870488,
    0.10639760436114003,
    0.004317423666876177,
    0.19960603237981012,
    0.1987236819578855,
    0.1281558149744343,
    0.17484302717103686,
    0.007875449157890959,
    0.04387963994291286,
    0.2098318861145605,
    0.17491778517250126,
    0.013977957286129501,
    0.10332027444589359,
    0.1599790330640708,
    0.21404787959960936,
    0.09366678835397192,
    0.005895636095179784,
    0.20692413054926367,
    0.15820777259862825,
    0.09693207040197903,
    0.16164566485451248,
    0.05105879340043519,
    0.17923775679156656,
    0.2257012371012631,
    0.018228592078600964,
    0.24466841004422268,
    0.08986258731208717,
    0.19704056979583748,
    0.06124539782912305,
    0.039883041404873615,
    0.08539131070238584,
    0.18104636915186695,
    0.047606589242892815,
    0.21039866994727258,
    0.13898905714167686,
    0.20762443791903648,
    0.05910121474433794,
    0.08001654108876491,
    0.04419482704988446,
    0.002901412790698305,
    0.06309922278784351,
    0.14923383077672533,
    0.08443718392517564,
    0.18674901142165648,
    0.15762987535743161,
    0.007561454709390874,
    0.04506254029965869,
    0.018449450742825644,
    0.032244931282813694,
    0.0617272318516142,
    0.2045748644191271,
    0.057747330532176136,
    0.10402247922687108,
    0.15978143124004063,
    0.13566766593375998,
    0.005576437318804007,
    0.08578835754990219,
    0.16425503895493626,
    0.07005968605108936,
    0.007229028266331045,
    0.1437280313664841,
    0.05328581203724174,
    0.057955828917696045,
    0.030383841949766743,
    0.11310224238224639,
    0.12210903652386461,
    0.09878605799594561,
    0.03658241329671077,
    0.05217132690736177,
    0.02980312569763744,
    0.11102127019645146,
    0.011727952867871982,
    0.10669728690798196,
    0.062239316029882814,
    0.22358518991405596,
    0.11053092492941359,
    0.06876044728162234,
    0.015460323342722447,
    0.05930711096592,
    0.07576243674437631,
    0.06620317067170417,
    0.012857292016897151,
    0.08464557388719815,
    0.0317034643367469,
    0.037377265956225314,
    0.1031522722366564,
    0.09524304915932215,
    0.10612313027744597,
    0.1645220860290577,
    0.05949002140605109,
    0.02917990743452332,
    0.01611932135998195,
    0.011555125813000042,
    0.06359862141691512,
    0.004998323230612551,
    0.07064398027863321,
    0.20401935663014567,
    0.22265795216420348,
    0.18305415547690998,
    0.11142628617102744,
    0.07279900571315935,
    0.15077751032110379,
    0.18875614720571504,
    0.08296088958443767,
    0.19394735583822043,
    0.04152956063654568,
    0.2327108162088358,
    0.19538700303683373,
    0.10798861076213803,
    0.10234576405117025,
    0.12323512296796747,
    0.1193282448740352,
    0.017445232309811903,
    0.014092235652399905,
    0.1327020122208461,
    0.014252919275561897,
    0.04834462798976439,
    0.016657318754131612,
    0.10359052001318864,
    0.041683630426365643,
    0.008509943464735745,
    0.06087838429038935,
    0.0820324591761137,
    0.10763444540784746,
    0.11320307623483793,
    0.052147365314434105,
    0.10473026781796518,
    0.08924663342329954,
    0.052602527156562336,
    0.13574372501719326,
    0.18359535136423324,
    0.21908669900650465,
    0.0755126290063431,
    0.043670165745916256,
    0.006728545402285329,
    0.013356907492963586,
    0.19803297006763348,
    0.20928331742941333,
    0.07865268191484137,
    0.1128939608437213,
    0.060826666282124665,
    0.09281447124082995,
    0.08167758906908995,
    0.23840077292942835,
    0.24005607446439065,
    0.22307798479317079,
    0.17037055790286404,
    0.07615005074761796,
    0.10839584941841093,
    0.057434528742147564,
    0.13566354584085838,
    0.17753290571828778,
    0.020041216108305532,
    0.03251252047442219,
    0.020121449496389117,
    0.020208405141312138,
    0.05032238100602477,
    0.0705264492074405,
    0.12472160911746201,
    0.10297163868997092,
    0.18076414278810807,
    0.03496321678638609,
    0.04640200418666493,
    0.09336808161860669,
    0.11560774677215116,
    0.12109641526980157,
    0.10407490198786892,
    0.16181702819216937,
    0.0154016662306235,
    0.027736031719511015,
    0.21414475599454544,
    0.0016202807452987843,
    0.021403774200260153,
    0.054038704803258515,
    0.02857349481350779,
    0.002022965614680455,
    0.2228782687109411,
    0.22512659256498876,
    0.0024132902053573568,
    0.06329026499028037,
    0.0530495572363848,
    0.09111352341345794,
    0.20808339458357408,
    0.024961365997285292,
    0.07791225785102676,
    0.07373491734280463,
    0.14104319451186279,
    0.03953467670769448,
    0.22402121500889127,
    0.17942077565519507,
    0.06294276768108052,
    0.004039317396018884,
    0.19625222254616753,
    0.2078520188401006,
    0.20666120356804382,
    0.006016745141787034,
    0.01403303642281391,
    0.003481695348837966,
    0.04257367891660639,
    0.007064441397262285,
