{
  "config": {
    "mf": 0.4,
    "mf1": 0.05,
    "mf2": 0.07,
    "T_coh": 30,
    "tStack": 2592000.0,
    "nStacks": 4,
    "gamma1": 5,
    "gamma2": 41,
    "gamma1_upper": 8.717797887081348,
    "gamma2_upper": 47.70744176750625
  },
  "mismatch_list": [
    0.5421839071154456,
    0.1195141671960144,
    0.061410650775343856,
    0.3957069777621905,
    0.08538048995289793,
    0.4005413658877617,
    0.365704598227232,
    0.1584261414611848,
    0.05954605527749339,
    0.17002948252487451,
    0.3836067678253335,
    0.01593160817530725,
    0.2765005888120222,
    0.24367457156082747,
    0.09897904072069551,
    0.35343466933282525,
    0.02611098694609674,
    0.09628724601066482,
    0.24082173177523428,
    0.47011287467194657,
    0.1429274322793892,
    0.1926078864669804,
    0.14674965065940296,
    0.38213018398171084,
    0.03450036560412576,
    0.06352107854518181,
    0.5225768137304082,
    0.2869208123726566,
    0.5544841945968076,
    0.062413134686015594,
    0.03482274488465038,
    0.11100053517851861,
    0.3547516537478832,
    0.08193919955682245,
    0.15658901325629385,
    0.06116142123291137,
    0.06657695945162562,
    0.1519162484650843,
    0.12367119742073446,
    0.04994760975279725,
    0.03135810728955934,
    0.03434669332825237,
    0.24155503621490296,
    0.06965987395692955,
    0.30951244398479294,
    0.49955763201865233,
    0.19852838918205004,
    0.03810906192255438,
    0.012232125225412508,
    0.05524915870572959,
    0.693908824200362,
    0.39677054025852215,
    0.040298783430225416,
    0.12701577403265255,
    0.15411681232523936,
    0.0596995107063171,
    0.15167352433414222,
    0.03708749547151078,
    0.5153572526230542,
    0.03336813487539535,
    0.04236815482532392,
    0.4932536352962232,
    0.2998491611922424,
    0.12548230397966378,
    0.14371357511682997,
    0.2321936767978572,
    0.14271521130010215,
    0.05622106718239642,
    0.20036262609294528,
    0.08493327905410739,
    0.09969832238448485,
    0.08618108926031737,
    0.20353798972376289,
    0.05461574847361362,
    0.08827604860727814,
    0.10698539520663934,
    0.029894606551267414,
    0.4434873096769586,
    0.1495562297410644,
    0.11970173989398782,
    0.3276479410083503,
    0.23893147604317164,
    0.034875294153022894,
    0.030249006912794814,
    0.044439044149770186,
    0.188893947047107,
    0.07678546800942215,
    0.294011277203101,
    0.2501181816420757,
    0.07942897810972403,
    0.18299751435455186,
    0.3572226258789895,
    0.10257501534554288,
    0.21190163586522984,
    0.09942878150173232,
    0.06020931812011534,
    0.3492223431104367,
    0.164680588632762,
    0.5275751743667126,
    0.14947512894448398,
    0.0805714729321393,
    0.1654607320351616,
    0.04591382093464548,
    0.569723337860136,
    0.1608247589600478,
    0.3962543719979333,
    0.46189075737157087,
    0.5413322764690014,
    0.2937300265796657,
    0.4098460198013161,
    0.12424584210238708,
    0.29208133846094686,
    0.11129797704833,
    0.14309924742508584,
    0.03269345142149024,
    0.10563219733428476,
    0.1657660526811114,
    0.1454643981959482,
    0.1213893881992992,
    0.11716564136562754,
    0.048013695481399006,
    0.12049597835461663,
    0.3030291508934532,
    0.4623935172562545,
    0.20260829413943382,
    0.31566844259581534,
    0.1538693898415542,
    0.08782428392044431,
    0.4031638418242446,
    0.2417882190756591,
    0.3528694213566588,
    0.12979980102114722,
    0.04233866362656741,
    0.12385154188371851,
    0.37211864482737383,
    0.2861644498633719,
    0.04639673931428337,
    0.13712446066524628,
    0.022979643266364216,
    0.34011281540041965,
    0.19918919442477562,
    0.0646854749196148,
    0.017482425992270414,
    0.41332880026623037,
    0.01880179572487487,
    0.5572993391369314,
    0.1064283874183607,
    0.10644298845303916,
    0.026114456498891624,
    0.2367078541134006,
    0.1133575903261929,
    0.05587396733820825,
    0.4978935477594062,
    0.09955130008480165,
    0.012357607384827472,
    0.21339831420212285,
    0.061159252762414566,
    0.028906434545874573,
    0.23909736403617704,
    0.4391892927287715,
    0.039415131702778446,
    0.1456607893406086,
    0.3508252042193232,
    0.3089852888070203,
    0.06149912437161339,
    0.0743534560649084,
    0.3234755869254529,
    0.4176158302972337,
    0.31621316238461206,
    0.291583457634881,
    0.445246878920414,
    0.059764492538871276,
    0.2598831657009263,
    0.0025765043619506867,
    0.054885289356366156,
    0.25156765960448835,
    0.06733628553725592,
    0.16520102155199456,
    0.15563719927289738,
    0.4294612810918914,
    0.21449107876781145,
    0.3113407537429969,
    0.14523670879378395,
    0.15097628878707037,
    0.09749992699482661,
    0.367591890382949,
    0.15374108867049338,
    0.053635599809058944,
    0.07672923234120507,
    0.19902410153761907,
    0.2912316594379498,
    0.5435572356222454,
    0.13448210708254268,
    0.04347819487263705,
    0.005301982647031697,
    0.03433382706997134,
    0.38143106909354174,
    0.3538959030074951,
    0.3523812986478285,
    0.3855763172952292,
    0.11951872098405769,
    0.026806343152071366,
    0.11084989876134074,
    0.3266096773344814,
    0.032077172106299005,
    0.1230155965072012,
    0.1022357942774931,
    0.17512387026301235,
    0.18622022292454965,
    0.15114889903861584,
    0.04808684521949114,
    0.22602025814051052,
    0.16684855315311511,
    0.11523628088227258,
    0.1989611436108619,
    0.10977787923007154,
    0.11390411717373698,
    0.18286292461905032,
    0.08519392920782304,
    0.026076002288748328,
    0.06408047165100694,
    0.07069257188985674,
    0.16502992922979687,
    0.06642343174045201,
    0.045078453816927315,
    0.14591327158878628,
    0.3510854929612893,
    0.2230274074431738,
    0.2173334376126701,
    0.04442422626804204,
    0.5361876886388627,
    0.25601020511128736,
    0.34152152611749237,
    0.16703077695719643,
    0.32491559590002944,
    0.09882529616247222,
    0.08259733035260197,
    0.05285104718331585,
    0.03773391652660757,
    0.41612515139538186,
    0.08420872077877582,
    0.3222187414255062,
    0.04463883256487558,
    0.053498407908961244,
    0.1435166779957203,
    0.39722801525099755,
    0.4618104516808393,
    0.03610973212450259,
    0.32459856551339694,
    0.15286589397798395,
    0.14951401684872664,
    0.05796155388547989,
    0.03769220961071907,
    0.14938571567766581,
    0.08758596901284572,
    0.5163882157795839,
    0.03255474159204478,
    0.3626706188728059,
    0.13435423960558124,
    0.05430659686311949,
    0.11949067543229905,
    0.1095818494971606,
    0.19083342705944703,
    0.16007229969765738,
    0.05453999657092532,
    0.16920278928914356,
    0.3670277989243808,
    0.06898063671498116,
    0.06526828750680538,
    0.047876575863651204,
    0.18842150960820364,
    0.537568136957127,
    0.0262211452473343,
    0.0628200843159155,
    0.42316617509849913,
    0.1009211951799816,
    0.36564836255901495,
    0.40861682230020363,
    0.517584452529145,
    0.10398307552146656,
    0.16505970955795296,
    0.1288266637445322,
    0.13618442870488245,
    0.2051014569519574,
    0.06707758700698739,
    0.16383712589185578,
    0.16283550936938276,
    0.3475669327331778,
    0.1738546644812339,
    0.43566462464209393,
    0.05687493331953222,
    0.06163660540111066,
    0.16529325383045856,
    0.09665277785407582,
    0.24732526392454415,
    0.08017088414903001,
    0.1114066174202198,
    0.16443439494902504,
    0.05633173146008323,
    0.08359432080468182,
    0.13714686819371322,
    0.11147861064071364,
    0.22130817175095896,
    0.3483445462533311,
    0.16223751748871457,
    0.15591100481429362,
    0.45425134423486097,
    0.08891545827443527,
    0.0710988709786076,
    0.3953570589063565,
    0.015301595213636268,
    0.033710608649190336,
