{
  "config": {
    "mf": 0.15,
    "mf1": 0.08,
    "mf2": 0.008,
    "T_coh": 40,
    "tStack": 3456000.0,
    "nStacks": 3,
    "gamma1": 1,
    "gamma2": 13,
    "gamma1_upper": 6.4031242374328485,
    "gamma2_upper": 23.685438564654024
  },
  "mismatch_list": [
    0.21487447659957318,
    0.3570678126586709,
    0.24638036599620886,
    0.26469356672988836,
    0.2606610293002321,
    0.21035847921431197,
    0.06841690229782803,
    0.03060640884231887,
    0.33981119799078424,
    0.32305560786984766,
    0.017768102073261478,
    0.329400545434773,
    0.3489234802914985,
    0.32281870273349494,
    0.015293880008470036,
    0.28861952178556866,
    0.3121408949115921,
    0.3163720640162132,
    0.35729810396741835,
    0.31157628003856835,
    0.00697054060234188,
    0.08254024324356851,
    0.2049323215695025,
    0.3521849104764222,
    0.1302430711753021,
    0.27439344966513973,
    0.05615052898152151,
    0.26396918997200614,
    0.03783824984677062,
    0.0633297846353412,
    0.34465794096801067,
    0.32216946339414476,
    0.26233660457583624,
    0.0623500707625342,
    0.14054199341414564,
    0.06824917129282224,
    0.022011035117147693,
    0.22649529697224394,
    0.1354154638445356,
    0.33905266786084204,
    0.0014999293621527077,
    0.2522859177189971,
    0.32742019197230954,
    0.046381797185133286,
    0.03951859575212285,
    0.2521722899922705,
    0.23776569290523872,
    0.3266301648436898,
    0.021672645675245236,
    0.24990233761941888,
    0.2770862533111152,
    0.3250130839942011,
    0.03212596284048066,
    0.09114011653997935,
    0.1358350624155585,
    0.06221009614878987,
    0.21969216210469775,
    0.32933923200017,
    0.1427133347016367,
    0.11517763927772232,
    0.3236961733369286,
    0.2036439262673151,
    0.30448072725214653,
    0.13361867120396925,
    0.33566915292372923,
    0.044748181766631416,
    0.2315578025221669,
    0.026061299773254137,
    0.3299537758504434,
    0.3391491104781353,
    0.12350883938059444,
    0.06624041089867713,
    0.05377106897127116,
    0.12969244292131246,
    0.3557833205990046,
    0.012760675612247984,
    0.11350775623079483,
    0.330143733653139,
    0.24391964264513638,
    0.3338225939410183,
    0.06688173532958167,
    0.3410164325425906,
    0.10613745854024585,
    0.261459405030911,
    0.20278163494035248,
    0.026731139559243687,
    0.3225425483251241,
    0.3353465932987181,
    0.338593820017801,
    0.20203047760183912,
    0.09103169313661424,
    0.1405799958170251,
    0.2044362844991072,
    0.040898825676960494,
    0.2738825585884834,
    0.21697425844084328,
    0.356269436927992,
    0.3015765521813108,
    0.08083571891926587,
    0.3220582209822922,
    0.07482646021115892,
    0.13800553631582263,
    0.35938102596946514,
    0.045250724241228626,
    0.3249975252358182,
    0.08727325007066496,
    0.10906554097152357,
    0.04871040661920541,
    0.04879963908017488,
    0.062179087055427455,
    0.10386262711424281,
    0.1775057543010751,
    0.03179928312614163,
    0.3257535074157813,
    0.3248609117475782,
    0.05695481378768377,
    0.11311710670847039,
    0.3559457388572455,
    0.05325692519251388,
    0.08978802248831494,
    0.022937187828692324,
    0.224447233094379,
    0.1580423981044987,
    0.32743428701474697,
    0.2850355319756338,
    0.34764516836582404,
    0.3362598436252623,
    0.19613246130558476,
    0.2813703330365785,
    0.09387965067280517,
    0.3262864626550224,
    0.04189263459220494,
    0.03865207591242902,
    0.032361783742799737,
    0.2641026049698469,
    0.029487370896187734,
    0.3062953555425664,
    0.05439797308952813,
    0.33245385689693735,
    0.33436877683547,
    0.23413074409572227,
    0.33502988853748866,
    0.1894227332000376,
    0.125214231092124,
    0.3360135056528168,
    0.0282720529678684,
    0.1281937062165968,
    0.3345556987828714,
    0.31855863879187707,
    0.33416477820203855,
    0.23543719189456996,
    0.33339448413283124,
    0.18836430393638756,
    0.065648202269497,
    0.31132311139171087,
    0.08239723277452995,
    0.2028850166554611,
    0.2890289827683769,
    0.15890105724744855,
    0.04360323062709603,
    0.25792187464931804,
    0.3223463561767349,
    0.31852882235595165,
    0.05184568617431382,
    0.3252194137308049,
    0.16965416512298845,
    0.22903522361947462,
    0.3394978001433574,
    0.3318474990136181,
    0.25852590142946497,
    0.06464810479685737,
    0.22565561192488295,
    0.3237059856549332,
    0.3441802816644857,
    0.1883869102159892,
    0.3234758569812908,
    0.3557377285578896,
    0.32411772352921214,
    0.24929776872225512,
    0.33023995942362555,
    0.23331816489920257,
    0.09023949753992719,
    0.24737357858273482,
    0.015726923081510222,
    0.20641284314245284,
    0.3252137215021282,
    0.10175736989110279,
    0.2145184683546239,
    0.3230183102190901,
    0.3121714160996394,
    0.11378434433277917,
    0.3150728263736893,
    0.32399184395790526,
    0.1544696301168121,
    0.32572396203836435,
    0.328937414867299,
    0.3402528607243919,
    0.3121448523658149,
    0.01649488604754518,
    0.07090511098165357,
    0.143095635621902,
    0.1862712443461261,
    0.22735308872796686,
    0.07147661074079098,
    0.33028712360408935,
    0.012590125598754692,
    0.03500883271255514,
    0.325243808996562,
    0.3199811538440271,
    0.05891597630775159,
    0.1654470660139144,
    0.29367947938551253,
    0.32148162532319663,
    0.2423839335598732,
    0.18504161452856258,
    0.3041164788285415,
    0.08709586938275966,
    0.19268860874449928,
    0.3480574483571198,
    0.23950241898034078,
    0.17661836295623348,
    0.33775359285342316,
    0.28604576703648804,
    0.15779389166398589,
    0.09253623049340998,
    0.34687324794556623,
    0.3110656058087188,
    0.1610817771593307,
    0.3232970667891417,
    0.02340557693122953,
    0.21904617546744853,
    0.08256116896041797,
    0.338773802867387,
    0.3434685904447973,
    0.23876584458958,
    0.3545850251450136,
    0.041623419281649414,
    0.2969087620313385,
    0.054474520012303886,
    0.01477691722122527,
    0.028869249073603335,
    0.02143454788145549,
    0.33821802450173755,
    0.3471156284637889,
    0.08743599359911595,
    0.042182233502593106,
    0.2090526277441828,
    0.0650362605809044,
    0.07998004141990855,
    0.32642567830494323,
    0.00954310269398546,
    0.04793550455535508,
    0.00027713021900117976,
    0.10968203644305749,
    0.154862936012519,
    0.09299746365132508,
    0.3234245184997974,
    0.042637503373323137,
    0.31500614598061977,
    0.3063095047967056,
    0.21404281488406124,
    0.3007987768972713,
    0.3182143944861929,
    0.3560348628948116,
    0.32326188339474976,
    0.32692008902428804,
    0.0690422884884379,
    0.05931150488322745,
    0.21931419812056704,
    0.3372374432417036,
    0.32466157532049145,
    0.30598000607387904,
    0.3185699690375287,
    0.3254962728912976,
    0.18208393250816618,
    0.32106002091921143,
    0.3210415347289377,
    0.06056336149848082,
    0.3250077170357345,
    0.31935733979276604,
    0.14027012173020767,
    0.32451845642804955,
    0.3281912450053404,
    0.1662416469254755,
    0.03672062140488324,
    0.2481007743491045,
    0.3234782965078665,
    0.2714734989891144,
    0.28941952386729797,
    0.35396912600219815,
    0.01666944772696298,
    0.09923788105540642,
    0.03694332307539514,
    0.32003276338402886,
    0.027967166357605756,
    0.039632331902252835,
    0.06337629827538482,
    0.3324061505994567,
    0.3311043650069537,
    0.1525579086686788,
    0.1269049314324976,
    0.3235682879326595,
    0.3212179396062127,
    0.2233890206775357,
    0.3201680757914285,
    0.010545477058095753,
    0.17751182601166354,
    0.3527001927009148,
    0.01481909392513429,
    0.03818043410779086,
    0.05920243093944217,
    0.22087853098431862,
    0.0333984199023734,
