{
  "config": {
    "mf": 0.03,
    "mf1": 0.08,
    "mf2": 0.03,
    "T_coh": 15,
    "tStack": 1296000.0,
    "nStacks": 8,
    "gamma1": 11,
    "gamma2": 11,
    "gamma1_upper": 17.776388834631177,
    "gamma2_upper": 100.0
  },
  "mismatch_list": [
    0.11043403489557523,
    0.1710371669738182,
    0.38194856855049725,
    0.3536298863548968,
    0.4930113147801086,
    0.09704352434554171,
    0.17657601407712,
    0.4055190273001525,
    0.34309900765093554,
    0.23347706425201423,
    0.5162707428479568,
    0.5300150390526741,
    0.5288843633752012,
    0.3368636484282072,
    0.3379994200069275,
    0.537141964146829,
    0.5228998236890451,
    0.5109212753371102,
    0.06095203867854101,
    0.218042193773199,
    0.30324465067705375,
    0.46117848462787053,
    0.5013997464915624,
    0.03568937930332597,
    0.5385037624376131,
    0.037968656665496654,
    0.18180484245063552,
    0.42889219154690456,
    0.5578335639620177,
    0.35399910427789705,
    0.529390556232439,
    0.055584500595895175,
    0.495577444399019,
    0.024477529171685466,
    0.35480924415279663,
    0.48291398523475265,
    0.539720634742568,
    0.5237557543928837,
    0.5017600014109502,
    0.3400236854598686,
    0.3897141437931778,
    0.48258112530221225,
    0.36990453244636223,
    0.511235197310405,
    0.541564700453528,
    0.3186501022649799,
    0.48760355160463786,
    0.2874477182216707,
    0.49756235214658157,
    0.0675697712005394,
    0.4369946022479213,
    0.53277105424005,
    0.5180856787971765,
    0.024958567792978902,
    0.13159995107934802,
    0.32788987475503534,
    0.5154862270438684,
    0.04444522188060007,
    0.45413013037989836,
    0.37071532286184655,
    0.5360587417909006,
    0.5485550843071685,
    0.24082904024735577,
    0.4975636532277511,
    0.08382562389733371,
    0.3121298062661226,
    0.31253704467218824,
    0.4487398233767856,
    0.3274013187758734,
    0.5100685611950517,
    0.04886260929804647,
    0.4330639276113133,
    0.5566136196598569,
    0.4862250561055113,
    0.4616803766890202,
    0.3916012174650197,
    0.5577436086556015,
    0.3237749887095067,
    0.5147626452078867,
    0.40877339271660545,
    0.16816604224408166,
    0.49188295213582595,
    0.48383370505704226,
    0.4169696981086906,
    0.09515182460731925,
    0.42135658240094004,
    0.3020597994253269,
    0.4136492305405963,
    0.01606097965051225,
    0.47569652657588396,
    0.008040247934027668,
    0.0924558398594601,
    0.5115767672585526,
    0.3170412431165578,
    0.558419701028895,
    0.4710737490393684,
    0.41591553323221525,
    0.3542962567605623,
    0.48076662304671575,
    0.5190655374824137,
    0.5191420482834114,
    0.5035678536960246,
    0.5362913100499558,
    0.5065136098872917,
    0.5550673931132907,
    0.510018505711168,
    0.09175289461647307,
    0.5463385479702845,
    0.49762241872724194,
    0.4456250350569093,
    0.01880734515254743,
    0.3572133530249559,
    0.08633410839220484,
    0.5033582350631545,
    0.5308421652650649,
    0.05818557870066517,
    0.5431114691172483,
    0.03507765430678106,
    0.480006610937987,
    0.32746940869041263,
    0.44804576885512376,
    0.49558535930946707,
    0.35331235026724206,
    0.4047400772321782,
    0.5226014424074975,
    0.5122214891192027,
    0.569772754608574,
    0.39303775564076515,
    0.4619197756242154,
    0.5109572357749904,
    0.32308245211587605,
    0.4281896799976407,
    0.5462566882800343,
    0.09218694975108871,
    0.556891978747851,
    0.09854670679008241,
    0.48181926999516,
    0.5551707567839818,
    0.3365468351634245,
    0.2323497497008959,
    0.5142353097816439,
    0.13181029253509016,
    0.07803393335341817,
    0.49880311374745495,
    0.39867172623401764,
    0.5449976754016438,
    0.03652698644736028,
    0.3592382690184817,
    0.40797796228715033,
    0.08918578918668549,
    0.39331676526934406,
    0.46458254666110765,
    0.017673958889304592,
    0.04994315720934859,
    0.5462952508802537,
    0.16034741180259882,
    0.42130949049083144,
    0.01331952934400644,
    0.3224300321916394,
    0.26254654256472587,
    0.560230914440324,
    0.5523867322103172,
    0.051511249147791836,
    0.20507084820661864,
    0.5001240364048294,
    0.4938596558437916,
    0.3592681938853811,
    0.0363751936442474,
    0.4825373222361711,
    0.5544977725490378,
    0.4905450792821039,
    0.31450333973079764,
    0.5243979825146255,
    0.46807797350536134,
    0.5057014461083505,
    0.43800189206114964,
    0.17530131594240778,
    0.060159029705707,
    0.5161929671069333,
    0.5225621931255497,
    0.2313137999607941,
    0.5315606511997992,
    0.32017612591227473,
    0.28558782268981475,
    0.36124352422989003,
    0.5187749265467397,
    0.05249118011531627,
    0.4425544834967973,
    0.16804713788164324,
    0.05326597395177673,
    0.12335868610462658,
    0.40444910488506824,
    0.4767038886713995,
    0.4159402899155801,
    0.41591134085955783,
    0.5333324346235625,
    0.5116598196065415,
    0.5161521637558107,
    0.008974279649182256,
    0.035731664441335985,
    0.03561941004931965,
    0.4563544732037996,
    0.4130126042961122,
    0.06324382087639671,
    0.5062031574637822,
    0.5122489925294811,
    0.5649222517262456,
    0.5483250820693089,
    0.483017059776295,
    0.40618901182017786,
    0.49516084543676137,
    0.44427899430473405,
    0.2389646632136936,
    0.5578900164283183,
    0.3280361018220341,
    0.43044412839415935,
    0.4346709074202683,
    0.25901215556767326,
    0.5328716711838277,
    0.0644165287038745,
    0.2198094956951561,
    0.3647901269334789,
    0.5048044229242407,
    0.4200352983321296,
    0.5047705225315454,
    0.14786874230555053,
    0.23313480762213828,
    0.43397500970028297,
    0.14046053069077002,
    0.424103237032124,
    0.4203440882630335,
    0.28940338778406216,
    0.3874345773018584,
    0.41366083184769137,
    0.02064121906101261,
    0.03504165772775715,
    0.3961800473709197,
    0.42370933470804606,
    0.5125286165575011,
    0.46529777989291815,
    0.24532087842061467,
    0.490222700281207,
    0.0253295927731591,
    0.057359319875720724,
    0.4926828279259436,
    0.5123569461254092,
    0.3755548388365212,
    0.44913527977003825,
    0.5394014723034515,
    0.5265710049146173,
    0.34054043153103714,
    0.26396768461329845,
    0.45848318656173975,
    0.04762557023496369,
    0.036133915369585115,
    0.509700463647503,
    0.39680268699283133,
    0.532291605829075,
    0.4321026816150292,
    0.5106669501096088,
    0.5151450185071568,
    0.38504918954208306,
    0.5190435998082495,
    0.5346578387827432,
    0.4161146709334419,
    0.22061457580995195,
    0.42106817607502556,
    0.34675497345505285,
    0.5000142757517213,
    0.5378917844530631,
    0.4082434551280235,
    0.49461294569981107,
    0.17115585448939502,
    0.28276874120685974,
    0.08656859213187065,
    0.5302148995767727,
    0.2764219226972743,
    0.37214152467052286,
    0.5265020476126318,
    0.028438887639208456,
    0.3759283214144661,
    0.5403204331617255,
    0.04347367565839044,
    0.07885014494044229,
    0.5245810735480946,
    0.5503419747289559,
    0.4560558750753904,
    0.4930461548425374,
    0.33770255665341103,
    0.19269004892643457,
    0.26509348123638565,
    0.5590617123037753,
    0.039096260345763766,
    0.4044439367015337,
    0.1300887453009285,
    0.25480735035687213,
    0.39964927188606464,
    0.45102788303685065,
    0.41227008450088504,
    0.45873462049775315,
    0.3951185097011503,
    0.2787131266368324,
    0.40792125683284464,
    0.1719043375733159,
    0.40543489071785566,
    0.11805916565423276,
    0.14238482974051817,
    0.495775208736789,
    0.5014388512089357,
    0.5073950200973671,
    0.5061420789311011,
    0.4578684618502762,
    0.4551245539460057,
    0.383076389077626,
    0.07022657894873797,
    0.3190487390788692,
    0.36771401773286894,
