{
  "config": {
    "mf": 0.03,
    "mf1": 0.8,
    "mf2": 0.01,
    "T_coh": 60,
    "tStack": 5184000.0,
    "nStacks": 2,
    "gamma1": 1,
    "gamma2": 5,
    "gamma1_upper": 4.0,
    "gamma2_upper": 6.000000000000001
  },
  "mismatch_list": [
    0.02047165665315469,
    0.44057872123886127,
    0.44317441581421707,
    0.1005812222074445,
    0.4404699001925601,
    0.17796726188755183,
    0.09163238074861363,
    0.29635263367893927,
    0.43292756443246805,
    0.33663897289701794,
    0.43311441425291874,
    0.44002399050499325,
    0.43176367437099916,
    0.030017839278795835,
    0.44213532119375715,
    0.47812642757599766,
    0.439002026796505,
    0.025139794024275297,
    0.03651168371565867,
    0.4313354377128715,
    0.4394318536658706,
    0.027705310727275882,
    0.4593230470760352,
    0.43947977684999395,
    0.44502050649673575,
    0.423249900250386,
    0.4372375428634211,
    0.43942892623154634,
    0.44755414669264976,
    0.47776179936738505,
    0.4447655667223723,
    0.1418260251079898,
    0.23005412500795105,
    0.43773600180416694,
    0.43601423672751877,
    0.14793142430883638,
    0.43154722493682524,
    0.43703041784968744,
    0.4448664728536485,
    0.4769516951651796,
    0.10241632597595601,
    0.23259600538937045,
    0.4324190221068275,
    0.47682043045572564,
    0.439106474761902,
    0.00454598023511996,
    0.4516075951380014,
    0.4727238294599643,
    0.48251027854718304,
    0.15179137295946984,
    0.44092679679413416,
    0.012342424522792064,
    0.3951751545396194,
    0.027205767551595126,
    0.46158627907918093,
    0.08377825516240393,
    0.47429278969311817,
    0.4343078677869464,
    0.4397385114466296,
    0.043580028103369514,
    0.43263156829523575,
    0.4846024544187633,
    0.47663856811597555,
    0.01504506080389515,
    0.4323746768979894,
    0.15999014069032516,
    0.2163363123290523,
    0.43216892524850664,
    0.4417362504553787,
    0.01077874089965478,
    0.43434509318637854,
    0.4228500705475531,
    0.4815306722834855,
    0.06475658202887824,
    0.43056046272255727,
    0.4618849858037506,
    0.4314839056166261,
    0.0035707470523266235,
    0.22894292876431913,
    0.14508292228782246,
    0.43509733538422396,
    0.005252178589395893,
    0.43175745809070565,
    0.40693379083228765,
    0.4382881303741912,
    0.09915198371623693,
    0.48360047677424206,
    0.441183290638571,
    0.46171096609669643,
    0.15540599538549613,
    0.4307950188801443,
    0.054606552826817326,
    0.463061705978616,
    0.05768953872308929,
    0.2152063226798818,
    0.43110427882474717,
    0.07210523728842962,
    0.2334966432086415,
    0.48340965142569664,
    0.4324097338275517,
    0.07909703468973533,
    0.44546066973914755,
    0.16348759346105138,
    0.43863219426020483,
    0.07638825441066771,
    0.45788860425714006,
    0.08992514442009333,
    0.441810050713282,
    0.43312243759143715,
    0.4326647097430797,
    0.4792828364164156,
    0.22397893982062417,
    0.3656061885238792,
    0.4404646958648725,
    0.4782733052685144,
    0.4377441335661788,
    0.4394092654380598,
    0.42770437105699893,
    0.48632028010848133,
    0.147126343728496,
    0.4309844708644388,
    0.43975257035961907,
    0.4450537202269087,
    0.4497109429663511,
    0.379623828303447,
    0.4332250062162803,
    0.06842809064782314,
    0.44384176241665846,
    0.4384651859390631,
    0.0681347689567636,
    0.4384586805294536,
    0.3237565270943082,
    0.12257406047428773,
    0.3013109846009726,
    0.48216245598006163,
    0.22664406157297914,
    0.3586026813852764,
    0.2037069269601522,
    0.011462314884955445,
    0.4367691172303725,
    0.44429782777144905,
    0.4409758403543569,
    0.4311999444871713,
    0.03900246049047897,
    0.41871761751661046,
    0.17853728033400218,
    0.011482481654744902,
    0.43403753187650707,
    0.4410446169903951,
    0.44861828714010626,
    0.42888018770275194,
    0.010272620032035528,
    0.4404572507849861,
    0.44421665471598826,
    0.4364723982698502,
    0.05561272284642029,
    0.48489928180277914,
    0.48054430762202704,
    0.1015047735250068,
    0.3103172905113541,
    0.34348157957127906,
    0.4590349297126633,
    0.45616279137006815,
    0.17088265397581723,
    0.48009980743987557,
    0.444226810383212,
    0.4465060167810655,
    0.2043662863652397,
    0.44015395413252534,
    0.4837785804328844,
    0.017170378123319435,
    0.030238300382228956,
    0.011136032451874426,
    0.4396945276494365,
    0.10024214580213146,
    0.43147497874899526,
    0.43084861622709375,
    0.27417901730728084,
    0.4539402181769818,
    0.4442540246800784,
    0.03193375469112315,
    0.09323032619569428,
    0.44714701647458843,
    0.43602977742825255,
    0.47941692013670034,
    0.43548307003290293,
    0.48057734064637747,
    0.47412025177380834,
    0.4415931314439696,
    0.02039460369044659,
    0.4863490846165856,
    0.43045474981640286,
    0.10511628781088629,
    0.05506749723881503,
    0.44258047191686956,
    0.04869848438412564,
    0.4467894719342173,
    0.17929884695228787,
    0.03446761173402416,
    0.4824017104890333,
    0.26148985445230233,
    0.43833901713380324,
    0.17521005244805793,
    0.48180147802906326,
    0.4232283239751811,
    0.0841901198730144,
    0.44025272793509623,
    0.005767479312797441,
    0.028709962817969965,
    0.42445701514459355,
    0.08742692256538659,
    0.3591280293524082,
    0.08368414357005315,
    0.22803874911092736,
    0.46198853024003517,
    0.4467109371837648,
    0.3250508867596121,
    0.43293703341756634,
    0.4375611869914938,
    0.43117229649633093,
    0.0006249530164861536,
    0.2890221212839655,
    0.18132716138620159,
    0.22730168620217078,
    0.08195182527337176,
    0.44672846564854596,
    0.4153191553954422,
    0.03415296675591125,
    0.0579728854527476,
    0.16298103889945817,
    0.2314993378938664,
    0.1120715826360498,
    0.2692492179052003,
    0.0572270040998537,
    0.43825679598457207,
    0.44199086495926165,
    0.47716875899914996,
    0.23414357005314196,
    0.3147549918176404,
    0.4827259690169025,
    0.07150659503969746,
    0.4280963219859715,
    0.2642007309189108,
    0.4344057380604049,
    0.47775240266461577,
    0.43266868527117436,
    0.035321627451093775,
    0.43850996484187516,
    0.17494405347735828,
    0.44494486303944303,
    0.02751947285943111,
    0.0924399912104688,
    0.013564068165127535,
    0.46743887083436936,
    0.480949666923028,
    0.339772339576599,
    0.43117999456436884,
    0.28287313583873525,
    0.444331402913267,
    0.19025373988770217,
    0.43724209665014774,
    0.0229127754679558,
    0.4384700649962702,
    0.45392044896000183,
    0.4835071602875102,
    0.44020466018631493,
    0.4807330729241961,
    0.4371183493029092,
    0.3865411026235594,
    0.4361249732555383,
    0.16213099871048325,
    0.3524151694586921,
    0.48162030237143866,
    0.4486442003550508,
    0.4824735591240538,
    0.4792608987295658,
    0.24662810163473714,
    0.011463326837561367,
    0.44018355374624857,
    0.3132521699155164,
    0.43776704706447006,
    0.45402366812580597,
    0.43763654131947055,
    0.47870501147843386,
    0.4320389254798101,
    0.01540856863640832,
    0.4403373344011843,
    0.43962061896803967,
    0.4813662661261876,
    0.27679238491207575,
    0.020212596786038525,
    0.29449786911694126,
    0.4336571822613382,
    0.4345493630481169,
    0.2663448416438736,
    0.307719029913319,
    0.4453613176779446,
    0.436187172199638,
    0.46639533085067625,
    0.4711712050331631,
    0.027525689139724634,
    0.4381112555151417,
    0.42746153857274205,
    0.4839253135607432,
    0.13416764006869714,
    0.43301405023910994,
    0.4335736600301851,
    0.33033067719868386,
    0.45818232350100907,
    0.13549539416999648,
    0.052884354056195175,
    0.4440542724639022,
    0.43926665240295376,
    0.4328629078891825,
