{
  "config": {
    "mf": 0.01,
    "mf1": 0.005,
    "mf2": 0.0002,
    "T_coh": 30,
    "tStack": 2592000.0,
    "nStacks": 4,
    "gamma1": 1,
    "gamma2": 25,
    "gamma1_upper": 8.717797887081348,
    "gamma2_upper": 47.70744176750625
  },
  "mismatch_list": [
    0.07516562054831077,
    0.009608203641931743,
    0.05834725250451114,
    0.08028646362650958,
    0.017609281516333352,
    0.003203120053176679,
    0.01858675573394197,
    0.003608262624329256,
    0.0023458513834408077,
    0.003093250881338692,
    0.01254098770650706,
    0.0015601422400994143,
    0.007612487961374625,
    0.0006823453829938135,
    0.018108318859997474,
    0.06615772182224382,
    0.04908332969512172,
    0.07790830203266642,
    0.041223563814761735,
    0.004154283495424093,
    0.035119680778012516,
    0.012013037422885574,
    0.0008977467856761826,
    0.016627398075381238,
    0.037803596711904815,
    0.04449788198258342,
    0.024558723482135707,
    0.03426060504952931,
    0.004041884441339837,
    0.031193375814152248,
    0.014448518920194215,
    0.004262056479115171,
    0.0009685834885717268,
    0.007924747712914166,
    0.06977942896365326,
    0.009811606174531806,
    0.035430061188454834,
    0.04810469895991481,
    0.048127901594230596,
    0.0037296969721501887,
    0.005498952050491245,
    0.0024943193301218765,
    0.048096458772026965,
    0.00766850678254202,
    0.023942950143393725,
    0.02747387065333703,
    0.0031093698453649233,
    0.033107701568729386,
    0.07730308191700888,
    0.004899153111075709,
    0.06380847316835803,
    0.0030978769517318707,
    0.013748898055575874,
    0.0634893465935786,
    0.05155141053223229,
    0.06938744178018127,
    0.002397244134215024,
    0.007943902535635922,
    0.01223725727225494,
    0.06985481945459208,
    0.08006123182424171,
    0.009250406009959352,
    0.021197377365042347,
    0.06989891168802706,
    0.0036000947187913,
    0.04810838535975937,
    0.044095413858376904,
    0.011980438083083645,
    0.04322368871866235,
    0.043534936517303384,
    0.009552979926613176,
    0.0004686064743589929,
    0.048040584515559356,
    0.05840862021957065,
    0.0036800389977734143,
    0.011230797832339065,
    0.005970088407096508,
    0.05204813484069982,
    0.02117222310727944,
    0.05947362836290019,
    0.03146631396734977,
    0.0003431965972939223,
    0.012498268837720053,
    0.0778755581281647,
    0.001040648991415459,
    0.0415387871426469,
    0.025889369261323535,
    0.005018563553099626,
    0.024784967237302086,
    0.0652713956478508,
    0.024441336945908804,
    0.010995446501086114,
    0.024981647511362063,
    0.04949432713661567,
    0.07873340505669972,
    0.03544769808182882,
    0.03541553243612625,
    0.05380582474305793,
    0.04748834736237368,
    0.0036987601263958085,
    0.01304934947330743,
    0.0005338051539628509,
    0.0037893299108122543,
    0.012350234585138344,
    0.006979800552757586,
    0.015518442263316504,
    0.009504406187484802,
    0.057645463169396,
    0.0049792419547576095,
    0.005494904238897215,
    0.05185875508397908,
    0.06359834837721788,
    0.00242406088602548,
    0.0064459953987947355,
    0.026064870806864742,
    0.0032756915324696654,
    0.052614467052114706,
    0.05045756173129528,
    0.017803070496397594,
    0.01581212545093344,
    0.006707946634808462,
    0.05829318530679087,
    0.005646118914874233,
    0.0044595318590239744,
    0.025021113674403867,
    0.010248842109037058,
    0.0869575462628724,
    0.04332163130276792,
    0.011167623058532222,
    0.08655124717412153,
    0.06960689099445767,
    0.019980214875187176,
    0.015761383241308265,
    0.07403338981958037,
    0.01897122555302503,
    0.003620333776761456,
    0.013012124063112323,
    0.0647897060681611,
    0.0792582471992758,
    0.010646033621701358,
    0.08769460938473553,
    0.017163299417491,
    0.08913526890046113,
    0.0037210953725128728,
    0.003397125880290598,
    0.007077309442763799,
    0.06658686213356102,
    0.019735177709048507,
    0.004519309362385826,
    0.015560438308604577,
    0.035667436425504795,
    0.04763233380336136,
    0.0033273734126434552,
    0.004942667085711543,
    0.0038687682133451144,
    0.055342041525342625,
    0.02263362765742445,
    0.01977992048363253,
    0.003980083032180969,
    0.013378740141771709,
    0.00448042145814317,
    0.08492409919567093,
    0.08520932534835032,
    0.0016465196482220422,
    0.006461969798121179,
    0.06810370724607427,
    0.05413239639987637,
    0.04318039159107619,
    0.03464015966881962,
    0.03409088609197958,
    0.006572561793458101,
    0.02258172893020098,
    0.05836886492712927,
    0.0008276329062795726,
    0.006459006221775549,
    0.0065897649927327325,
    0.04529356609021011,
    0.006193296303567365,
    0.077422347794333,
    0.061856994285935676,
    0.04692078635101061,
    0.02832832031142706,
    0.0077845199541209465,
    0.06276160789485173,
    0.011609701910480334,
    0.06742931292156873,
    0.0005797044461451678,
    0.06628573386390506,
    0.07968550816949575,
    0.07390942558951316,
    0.012048455774333347,
    0.07689627685180875,
    0.08460699652668852,
    0.08129762141916853,
    0.04167554534864524,
    0.010076737833940842,
    0.030033533227762553,
    0.002477332977896925,
    0.004685992461240036,
    0.019783173189377733,
    0.002461214013870694,
    0.004846386995653517,
    0.05544692321503797,
    0.039281843049574994,
    0.008055578766221243,
    0.011942923543488965,
    0.03649608128468288,
    0.0468495882363656,
    0.057378307604189945,
    0.006616075768093935,
    0.08210595493802655,
    0.061570394768608296,
    0.05831523142350836,
    0.004252226079529667,
    0.0036027691657373566,
    0.045529423397912314,
    0.06758905691483318,
    0.08169177707313731,
    0.07473604654289423,
    0.006056104403469669,
    0.0800086102735193,
    0.009347914899965564,
    0.021464388365548613,
    0.02470220394667413,
    0.009828737091456544,
    0.016971462060873882,
    0.06822882799373978,
    0.005493892285998707,
    0.03065942609548961,
    0.0019555266940163804,
    0.014757598248338446,
    0.03514555785927436,
    0.0005503578120884424,
    0.08256436960105058,
    0.057934303439570074,
    0.002748319507647328,
    0.06361721407054005,
    0.014434929838414252,
    0.008184385913731305,
    0.015577930637278784,
    0.033910758476045195,
    0.0832204042086832,
    0.004964351790679567,
    0.003429508373042847,
    0.024595370633531666,
    0.08502348742677436,
    0.0832740377123041,
    0.03751605752402882,
    0.0728523685046719,
    0.012354499243782055,
    0.009538595738984386,
    0.0044736991996030834,
    0.025422280716312307,
    0.08234651059847184,
    0.04958742680327838,
    0.02855839503113779,
    0.0005768854344993247,
    0.04354086366999464,
    0.08471766080437534,
    0.0850757475657473,
    0.027238447039734187,
    0.06175876257243053,
    0.06525614407202329,
    0.09126803191641616,
    0.06279803819919802,
    0.05283232605469345,
    0.025736419808949074,
    0.06374681632389895,
    0.04872798966304571,
    0.08658543672562112,
    0.013477622396425897,
    0.08542891912732652,
    0.013374547765477892,
    0.07096298016080799,
    0.011244386914119027,
    0.007799699247598563,
    0.023636689826895336,
    0.001332091426185698,
    0.011977185377338443,
    0.04301645522151794,
    0.009211590388066588,
    0.0012814214989104158,
    0.08884577808913802,
    0.0693104610775448,
    0.005848075800476428,
    0.010918176669050057,
    0.06741782002793568,
    0.016568632524917894,
    0.061399880705209735,
    0.006985944552498526,
    0.004142646037091254,
    0.08411598252386257,
    0.0028289866101283766,
    0.007069792078374885,
    0.002998055026529068,
    0.062187975166097614,
    0.029515702473126144,
    0.04556838358450486,
    0.0013959167411415811,
    0.0756657421272233,
    0.016150840542533972,
