{
  "config": {
    "mf": 0.9,
    "mf1": 0.8,
    "mf2": 0.01,
    "T_coh": 20,
    "tStack": 1728000.0,
    "nStacks": 6,
    "gamma1": 13,
    "gamma2": 87,
    "gamma1_upper": 13.2664991614216,
    "gamma2_upper": 100.0
  },
  "mismatch_list": [
    0.22103707508966894,
    0.30549410051487064,
    0.0548751920857786,
    0.2511296915253918,
    0.20856875236973108,
    0.1769385281054848,
    0.16190452595457944,
    0.2822338991919522,
    0.5008588225229866,
    0.29103886299314125,
    0.1586630970760026,
    0.2241739295049936,
    0.20379936535390025,
    0.22800968178462475,
    0.29536262943461594,
    0.17369514760395455,
    0.2720279411689766,
    0.10903771652307963,
    0.026218319602762327,
    0.3715108911945266,
    0.08996916761004145,
    0.3292932750434155,
    0.39741554161928105,
    0.0649268092601907,
    0.16487912460602966,
    0.28597472669960067,
    0.33100549891451814,
    0.3820990420458733,
    0.2592820542956685,
    0.4785350749472005,
    0.21499284459128842,
    0.22462036325558032,
    0.16907196967438146,
    0.36428896466727595,
    0.1107458203012807,
    0.06849329178400348,
    0.44226513817002605,
    0.20815739362055657,
    0.3752674401092996,
    0.009696204949901296,
    0.5335832025113484,
    0.21625375565442093,
    0.267692031295792,
    0.03640839358336732,
    0.0768359377922352,
    0.14181278449648074,
    0.04437708694903109,
    0.3104881952290842,
    0.4374977569888973,
    0.19629607985087,
    0.08504121122924815,
    0.356367923428724,
    0.1772812005690499,
    0.15780546721148753,
    0.25219343445848375,
    0.10630457700036203,
    0.24945324740843447,
    0.2736339642243659,
    0.33590933106713766,
    0.014971658639894447,
    0.09352659677182047,
    0.048114228057767605,
    0.0889734062098257,
    0.20796065918450568,
    0.12301811333790086,
    0.44705138503970415,
    0.3481061613495603,
    0.11908185247617041,
    0.15085617156847492,
    0.4246148770266114,
    0.15942905487345732,
    0.23087862173784868,
    0.28917018401527556,
    0.2119505354657055,
    0.2628421398331341,
    0.23495398994675648,
    0.20216813383536303,
    0.21077045411989231,
    0.47494343817198853,
    0.20195486481595706,
    0.09403233817549059,
    0.31042932126999045,
    0.2252380519203265,
    0.11504345667987952,
    0.14399995749798902,
    0.10795933641783727,
    0.015226562282305947,
    0.1340930856926196,
    0.10696487609959045,
    0.24695153784093904,
    0.12047661234685587,
    0.13738650363820468,
    0.3999458207783441,
    0.2925139646754077,
    0.18309942228707876,
    0.2909101100899666,
    0.022193530955396418,
    0.1026466392564837,
    0.07587476348769334,
    0.049888361745891535,
    0.2372630309593539,
    0.4381374556236178,
    0.20549684362935514,
    0.2881399439428834,
    0.12144526787271906,
    0.41203704657428913,
    0.11798829308129062,
    0.17525395222622173,
    0.1994937056364931,
    0.39719506243729735,
    0.03397005755010819,
    0.13371474189840654,
    0.0854320779374121,
    0.22627327947359957,
    0.2957028081577406,
    0.47950394732005847,
    0.12162985887706,
    0.10935284941830252,
    0.07022958567153123,
    0.2315132786799396,
    0.22517191358690625,
    0.06000112977284301,
    0.13370319479593235,
    0.18697399017878275,
    0.2610086984919267,
    0.05469423326860089,
    0.07348088108837242,
    0.04357692153814344,
    0.2180440986554077,
    0.03348095915329055,
    0.00928191876629673,
    0.11265992872456128,
    0.08518248704637371,
    0.24275375950345507,
    0.1453959642388947,
    0.14939858028104022,
    0.1411810007770712,
    0.12486884822694512,
    0.43127733830722514,
    0.0843214960534389,
    0.05317760538682631,
    0.23144464660607889,
    0.1851076423061114,
    0.03655270525842036,
    0.10443150687085125,
    0.18753237119044555,
    0.08702308433841012,
    0.040991346395401196,
    0.10926220737446754,
    0.14113497500242056,
    0.22556505718851583,
    0.4210360342240938,
    0.07082699914226172,
    0.257867995042444,
    0.3231955917608117,
    0.26876547813190216,
    0.08272506847757037,
    0.2639950068810973,
    0.01704168005245095,
    0.25129492893544497,
    0.13157934111691164,
    0.027100886871681766,
    0.15576992447110746,
    0.20651082017713582,
    0.30769124847814067,
    0.07005719231064893,
    0.18113961335963977,
    0.30135302766653227,
    0.07507275487734971,
    0.107271064056277,
    0.13773503097062992,
    0.25058692349735606,
    0.052281485180730586,
    0.2685883683488825,
    0.2670188298003717,
    0.3222223282363086,
    0.24602825754874205,
    0.32389963974124514,
    0.06410474230282617,
    0.04813309374631699,
    0.2835297226212508,
    0.3211977261857817,
    0.28347746249549904,
    0.40405848667036104,
    0.2453508275369228,
    0.24552929261366008,
    0.11388598163327639,
    0.13605874948891875,
    0.12053619105868281,
    0.2651313935574541,
    0.40853014276230326,
    0.48766417079389746,
    0.18977088271797757,
    0.013959091597580117,
    0.1999728832832977,
    0.18237846024104928,
    0.03397916512389065,
    0.07509389745934471,
    0.22101137872078272,
    0.30134245637553475
  ],
  "statistics": {
    "mean_mismatch": 0.20047404786008338,
    "std_mismatch": 0.12017096401465348,
    "min_mismatch": 0.00928191876629673,
    "max_mismatch": 0.5335832025113484,
    "valid_samples": 200,
    "total_runs": 200
  },
  "perfect_2F": 2305777.25
}