{
  "config": {
    "mf": 0.05,
    "mf1": 0.4,
    "mf2": 0.03,
    "T_coh": 20,
    "tStack": 1728000.0,
    "nStacks": 6,
    "gamma1": 1,
    "gamma2": 81,
    "gamma1_upper": 13.2664991614216,
    "gamma2_upper": 100.0
  },
  "mismatch_list": [
    0.618176760225664,
    0.1629566675734485,
    0.45635303688252954,
    0.39782798460342966,
    0.5432249788655498,
    0.4917360152391394,
    0.3057493836395231,
    0.6308144133426823,
    0.46900150524341455,
    0.5559300171862086,
    0.3548355199280762,
    0.008526206989347283,
    0.611673356215751,
    0.43048329882394115,
    0.15515093472439234,
    0.43405644939284466,
    0.352727929773667,
    0.4350279781413892,
    0.32092970330018356,
    0.11947299024307789,
    0.42375605450362475,
    0.5477315473236581,
    0.43915978078069906,
    0.5098774348258225,
    0.4234009133378575,
    0.6424586632705536,
    0.5218434856940074,
    0.5503266908400468,
    0.04046950410236566,
    0.5604138438157351,
    0.5385080146107168,
    0.5180008485222908,
    0.5850344076547856,
    0.472717883252397,
    0.33078539921477534,
    0.12130860005423344,
    0.6316175875056231,
    0.5851301456029989,
    0.4950253130918229,
    0.5974443714272425,
    0.4158943751299049,
    0.3228297708805495,
    0.5969651395686891,
    0.5121483649790802,
    0.5510174569420475,
    0.6194791974883046,
    0.5489126315868224,
    0.4541819647703867,
    0.5577278414085166,
    0.45609488053519576,
    0.6196269245035261,
    0.5525890013252605,
    0.6181746459674645,
    0.4819987177837196,
    0.2949159788370344,
    0.4606149477187317,
    0.5638872176611469,
    0.4702174747668705,
    0.5916247130978729,
    0.5824772665742393,
    0.5755238237324507,
    0.6477830159578788,
    0.5487681572765232,
    0.3585680530381728,
    0.2503590715175484,
    0.40084307943116265,
    0.45243840650853245,
    0.5490041952303854,
    0.40205151352154855,
    0.42553300720268133,
    0.4625475423483207,
    0.4809066763178036,
    0.5273562242080829,
    0.48882869336783225,
    0.3043743026336176,
    0.6302568184013758,
    0.3170979084782079,
    0.09391648766850773,
    0.380558832053412,
    0.6595311084903948,
    0.5055080220919381,
    0.584590738703383,
    0.26297647654642536,
    0.532507966687531,
    0.5693026189804223,
    0.41262876781140556,
    0.4301670274819955,
    0.37831880259691625,
    0.6184039616644872,
    0.5933938050933673,
    0.49632059440363446,
    0.4698465037704813,
    0.5543420195372637,
    0.3642874467383122,
    0.5444932085147575,
    0.5282912684497489,
    0.6465891377220202,
    0.39278743042057584,
    0.1886519522247038,
    0.04784728940714357,
    0.6616965696865466,
    0.5795658788217792,
    0.3792443055708101,
    0.4766295319802153,
    0.40189874481369753,
    0.3895941957865978,
    0.646313958885593,
    0.3502551150682314,
    0.44744084224240177,
    0.6162628957552526,
    0.34606324581135633,
    0.3131555759006225,
    0.47070733212817,
    0.3792902229219634,
    0.272805175010162,
    0.5866625491036467,
    0.5270513915451139,
    0.540773903071345,
    0.41683212995900615,
    0.14649461953815276,
    0.6611543437759979,
    0.565899395137835,
    0.4748608194669619,
    0.26441569005104903,
    0.42202539863796235,
    0.6328950873638594,
    0.4667492239317114,
    0.6252336661898563,
    0.4670389315167916,
    0.6500613460148347,
    0.5288075811444165,
    0.09787790278163735,
    0.501818804169057,
    0.4394912314122822,
    0.41911916100162927,
    0.39355355085327665,
    0.5793760292778138,
    0.3202205052036231,
    0.6476063940805975,
    0.6192788308650905,
    0.03520619384408246,
    0.4950785490290513,
    0.3286632260999645,
    0.6705684307856378,
    0.6542272749499545,
    0.34984977382316323,
    0.05690347045183216,
    0.4923545170801162,
    0.4562438002088887,
    0.4660138415605264,
    0.5679891767327945,
    0.3905389439312821,
    0.4100190684404895,
    0.4681387794745212,
    0.5197724342582255,
    0.5074540070234573,
    0.49276349051234763,
    0.6688507857396646,
    0.5147213629961229,
    0.4797653563723146,
    0.30040909269807864,
    0.25903929408496695,
    0.0025008963912648394,
    0.6602090264079523,
    0.6463691735516491,
    0.6410997102598879,
    0.5152251527768397,
    0.4103801728986144,
    0.5541214590376569,
    0.6076213261646608,
    0.5865584625461329,
    0.6114973577735798,
    0.33030947427289303,
    0.5582652424734306,
    0.3934097812957107,
    0.6269992073158104,
    0.39163548497234063,
    0.5807444422386286,
    0.2088558577908734,
    0.6350376440961834,
    0.3042520551402875,
    0.40884793203321274,
    0.3464637622107898,
    0.4318038428106493,
    0.6166295569176197,
    0.5139631032669842,
    0.5856296797614423,
    0.4976623351840863,
    0.544477487107633,
    0.5562541763375909,
    0.6068959458611118,
    0.6367056311803426,
    0.5140030031140312,
    0.5879476657125761,
    0.26558460377662896,
    0.5965521273611791,
    0.4062417022142138,
    0.6207316515186392,
    0.5490964636266814,
    0.4559503520131479
  ],
  "statistics": {
    "mean_mismatch": 0.4652793599175461,
    "std_mismatch": 0.14786638828197451,
    "min_mismatch": 0.0025008963912648394,
    "max_mismatch": 0.6705684307856378,
    "valid_samples": 200,
    "total_runs": 200
  },
  "perfect_2F": 2305777.25
}