{
  "config": {
    "mf": 0.08,
    "mf1": 0.7,
    "mf2": 0.1,
    "T_coh": 10,
    "tStack": 864000.0,
    "nStacks": 12,
    "gamma1": 11,
    "gamma2": 19,
    "gamma1_upper": 26.758176320519304,
    "gamma2_upper": 100.0
  },
  "mismatch_list": [
    0.37398099531252693,
    0.6922045294349737,
    0.6407934680914527,
    0.6684422460014228,
    0.29516616605730855,
    0.4741714086586788,
    0.46546668238084554,
    0.6226389563674573,
    0.5767672786125002,
    0.449624166209752,
    0.5744394803348508,
    0.6915419534422996,
    0.6580058067288274,
    0.652564356664299,
    0.7893401242945289,
    0.5919690932315222,
    0.706559963127337,
    0.6522410377950217,
    0.6208768847934202,
    0.5045061889758674,
    0.7049238525514163,
    0.5948585523316311,
    0.35988756700165553,
    0.6773633584742125,
    0.35707614571380775,
    0.3782198119437807,
    0.6379670843609622,
    0.6939832169099889,
    0.6761369531891308,
    0.66742395961962,
    0.6235358626439091,
    0.3451684266872295,
    0.6837445149907954,
    0.35202447812246934,
    0.6220238969725232,
    0.6870264671515294,
    0.7790201047522778,
    0.4433740937015381,
    0.352455841006916,
    0.4571099413179505,
    0.8033764269752024,
    0.682555190541828,
    0.7168581624407344,
    0.5257290043589499,
    0.7800610787509136,
    0.6945257951969042,
    0.47970051912086326,
    0.1056517049107062,
    0.39525092070523415,
    0.7006089768367293,
    0.27422498070874923,
    0.7035977518604659,
    0.5030243650367615,
    0.6356927388675361,
    0.013234931058377055,
    0.616738441214894,
    0.6822020281048885,
    0.55538841471077,
    0.6763067714919496,
    0.6120836036240771,
    0.42616153821716857,
    0.6156433367851761,
    0.43224718649155985,
    0.46348188183725353,
    0.4119402243911018,
    0.6978029496178777,
    0.4262586856708482,
    0.4251259853934033,
    0.2076628198371197,
    0.4765804703476372,
    0.5225967579422651,
    0.6251179241063708,
    0.6151977704225686,
    0.665039374535202,
    0.6736776643149972,
    0.5069279362140228,
    0.28532255936267803,
    0.6918555684085588,
    0.6451114880875646,
    0.3563649417825452,
    0.08949926017226542,
    0.5850736569608481,
    0.49899903427190856,
    0.6434302462308469,
    0.6302186533302874,
    0.769957215003687,
    0.6908130222692106,
    0.6681517523459863,
    0.6993899714553459,
    0.41670820190146624,
    0.6398968599796185,
    0.7021853731714512,
    0.5935383878271638,
    0.6326474480957743,
    0.7008698437714983,
    0.5226504275734832,
    0.4288590606209869,
    0.580838120140391,
    0.6757206882766985,
    0.7012827204496366,
    0.5962996632474594,
    0.7046432254342443,
    0.6163013589909588,
    0.5896794058132125,
    0.6494994954512548,
    0.6341070452179112,
    0.6973683340285086,
    0.6658021067336087,
    0.5137862645427081,
    0.1832446555618598,
    0.705032004990083,
    0.6652571160238762,
    0.7054725838718096,
    0.6031418093691563,
    0.6502883577125375,
    0.6752448717583136,
    0.7053861703443737,
    0.5464073711497868,
    0.49745860743245246,
    0.6893578976163419,
    0.41464230058181134,
    0.6463058542291615,
    0.46654674305029775,
    0.40807367983820614,
    0.35329633995884024,
    0.6353863340638547,
    0.6401083671171915,
    0.6647204197116954,
    0.6779932447824174,
    0.669475413508245,
    0.6991332246134784,
    0.6070458142404072,
    0.6466555200083096,
    0.5922570931465182,
    0.5511686806150605,
    0.5438176217023942,
    0.3487121944883349,
    0.6389626560200575,
    0.7011057461959886,
    0.6722373123636507,
    0.6954430579849948,
    0.18515345123376725,
    0.48691837976696106,
    0.6355928266146725,
    0.561118081537289,
    0.606060705448812,
    0.6644722383261233,
    0.40106908821151427,
    0.17228770218407208,
    0.582855664580201,
    0.5128906864540995,
    0.2519404824390256,
    0.42522952983343004,
    0.043911733298146294,
    0.5852301120676111,
    0.6152302703659174,
    0.5838196850015499,
    0.5966972251065884,
    0.6240199464539715,
    0.5159945259144627,
    0.6563667958243509,
    0.4302868354466338,
    0.6042436902674624,
    0.5542205039025412,
    0.6844901433824857,
    0.7035113925447787,
    0.6325461805491932,
    0.5060712279492356,
    0.46399288178054804,
    0.5127759201820907,
    0.6033973906584267,
    0.15520709809605085,
    0.6954424345498847,
    0.5610619994832536,
    0.7994693862460239,
    0.782895458714338,
    0.4396297966419725,
    0.6775958997702831,
    0.4920191632026263,
    0.4808719807986323,
    0.7050598698289174,
    0.5788236928761317,
    0.4187141450270533,
    0.635204074164708,
    0.6705486977091091,
    0.39965546265227947,
    0.3761944610121572,
    0.5270592522486762,
    0.7758794013027951,
    0.6732221772023766,
    0.5452974127009237,
    0.39709124693852704,
    0.7038579411483762,
    0.5438847358472911,
    0.36666913149417446,
    0.4633123074873039,
    0.6571155956033404,
    0.37817156348743314,
    0.6019538944256553,
    0.5154510531336939,
    0.5862796786284168,
    0.5812221561682182,
    0.5918894832785487,
    0.7058525811243582,
    0.19480108245682876,
    0.7079617976312285,
    0.6010350323909778,
    0.6139169636476614,
    0.6304934526844737,
    0.4894830291747031,
    0.48925496034790067,
    0.7017279615417518,
    0.6936632591691312,
    0.6396908282286647,
    0.7008376962045162,
    0.6421374857653501,
    0.640518560313769,
    0.43995414553447526,
    0.45658603897846417,
    0.6009130830622655,
    0.7057952793059769,
    0.30315611042846474,
    0.657934816443898,
    0.7574496429776866,
    0.668809611916523,
    0.6077647704517346,
    0.5415812244330617,
    0.2899423219520827,
    0.5935888589652083,
    0.6166634934723091,
    0.6063584905844492,
    0.6818436071283245,
    0.07865441669079994,
    0.5217975683428542,
    0.6102770242043531,
    0.6741253720416784,
    0.6736885608764869,
    0.6045885312009757,
    0.7046117284082466,
    0.47780852909105437,
    0.2493182601541587,
    0.6668762583224521,
    0.4193816000771108,
    0.6900832779198909,
    0.7779640869933763,
    0.6728440502551585,
    0.11139983083765934,
    0.5894640496414815,
    0.6420191144120524,
    0.5725542125618813,
    0.42034169014667855,
    0.7050647217804266,
    0.7922005530032062,
    0.6960993183089448,
    0.5943330507455579,
    0.6816030967051943,
    0.6366703935436843,
    0.5091038873835491,
    0.23775489415535547,
    0.674465848929421,
    0.6229926609218838,
    0.6423412406228582,
    0.5915117629194457,
    0.6754264540106014,
    0.6932792773530528,
    0.7047795408763633,
    0.6773856666088046,
    0.5508575322833674,
    0.704769213538235,
    0.6517557884323621,
    0.34741214254263725,
    0.6257451540388891,
    0.37720935915966586,
    0.7085848803649708,
    0.6342761587679968,
    0.6725065008018459,
    0.009677013990859682,
    0.6814490540212487,
    0.5920521456305384,
    0.6762468946155048,
    0.6549288834016962,
    0.6633863498936854,
    0.626888696666075,
    0.6743054634708768,
    0.7067698439124489,
    0.1483133152837123,
    0.4415284005051234,
    0.5086667780537397,
    0.6116120969397143,
    0.7122508143417832,
    0.6433661679438774,
    0.31396788474322007,
    0.3793395014015363,
    0.5302336211941049,
    0.6710116389371765,
    0.6040649541319816,
    0.3504133591627017,
    0.7050553160420262,
    0.578567081563636,
    0.6558176579158423,
    0.45849521413261257,
    0.6694490394925,
    0.6582042759408367,
    0.6031193657051924,
    0.5438235849947518,
    0.6131307848679396,
    0.6930259458513538,
    0.5502001335126947,
    0.7110028327807169,
    0.46512254620006543,
    0.6867521557030813,
    0.6984089285449036,
    0.2650144588154971,
    0.34995597463887657,
    0.479617466721847,
    0.6221360610805942,
    0.6894559124580008,
    0.016411414262005163,
    0.6901904003353322,
    0.7057530212478612,
    0.5416084929426603,
