{
  "config": {
    "mf": 0.15,
    "mf1": 0.65,
    "mf2": 0.05,
    "T_coh": 60,
    "tStack": 5184000.0,
    "nStacks": 2,
    "gamma1": 3,
    "gamma2": 5,
    "gamma1_upper": 4.0,
    "gamma2_upper": 6.000000000000001
  },
  "mismatch_list": [
    0.055465845153903535,
    0.19154600336546523,
    0.20536233685878347,
    0.040257787698125866,
    0.09460506381084004,
    0.09013201644567549,
    0.12974865988562045,
    0.31439227909074613,
    0.125352665483164,
    0.061747685519825596,
    0.003483213151914325,
    0.12598983421325022,
    0.14137997085576495,
    0.14849840689746896,
    0.2800717618962257,
    0.10479998033920651,
    0.20087259227562118,
    0.1720192935992552,
    0.06782323211879746,
    0.07019474305077689,
    0.12736796909785872,
    0.06355604482660915,
    0.1380627179312219,
    0.09222126488293154,
    0.05135630562125216,
    0.08868159923207254,
    0.11034042085663234,
    0.012933549409308808,
    0.22778843540561952,
    0.10600326426997739,
    0.25712588112159046,
    0.11339948130200714,
    0.24341739286313196,
    0.033961707713391895,
    0.12648345023795343,
    0.038224630348169523,
    0.09327904448543656,
    0.08967287909190265,
    0.04977953889656688,
    0.06133401375099027,
    0.17335962482579959,
    0.03244030925271637,
    0.12257745774375046,
    0.008944793648407187,
    0.1331753482562611,
    0.08171314902303205,
    0.1324099506745387,
    0.09722392487263853,
    0.30057876460825866,
    0.13428509885331313,
    0.12235880369854221,
    0.09146996235536306,
    0.15747196891281595,
    0.12102172517680258,
    0.06012509179855782,
    0.1559065505137828,
    0.12839690805109494,
    0.10555258394869689,
    0.017228782245146963,
    0.1686470338223474,
    0.07630064822792643,
    0.202599127985983,
    0.05745086247274956,
    0.16551670300058405,
    0.20953346093573813,
    0.06928622645764544,
    0.15714452996247102,
    0.1428972492236878,
    0.20173007754448255,
    0.08835531679899152,
    0.21199785466047544,
    0.09736241781499193,
    0.1563364858066419,
    0.1049099940439361,
    0.20737120734619766,
    0.2148720891906114,
    0.14476697622778764,
    0.160736817148838,
    0.022433037650419527,
    0.022661377527713043,
    0.24231870146241608,
    0.13138303562651432,
    0.00990347417786079,
    0.17062330497938508,
    0.044421972671497056,
    0.20443741217697028,
    0.04586219807671179,
    0.09865424759878103,
    0.2311417572123308,
    0.229166642572557,
    0.14014387074763057,
    0.03260330590459889,
    0.06322144992569377,
    0.06836491589228198,
    0.21528894138192248,
    0.07050100327872644,
    0.1065137943596653,
    0.0616313832524735,
    0.1305615469574922,
    0.11951485546425494,
    0.19987177114836382,
    0.09047116513331753,
    0.01512905287018672,
    0.12087441379031186,
    0.15903420688937334,
    0.11131334100489786,
    0.04955502998271007,
    0.06620483077261136,
    0.09134513077318962,
    0.09538000265998971,
    0.10037731375735111,
    0.24232065308529893,
    0.10649890419989244,
    0.22692184256330486,
    0.05088285636633841,
    0.08985777728947049,
    0.27911416560170704,
    0.10679121393834606,
    0.053757813719764305,
    0.024834184337286694,
    0.06469745508376076,
    0.05241394065909919,
    0.0834337575824163,
    0.21826610594854653,
    0.025739592790271378,
    0.017864649893311282,
    0.2288934153689579,
    0.06525619748688799,
    0.10182491196012329,
    0.09422189518484037,
    0.11374730386912851,
    0.07846890125077342,
    0.18224717086964315,
    0.22866558146796737,
    0.07392205362770553,
    0.03618438932997172,
    0.22915941433965756,
    0.19672777896642052,
    0.17308220524711881,
    0.21694673659741057,
    0.1353550941694182,
    0.039807396506161344,
    0.052874812788767905,
    0.22148028427194347,
    0.016877779255549837,
    0.045188020794180404,
    0.12489750365748585,
    0.27133933373040425,
    0.24584810302255786,
    0.022868104988637217,
    0.05079799691209891,
    0.05549432439152736,
    0.1420389688492075,
    0.02935645596849647,
    0.2502854429171991,
    0.04284535051146976,
    0.0947700843679344,
    0.20679265958492596,
    0.2349764070478162,
    0.11897758091283908,
    0.1296666917245407,
    0.21566394210474576,
    0.20661889286602325,
    0.06354816605274875,
    0.17275093533333719,
    0.04351266097274667,
    0.24243912382252086,
    0.13164534819843524,
    0.23528411292234566,
    0.07187509035291124,
    0.24906076341704592,
    0.07486316955121347,
    0.030427101825562502,
    0.11623258718694524,
    0.23734401473402994,
    0.03471872054495093,
    0.048030884793532756,
    0.18179771934795558,
    0.1425197186193497,
    0.12952154880791983,
    0.0891640114957816,
    0.035340565421290326,
    0.06695179636044017,
    0.005355686884515968,
    0.00822558447491225,
    0.15054674353651415,
    0.0196094730329087,
    0.22984898775826476,
    0.1096538110135139,
    0.02344983317238468,
    0.05601721475947332,
    0.08864516893825933,
    0.06742473963905096,
    0.044625881121590445,
    0.23443428958035772,
    0.03675881699849075,
    0.18989594235917956,
    0.24028944735822544,
    0.11357606703174061,
    0.2015972226237907,
    0.0040765787906298975,
    0.21981995917494057,
    0.239942203049736,
    0.021965298699496337,
    0.1789940323709182,
    0.08355244516662523,
    0.014576815876669,
    0.16933892027548242,
    0.21684626416010824,
    0.19873838422973059,
    0.03818017671583793,
    0.17340855996252885,
    0.24813157407782205,
    0.06792659584925954,
    0.18562738170274037,
    0.07463172153377319,
    0.11730120913879942,
    0.04864210416750996,
    0.132654337228869,
    0.21103013883989755,
    0.1588464896809747,
    0.22122989828430664,
    0.02051632713247327,
    0.04385527921218044,
    0.07052304938906975,
    0.02575983184238983,
    0.23144671635835845,
    0.033149760311797054,
    0.025245615353923195,
    0.23844032081788902,
    0.03218023743299428,
    0.050120060948459805,
    0.17857848126152903,
    0.06374838810406343,
    0.2057158697298954,
    0.08504883394146866,
    0.10295475704463579,
    0.2626126881509024,
    0.12219645758762064,
    0.10568970352679939,
    0.024765226995425976,
    0.22860992407464162,
    0.02851205380118312,
    0.06585867069905686,
    0.26911882058369424,
    0.042255526706874914,
    0.10722649812355074,
    0.03316985479925751,
    0.1968979315688735,
    0.13077933361475252,
    0.2566288678274245,
    0.16037612832715561,
    0.028995116605853133,
    0.11183052106885326,
    0.17974056426477306,
    0.1438756628289569,
    0.19865453672809702,
    0.07081731075040623,
    0.22778221912532598,
    0.20531137781684236,
    0.04115972659931881,
    0.10992870071067985,
    0.06751574309125499,
    0.09873578206588679,
    0.0518952426662349,
    0.07542328531859159,
    0.16109649401791445,
    0.027597393210087143,
    0.06293766950206149,
    0.0552037494289696,
    0.15466004175027323,
    0.10166220443755675,
    0.0785045364389677,
    0.23336031873615792,
    0.04280386045462694,
    0.05351610161160681,
    0.024778310096973972,
    0.15120740402352356,
    0.015382980691944279,
    0.17339786217783765,
    0.23104526030312317,
    0.08509907016011982,
    0.16169238953814483,
    0.23056617302654786,
    0.12459623091023692,
    0.28873631695512136,
    0.057599619505820175,
    0.05991026871678627,
    0.2496628752175698,
    0.05272706770830322,
    0.09455627323876876,
    0.12558736620540903,
    0.12173399524671405,
    0.08180754974469881,
    0.22335564929770488,
    0.08630524538405047,
    0.13559897474744553,
    0.1666784245921831,
    0.15766293882601934,
    0.05452154880791983,
    0.11248583266351708,
    0.21433336899261562,
    0.09457687370253219,
    0.03899501541059254,
    0.07035600492676354,
    0.19334062902973984,
    0.04493575546598972,
    0.03922068084171326,
    0.16788199765226997,
    0.10195914024506601,
