{
  "config": {
    "mf": 0.2,
    "mf1": 1.0,
    "mf2": 0.008,
    "T_coh": 10,
    "tStack": 864000.0,
    "nStacks": 12,
    "gamma1": 1,
    "gamma2": 83,
    "gamma1_upper": 26.758176320519304,
    "gamma2_upper": 100.0
  },
  "mismatch_list": [
    0.7658144615911386,
    0.736649435281635,
    0.08356166418358787,
    0.8022568052821326,
    0.8066943621841393,
    0.6748326998329085,
    0.8194448435031502,
    0.6899576150863924,
    0.47307128964220574,
    0.8144937251527227,
    0.5396314988908818,
    0.0787958009314229,
    0.5093337451980589,
    0.6023898653087418,
    0.6938664448032781,
    0.7106126166135374,
    0.6905080811827442,
    0.7523707068767495,
    0.18507213361070957,
    0.6974647225177064,
    0.5235325069366643,
    0.6051547729162007,
    0.49435726171252964,
    0.7667733861081093,
    0.824141112422915,
    0.7509134137539326,
    0.7805348487757848,
    0.7137830552071849,
    0.6317772411055597,
    0.8313572111871799,
    0.7238097078713183,
    0.8322825244199533,
    0.7649682975114748,
    0.06907335749514831,
    0.7595701084224131,
    0.2541923300567391,
    0.40929761848872176,
    0.8319997965975189,
    0.7992759451737069,
    0.8296584860415047,
    0.45343611953170154,
    0.8359147929008197,
    0.8154726538049655,
    0.64498566261882,
    0.5547773127734915,
    0.686382783953279,
    0.7729400402880031,
    0.37062892025484295,
    0.8034557929753067,
    0.3870691209554105,
    0.6596167088416001,
    0.615467961778115,
    0.8153139624635684,
    0.44141623639705246,
    0.6473596493063661,
    0.6895060854314274,
    0.821986249623635,
    0.7725472084039486,
    0.7672453535923361,
    0.42633675058898357,
    0.8267813872201006,
    0.5095715179278795,
    0.7260015430832152,
    0.1575682365991539,
    0.7952442987401298,
    0.8132844914390432,
    0.3917757849779895,
    0.8181770611008693,
    0.5363493569890274,
    0.5972985147173513,
    0.8201863653548761,
    0.6952802872095077,
    0.5886031128602953,
    0.7806645774904363,
    0.20009003487224947,
    0.8437107811880461,
    0.8311790849338719,
    0.7790385096409632,
    0.5845434931643864,
    0.5641664081669783,
    0.780369028589433,
    0.6722264700139097,
    0.6683466435825812,
    0.7517536958588621,
    0.5352619235217513,
    0.5532626365146703,
    0.7506669129325705,
    0.3841009735020562,
    0.6730527654876731,
    0.8356144598129933,
    0.7092347165966991,
    0.8220161202971714,
    0.8148346221815176,
    0.7908080700259663,
    0.7002612626805346,
    0.19823366196133987,
    0.5680903358558783,
    0.7178111778770961,
    0.7972547820996709,
    0.6187393697537258,
    0.07451524125366621,
    0.830179000146697,
    0.49169454325138,
    0.7652536681566585,
    0.4974146417042526,
    0.7877755190151503,
    0.6380048428439353,
    0.502485066560643,
    0.7390095979732613,
    0.7742740016825158,
    0.6547174304758718,
    0.727314063731115,
    0.46671116728412043,
    0.7545894582218785,
    0.7993642561123475,
    0.8175473103220362,
    0.7816602711259661,
    0.7965475491790011,
    0.35611166449259485,
    0.8352313724907685,
    0.7545760679199484,
    0.5424979993154141,
    0.5719702436048297,
    0.8152482171653262,
    0.7413960262571352,
    0.6284028850191579,
    0.8389120249573543,
    0.8122469734393875,
    0.6825383035821063,
    0.6717606555631609,
    0.6438674368782793,
    0.08232747951256698,
    0.7903576381589126,
    0.8266160684924244,
    0.8197508552716535,
    0.599570908587824,
    0.7866472098893506,
    0.7927438631487289,
    0.7932248839949896,
    0.8111830678710493,
    0.733099622870549,
    0.07707555372151186,
    0.8033495786066561,
    0.7973641814085578,
    0.776658830719803,
    0.7540716818099958,
    0.7980303895883951,
    0.6480240413926217,
    0.7481307246928985,
    0.6759973308303407,
    0.7733021341105418,
    0.6351323791270456,
    0.5768995010675919,
    0.8018101817904254,
    0.8168506351394267,
    0.771893577349811,
    0.8302365459179475,
    0.4854210512677255,
    0.8317658186901076,
    0.5116475568445423,
    0.5298779379108505,
    0.4354602626255639,
    0.5920812302337187,
    0.6700953790664368,
    0.5388178889663153,
    0.2245947753101915,
    0.7012473472836065,
    0.27013508375118844,
    0.13729000672550953,
    0.7679848560564227,
    0.7982197376736849,
    0.1273806411796997,
    0.7634173535927699,
    0.6711315553253122,
    0.8148545856579783,
    0.7244014291084346,
    0.11025661348096566,
    0.7103715369670457,
    0.8055944871205354,
    0.7942730410503288,
    0.8360379619938778,
    0.7407542946818383,
    0.24922783495731854,
    0.8148460473075573,
    0.8286131479970982,
    0.8034091031067344,
    0.6945128656948379,
    0.49937960074781856,
    0.803812397858289,
    0.5020493667362999,
    0.48358647147979533,
    0.38635255006102615,
    0.8020416930632707,
    0.27266227284057526,
    0.6712445868213625,
    0.8058196827246564,
    0.8183938945427527,
    0.642676811347343,
    0.7752785182801475,
    0.7891605749828176
  ],
  "statistics": {
    "mean_mismatch": 0.6492846778054825,
    "std_mismatch": 0.1972557448190963,
    "min_mismatch": 0.06907335749514831,
    "max_mismatch": 0.8437107811880461,
    "valid_samples": 200,
    "total_runs": 200
  },
  "perfect_2F": 1152890.625
}