{
  "config": {
    "mf": 1.2,
    "mf1": 0.15,
    "mf2": 0.03,
    "T_coh": 30,
    "tStack": 2592000.0,
    "nStacks": 4,
    "gamma1": 3,
    "gamma2": 45,
    "gamma1_upper": 8.717797887081348,
    "gamma2_upper": 47.70744176750625
  },
  "mismatch_list": [
    0.24616744524395148,
    0.25954119790358054,
    0.12800452429684453,
    0.5202405758995032,
    0.4619228868760985,
    0.16089501740414422,
    0.4289797722180764,
    0.428069303738819,
    0.3660987538812008,
    0.19822624895949556,
    0.03485852464784762,
    0.09899718359051875,
    0.23570002130883674,
    0.10925694033438972,
    0.488567751258508,
    0.43825854905036893,
    0.1645995601185315,
    0.11630613194304498,
    0.42513019496862803,
    0.3438308026318871,
    0.525521452100366,
    0.028381664685648397,
    0.03520670872728419,
    0.3410725081599545,
    0.37627068756995125,
    0.4251434226386585,
    0.16440287984447152,
    0.163727112155318,
    0.5177051279122921,
    0.2754837929960716,
    0.4900445880903552,
    0.5065788864990738,
    0.44058466735228885,
    0.5200886022588523,
    0.4954512355800326,
    0.13007924458583514,
    0.05659932071938864,
    0.5243017597282646,
    0.19625019407810945,
    0.22723481846576954,
    0.41870143891028283,
    0.389485274495115,
    0.5061294709886115,
    0.24681531194604614,
    0.21353406045522266,
    0.052078999404104306,
    0.23447765448978924,
    0.22024641631337463,
    0.0249066184321727,
    0.35082628845457153,
    0.395335012789639,
    0.41024209093755704,
    0.4631603968474487,
    0.0363224590802389,
    0.12888680265964353,
    0.45988459689145417,
    0.14883571927732686,
    0.07058703965901235,
    0.1405388620271614,
    0.26976119935501014,
    0.18301760884782223,
    0.30387145711676117,
    0.11663552261150927,
    0.40656675029252665,
    0.19584476237755732,
    0.2582623785692663,
    0.29187237018740503,
    0.28298980905605325,
    0.04248872178494613,
    0.3471380815512602,
    0.12871881847849123,
    0.01773476367574832,
    0.292672608083075,
    0.18038501338235427,
    0.15933104419950045,
    0.11179311114509988,
    0.25930179876073356,
    0.46972497144124353,
    0.18868122009137067,
    0.49356477467133936,
    0.2861017810660143,
    0.20406420523098692,
    0.36695595026858674,
    0.43316354691225706,
    0.4268447323080998,
    0.46377483296271765,
    0.46375032924610377,
    0.31367113670356056,
    0.1839133317277014,
    0.13825632998222723,
    0.31483112385465,
    0.30702600343080944,
    0.06429110241859634,
    0.19355442383883464,
    0.10912249516358796,
    0.47743771502192034,
    0.4960213987559918,
    0.21092943825916344,
    0.06193108369457642,
    0.1344950456231736,
    0.09047523910278521,
    0.24681654074599432,
    0.2602549138264281,
    0.000795105848827537,
    0.3023885124263479,
    0.33730117655426567,
    0.5228505831306295,
    0.3106209661027583,
    0.2163436753955796,
    0.029436191888243392,
    0.5008235850946855,
    0.15063952531891694,
    0.07418923056595056,
    0.12184606808592578,
    0.4872526823257222,
    0.37756201175079707,
    0.35303950172595794,
    0.2020179641878543,
    0.2740745763025496,
    0.5250728678369275,
    0.042316328380450345,
    0.22221683317146906,
    0.23659682842396432,
    0.2805890953690433,
    0.3504538897879207,
    0.0664497425158132,
    0.05253589613778057,
    0.4875433296546436,
    0.2523559709124259,
    0.1478323679784564,
    0.4601427533040985,
    0.2538665997428483,
    0.2204290738115553,
    0.25403812575914536,
    0.4899940265866048,
    0.08249685788625014,
    0.19993377491102765,
    0.1469193696169527,
    0.20165460081494013,
    0.2836889239442223,
    0.029349814480120764,
    0.21020719301902846,
    0.19897653975138918,
    0.4250356135137925,
    0.21804534647677032,
    0.06679424019540521,
    0.17509401765250637,
    0.08142592259022934,
    0.07572031530139282,
    0.26056717357796766,
    0.32145609035178085,
    0.45626953972623496,
    0.27233437872886573,
    0.09951154479236028,
    0.509449363178041,
    0.21970668400672053,
    0.34096177159991775,
    0.5341066436442563,
    0.4669406191821744,
    0.1939237143644401,
    0.3694186099294553,
    0.46107421980599994,
    0.03205057220153822,
    0.32251603873061785,
    0.10847065293224918,
    0.2703123522729474,
    0.3070374963244425,
    0.009520380586811247,
    0.30157331208425,
    0.23349396399008981,
    0.09175384159004979,
    0.004900815605123257,
    0.498139163184344,
    0.08923892179020829,
    0.383297833061889,
    0.15185083293843077,
    0.26503256030733296,
    0.05884029041313411,
    0.26675916879923695,
    0.46180716283391915,
    0.20945993808583038,
    0.5228035996031988,
    0.4173276767093836,
    0.011675189719483765,
    0.2966624492324916,
    0.3545465164388857,
    0.12874961075954583,
    0.36384939943486766,
    0.46736144702325383,
    0.1674192223055236,
    0.05751123484564393,
    0.328912231590336,
    0.17371183455784453,
    0.0593023191936528,
    0.017864944187906354,
    0.1351829567471092,
    0.4998573146413104,
    0.04409071550563383,
    0.3732010730170277,
    0.19595817338454008
  ],
  "statistics": {
    "mean_mismatch": 0.26219767618027684,
    "std_mismatch": 0.15337089553052619,
    "min_mismatch": 0.000795105848827537,
    "max_mismatch": 0.5341066436442563,
    "valid_samples": 200,
    "total_runs": 200
  },
  "perfect_2F": 3458663.0
}