{
  "config": {
    "mf": 0.15,
    "mf1": 0.8,
    "mf2": 0.03,
    "T_coh": 10,
    "tStack": 864000.0,
    "nStacks": 12,
    "gamma1": 7,
    "gamma2": 79,
    "gamma1_upper": 26.758176320519304,
    "gamma2_upper": 100.0
  },
  "mismatch_list": [
    0.4621521760650142,
    0.655493959564324,
    0.3279235610006318,
    0.22020649688775773,
    0.4557182173051925,
    0.10501216891123184,
    0.1510400578200827,
    0.3188164209121604,
    0.5053527596436467,
    0.05632459739915883,
    0.06323778801753381,
    0.400378430533011,
    0.39212664341560904,
    0.4621160168286279,
    0.4272204020928771,
    0.2540705704691474,
    0.24742139106696637,
    0.4369759146958618,
    0.3521954619778853,
    0.3094643521430392,
    0.33073991555761173,
    0.4314603029591049,
    0.38366863480613284,
    0.29669661793500296,
    0.4253568732311384,
    0.4582149393918071,
    0.2612827388816311,
    0.37146719652507026,
    0.04440321701190696,
    0.42911629536859275,
    0.34472199293664285,
    0.4848467320019434,
    0.25321131425217114,
    0.2936234623244068,
    0.4373048715870045,
    0.46732386846798574,
    0.47245891372883264,
    0.18852336195677524,
    0.043266179794565665,
    0.5429249710482156,
    0.4287500407943409,
    0.5047946496907274,
    0.45635271161203733,
    0.3242809109698883,
    0.4231443833429848,
    0.3376753329929558,
    0.4689077189181547,
    0.4297146846507999,
    0.2425085055523131,
    0.4670514544307425,
    0.46595144383776677,
    0.47489415969241555,
    0.3992702339659808,
    0.41026871354327665,
    0.426224152786923,
    0.12510716307425285,
    0.45387382519074676,
    0.14859575849446602,
    0.3516050960344865,
    0.11092276744905424,
    0.4958053117321922,
    0.19180946131628512,
    0.2043042935813398,
    0.5124880015847179,
    0.5307859847016614,
    0.24357441695535326,
    0.5948064006293767,
    0.04131043674827956,
    0.2588614795492141,
    0.3026724874182663,
    0.15021219020560672,
    0.29332947201117887,
    0.45681248145280545,
    0.42419701286759226,
    0.3658338368701259,
    0.3723267780125387,
    0.316416737855728,
    0.24486617450349898,
    0.23410660610274667,
    0.09327033783569134,
    0.43821915272891643,
    0.3035735951052429,
    0.5499571835608726,
    0.43576525792377896,
    0.3186961792535324,
    0.4332898410544055,
    0.43901872181056834,
    0.4426713468030736,
    0.2393553876123769,
    0.210047811509653,
    0.45879538458519287,
    0.3765098107543749,
    0.13282886771281607,
    0.36508452207952363,
    0.49654275414982807,
    0.3010253176456098,
    0.5113627283168456,
    0.07793047299859168,
    0.372243075072538,
    0.51991501115732,
    0.3152028825904715,
    0.4413709695868837,
    0.2571317994950284,
    0.4677035675559164,
    0.34047873094199527,
    0.2782766583834729,
    0.16588263828631025,
    0.23470526644369735,
    0.4454326222233691,
    0.34735359385403575,
    0.39662600171113965,
    0.47635906956592544,
    0.43066485397035464,
    0.3857533476025884,
    0.12453972870055631,
    0.16754650527756795,
    0.4477700159805393,
    0.4724704066195581,
    0.4265323465783116,
    0.41856576747084734,
    0.3045150905450048,
    0.1458412595427586,
    0.28672366200796195,
    0.4216999112987368,
    0.37633974849868695,
    0.35357634364090224,
    0.3103530453395623,
    0.371396287557764,
    0.4538129996086996,
    0.3824417145094384,
    0.4146431679697906,
    0.4795346311698256,
    0.4342858735133648,
    0.5300625289151915,
    0.43275010888429727,
    0.3888681378361901,
    0.424280336325352,
    0.3912703146330629,
    0.15646676228896314,
    0.19156832745804472,
    0.10145755876038548,
    0.2948959747017622,
    0.422125473526072,
    0.5176982927527675,
    0.4339421168148256,
    0.46903088801121273,
    0.387684370091465,
    0.22484035453182571,
    0.3311215662684958,
    0.341199096658789,
    0.40593356263457386,
    0.6795548142038685,
    0.4564371735165199,
    0.06697536282025997,
    0.3437337669694971,
    0.4371705348737132,
    0.39488504561322324,
    0.056622111476052554,
    0.4581134007864824,
    0.43195026874390186,
    0.4350351340922183,
    0.3228116099447333,
    0.3349610591587876,
    0.36384442832789393,
    0.391715393089932,
    0.37783002947059086,
    0.5314821719785325,
    0.42756036396900693,
    0.45427293208471387,
    0.47847359882416884,
    0.44675728630297884,
    0.4429455498280241,
    0.4028491309802471,
    0.4344798973619804,
    0.16331305560943601,
    0.3517216512942025,
    0.06416860374280081,
    0.44527025803599724,
    0.35959579937012454,
    0.44247862403642685,
    0.35236237995214836,
    0.24544548125016197,
    0.03721029377021353,
    0.16220464219541103,
    0.44949302798963425,
    0.5415073880313253,
    0.517676499629788,
    0.2837697180327684,
    0.46776168255052836,
    0.22791914816428718,
    0.19249534836090235,
    0.40953170481963047,
    0.07258107448336475,
    0.4342333423288695,
    0.4044560756353644,
    0.39213781103584233,
    0.4015413267544846,
    0.44241010038606354,
    0.33220927079451545,
    0.46344751158857445,
    0.35019363894519984,
    0.44910763666808956,
    0.4292104069643448,
    0.534182784452027,
    0.4137663471462339,
    0.12121719904591659,
    0.1085901443257701,
    0.43270440838013885,
    0.3699433042689692,
    0.16861507305629467,
    0.06362963053717446,
    0.4154356353123621,
    0.4825910895618205,
    0.2807056699959547,
    0.4450465261490912,
    0.36683995271434433,
    0.46681769337032597,
    0.2643761154744943,
    0.45427466686067247,
    0.5155035843181891,
    0.3169496935572481,
    0.49025272758281846,
    0.2089034014944878,
    0.49610195842110666,
    0.3132106550373069,
    0.3120395186300301,
    0.5323439219359493,
    0.4263193486176492,
    0.4990059191639941,
    0.23770100767714258,
    0.39499168012292624,
    0.458520314172263,
    0.3204028735262672,
    0.33467655590158313,
    0.34458646356488004,
    0.2270372314363522,
    0.48153244253310684,
    0.395631324545898,
    0.47449320959899244,
    0.18772585292157415,
    0.3780867221007096,
    0.4543165183306728,
    0.5331375277252436,
    0.39757617103069437,
    0.0831938916803723,
    0.37797802754455584,
    0.41945505699660623,
    0.5221973799895545,
    0.366566996559614,
    0.45229116739904934,
    0.22015271883304224,
    0.32085716798041614,
    0.22623939713065888,
    0.5098086943284644,
    0.10654110285996249,
    0.517598001017663,
    0.46522950598026064,
    0.1604751789882201,
    0.4363140976676696,
    0.39088682072272285,
    0.1192467104039827,
    0.2945990569541042,
    0.3502461159179464,
    0.44459038849548627,
    0.2593759490444258,
    0.44449280734781704,
    0.20863212590396735,
    0.4520642912307184,
    0.4002650195547199,
    0.3333542771389164,
    0.2253826888658718,
    0.21856323036100797,
    0.3939131915941865,
    0.4457055241663507,
    0.5508610018352845,
    0.4730296550192002,
    0.2091403610480779,
    0.27447305367082386,
    0.43541385736867233,
    0.3189872421323302,
    0.22913256973555401,
    0.44492341126778184,
    0.4327642581507093,
    0.38407294602797565,
    0.3784102036052331,
    0.5095748248445505,
    0.253939920154768,
    0.10055168043952284,
    0.24625784430450826,
    0.09346381956681994,
    0.43606038668372965,
    0.41641952433961144,
    0.31109460785009974,
    0.3785584185261929,
    0.42345344452235273,
    0.442996671507053,
    0.43180216224643947,
    0.2569723085303379,
    0.3456886968395526,
    0.21658802529693671,
    0.3988058561265727,
    0.49212118971368934,
    0.4577406950141346,
    0.38115841399409073,
    0.10901256227168045,
    0.13614792781553867,
    0.29169119296531,
    0.4780148590066261,
    0.33456384967602515,
    0.47547926709619,
    0.394008333213164,
    0.4727986587579676,
    0.2569098023840809,
    0.43597982802515384,
    0.166244122226676,
    0.44651170708134463,
    0.15930030197028264,
