{
  "config": {
    "mf": 0.25,
    "mf1": 0.05,
    "mf2": 0.0002,
    "T_coh": 60,
    "tStack": 5184000.0,
    "nStacks": 2,
    "gamma1": 1,
    "gamma2": 5,
    "gamma1_upper": 4.0,
    "gamma2_upper": 6.000000000000001
  },
  "mismatch_list": [
    0.05616582722788595,
    0.04453263691718758,
    0.00734012594473004,
    0.11218015069419948,
    0.002978248801558985,
    0.038602233234836615,
    0.15758024784164965,
    0.1647832542082772,
    0.03841776873124274,
    0.031218015069419947,
    0.12793415658087237,
    0.07594241700542985,
    0.13757806491531402,
    0.009395979945990644,
    0.17677828985792185,
    0.018588123724216893,
    0.028956445559841094,
    0.007310128778197336,
    0.049075942706134745,
    0.03071680940017232,
    0.02872073288499014,
    0.0575078209479972,
    0.06341256440355514,
    0.06735462577992633,
    0.19564831466521718,
    0.056003191987648394,
    0.19509195757894676,
    0.037539249304643994,
    0.06977485500164804,
    0.01231112627433746,
    0.17655623854325087,
    0.17364080308558805,
    0.03270659735273198,
    0.05489380280224133,
    0.1303240995067454,
    0.035646391955265914,
    0.05878064047926075,
    0.053546315625126496,
    0.13319334655618073,
    0.16977745716549184,
    0.07517224878999382,
    0.13997942844916816,
    0.17419361833773775,
    0.07539495064562576,
    0.02897480527140569,
    0.08865673411089844,
    0.01795478595756738,
    0.037687283514424665,
    0.16581949367674187,
    0.14433465561807174,
    0.015579227215164254,
    0.16443376914758895,
    0.131975244747966,
    0.03547370947129813,
    0.16509789918639012,
    0.06815659822011993,
    0.01078264414542048,
    0.1097530546512233,
    0.000315295519073861,
    0.0010732480209098322,
    0.06713452608813818,
    0.08825036285729156,
    0.2016652402953745,
    0.05008384750163358,
    0.09003978419387855,
    0.17259863646614584,
    0.08704613925624374,
    0.041747815628017784,
    0.07500780649153141,
    0.15217302365656063,
    0.15415045133086225,
    0.028085443495457777,
    0.004782488015589853,
    0.09574011322304014,
    0.16165191143390792,
    0.17164349777081297,
    0.0005381419393637999,
    0.00854767453291159,
    0.043426572718914265,
    0.11017359324131311,
    0.13311976314526436,
    0.15565854984300279,
    0.043114240775329174,
    0.18474618782996882,
    0.11839433480018273,
    0.03300461739517617,
    0.02970847091069952,
    0.07195055310438146,
    0.16116386114853729,
    0.1436557799841557,
    0.027155675897601962,
    0.1766536751227354,
    0.07443648696315915,
    0.007392964327224995,
    0.16648571990308386,
    0.13431466232587186,
    0.16149534790930592,
    0.0038536600880109636,
    0.19071663592258273,
    0.0005075665141991407,
    0.15857918962835318,
    0.18520554203072867,
    0.12289137989857343,
    0.019106243458449225,
    0.021914267375226244,
    0.14982073982409372,
    0.15063312091966252,
    0.03574953883874102,
    0.1557977656086461,
    0.02010699230337761,
    0.005441558291361394,
    0.004572941543834896,
    0.1747072565675724,
    0.04591445820057479,
    0.04333036493902263,
    0.10203120572707348,
    0.05793421440673556,
    0.10102416831952259,
    0.0013895554925896156,
    0.15432783216621465,
    0.10064331272805074,
    0.10312122324831004,
    0.002172228550941694,
    0.03738948031896746,
    0.09639528025304597,
    0.01648066014005424,
    0.08043866699820161,
    0.030527140568890842,
    0.07565155291355612,
    0.14113189790265593,
    0.21177146640606478,
    0.1479675654733336,
    0.06924820595259436,
    0.026990510775849606,
    0.03552662013612208,
    0.029200181573210433,
    0.005897804351974464,
    0.1311312762746266,
    0.011330544199198534,
    0.17029254104190641,
    0.14142138863027878,
    0.024061486240335852,
    0.1368639155048487,
    0.08855900840209792,
    0.054597589818022006,
    0.16410734214984996,
    0.09161524983664193,
    0.035988937912370685,
    0.12395190622958024,
    0.04016338697645909,
    0.14834936073508237,
    0.0851056478520583,
    0.16264825105676764,
    0.025613532408505026,
    0.013821537821005822,
    0.09869328005643804,
    0.003218298416149607,
    0.07019683923831772,
    0.03569185754020343,
    0.020240786894346365,
    0.021394123735782065,
    0.03343679344023408,
    0.07266260632730595,
    0.14724430848941497,
    0.03341279570700792,
    0.0010226503906137058,
    0.15174272695205657,
    0.04913463595727825,
    0.10486199857748377,
    0.03457495099258094,
    0.007504206831547478,
    0.03991849444582584,
    0.00582393181174212,
    0.12980446184360417,
    0.05323412824619939,
    0.13411017561714653,
    0.05026975765180735,
    0.20414004267548705,
    0.04522047555989892,
    0.13636552884643185,
    0.06109157881954283,
    0.03431632481943874,
    0.061416198759056975,
    0.16500335390006535,
    0.020300781227411774,
    0.11482799696992477,
    0.13824197810712818,
    0.09511342543065812,
    0.13134971347284788,
    0.11723492624311149,
    0.019232737534189543,
    0.13713707042611878,
    0.02703395245557528,
    0.03823713519108556,
    0.04063575199643793,
    0.10496803675411864,
    0.07508572684218744,
    0.04792896670965056,
    0.007894025431814633,
    0.051543589135676825,
    0.11426665240295375,
    0.14660583867740687,
    0.19489925288984752,
    0.15789149555029983,
    0.10875179982999196,
    0.057697778908594656,
    0.1498914319418503,
    0.06291829783789098,
    0.1608307841765308,
    0.009396847333938578,
    0.014386207375110592,
    0.12910809388607147,
    0.11151392446785749,
    0.11722184314156349,
    0.019704307448549438,
    0.05888291997478792,
    0.13287993037766072,
    0.08680059618464955,
    0.09908649592616794,
    0.09517732300948922,
    0.011729253525932008,
    0.16944698235732913,
    0.16732939924710727,
    0.13314433913712248,
    0.13773354420498113,
    0.19218469002446034,
    0.05592570533096633,
    0.036813390156881565,
    0.03651833368992616,
    0.18411234408701635,
    0.16553246054830484,
    0.18250644758374632,
    0.025787443692065714,
    0.15788209884753054,
    0.1743219917540319,
    0.12047353599370855,
    0.16282953513788578,
    0.014027687023298041,
    0.012190053373271729,
    0.04717108649014358,
    0.046695902459333964,
    0.07697475322812881,
    0.0385148438990823,
    0.19329321182191947,
    0.1364563154516489,
    0.02023861842447653,
    0.09246283242643105,
    0.012658804276800842,
    0.003446276881798153,
    0.03641909005221675,
    0.07473443472327433,
    0.02063530384599816,
    0.046640172783679226,
    0.012010142656404503,
    0.08989478584191565,
    0.022468311426968826,
    0.019506615278749573,
    0.15679685196000764,
    0.04965687578426327,
    0.19358617210133405,
    0.11712325004481504,
    0.11532992546246235,
    0.02400221473056039,
    0.1411154898139742,
    0.13504095516760825,
    0.02664239907941226,
    0.033633545939757016,
    0.032632869377157626,
    0.009834444553671075,
    0.010011319412720533,
    0.11058141014149989,
    0.02403719937779371,
    0.13060592830749482,
    0.18377030410621453,
    0.14795383183082467,
    0.12689329104335206,
    0.02276083801240943,
    0.18541704012536647,
    0.03211460507826731,
    0.024358132918529143,
    0.12270857788854643,
    0.03792003261378684,
    0.1415713021806133,
    0.15451764556215414,
    0.18084706215702034,
    0.10261524694534878,
    0.04092683293529864,
    0.036874685571868876,
    0.10477778966420521,
    0.08827732416600649,
    0.1010814882064152,
    0.181974738771663,
    0.11639377678060289,
    0.03261826834670074,
    0.12474361457905662,
    0.03362920900001735,
    0.0861337194173466,
    0.14227092284295073,
    0.015764342259719084,
    0.1279988492653224,
    0.15498603505403827,
    0.09278629584868128,
    0.0466066337830258,
    0.030001792601759062,
    0.1317909248090301,
    0.01168443848195544,
    0.03306078076480486,
