{
  "config": {
    "mf": 0.2,
    "mf1": 0.65,
    "mf2": 0.01,
    "T_coh": 10,
    "tStack": 864000.0,
    "nStacks": 12,
    "gamma1": 7,
    "gamma2": 61,
    "gamma1_upper": 26.758176320519304,
    "gamma2_upper": 100.0
  },
  "mismatch_list": [
    0.35293718712366884,
    0.35576801621755305,
    0.17010925727410534,
    0.44186126064217285,
    0.44519089203589296,
    0.25817315297590515,
    0.4374522733317337,
    0.44926203172840173,
    0.4547806251113374,
    0.3670745269509914,
    0.07689275170487818,
    0.3956356072740457,
    0.3841233087425227,
    0.35417614242857576,
    0.49768846524696214,
    0.4006654275306559,
    0.2711182680257046,
    0.4613048464327531,
    0.3761708246897218,
    0.09825939085727532,
    0.37141303898811384,
    0.374845239010384,
    0.4733620272505113,
    0.4830478777564099,
    0.2777234816996858,
    0.444482344480317,
    0.4539918983794265,
    0.247880889848991,
    0.42396677557084156,
    0.34611480118437493,
    0.38729019646663,
    0.24463740092396336,
    0.42790075953912643,
    0.40807427616744185,
    0.4437251689861525,
    0.17963881530848708,
    0.3382165830920278,
    0.3195234505387726,
    0.12969960294231014,
    0.42409964856691784,
    0.3738165710787043,
    0.33664276181536934,
    0.44162121101890656,
    0.3549921376700853,
    0.44144231224817965,
    0.4577812454021661,
    0.3864197726294205,
    0.22208021755825297,
    0.1915662674115939,
    0.36953866777663413,
    0.37502272827564465,
    0.3614827477073038,
    0.45208646383593876,
    0.2618745143304963,
    0.4024737688322128,
    0.43206546870990026,
    0.17264452391404922,
    0.11455533409453857,
    0.4090402211058698,
    0.3795419280712013,
    0.40938760999157225,
    0.4137609259713634,
    0.0668075232462689,
    0.45206022534956547,
    0.3110760132202939,
    0.19771734926667225,
    0.3370945625290778,
    0.0850458734396368,
    0.18185320260784532,
    0.15586886091249433,
    0.01837756596404265,
    0.47575319906239694,
    0.3542764883754289,
    0.36073348712845027,
    0.4646009207540247,
    0.17679605962988773,
    0.39168969672104575,
    0.10971043011276152,
    0.10587261778667958,
    0.05840340111500556,
    0.3138894403428438,
    0.4403864842303986,
    0.17590883015057965,
    0.37978073082424735,
    0.46935122523431133,
    0.14826056725222223,
    0.35672729311089024,
    0.10761758555400017,
    0.33774841043021037,
    0.015162158724844258,
    0.39179942130042494,
    0.4697193230080191,
    0.23898788616790484,
    0.1390875598890741,
    0.4560588297223068,
    0.10746497948139523,
    0.4245746519090722,
    0.26214383829806337,
    0.2824337236976793,
    0.08734521054921597,
    0.1598933785011167,
    0.45669088450045986,
    0.3711101579480983,
    0.20608406529132905,
    0.27934587670318406,
    0.1830599019222727,
    0.36886183409405066,
    0.4649620794238983,
    0.4189575557787393,
    0.4141202956535297,
    0.4439362695356102,
    0.3232708918797631,
    0.4005702859116784,
    0.41692065774464165,
    0.33675573909967077,
    0.07025875159233459,
    0.39066726314046707,
    0.3770090467482004,
    0.289173599355444,
    0.4103340387004663,
    0.13067216171408008,
    0.27546496603688153,
    0.31878015325227665,
    0.29659361561246317,
    0.40094255799003653,
    0.23199408267920535,
    0.3575146645490835,
    0.29595239904877896,
    0.42574345721115464,
    0.2893735322846685,
    0.42004081494136514,
    0.40083174917568326,
    0.4341388512508765,
    0.20727889223279003,
    0.3302411674695246,
    0.4364934301323862,
    0.39834803790875795,
    0.3543196951391469,
    0.05596007760086557,
    0.19309167759665874,
    0.10249609323032957,
    0.37796967893525524,
    0.15160873906399946,
    0.39817694562984457,
    0.1266688409192014,
    0.47730013131169774,
    0.19979636982951382,
    0.24466033249366562,
    0.2734769127883672,
    0.19957106580189532,
    0.20486039769955697,
    0.18939839379262466,
    0.4379255961096782,
    0.23118811661120625,
    0.2748068354076013,
    0.41312274526560666,
    0.20813413678036208,
    0.1889407924218047,
    0.126726088525834,
    0.40363053912608277,
    0.4053391850217709,
    0.21624556968036646,
    0.19111403300389576,
    0.4248364946553179,
    0.4628940096342951,
    0.41336485493532377,
    0.45685232708810375,
    0.12189110529407,
    0.4508887094600477,
    0.19777481372029967,
    0.34259597078767395,
    0.0363013795914234,
    0.46403310689808724,
    0.18447266009352828,
    0.3147856689724369,
    0.4664472644914239,
    0.45197728137404664,
    0.23084246250146237,
    0.2788362320536072,
    0.45639217776509466,
    0.38445985527848414,
    0.512481170904381,
    0.1675883025358196,
    0.15925714941831337,
    0.3991300423838294,
    0.36284546843450455,
    0.38223321612391853,
    0.3918415438291688,
    0.31351814407596235,
    0.04679720783472529,
    0.21422146561896319,
    0.19301540166623063,
    0.052557965099126726,
    0.38887285425832746,
    0.21009269883758083,
    0.29207257261745057,
    0.15806828576920995,
    0.3344845920994183,
    0.4191701742571608,
    0.4407672675533034
  ],
  "statistics": {
    "mean_mismatch": 0.31286939777144174,
    "std_mismatch": 0.12548399936638366,
    "min_mismatch": 0.015162158724844258,
    "max_mismatch": 0.512481170904381,
    "valid_samples": 200,
    "total_runs": 200
  },
  "perfect_2F": 1152890.625
}