{
  "config": {
    "mf": 0.01,
    "mf1": 0.08,
    "mf2": 0.01,
    "T_coh": 60,
    "tStack": 5184000.0,
    "nStacks": 2,
    "gamma1": 3,
    "gamma2": 5,
    "gamma1_upper": 4.0,
    "gamma2_upper": 6.000000000000001
  },
  "mismatch_list": [
    0.01443102241908716,
    0.02683018857013988,
    0.03411689787374301,
    0.013645458067575304,
    0.009653883295842899,
    0.005449798476866764,
    0.01352286723760069,
    0.012891481093834029,
    0.013188055489698322,
    0.03826163890061469,
    0.0047821266039448805,
    0.006531720377255932,
    0.00803056675128518,
    0.013403745959417809,
    0.008674746867283862,
    0.009592009622223636,
    0.03329555376937889,
    0.026924300162490675,
    0.02122975371964865,
    0.003184759415496175,
    0.030178595178479525,
    0.008479440014340815,
    0.01371369258614608,
    0.02584143859182458,
    0.004200976678829373,
    0.020478740321396148,
    0.02965700589245546,
    0.008272929400403625,
    0.020407180815691626,
    0.02192604939485234,
    0.008918338315995212,
    0.017429293425777613,
    0.03020743582774832,
    0.012086906489796627,
    0.015913749833750643,
    0.009820710911162127,
    0.014192129321760451,
    0.016090624692800103,
    0.01187670947708072,
    0.002703069975077053,
    0.014233980790248247,
    0.008592778706204137,
    0.011809486911115866,
    0.004305280079568387,
    0.03561509370681131,
    0.025192849253757234,
    0.008458044444958452,
    0.0015459744525336402,
    0.01714941624791104,
    0.01628824458027097,
    0.025335534571192312,
    0.01072742044606871,
    0.0420493775045827,
    0.02931973654536728,
    0.004922860298497106,
    0.034804808798783345,
    0.008971682674793128,
    0.0034821289169794083,
    0.0335619864340525,
    0.006829451290384137,
    0.005409826348932824,
    0.003280750348400826,
    0.004701170395471079,
    0.007054755309859888,
    0.024026067899128565,
    0.020943515696830565,
    0.019469895855620385,
    0.021543314462826643,
    0.002384883162843413,
    0.005577015375897024,
    0.004232564056599955,
    0.01994067066436134,
    0.004433075237230604,
    0.024528140956324124,
    0.004949026501593103,
    0.032285191374694246,
    0.0010388416323084662,
    0.004816894404191218,
    0.03596877114258123,
    0.03395997293749602,
    0.013412853532871112,
    0.037564837249108037,
    0.021354657584151088,
    0.02206801188899747,
    0.006288707187176537,
    0.018921056131565403,
    0.028145148699207208,
    0.00344671057577212,
    0.03285463156251265,
    0.0032145397350418947,
    0.010523728842962304,
    0.018786972411280668,
    0.034562879843638865,
    0.007678118115108163,
    0.006363953091659776,
    0.004321326756605159,
    0.014739595681564537,
    0.012878976250917986,
    0.020317839857054466,
    0.022423424100663263,
    0.006606026611462243,
    0.00859089936565028,
    0.030626167359613262,
    0.03460357479486275,
    0.01973799101386086,
    0.03264681986665356,
    0.03584538520698768,
    0.013636350494122,
    0.007092775814910977,
    0.01589054720614342,
    0.005520201465307373,
    0.01661597265993188,
    0.009908461658561409,
    0.01658619234038616,
    0.009749440534773583,
    0.02911980362336859,
    0.001968536947835289,
    0.02197975516529523,
    0.002127413506965125,
    0.016073999757131373,
    0.0013723522982889327,
    0.034937736001804165,
    0.030387057415299568,
    0.022801026987330355,
    0.016900837318499073,
    0.00405315931603569,
    0.01159625404058219,
    0.010244719053043664,
    0.007226714970537723,
    0.008165011883214886,
    0.01313507254254538,
    0.04074135647909884,
    0.03567754563906253,
    0.009103670207537023,
    0.017952762052355537,
    0.010713975932875737,
    0.008357138313682178,
    0.028738442055593786,
    0.015008775074739928,
    0.012447161617505045,
    0.004035956121735007,
    0.006755940161796765,
    0.013984389908230355,
    0.018338243712883024,
    0.012158465995501147,
    0.025361917621275293,
    0.007373231251409505,
    0.01562093411899406,
    0.03546958937854545,
    0.03315980755552728,
    0.00971864826262194,
    0.03678259788472992,
    0.015581467967363084,
    0.015726032625352014,
    0.031830824654635034,
    0.023670149711159813,
    0.003346888679430762,
    0.029382766736250454,
    0.004623611456460016,
    0.039129605107180235,
    0.006198065146617476,
    0.026811539729259308,
    0.006788756339160253,
    0.004477601151891195,
    0.03761514575008818,
    0.03404714542626335,
    0.019023263344763577,
    0.0011699617771044276,
    0.010492286029849711,
    0.002215453383680385,
    0.040114596404387824,
    0.0026250050597630297,
    0.018334268184788328,
    0.0050841944568127545,
    0.008616848721759295,
    0.033165879271162824,
    0.025552598405162694,
    0.024681524058450383,
    0.0073749660273053725,
    0.011439835080638167,
    0.018438354738540358,
    0.011791127199551272,
    0.006070848247587216,
    0.007233003533160242,
    0.013219281455823932,
    0.0047178676134688,
    0.02485355600145721,
    0.0022037436463832813,
    0.014100692175582451,
    0.01199648129622455,
    0.01144395517339085,
    0.012944970017289933,
    0.027232078319349113,
    0.029397295484378343,
    0.017766418208207804,
    0.023187448318134768,
    0.009142124406562079,
    0.005135225781082847,
    0.007048394464908375,
    0.015461045607258302,
    0.003798291824001203,
    0.0022589673457350536,
    0.02188752291349829,
    0.0034389040842407177,
    0.03586584110609311,
    0.017533235414871656,
    0.025518481145877306,
    0.005427174107891496,
    0.012367361926295155,
    0.013278697530257382,
    0.02752886956220039,
    0.005725338714993668,
    0.025903239983114848,
    0.028470130050366325,
    0.010053893704498273,
    0.02878947337986388,
    0.004737817536271273,
    0.01651015133028398,
    0.011494769650673961,
    0.0007641687821294952,
    0.020180864843609952,
    0.010101527759305628,
    0.03160096684843263,
    0.0353618887083437,
    0.02456977557782494,
    0.00468403948349939,
    0.018008419445681274,
    0.002001931383830732,
    0.0027526556527672566,
    0.03553529401560142,
    0.013778891246899088,
    0.0041423557100148615,
    0.005024778382379303,
    0.00045480041403318046,
    0.007552997403618742,
    0.005572678436157356,
    0.014110522572325698,
    0.010227443576413987,
    0.0025796840394834994,
    0.03181333233101837,
    0.004223817894791625,
    0.023708748474842858,
    0.03207636772622923,
    0.016153510319025288,
    0.03927807301093487,
    0.019055718110482095,
    0.01176633436070617,
    0.00239955647562929,
    0.022732286492456615,
    0.03642161993373156,
    0.005099952004533548,
    0.014340452660857095,
    0.017843182041599927,
    0.020487414200875482,
    0.016729889610427158,
    0.000707065742223867,
    0.003398715109319794,
    0.006343714039541325,
    0.01766262078377175,
    0.023832206692765406,
    0.025650685525608185,
    0.012456486037945332,
    0.006343352627896353,
    0.014884304904211458,
    0.007844078342479457,
    0.0071388919408094465,
    0.007400047995466452,
    0.006672092660163185,
    0.005809909039917193,
    0.004334554422811146,
    0.013038864762653745,
    0.003971769413587922,
    0.005778321662146611,
    0.03555459339744294,
    0.016456517842170088,
    0.01635069651252219,
    0.00187630469603835,
    0.010992046052517449,
    0.017837833149254335,
    0.02918341207288372,
    0.029545401976488004,
    0.021007268711003682,
    0.00348393597520427,
    0.005832316561905478,
    0.034849551560430916,
    0.007384362730074653,
    0.005432956694211052,
    0.0031173922848733325,
    0.027179456783841142,
    0.010052086646273412,
    0.015825348545390413,
    0.0042676209861622705,
    0.009597647643885205,
    0.02429495816298798,
    0.02144616701265808,
    0.002439239474247252,
    0.03404772368489531,
    0.03501529494081523,
    0.018041886164005712,
    0.02216899030260274,
