{
  "config": {
    "mf": 1.6,
    "mf1": 1.0,
    "mf2": 0.0005,
    "T_coh": 60,
    "tStack": 5184000.0,
    "nStacks": 2,
    "gamma1": 3,
    "gamma2": 5,
    "gamma1_upper": 4.0,
    "gamma2_upper": 6.000000000000001
  },
  "mismatch_list": [
    0.2147583168047741,
    0.24102123365696543,
    0.12531572921304782,
    0.40088773542354555,
    0.4323193809163086,
    0.28406275840932615,
    0.12459044832391736,
    0.2680519334077359,
    0.4140189047203252,
    0.36318892287764626,
    0.5010293365060456,
    0.316692881057982,
    0.4329339252774196,
    0.42553098598879335,
    0.2530891298942365,
    0.2701229666980854,
    0.22819299960100153,
    0.44491598624900974,
    0.42831400021973826,
    0.2292214325779348,
    0.3563977089393002,
    0.21097375862328185,
    0.3837666177074358,
    0.4559234645787675,
    0.3605783020013531,
    0.22945215777208514,
    0.4423365190565132,
    0.24337077076093053,
    0.0018290320528759694,
    0.3580542030728664,
    0.30497338564646426,
    0.327324888829778,
    0.22113347365742803,
    0.11509956167995698,
    0.21577171505727652,
    0.030563715427362043,
    0.11482452741813304,
    0.1095546396581335,
    0.2994998062833583,
    0.17887259805820752,
    0.2858346151399675,
    0.23230875541394644,
    0.41886731421995804,
    0.37762355941318315,
    0.18213007349667212,
    0.25908906917708013,
    0.24191702856019384,
    0.2715059444987365,
    0.1518484037170465,
    0.16708103716468228,
    0.4300044309067674,
    0.2504487286983976,
    0.23370221415230175,
    0.34085079192519646,
    0.3480954329133248,
    0.22803802628763742,
    0.2713748966362695,
    0.12844736111673308,
    0.020159541556556585,
    0.16452657965801784,
    0.21163947887332088,
    0.2758843742952473,
    0.12009383691950061,
    0.3108660579530801,
    0.5210849360735083,
    0.3429610745201899,
    0.11997818519310947,
    0.129793764058913,
    0.3426471523653669,
    0.23109889379123708,
    0.014310166365008413,
    0.4418558054275355,
    0.4314110088878352,
    0.33035583144917396,
    0.268887372566254,
    0.48200010986914005,
    0.23526148855337037,
    0.31825996195058204,
    0.25988496990163823,
    0.1904020632267988,
    0.4152722803050893,
    0.1491104936593941,
    0.29151969259771127,
    0.3008318973243973,
    0.2555014080597688,
    0.4696592755575859,
    0.23343563692297017,
    0.40548619262951546,
    0.386820618389781,
    0.270180358867307,
    0.20981008540879995,
    0.41715180156476783,
    0.2683345573141043,
    0.11553636379407053,
    0.20054399680801235,
    0.2744552803686977,
    0.296551626930661,
    0.3191846697854082,
    0.2720190767522682,
    0.44146403520438554,
    0.43614759762451355,
    0.3926905217627636,
    0.16572025003903246,
    0.33059812181596343,
    0.41525908878004775,
    0.19361992794897445,
    0.35023824255636576,
    0.1304414137267034,
    0.1480981073594976,
    0.43715983935975206,
    0.18100883000930995,
    0.2864657121544182,
    0.2679456783841141,
    0.3532029745624028,
    0.3635097118537237,
    0.3364085368321836,
    0.1726279108093886,
    0.33545130194930983,
    0.31321863091486296,
    0.07741986781007673,
    0.13091356189969525,
    0.19920243678187508,
    0.2004062266889489,
    0.11921618488084981,
    0.1809859887933477,
    0.16134861478144716,
    0.5185946291338264,
    0.14634497175206582,
    0.35159078949651024,
    0.07864433046324298,
    0.3331186789103294,
    0.41263487882590366,
    0.24531914093897636,
    0.40648177328792073,
    0.4275321945493341,
    0.004836555197677713,
    0.022367622142679535,
    0.23075678152810625,
    0.3951188827464972,
    0.09016396523509104,
    0.20788607437562523,
    0.23092686184823025,
    0.15039495064562577,
    0.26263769783673446,
    0.2408503582312225,
    0.3523017584844998,
    0.22530532055767263,
    0.12488311947401595,
    0.15418276153192276,
    0.46296470309310545,
    0.19745645712501372,
    0.06310182267120792,
    0.467084434434145,
    0.3806346243921056,
    0.14159768523069627,
    0.0921199250576813,
    0.4434865309108152,
    0.2688058380991482,
    0.39737607917517187,
    0.4528523691256151,
    0.3491750417791862,
    0.21833108776231258,
    0.26320612607194693,
    0.2800114061515153,
    0.1847650535178364,
    0.39458121064227186,
    0.24746643208641497,
    0.39463780770587453,
    0.30436426246002785,
    0.3969750568139106,
    0.4288962343797887,
    0.32332102606211655,
    0.2479768898937739,
    0.4544573620997727,
    0.42230191750562357,
    0.3412391648788837,
    0.2715688301249617,
    0.3077886377961407,
    0.23593197943712305,
    0.3607392747480238,
    0.3921145761653357,
    0.3697951663360955,
    0.16787838353582024,
    0.33394949199979185,
    0.17487408418289163,
    0.09119666286943498,
    0.3975934682796227,
    0.3407219125325993,
    0.16751104473987036,
    0.5033402748463278,
    0.14508234402919049,
    0.35120465729502176,
    0.10990528123608566,
    0.07456139082766158,
    0.43722919425442225,
    0.34331800466076456,
    0.48885160726986754,
    0.374151116328289,
    0.36242699484771557,
    0.36943816391319184,
    0.24917988469522878,
    0.20623818183920942,
    0.2081019816923317,
    0.1901411240191288,
    0.041097130102409604,
    0.1406255601880497,
    0.13109036447641573,
    0.10785867937293633,
    0.45125048429160425,
    0.3105788802599851,
    0.19682391446398317,
    0.2507536155620963,
    0.3382957561599001,
    0.3104611323460531,
    0.21188726269711392,
    0.3540115246945349,
    0.28717053714444324,
    0.35714539735041895,
    0.07233133641352431,
    0.3042207097546449,
    0.2606000589823805,
    0.28326129194543553,
    0.39899516720348344,
    0.20420524133624005,
    0.17682173153764752,
    0.2972059988550479,
    0.40026946852249135,
    0.3511177739355704,
    0.12675862906443536,
    0.36077743981773286,
    0.3424950703451626,
    0.255499384154557,
    0.15004105636286885,
    0.11859564108643232,
    0.36878697241128067,
    0.10509286833629208,
    0.3371922941254706,
    0.21630060485852903,
    0.13916112020262184,
    0.18740971937108591,
    0.35891248344734666,
    0.11713582717006008,
    0.4286448002983815,
    0.31216807954525744,
    0.16870276349800212,
    0.2020221704359492,
    0.25154582988787566,
    0.10796009148051558,
    0.28389441286509803,
    0.14929524729230395,
    0.28414067875998217,
    0.3490383558950576,
    0.2568792538150613,
    0.13337882301238052,
    0.23059233922964384,
    0.34312768528852217,
    0.3849370854608432,
    0.23894427321563844,
    0.13210506381084003,
    0.36162256480833616,
    0.2628028629584868,
    0.3072237513950489,
    0.32197165954444784,
    0.13434646655062943,
    0.3326919963222751,
    0.3131595039697455,
    0.04664320864149699,
    0.4478733815986538,
    0.25443134046133475,
    0.1674986844616123,
    0.10496521774328786,
    0.39639184684241874,
    0.25756730930475963,
    0.22257015722852203,
    0.3724636130755842,
    0.3921031555573546,
    0.45263353437458437,
    0.08568455702497499,
    0.010822543991025425,
    0.2778434422579843,
    0.2021930458616921,
    0.10938723378418232,
    0.08117681414189311,
    0.10542551161432462,
    0.40485325241567544,
    0.19620647880971243,
    0.2298942364962153,
    0.3021003799159212,
    0.2495584272521728,
    0.21373104034510476,
    0.3421452961551584,
    0.3052651894086149,
    0.2059886632395205,
    0.4286339579490323,
    0.37953788461427257,
    0.17522595456043671,
    0.2874511371455997,
    0.31898199013490774,
    0.3028044098003273,
    0.30952912399599847,
    0.2544479653970035,
    0.09526926613197019,
    0.37103907293576127,
    0.2707258013218992,
    0.3173340253161629,
    0.29756430235987347,
    0.3136048353986804,
    0.09368671682096534,
    0.3900418080990904,
    0.28704657295021774,
    0.0925693765793689,
    0.4892972639692829,
    0.3931046995079019,
    0.37827128136330257,
    0.3660345336055004,
