{
  "config": {
    "mf": 0.03,
    "mf1": 0.15,
    "mf2": 0.002,
    "T_coh": 15,
    "tStack": 1296000.0,
    "nStacks": 8,
    "gamma1": 5,
    "gamma2": 57,
    "gamma1_upper": 17.776388834631177,
    "gamma2_upper": 100.0
  },
  "mismatch_list": [
    0.12732242988762707,
    0.28882137080755504,
    0.28907045556923455,
    0.23290205865736519,
    0.060241359230823945,
    0.012836322254097105,
    0.007281283918463267,
    0.11192211034209183,
    0.13517308138233802,
    0.11909909092013038,
    0.0643059368044637,
    0.04850401687126409,
    0.29014934098793116,
    0.040260800274788344,
    0.19592995788544817,
    0.2672200984079971,
    0.09339160634950741,
    0.1699327659077412,
    0.04860521207333934,
    0.01838565028904241,
    0.1665175001199886,
    0.06335079866144769,
    0.25674429880687966,
    0.1536515421281409,
    0.01697108592860476,
    0.059110936541356164,
    0.08090672057576022,
    0.012154266592109896,
    0.06627736390546402,
    0.018677309317880728,
    0.004661051007586171,
    0.05857742097955799,
    0.01543631612455915,
    0.01201649655271316,
    0.0213385985678855,
    0.14229281438891686,
    0.013621741586775465,
    0.27912730414246895,
    0.025880889777607642,
    0.10082887544374096,
    0.00858894277613713,
    0.1304790696517902,
    0.17613285137431758,
    0.007230108059128068,
    0.20343893100858076,
    0.25945582424648606,
    0.17789444299558616,
    0.00953338314064803,
    0.032528836295654215,
    0.01700245644124809,
    0.010855932149484396,
    0.2196838690800084,
    0.10982679140083651,
    0.22540103658582422,
    0.08429950657219468,
    0.03672764207661807,
    0.038548577455675054,
    0.09534026453004081,
    0.22883083111330335,
    0.11276550006910187,
    0.20174065867089644,
    0.20677128901291886,
    0.02290878669265745,
    0.25150592917145415,
    0.24245416291039715,
    0.17173924482935887,
    0.11370639860154014,
    0.006721674450987116,
    0.02458277218184373,
    0.29544148864503095,
    0.2718710298953757,
    0.24780037771831998,
    0.18056635774180882,
    0.05906568782957109,
    0.05221404982620447,
    0.1430639218287303,
    0.07349785842039494,
    0.28277582487100505,
    0.09281023991358509,
    0.06954257166499646,
    0.15254526172259678,
    0.1190346874022382,
    0.09023265355215399,
    0.01854857456438357,
    0.2466974222979869,
    0.20169107302187955,
    0.02385409444461471,
    0.07654571334232718,
    0.2882878552457569,
    0.29288320165428133,
    0.26321219014751945,
    0.18344810796776326,
    0.006430810527307959,
    0.00914645605728458,
    0.20700823035034935,
    0.19775544704859857,
    0.22288980536403963,
    0.16868286059753743,
    0.08086414630860142,
    0.09327761718259836,
    0.03548330250252844,
    0.2355429643023805,
    0.291074626546335,
    0.015648175508332415,
    0.13067632801354975,
    0.013460985780050205,
    0.27859639074300985,
    0.29032722769672203,
    0.06965641626733113,
    0.14155343887318275,
    0.014978986093466201,
    0.2334322492339523,
    0.14912421335186843,
    0.2781731779514737,
    0.06338383166669655,
    0.27377704152646315,
    0.26847159392851916,
    0.23162728824036577,
    0.13743530012473032,
    0.051890080614989266,
    0.25368473415442155,
    0.25509141974555477,
    0.03411022817494164,
    0.2895335681833033,
    0.01957462163113944,
    0.10866268516553511,
    0.17750252843440614,
    0.012114222205002976,
    0.21325884113567617,
    0.2231719954132552,
    0.036536744556131824,
    0.25121376416660546,
    0.005491719052049608,
    0.2805965139120273,
    0.032642247204265694,
    0.2693556785832209,
    0.2878454153658264,
    0.14907773584120101,
    0.05419494590682755,
    0.11118244569720892,
    0.09546097594965915,
    0.05816165326360309,
    0.19154524206181467,
    0.11122162269686948,
    0.05463868686792754,
    0.23295887253510172,
    0.23817469009692188,
    0.2389923473296899,
    0.10956368387544085,
    0.10604592180444346,
    0.2744643015131285,
    0.27181580622795753,
    0.2690765966723548,
    0.010766591242509387,
    0.20456039069443618,
    0.15956640168943945,
    0.010056923746813074,
    0.03700376041370912,
    0.11998635599546877,
    0.07477544784659501,
    0.1809186616096051,
    0.006967000533732409,
    0.00799926387718719,
    0.12875289635124798,
    0.050630995454311524,
    0.0268752772025714,
    0.01257097397779835,
    0.10623624106663213,
    0.22077880116646265,
    0.1283773898692616,
    0.17795667804486243,
    0.04471266634322753,
    0.23072455475556733,
    0.054661022094671295,
    0.27110093440758304,
    0.2700508896214779,
    0.2742796925516284,
    0.23035266238794078,
    0.07554279660747422,
    0.11582795601304782,
    0.026203413343078914,
    0.17427909983687334,
    0.10175784739879179,
    0.01603777703632214,
    0.16034726723802442,
    0.0256430087704436,
    0.0807643967522701,
    0.13131450832720862,
    0.17129449191623813,
    0.006373346108986654,
    0.2907181303058813,
    0.25883195582569213,
    0.03364523622140585,
    0.22899946568933305,
    0.24881348625566765,
    0.23940240474495628,
    0.2090285925597818,
    0.10547460260644145,
    0.28881233552165547,
    0.06270936564486498,
    0.20841831320898083,
    0.013430844066289218,
    0.15379090237785595,
    0.2476377425721276,
    0.08438725726885137,
    0.2600851861211069,
    0.14638948529807191,
    0.16134678670537914,
    0.13580186499866134,
    0.08390513441324998,
    0.15209653328368022,
    0.29420300393620424,
    0.09478195614373419,
    0.24826320120323986,
    0.028797913759714015,
    0.13987302026043597,
    0.03507071520721019,
    0.2884509240856724,
    0.04062307909821775,
    0.02980364950376764,
    0.29085785196703234,
    0.03276570535079751,
    0.04342625847798946,
    0.13831418045475388,
    0.13206805117123327,
    0.029390556232439018,
    0.002796601691636824,
    0.16997844831324946,
    0.01550050279558974,
    0.04242955801983542,
    0.23559941676868107,
    0.05934115562607737,
    0.011598488085855166,
    0.011106101145471862,
    0.20510366436500588,
    0.013191951107104423,
    0.007799331070801368,
    0.17076806001858522,
    0.016255057591635147,
    0.005291424834227803,
    0.14127023687194643,
    0.0651670356918369,
    0.06163929866520637,
    0.28360490270515015,
    0.25534867240568754,
    0.16570360156615477,
    0.28794473122843456,
    0.28385861353321024,
    0.03841153023915028,
    0.23300701253837466,
    0.20052046138073046,
    0.08052210652558706,
    0.13046576971094603,
    0.14430580380505525,
    0.22555449188154264,
    0.1640145813612316,
    0.015515031535316259,
    0.1759707222041356,
    0.0474186260467198,
    0.2635275577665583,
    0.025106963328593544,
    0.26420571018503686,
    0.006334096827038896,
    0.0962763924315241,
    0.010195488891368974,
    0.0855610493306371,
    0.2844099105376588,
    0.045265842687143176,
    0.19269568694483588,
    0.05725841380279426,
    0.23078772947457715,
    0.18957988667293885,
    0.2656356706726474,
    0.12422108607316934,
    0.10779833357523805,
    0.05141504142353315,
    0.032634368434961265,
    0.046403782734479405,
    0.2206172502545782,
    0.27755848938115374,
    0.021843418061666623,
    0.11517466870136486,
    0.1297073839536792,
    0.2349786564862366,
    0.2742678382565281,
    0.10772648498176463,
    0.2702558821879675,
    0.14400279645712707,
    0.05707763580251554,
    0.07717305131290655,
    0.18914922880582144,
    0.2873923499896781,
    0.1586292618359354,
    0.004954589375891602,
    0.18954981724146505,
    0.1186168957822418,
    0.07972483289780846,
    0.2811277887229223,
    0.27996093576070746,
    0.23897940880028173,
    0.24398459577721096,
    0.13763942530377354,
    0.09696394154733824,
    0.26285858519855365,
    0.03276317547074562,
    0.13938945175909065,
    0.2739817449638039,
    0.024603372633694765,
    0.04561742373206749,
    0.1545126410155141,
