{
  "config": {
    "mf": 0.4,
    "mf1": 0.005,
    "mf2": 0.0008,
    "T_coh": 10,
    "tStack": 864000.0,
    "nStacks": 12,
    "gamma1": 17,
    "gamma2": 39,
    "gamma1_upper": 26.758176320519304,
    "gamma2_upper": 100.0
  },
  "mismatch_list": [
    0.0699372759225132,
    0.02385815691113599,
    0.0983935649353205,
    0.18840528876809548,
    0.051873053865986174,
    0.10752347395824806,
    0.016588903527265744,
    0.06992079555090684,
    0.04646673301461885,
    0.041224131644341,
    0.06826690352141088,
    0.11689413735717508,
    0.12948546653492488,
    0.1853995183611398,
    0.07012300537357695,
    0.0830194382730392,
    0.14316146438076685,
    0.029316521041260236,
    0.1450651099365473,
    0.006147395456166386,
    0.0352373113878392,
    0.11584215837355212,
    0.10010486720669519,
    0.052411484954125474,
    0.1499495342831304,
    0.007237160028636815,
    0.04207503925201665,
    0.028372152378816955,
    0.008526206989347283,
    0.007251580353792378,
    0.024356688152228325,
    0.04947450925627661,
    0.08281614421539499,
    0.11994051236391089,
    0.027053180532821255,
    0.15713698213820462,
    0.07728296787205767,
    0.06361857134043862,
    0.06200403704050257,
    0.16421275379094627,
    0.011733699313234725,
    0.06535768423889904,
    0.128749325199258,
    0.16063824792832512,
    0.006858545175680219,
    0.1442007578151928,
    0.05219724012324282,
    0.047234696646775653,
    0.14509720329178075,
    0.07760260034242308,
    0.046965806373198235,
    0.09410752987094459,
    0.05607403069664374,
    0.13162477056232655,
    0.1596191754761662,
    0.13976390566591923,
    0.10778217242306892,
    0.18582930910487402,
    0.1160173707453671,
    0.06087198730404215,
    0.02344929190240194,
    0.16895124011001517,
    0.012931995806612815,
    0.06780805528037069,
    0.10937859999893745,
    0.15311772308920663,
    0.11821316341491948,
    0.16193033074696309,
    0.009033845804222077,
    0.10850020703466831,
    0.12044023626347473,
    0.19703796763189962,
    0.12316920148154203,
    0.026997776125644617,
    0.0650168007630412,
    0.0687008143580467,
    0.10285670978271606,
    0.12672852805452575,
    0.03295770735478868,
    0.1435746663293973,
    0.09448121145476902,
    0.02251977725910386,
    0.07664977464718181,
    0.10661179498027397,
    0.00998341879454105,
    0.1621061936597625,
    0.02806607284562782,
    0.1528235159289839,
    0.011526502009683736,
    0.10047502502685379,
    0.14882865216690322,
    0.1059096444110452,
    0.028703060892913038,
    0.11418626050935407,
    0.06646945878134375,
    0.11909074320295805,
    0.06535508207496118,
    0.03066801993647901,
    0.019290708659231777,
    0.16550857722024487,
    0.17424599318254733,
    0.04260891655326472,
    0.06663469619139696,
    0.10808185496991085,
    0.07665562951604196,
    0.016174617343661178,
    0.11705216460465052,
    0.07632894951834487,
    0.1810987919128648,
    0.002997692856398607,
    0.032626039876210725,
    0.03378367755805997,
    0.07571538094650027,
    0.06371962204002497,
    0.03000132385090338,
    0.16816836824696443,
    0.1385702713829298,
    0.08091699823475704,
    0.14127549185506424,
    0.024695077887645717,
    0.13991396378633503,
    0.06188487961684871,
    0.07206823134061426,
    0.08455699188981397,
    0.008328225683076165,
    0.07944536610440771,
    0.16004853252591078,
    0.10804282251084316,
    0.11181075589284419,
    0.015312758962747097,
    0.05313607918731818,
    0.13457020329297342,
    0.13231840988700863,
    0.04681217027736791,
    0.14079024249240465,
    0.062150300338509004,
    0.10413529387592643,
    0.0648337818994127,
    0.10203458861360283,
    0.10827072870239951,
    0.05262833194894598,
    0.039787520303655184,
    0.002933072451942098,
    0.13624491263397215,
    0.04718503868496176,
    0.009114729733290123,
    0.014448298417895168,
    0.062215137589960334,
    0.11757894016681822,
    0.047393862340973904,
    0.05416751191818189,
    0.033007365316602574,
    0.15519446675860257,
    0.04275745674471677,
    0.0023715471588544104,
    0.02789411317873516,
    0.15595467811069452,
    0.10773452029595712,
    0.13147677248836154,
    0.055171947198190456,
    0.04704538922029736,
    0.013943478613953042,
    0.09599220131467827,
    0.013859992520947148,
    0.06001403216903484,
    0.006621314563346591,
    0.02715444807940243,
    0.11882299137610344,
    0.03730375482498116,
    0.02789758273065229,
    0.03281784104312946,
    0.04892697059435484,
    0.08794164820846977,
    0.11058681724232858,
    0.08620643855591612,
    0.17937594253901593,
    0.061198342031247,
    0.13520101120090625,
    0.1283739630512237,
    0.13474926469894644,
    0.02855159326703092,
    0.03844382790024995,
    0.010040124283686612,
    0.10653318794465154,
    0.0543569277681576,
    0.0045787242956348805,
    0.0874523329646573,
    0.1855610693722811,
    0.03163060374648721,
    0.08676481956757891,
    0.1334203721029377,
    0.05736546297429723,
    0.15145683774412771,
    0.12200717264804768,
    0.09062952092101857,
    0.04498068055911395,
    0.04141539069377269,
    0.01621993836557866,
    0.03815357819768271,
    0.020777736926213364
  ],
  "statistics": {
    "mean_mismatch": 0.08057899015005054,
    "std_mismatch": 0.05141209980711489,
    "min_mismatch": 0.0023715471588544104,
    "max_mismatch": 0.19703796763189962,
    "valid_samples": 200,
    "total_runs": 200
  },
  "perfect_2F": 1152890.625
}