{
  "config": {
    "mf": 1.0,
    "mf1": 0.15,
    "mf2": 0.0002,
    "T_coh": 60,
    "tStack": 5184000.0,
    "nStacks": 2,
    "gamma1": 1,
    "gamma2": 5,
    "gamma1_upper": 4.0,
    "gamma2_upper": 6.000000000000001
  },
  "mismatch_list": [
    0.4780650960198458,
    0.24389980512684103,
    0.3175222485008645,
    0.012537948222722094,
    0.05706516396523509,
    0.10849620951466753,
    0.06841276679407632,
    0.3311454436111095,
    0.05069015167723916,
    0.3494225364736632,
    0.32262639288047973,
    0.05632889616209746,
    0.030802391677701768,
    0.11030919489050672,
    0.3276894808972261,
    0.05078079371779822,
    0.431223616949917,
    0.028348262043681658,
    0.39037936657549455,
    0.2560027582936744,
    0.3755315642474253,
    0.20699519467076843,
    0.3633138267421487,
    0.22862307945851862,
    0.16899825365893148,
    0.21639406590991886,
    0.35954329133248136,
    0.18116965819132266,
    0.028790196203153824,
    0.19261592639924133,
    0.4182013409817675,
    0.017294992858505897,
    0.1995926167937872,
    0.01987706221484621,
    0.26036615336575436,
    0.20370381882000543,
    0.33373250044815045,
    0.20763005036632684,
    0.03855575569729317,
    0.30068364626762967,
    0.2513333198406319,
    0.20334291315133607,
    0.21510353720805167,
    0.035989805300318624,
    0.42614339802119894,
    0.30269801021204745,
    0.2002246534785148,
    0.1963347076613486,
    0.37063689405723604,
    0.3320553335684918,
    0.3775534455540585,
    0.33101295010206266,
    0.16116328288990533,
    0.3499697859864803,
    0.19330289765400474,
    0.285892802414808,
    0.18664135821387473,
    0.2526452441118815,
    0.3411780863108834,
    0.22628597491514055,
    0.4111206363157986,
    0.29261332423539754,
    0.13579623322327145,
    0.2694936044595306,
    0.30463734509896895,
    0.044372097864490874,
    0.5163240243331232,
    0.15422403474177862,
    0.13385256139661025,
    0.1770165324142876,
    0.09262033562130999,
    0.1878160906246928,
    0.053325420827719405,
    0.16699863530962858,
    0.10976534264715236,
    0.3444425731352605,
    0.2872943567740107,
    0.10180199846183204,
    0.43122574927862234,
    0.3823784355790971,
    0.2685461276910711,
    0.2940368524226145,
    0.07834522618586388,
    0.5140037977135654,
    0.2590311710315556,
    0.1711872517101999,
    0.1889211428703602,
    0.3338515494440043,
    0.39394209028930277,
    0.07459044832391735,
    0.3653988105219941,
    0.2165637848183979,
    0.24212859893716063,
    0.375665937097026,
    0.2705604193531599,
    0.43765753933604346,
    0.14070680552583947,
    0.016367755142164885,
    0.19919369062006673,
    0.14020733463248772,
    0.1746394557429756,
    0.4399536236577172,
    0.004386959111332135,
    0.379349300017926,
    0.14052046168169174,
    0.3748367865011305,
    0.16058871065672833,
    0.018248252213284914,
    0.1114041276101149,
    0.1839040986971833,
    0.3078799303776607,
    0.2956818536658706,
    0.35699642347036137,
    0.0321629619563646,
    0.30110245008182357,
    0.2534208335019921,
    0.33571346995657275,
    0.3090545182238208,
    0.28848123261609987,
    0.02571263148155644,
    0.19728522028762585,
    0.405113432658891,
    0.271277170927469,
    0.11675851341270897,
    0.1260085553364598,
    0.24129756900071125,
    0.18205497215684688,
    0.33597086733012205,
    0.23968531165248969,
    0.3930144188789878,
    0.06939696298566497,
    0.11718317209555146,
    0.0735879647030931,
    0.38802469742617085,
    0.08661721591599059,
    0.3549581340750464,
    0.021713467065279615,
    0.2266624935668727,
    0.21504122984045845,
    0.4740605104288944,
    0.02386075821271822,
    0.25685279848264936,
    0.4508845550010698,
    0.3728648522838325,
    0.19747199782574754,
    0.4456325209763319,
    0.26560018909057265,
    0.2314157072392198,
    0.045250834138076595,
    0.0672192409777197,
    0.4104272319337547,
    0.2157183706984786,
    0.42627271110777004,
    0.10442895514447792,
    0.16776417745600897,
    0.35773984722406943,
    0.20219579259019388,
    0.02349045584127957,
    0.2586282693297404,
    0.10901454609588684,
    0.2174098494792781,
    0.08858864415698565,
    0.4558022471130438,
    0.12787539104739987,
    0.008094753459432266,
    0.3107273481637397,
    0.347414171962552,
    0.3635636344711536,
    0.019449223109527968,
    0.4095895520230378,
    0.02325467088409962,
    0.0029615515835612637,
    0.446963310935449,
    0.0999907478618887,
    0.21271373884683664,
    0.1917343711148248,
    0.202429264512846,
    0.328265281929996,
    0.004417028560193832,
    0.2791650523613191,
    0.4440871970647592,
    0.23463870400675407,
    0.3578583902436204,
    0.30055686306257334,
    0.27363321344104363,
    0.14374403670785796,
    0.2819635350106689,
    0.35568124649430705,
    0.4753630379973747,
    0.27324888829778005,
    0.4871372872731058,
    0.3289749498360637,
    0.29681350580860794,
    0.03421780400501929,
    0.41556372265559494,
    0.07148440436469615,
    0.48054788559731226,
    0.21745907374532333,
    0.41108977176131795,
    0.2817504467047932,
    0.10953288267710616,
    0.46643201413264096,
    0.29109684097309363,
    0.2405733723465157,
    0.16784419399420586,
    0.06884884608489993,
    0.42827514846790377,
    0.3612474918031839,
    0.2704707169828778,
    0.1405707701826719,
    0.4881625398275633,
    0.2636992361203472,
    0.11304045497389162,
    0.20212452221380534,
    0.10556183608680819,
    0.45484016931412746,
    0.09242025813465331,
    0.23183357138313682,
    0.03348760791751719,
    0.4092985795076706,
    0.4739456899492867,
    0.008043649852833179,
    0.0064371750909311696,
    0.1270466741454783,
    0.42394872580710447,
    0.12453544147155257,
    0.4458639689937722,
    0.4415868428813471,
    0.32077885655138116,
    0.022400872014016988,
    0.4880707774109048,
    0.2200950657190935,
    0.2810820520085814,
    0.20345068610386682,
    0.12936267224879,
    0.4745652217910983,
    0.38754900741905823,
    0.18828867249165862,
    0.007527915435457663,
    0.09815969190380089,
    0.051370762087051054,
    0.024845388098280838,
    0.2988673359046567,
    0.10258929758923976,
    0.43966481961221976,
    0.17153651992390118,
    0.2065463214077128,
    0.10088574765949819,
    0.07172626103751163,
    0.07366371658387931,
    0.041181483580346144,
    0.2679161871938843,
    0.01455433607235172,
    0.08444397541244297,
    0.18226654253381366,
    0.12445050973498407,
    0.2527939288626231,
    0.014882931539960563,
    0.13636856470424963,
    0.11716025859726022,
    0.03335468071449636,
    0.43306667177461794,
    0.4431263842066002,
    0.4174622541677991,
    0.2860746647545581,
    0.07093426355871928,
    0.5038270963321055,
    0.4676940997380488,
    0.1181138070813552,
    0.2561468892576894,
    0.44278654883683277,
    0.025023347192265212,
    0.2669029335060399,
    0.45648997733226165,
    0.2367019308055721,
    0.13454358046179735,
    0.34946265316625513,
    0.41802988729739265,
    0.17378450035562906,
    0.12827814818455702,
    0.1653173483372173,
    0.10657581259794256,
    0.3583007580970665,
    0.4605223193375469,
    0.39972337552693815,
    0.17329746202286433,
    0.04907189489571106,
    0.30772365598237467,
    0.3859212093701029,
    0.2985555822197036,
    0.16447771680361759,
    0.35745715103537207,
    0.4336936848374804,
    0.4635622611069027,
    0.07318556897758091,
    0.027297710674076086,
    0.1493037766071253,
    0.08413258313913481,
    0.058212212244048274,
    0.0054085975493399175,
    0.15290842407175034,
    0.35931856557163755,
    0.17426539469042923,
    0.1930459339744294,
    0.3177127847200939,
    0.018971509197203543,
    0.29201974174969497,
    0.30977820890171337,
    0.06996033145784784,
    0.04657222739442443,
    0.21683954190351176,
    0.0678212804959146,
    0.04976710633597983,
    0.006064704249622686,
