{
  "config": {
    "mf": 0.03,
    "mf1": 0.75,
    "mf2": 0.0008,
    "T_coh": 10,
    "tStack": 864000.0,
    "nStacks": 12,
    "gamma1": 15,
    "gamma2": 95,
    "gamma1_upper": 26.758176320519304,
    "gamma2_upper": 100.0
  },
  "mismatch_list": [
    0.12592988057260185,
    0.31444727923701954,
    0.14442535709007814,
    0.17008600043391084,
    0.0356456342790862,
    0.07502949390188303,
    0.19051992644983629,
    0.011592748766601399,
    0.2993043114712169,
    0.2131997910028664,
    0.12981019490966858,
    0.04462103981820415,
    0.017736891517845476,
    0.20332083824808012,
    0.21511292361467027,
    0.06678507958230498,
    0.27996779388432924,
    0.029812016424425082,
    0.10758131789411643,
    0.12919218097443017,
    0.15065211854634883,
    0.006651781566118871,
    0.025035310822519082,
    0.2942549207733241,
    0.2876990397906646,
    0.16885186997463866,
    0.2903380135058814,
    0.3049312199280653,
    0.2973660788197625,
    0.013400276891927687,
    0.23425986271633606,
    0.06988176309183915,
    0.27836399351063684,
    0.13391890334403003,
    0.012288177078990747,
    0.10167711634264123,
    0.22482452470120382,
    0.029797812946264338,
    0.3116418212415293,
    0.1509331522516362,
    0.21789165521804887,
    0.09641960674146949,
    0.09174509028587265,
    0.30595321981465434,
    0.20486018085256216,
    0.16025090498382702,
    0.31223207876143066,
    0.09359089190578475,
    0.13339348307557997,
    0.034486695515268034,
    0.042614229304637825,
    0.31454312560873016,
    0.17860380460220882,
    0.04349983243148475,
    0.31468700358979357,
    0.07219682160854282,
    0.31299472964221436,
    0.2709669630350686,
    0.2786864449919349,
    0.058431374377337406,
    0.3164744191563503,
    0.3030373324870518,
    0.13342107685567087,
    0.07490849327877318,
    0.16295823971416096,
    0.18356976341884443,
    0.003951169092624351,
    0.0253062611425473,
    0.3090981517805361,
    0.1357801011005744,
    0.3047983469319891,
    0.3135767469763126,
    0.1148285613080124,
    0.082873500245525,
    0.3152151886574276,
    0.23015283484618446,
    0.12381339969140503,
    0.25805242341153883,
    0.3053930498152843,
    0.015944434258659216,
    0.07409444966021703,
    0.27621791301464704,
    0.14108244381792528,
    0.0018203220980206965,
    0.22001762315526907,
    0.014175179627918748,
    0.2963120397896888,
    0.09684094045240571,
    0.164303992164017,
    0.30795211541290973,
    0.09634631245722015,
    0.2976503110182235,
    0.16550939039647544,
    0.2622710732722743,
    0.26512591817083486,
    0.30220225470999806,
    0.09640404796959111,
    0.0832150342623673,
    0.2156568843011775,
    0.2982879496064932,
    0.011584183310305989,
    0.008636582109710918,
    0.05003907040729178,
    0.016428328327601164,
    0.27516013337391265,
    0.03260229513027788,
    0.029925427402716205,
    0.2784884636856638,
    0.11108404740145199,
    0.008276724521806297,
    0.02251132022630586,
    0.29502245071149125,
    0.03195045306384745,
    0.02281295439610118,
    0.02480881413642907,
    0.14540100593152427,
    0.002119137256883347,
    0.03805003375765592,
    0.07116571414817134,
    0.31669110351592467,
    0.2340064227911396,
    0.025867244318147936,
    0.005280224323879202,
    0.28130145711422405,
    0.2895205003354081,
    0.050066176281644344,
    0.3084846916321889,
    0.25056480510388435,
    0.026040288220014696,
    0.010723734434858242,
    0.15174204575406536,
    0.08952994402203253,
    0.2807165665574444,
    0.2912192796928319,
    0.20471825449445213,
    0.2326516169792498,
    0.2991457963180031,
    0.008932469834143492,
    0.2307496519876792,
    0.20082368246747592,
    0.2653899835987775,
    0.3122848810046695,
    0.030104217749945705,
    0.017475482465589363,
    0.15917127800836445,
    0.24862559664095332,
    0.07284129087714934,
    0.0013054189088194167,
    0.0490291055289153,
    0.2419915965284097,
    0.028458132212263284,
    0.046880585504233775,
    0.29041293414259184,
    0.27588564920683334,
    0.05068180489993975,
    0.16099918975120386,
    0.21003013847957513,
    0.025083992972856285,
    0.21471078086277565,
    0.0648389862272884,
    0.20906901838678196,
    0.01595419237342614,
    0.058245970196765876,
    0.009226189088627861,
    0.017830460996110523,
    0.24032702478441884,
    0.10343119168374428,
    0.025510314164673392,
    0.21030049247036758,
    0.2515057584261592,
    0.011847760832510308,
    0.007560804168406412,
    0.28871621483161886,
    0.010808521609833057,
    0.12924395319444357,
    0.22555567855598985,
    0.021819253042336232,
    0.16138105730908275,
    0.09967534752170448,
    0.24901743916059396,
    0.30452918559966813,
    0.0040556893441278325,
    0.25847017914706055,
    0.14468004388549482,
    0.2536163844384958,
    0.28069770086889506,
    0.08273135704042017,
    0.30333484656394555,
    0.31818593827471975,
    0.0827876288355761,
    0.2012146575991373,
    0.009547664758449254,
    0.2143465863349746,
    0.09358156748500747,
    0.01090545221651782,
    0.1710364408122091,
    0.072841724571139,
    0.026856608732016472,
    0.17202613049656987,
    0.01981092459980616,
    0.04909817129676563,
    0.023353228683696457,
    0.30897709694567754,
    0.035391164330664346,
    0.12630312846243663,
    0.009556447061739484,
    0.17824031482714095,
    0.2907167367823354,
    0.16771483275729737,
    0.10402209974463014,
    0.24256694581741722,
    0.274624521296706,
    0.3021810037045056,
    0.18244351433949543,
    0.1338242496307909,
    0.10047095914570091,
    0.12661115961857913,
    0.23359327505425784,
    0.07405389927218559,
    0.20506661919163127,
    0.20349859857208422,
    0.12864756974693847,
    0.28274343541803165,
    0.04884641193577903,
    0.1976279540930575,
    0.25641696337660264,
    0.10864180812228609,
    0.3041483480650146,
    0.03417833908863328,
    0.058053410065365275,
    0.02501709567495416,
    0.26474399640120727,
    0.22960263980857615,
    0.0751192685577387,
    0.26158415620443165,
    0.07215974077242851,
    0.3010095962384853,
    0.3084959134641709,
    0.2610944614783782,
    0.07487618307654494,
    0.03084095541484836,
    0.012304657450597105,
    0.16501823195320703,
    0.042297849539194715,
    0.08989912603071443,
    0.007106834984749693,
    0.29968357686515795,
    0.18896643457894222,
    0.20303465442666577,
    0.26516359533618494,
    0.29809858796826616,
    0.07267746297256246,
    0.2966467973379429,
    0.007541504785867388,
    0.13512999381010254,
    0.273258547864583,
    0.007587910042758975,
    0.049718570548947086,
    0.14265593982409155,
    0.15268614335776512,
    0.22584343451811664,
    0.10959674807572688,
    0.017951461619220364,
    0.06446384092624893,
    0.19909584561274618,
    0.2838788462829118,
    0.2478280333940035,
    0.22758758910920665,
    0.12042521960908342,
    0.14852034995201718,
    0.032950117709969966,
    0.015228730752254152,
    0.22529936540811202,
    0.08819210648748745,
    0.2296328899643536,
    0.01487733019714753,
    0.21967104744579719,
    0.045379787453081084,
    0.1729381347450362,
    0.005694402083986359,
    0.2616929591840828,
    0.009305880359224394,
    0.17834369663192162,
    0.007944406502243878,
    0.30949975241494365,
    0.18926324390310278,
    0.20190954379403958,
    0.2759624130429998,
    0.10686572281120878,
    0.03421596204223464,
    0.28080433537859806,
    0.009556663908734305,
    0.009552326968837893,
    0.10630083638970138,
    0.04011528453632637,
    0.27345669180610016,
    0.29968162524220454,
    0.11617436796961714,
    0.2855298650897264,
    0.2373563293788754,
    0.0364452575724868,
    0.005499022941653087,
    0.2961565062826538,
    0.06710763948710048,
    0.012855557240938587,
    0.21935618560931783,
    0.27637642816786084,
    0.008060311220975436,
    0.06812053179990704,
    0.013965271736932502,
