{
  "config": {
    "mf": 0.15,
    "mf1": 0.45,
    "mf2": 0.001,
    "T_coh": 60,
    "tStack": 5184000.0,
    "nStacks": 2,
    "gamma1": 3,
    "gamma2": 5,
    "gamma1_upper": 4.0,
    "gamma2_upper": 6.000000000000001
  },
  "mismatch_list": [
    0.06307225919864919,
    0.018887083436938006,
    0.053251114593513095,
    0.029923293992471074,
    0.02146134630174692,
    0.007455488541805208,
    0.07549730242348193,
    0.1547141089323611,
    0.03474987422874755,
    0.06409592154186881,
    0.14818607495388386,
    0.03587762312571921,
    0.0999308980934813,
    0.048912150948633284,
    0.09527345850705186,
    0.03708712333678361,
    0.06832949755107469,
    0.07114120786663043,
    0.0684051771495319,
    0.061727229620720164,
    0.1621302036048643,
    0.0677886811655381,
    0.09042208543193028,
    0.027136015104115466,
    0.10697734093550682,
    0.026432274349025345,
    0.01554792896670965,
    0.12276293419995027,
    0.0016601805323448965,
    0.0056789334597792205,
    0.020061599000769086,
    0.09402875680176716,
    0.12289340380378529,
    0.04262944319476329,
    0.12589933673734915,
    0.0013284769245892917,
    0.023836254503189096,
    0.10291962783274447,
    0.17997765030387491,
    0.06662283948118636,
    0.01682588054333181,
    0.02416340432421805,
    0.13679936738505663,
    0.1365389341536896,
    0.08819788588644158,
    0.01951059080684427,
    0.057863955982952936,
    0.10800208751366136,
    0.03289120642098385,
    0.009769535022234044,
    0.10101665095730716,
    0.11207591957578947,
    0.050683357138313685,
    0.08813673503611225,
    0.006343208063238364,
    0.10004973024234819,
    0.12608343982929804,
    0.07918080990903992,
    0.04894684646655063,
    0.013763639675481255,
    0.016167099396876248,
    0.035060037702462805,
    0.008381425176224318,
    0.17692357733920072,
    0.011821341213070958,
    0.006144359376174587,
    0.02090202563998774,
    0.009855695558395447,
    0.11450865364042721,
    0.05950129529933558,
    0.010548304834820423,
    0.13678404353130982,
    0.045213753303302434,
    0.054711506768517285,
    0.12729004874720268,
    0.14194514638617267,
    0.008562347845697467,
    0.021653039038240243,
    0.013673937305199124,
    0.05067742998733613,
    0.019467004562460605,
    0.021983369281744953,
    0.016412208774496482,
    0.09604948159113645,
    0.09438322934315602,
    0.07221698576905507,
    0.010313820959562374,
    0.04178381222785703,
    0.024411260430340073,
    0.00023419474594207006,
    0.0432823694725703,
    0.024085700820549,
    0.05501711645550589,
    0.06918727194925202,
    0.09335327843731388,
    0.15010625502362188,
    0.04250764747040761,
    0.13614087536791705,
    0.09712272961204628,
    0.12349240746416242,
    0.011479445796927133,
    0.09653160472552955,
    0.13345797216262945,
    0.07085937906588101,
    0.15351834236380563,
    0.10195740546917013,
    0.11529371201563611,
    0.09196885499008287,
    0.01298132802877415,
    0.010454048677811637,
    0.06096812060162028,
    0.04070001098691401,
    0.0075202535085842495,
    0.015232922576951767,
    0.0801790288724535,
    0.15829728854527475,
    0.014439551733908509,
    0.09991514054576049,
    0.00846932048828159,
    0.0006738158708864127,
    0.14190784870441153,
    0.04405282681732232,
    0.013010674654345902,
    0.03284790930591616,
    0.01861833773773658,
    0.07604628671219489,
    0.03736129021065962,
    0.1316561182654554,
    0.07558245100703741,
    0.03557302539133653,
    0.07621492138573899,
    0.1585124007563623,
    0.1745022638825441,
    0.08002983814540891,
    0.03523734625548623,
    0.16110068639299613,
    0.02637509902679072,
    0.020673613480365227,
    0.009921472477780411,
    0.02154822966119827,
    0.14529890188685793,
    0.003971335719613955,
    0.08445322755055426,
    0.023185930389225885,
    0.0065939554625201666,
    0.01993141852625005,
    0.041630139996414794,
    0.11705263020938746,
    0.1625312982484546,
    0.017484083431155418,
    0.03114182949465978,
    0.07003463769205415,
    0.04777341513765447,
    0.07807937177982224,
    0.03394811863554093,
    0.1514212151526892,
    0.008311817293402647,
    0.0009873766140644064,
    0.10468859327022605,
    0.09002294241122284,
    0.023232913903072288,
    0.006512782407059382,
    0.01122949350326427,
    0.020430600290285834,
    0.05718594773698484,
    0.08865810747514934,
    0.02105902285856372,
    0.023412969184597503,
    0.06462069125036864,
    0.1504782198886274,
    0.0908945950165671,
    0.07602807156528829,
    0.09771002353512633,
    0.0363714559974094,
    0.18952115848334325,
    0.04130414669264976,
    0.00609470141615539,
    0.0826201476872546,
    0.12420128026461115,
    0.0028956300995183104,
    0.10628567132935877,
    0.10712400178103659,
    0.072570590922496,
    0.029379658596103694,
    0.02424985398969543,
    0.02391128356068535,
    0.11182632869377157,
    0.012523058062949234,
    0.09489455453846288,
    0.15394639831611087,
    0.11682956694211052,
    0.06338336234264137,
    0.017586724338327562,
    0.15419504952785182,
    0.03499715207623762,
    0.09098776693864098,
    0.008428264125412732,
    0.10805037210942967,
    0.0055732566947893115,
    0.03698354275933454,
    0.0522544135590084,
    0.020391640114957817,
    0.07374185378152233,
    0.041463890639727524,
    0.04753640138088161,
    0.019381639131918142,
    0.012675862906443536,
    0.028276847102635123,
    0.1285176918228447,
    0.1705904165196926,
    0.06508344272059122,
    0.036755564293686,
    0.1804233431444548,
    0.03326194248639647,
    0.037431548634442244,
    0.009336708436215181,
    0.17003189096355237,
    0.04388354160281727,
    0.03023056617302655,
    0.01805995674625433,
    0.17277543904286632,
    0.08333053841661221,
    0.03998289800095991,
    0.04971072611936415,
    0.1581492543354941,
    0.009690096742669126,
    0.004173870805456449,
    0.15860333192623732,
    0.0014117461675909168,
    0.10363536745444768,
    0.16268721123209567,
    0.023763538480220663,
    0.14970696743825643,
    0.1388674370999173,
    0.0767059352465984,
    0.0034786593651876738,
    0.009923351818334269,
    0.08623108371450215,
    0.041440904859107286,
    0.0207615087924225,
    0.005790392811088688,
    0.023750093967027694,
    0.010657451151602066,
    0.10644281311259274,
    0.0032496689469332053,
    0.02410825290719527,
    0.03736360324518744,
    0.043436619962644495,
    0.15075954271307385,
    0.07071177855007431,
    0.1471172361550427,
    0.04182494087305488,
    0.1613791179242828,
    0.18220148843771866,
    0.14158843309258498,
    0.010104346770136411,
    0.0393012033562131,
    0.1081295935420076,
    0.029337084304325953,
    0.08616024703208758,
    0.14820204934859166,
    0.043951992968375035,
    0.08779946568902407,
    0.012817680835930679,
    0.17221337165260533,
    0.021552422036279946,
    0.021873500141673365,
    0.03159250981594028,
    0.03405119323668704,
    0.09282352124811342,
    0.14372452047902945,
    0.024908056877519038,
    0.10770001966079348,
    0.08118346411616059,
    0.15445736209977273,
    0.005067641803473021,
    0.05253306193728207,
    0.004996010015439505,
    0.1587721834467684,
    0.03777749186100975,
    0.12164624449931476,
    0.010571146050782673,
    0.045643254902187555,
    0.021319889783904748,
    0.0019484424603748273,
    0.01571555168764782,
    0.005301981114073081,
    0.1490388618713606,
    0.026724945499123937,
    0.09237088930395009,
    0.016901487859460024,
    0.14119875905697582,
    0.008374052378666882,
    0.1065986538139048,
    0.023978144715005232,
    0.04900156418959944,
    0.1022608466862889,
    0.10268037332377279,
    0.021367090144738136,
    0.006300995183105596,
    0.025918057860558712,
    0.05316900186777538,
    0.10169429779163028,
    0.10413122423134971,
    0.05032216234032834,
    0.04597546448624612,
