{
  "config": {
    "mf": 0.05,
    "mf1": 0.75,
    "mf2": 0.008,
    "T_coh": 20,
    "tStack": 1728000.0,
    "nStacks": 6,
    "gamma1": 1,
    "gamma2": 5,
    "gamma1_upper": 13.2664991614216,
    "gamma2_upper": 100.0
  },
  "mismatch_list": [
    0.41697058676519905,
    0.6655289879436324,
    0.7106784567823398,
    0.3420825855274364,
    0.6791859303598045,
    0.5667835345474669,
    0.5329664896580789,
    0.36149771014994647,
    0.541399344016156,
    0.6839372377574421,
    0.5038554311444111,
    0.19181059976300793,
    0.695754368951934,
    0.6247524827083496,
    0.4341733841348016,
    0.628392205304663,
    0.40878450428722773,
    0.719288773299803,
    0.730371064240597,
    0.6917540569091085,
    0.5406976271409168,
    0.6179388248605971,
    0.6130045257052054,
    0.6350861636112745,
    0.7110728743600438,
    0.5849526563377383,
    0.6829481172964428,
    0.6902955711278201,
    0.44734640537615744,
    0.7379179088837118,
    0.4574072385478494,
    0.2699240916252281,
    0.3954633765484095,
    0.41205743019180224,
    0.7241009062794878,
    0.7263296325863786,
    0.653941470610781,
    0.7246814327904967,
    0.6506784383503451,
    0.5272582093664241,
    0.6664943907645732,
    0.11687066366998576,
    0.7082543513331157,
    0.379367691510863,
    0.6650878398385444,
    0.6940771116587462,
    0.2106030482398909,
    0.5087604017437535,
    0.7466831896848487,
    0.586856627164011,
    0.6197211716286499,
    0.7183088417302091,
    0.5165049295285215,
    0.5594708575528838,
    0.7325069529278302,
    0.5558761307079957,
    0.560365703782885,
    0.6922054239288273,
    0.3759694822550309,
    0.6601426712275372,
    0.7013883249361141,
    0.6742383764318542,
    0.4184617351250822,
    0.5653736495988927,
    0.4971204887557786,
    0.6616527665935928,
    0.6613361970870293,
    0.3550957905336095,
    0.4727504645133688,
    0.6367099410143647,
    0.6315072123852595,
    0.37319763554373786,
    0.5606126925099856,
    0.6222021994140143,
    0.7194803847256013,
    0.6584824364234427,
    0.7016822068258447,
    0.5904782701421313,
    0.601469051651111,
    0.6959468206598373,
    0.42114098816958695,
    0.6470599125477755,
    0.603103644298068,
    0.6292880002402664,
    0.740066943920006,
    0.35672409461771665,
    0.6969921858101181,
    0.6255130735426825,
    0.26170250045185495,
    0.740599357504039,
    0.7318674169283558,
    0.7736399275167235,
    0.6869253080284455,
    0.34788454372085376,
    0.7187863388128038,
    0.6863516664095223,
    0.7116558132938701,
    0.5134522659589359,
    0.5156677374932682,
    0.589515686332123,
    0.7508921085366915,
    0.5637274827435872,
    0.7371463943820148,
    0.4133039209297792,
    0.6788053909897689,
    0.673552326751991,
    0.7459508431715911,
    0.35520497299550163,
    0.7096253664578683,
    0.29203538335783885,
    0.6364191763001847,
    0.10850188759887816,
    0.4697447483181618,
    0.5286590409529645,
    0.4413834382890859,
    0.6287080700584934,
    0.0728692641394812,
    0.7677122251721846,
    0.5814529626883302,
    0.6909577947441276,
    0.6883129390541763,
    0.4279377319517433,
    0.45905158930957324,
    0.6176419342188135,
    0.686816857425161,
    0.6557717947764378,
    0.7238748703932618,
    0.68723932958282,
    0.6176649200002645,
    0.6528729841496773,
    0.6658821232746975,
    0.6643437293758179,
    0.7176523103475158,
    0.6660545437414542,
    0.6784338778758926,
    0.4061458016307545,
    0.4190261878526,
    0.6544952165179295,
    0.6822926159369748,
    0.6121793415722904,
    0.6735705418995558,
    0.23857040149112668,
    0.5174298903849284,
    0.682017626841668,
    0.6823342234541059,
    0.5485343962161067,
    0.597437107052916,
    0.4372722903260327,
    0.7183139376345874,
    0.5675193506126416,
    0.4349788622970624,
    0.7100947588840316,
    0.6066937631443161,
    0.6823321634076551,
    0.6837779094279978,
    0.660759790668922,
    0.2560085320618582,
    0.6596041046100262,
    0.7046574018065306,
    0.22291057891316937,
    0.6908763958034468,
    0.4672938893709518,
    0.5344402902583765,
    0.6572054244709449,
    0.15953818312360074,
    0.6656118506015282,
    0.653565674768757,
    0.5552219575363709,
    0.4150057361451305,
    0.5987307078005176,
    0.42980955521103387,
    0.3956776213792922,
    0.7046758338010903,
    0.6944118149952516,
    0.6439876243251585,
    0.37338238918332495,
    0.3557174908677599,
    0.3476845565798805,
    0.5621307027913521,
    0.6806559361376926,
    0.7237184694982475,
    0.5892989206549256,
    0.7323736462377642,
    0.6279951584571466,
    0.22570503192367247,
    0.6038606842628607,
    0.605705889553537,
    0.7628221085919875,
    0.6646256575749588,
    0.4458605155558987,
    0.681324692269719,
    0.6001742582450378,
    0.2785209365231382,
    0.6976522409564774,
    0.7136033703661017,
    0.4069746992684558,
    0.7215410003997574,
    0.6702069468452719,
    0.6645045485283516,
    0.6336954154099932,
    0.6982746189374865,
    0.4383094152905105,
    0.7120275974664898,
    0.7277228474222259,
    0.6831171495289053,
    0.6672135909287698,
    0.6797626349425295,
    0.4156120403426486,
    0.615900734168028,
    0.44505232680620266,
    0.7219398633408554,
    0.2901817210343645,
    0.7031499357102872,
    0.3749665649039861,
    0.6000868689061251,
    0.6137453834630097,
    0.5985897843597587,
    0.6889644016383658,
    0.2180061504313141,
    0.4418414191421468,
    0.4150451480864391,
    0.6869493780448707,
    0.4063439455722717,
    0.4164223975622928,
    0.6740655493769824,
    0.3910694058923617,
    0.5992533090580351,
    0.6780022981444511,
    0.6244426625644998,
    0.41442594149272916,
    0.6638237573881126,
    0.6671255239429983,
    0.4876331074618894,
    0.6553529005941933,
    0.7021741513394693,
    0.683975131769787,
    0.3170871745519643,
    0.44134386371253115,
    0.44051241812264064,
    0.15750014664278025,
    0.6105602534854631,
    0.6953655080784722,
    0.5905357074898844,
    0.7179399849920195,
    0.674911767668395,
    0.6303418224233454,
    0.6134312263792634,
    0.694523165927092,
    0.5924846198558336,
    0.7226915092366519,
    0.6516781029964677,
    0.6837929260823891,
    0.29115173185394533,
    0.3319130035878419,
    0.7292282805778929,
    0.1338423563548584,
    0.5681437073224784,
    0.5352948842649641,
    0.6509022515548742,
    0.5185071862551967,
    0.6166353033629824,
    0.7000593510224824,
    0.570649808041619,
    0.5396426122993664,
    0.6788480014242511,
    0.06654535522953092,
    0.12290199177217448,
    0.6432787514990904,
    0.5386569342844097,
    0.5645193266510486,
    0.6610636204145399,
    0.6898389726743512,
    0.5749298256018887,
    0.4553374339822877,
    0.5414305699834101,
    0.5562084487275581,
    0.6918571947610199,
    0.07685512875127683,
    0.7120601245157129,
    0.4025202825126018,
    0.7030293416752926,
    0.6710580712999424,
    0.692537064301531,
    0.4454050284432782,
    0.6025486244148248,
    0.5637243384621623,
    0.459973080614063,
    0.6928596242063264,
    0.32077823567430147,
    0.41207396477515734,
    0.6985626188524826,
    0.3538258261084432,
    0.4044959212706627,
    0.7226978249053762,
    0.6970900380165309,
    0.7119661755552069,
    0.5902652450755945,
    0.6577755694320766,
    0.5954644228351595,
    0.2024069908001578,
    0.6305340572842538,
    0.5570209744171505,
    0.41233483170992635,
    0.6941313505133256,
    0.4381140361481772,
    0.5469643426559831,
    0.6552173983283048,
    0.4354384695025844,
    0.6737229853369147,
    0.3932309367367325,
    0.6817683341152475,
    0.544436665660858,
    0.6271934209055465,
    0.6258812526340133,
    0.628461704766503,
    0.3240010157113237,
    0.5978084575315461,
    0.5883697583879941,
    0.6595086648264308,
    0.7028713415336916,
    0.7411773360628587,
    0.42926407659556287,
