{
  "config": {
    "mf": 0.005,
    "mf1": 0.75,
    "mf2": 0.03,
    "T_coh": 10,
    "tStack": 864000.0,
    "nStacks": 12,
    "gamma1": 23,
    "gamma2": 19,
    "gamma1_upper": 26.758176320519304,
    "gamma2_upper": 100.0
  },
  "mismatch_list": [
    0.5859157009476105,
    0.5043723943800632,
    0.5086740966398149,
    0.18671041265657845,
    0.5889568716264706,
    0.2655249166413046,
    0.15184250012441597,
    0.21357287625745505,
    0.3495006501615022,
    0.4525386982436369,
    0.5909358444070769,
    0.06382815396093262,
    0.5025567344924311,
    0.5965781490005576,
    0.536303493849623,
    0.2940872980463278,
    0.3693748398720473,
    0.5035990095730358,
    0.39656875410450704,
    0.6072365040664774,
    0.5501347541437563,
    0.5292964084824906,
    0.597647529955515,
    0.4663632904926796,
    0.1594828871399215,
    0.012355074376892872,
    0.5757633583441043,
    0.44025469546929646,
    0.4739490862772391,
    0.3707865138083287,
    0.047499683674446305,
    0.44955520886539907,
    0.5776073980821835,
    0.5091816270311923,
    0.582225073519263,
    0.35624074266626177,
    0.45129741183353567,
    0.5311211217321564,
    0.046781703274595625,
    0.602596222330188,
    0.6114981980556848,
    0.3294379119889608,
    0.16792398168380174,
    0.47342100963310246,
    0.5063729705425284,
    0.5960000891241148,
    0.2612997071589758,
    0.4175157943219265,
    0.07352175674689608,
    0.5926957204052914,
    0.503414581203941,
    0.5764506277883136,
    0.4363742727087323,
    0.4203915649554873,
    0.19203828910756945,
    0.5942447669127916,
    0.5132419785857087,
    0.4354908380518336,
    0.3619537935918027,
    0.35837321601332656,
    0.5697036774973429,
    0.10942473419708551,
    0.49450677771545837,
    0.4638182657379688,
    0.17756630015549013,
    0.21182102359804894,
    0.32571269746493936,
    0.3847248965179035,
    0.6054017616433012,
    0.411931171029068,
    0.5727818476946942,
    0.4528062874352454,
    0.34444182661933476,
    0.42257667791054476,
    0.47104105965319876,
    0.4336532766177247,
    0.5114116273141776,
    0.029425269809162716,
    0.452757822131903,
    0.31522516361918934,
    0.5898628854767051,
    0.5188642790439173,
    0.5607433699302392,
    0.5037851185063406,
    0.5788065077517922,
    0.22900696111380422,
    0.3074707150844082,
    0.32927446356661483,
    0.3420022437158554,
    0.5831145527861423,
    0.43210629015667523,
    0.584702225164595,
    0.48942946796698245,
    0.5180648725975114,
    0.6083403094818626,
    0.4681392131685108,
    0.43945686116360316,
    0.48535718982775083,
    0.2068871039248981,
    0.41170434907248576,
    0.5713587350794359,
    0.5755427436327488,
    0.5851006544117033,
    0.05232517985018691,
    0.3589260674266214,
    0.5571559616714262,
    0.45815536067998014,
    0.44479032142471076,
    0.5981149436528506,
    0.4588383202901673,
    0.5378167606029778,
    0.6124065701169878,
    0.5968646580924643,
    0.5953266436758254,
    0.012892638077052893,
    0.5915316044194718,
    0.41247003581119696,
    0.5275575666427738,
    0.4755888832520717,
    0.5873364824576744,
    0.22125272942601792,
    0.3132184615291204,
    0.5588214279092708,
    0.5086926912696207,
    0.14354571725558876,
    0.5678975588774828,
    0.6036031513506369,
    0.6095800237512513,
    0.3304452747033994,
    0.38473931684305906,
    0.5522719168070841,
    0.49915467620244097,
    0.5535953882282224,
    0.16557563715339313,
    0.4324859892446059,
    0.3857255911872514,
    0.5204491595173116,
    0.2199925231156186,
    0.4001580597745247,
    0.48985394595934356,
    0.43935304566483285,
    0.5516630104456282,
    0.22904973418353258,
    0.1885069900086663,
    0.594299764731853,
    0.5430084029294728,
    0.5308990161977115,
    0.4454187440157006,
    0.341216932324113,
    0.5300523913181836,
    0.5810192958045636,
    0.48471814173401484,
    0.5508608392000385,
    0.22582624939377713,
    0.4272405146516467,
    0.5898369180490753,
    0.4356603039782858,
    0.3758453373504962,
    0.2157575013067742,
    0.5519554286181436,
    0.5190528275059136,
    0.40190682236425457,
    0.3497012336317112,
    0.3477254864501529,
    0.49833477771502466,
    0.39133103179161266,
    0.24965491511361754,
    0.5965706948851107,
    0.4567998501153572,
    0.11143566480355342,
    0.15598547038395905,
    0.054783032112979885,
    0.13515677441396287,
    0.5503604918653645,
    0.6044899471359554,
    0.46679703869406936,
    0.572806893522596,
    0.34855308300588533,
    0.5314285023473145,
    0.5565391946064081,
    0.3767892723189498,
    0.3990713852717304,
    0.5874360965459201,
    0.19250348012320811,
    0.5854010959230271,
    0.5476513410414489,
    0.5814629647559664,
    0.4458758574807822,
    0.502374366169787,
    0.3255143366764273,
    0.5887119429458209,
    0.4551814125695144,
    0.5970342324424138,
    0.5226094434914621,
    0.34904359090816933,
    0.2708145195977098,
    0.3366529536241259,
    0.5921287739373332,
    0.5222611872177804,
    0.5930310200710326,
    0.5116161140302933,
    0.3416597338875364,
    0.5800590159938753,
    0.14443197092342017,
    0.12399403323809052,
    0.6015118518267136,
    0.39625351278578674,
    0.38908135264384736,
    0.0568140210664687,
    0.19867727670099392,
    0.515842082477104,
    0.44420114813978345,
    0.16466607243361853,
    0.2209223088176602,
    0.5919464056146891,
    0.2764409943605686,
    0.4921802805197779,
    0.5840523618269923,
    0.6022727137197901,
    0.2636693026948769,
    0.5779590425901593,
    0.17885008857657622,
    0.3759332688068959,
    0.5308604716443822,
    0.30607665996645594,
    0.13698219241636184,
    0.5998520236107345,
    0.5417020624209253,
    0.4927264096762333,
    0.3642360540005397,
    0.4303781822432019,
    0.3002661905284919,
    0.535637394093283,
    0.5105155613198306,
    0.5679008929000282,
    0.33273496212170905,
    0.5450677446275344,
    0.46792187826795195,
    0.421348348108384,
    0.2907167367823354,
    0.2763576709028088,
    0.23098493097705944,
    0.3076699974726483,
    0.45653741103987566,
    0.19429761794660425,
    0.5493211713250642,
    0.4630645597957215,
    0.4522887820821063,
    0.4767130180732212,
    0.5225637971990524,
    0.5619119312794526,
    0.3685199205949674,
    0.5092698837580842,
    0.2197124652218079,
    0.2633534650469208,
    0.5687482496381637,
    0.5389989019952417,
    0.32704180690794293,
    0.37923731225522717,
    0.519657993256709,
    0.3611420268666921,
    0.5827538549161329,
    0.5561198396242996,
    0.564702182879431,
    0.46261265065851553,
    0.575139733492875,
    0.5909587759767791,
    0.20621308925324724,
    0.4411931550511309,
    0.5341413666760164,
    0.17751582901744567,
    0.38709129356063093,
    0.37768636833652225,
    0.3825233574029884,
    0.5615682287926621,
    0.5635042658682938,
    0.5207428245600473,
    0.46116579329732443,
    0.5610151876382468,
    0.4435145563424331,
    0.36810877869278774,
    0.18089435940849777,
    0.5190968474458623,
    0.3948195578207874,
    0.6094976218932195,
    0.2380616784412778,
    0.5943445165304091,
    0.3104447174066227,
    0.48061311969856535,
    0.40021986116804853,
    0.23072482300677224,
    0.5466507819014728,
    0.5385722013211837,
    0.6112338615689986,
    0.5560737325320259,
    0.5893711578100752,
    0.3340219490359687,
    0.1675151166750677,
    0.26227286225998153,
    0.5181161569117866,
    0.3731335030450197,
    0.5890721258042177,
    0.47114969999760387,
    0.08991712433128453,
    0.615985223178385,
    0.5988862955193014,
    0.3460729497143746,
    0.4493218272872235,
    0.47732029808221604,
    0.5028326180815915,
    0.37130309756173985,
    0.3541487654954797,
    0.5976536558831186,
    0.6019761754543731,
    0.5467035028270885,
    0.20729949269729797,
    0.19156225574218974,
    0.4183176945087727,
    0.5540368887096769,
