{
  "config": {
    "mf": 0.45,
    "mf1": 0.4,
    "mf2": 0.005,
    "T_coh": 30,
    "tStack": 2592000.0,
    "nStacks": 4,
    "gamma1": 3,
    "gamma2": 29,
    "gamma1_upper": 8.717797887081348,
    "gamma2_upper": 47.70744176750625
  },
  "mismatch_list": [
    0.3377961660863358,
    0.3635614265528923,
    0.011954561001821804,
    0.2706504168233989,
    0.16574422341144357,
    0.10899968745111906,
    0.30150572808709963,
    0.29079579686809254,
    0.3331416887296493,
    0.34404172252887605,
    0.12335084204600685,
    0.3225427109177285,
    0.23810312031339315,
    0.06806590357708002,
    0.1614494230278267,
    0.17513767619184198,
    0.3488869530069313,
    0.07055530770740914,
    0.3470270558618239,
    0.23131168756445777,
    0.08599756437393799,
    0.34258248644922784,
    0.3177457650494021,
    0.16758359236918124,
    0.24484879833484596,
    0.29031172197085636,
    0.15623902211810994,
    0.3754370552286305,
    0.043099435359195575,
    0.26756836970629366,
    0.3118218650638875,
    0.06419156962279311,
    0.13078052794450104,
    0.32592986183373385,
    0.08131157191269796,
    0.0415235355668194,
    0.09440414623124165,
    0.327512556167,
    0.09788230062576275,
    0.2927222660574517,
    0.3564095940073884,
    0.216305438032486,
    0.09845586107216699,
    0.3000211209026389,
    0.3161137741535086,
    0.27037682812905234,
    0.3492753260729086,
    0.021221375105206962,
    0.02157237819628937,
    0.3253572410578782,
    0.32634584675737044,
    0.1443441663373001,
    0.0392828550024735,
    0.2978388444770068,
    0.2855524352068244,
    0.11634133344744307,
    0.29539418312126176,
    0.23995448814121312,
    0.22848458029542665,
    0.13998843193272306,
    0.11458227018043698,
    0.2604162480313902,
    0.18383917003671077,
    0.2442821769940315,
    0.2378468071006711,
    0.08684153309129347,
    0.23259079602817162,
    0.1745469125461631,
    0.31660290881523734,
    0.3260932199444929,
    0.18788936694828834,
    0.07902463064442028,
    0.2977602735626727,
    0.17287314245203125,
    0.2769136824416631,
    0.1294695429644842,
    0.2540225850539183,
    0.15186738559655635,
    0.07737594252570143,
    0.3433508478285948,
    0.2861551977225855,
    0.3329842577715814,
    0.30532903070236184,
    0.1245330921608635,
    0.1605100416086119,
    0.3252539495798805,
    0.0699664956851774,
    0.06804906178955486,
    0.3324827628280209,
    0.3633445795032121,
    0.37329142595439446,
    0.32381936178154597,
    0.14839920616632052,
    0.04591526658164335,
    0.2280054205979832,
    0.10531668487700002,
    0.11755820680789866,
    0.3096635140960702,
    0.36531882732585086,
    0.1619463641833439,
    0.2793285634692521,
    0.09640839122908619,
    0.3075435450560463,
    0.2689462158599619,
    0.05093838392278626,
    0.15430257796446542,
    0.15095980841129467,
    0.13301585961495482,
    0.3277940959198348,
    0.3003815206992074,
    0.2508482333759992,
    0.32450546584673423,
    0.39702244424790073,
    0.0010499734145517092,
    0.08016575210218758,
    0.2408721848554599,
    0.30586637769146946,
    0.3207522771108687,
    0.11799761121290073,
    0.17952564852447148,
    0.3184712629952823,
    0.1449785162399647,
    0.04749441907976473,
    0.3118087096762069,
    0.3194634105299193,
    0.15300778423082473,
    0.3525346095119525,
    0.2935240941648194,
    0.3225833335983686,
    0.31388726092974184,
    0.3043974557769355,
    0.12263033158226931,
    0.07075169885206954,
    0.3498241659556493,
    0.1138645064459954,
    0.37567363535983167,
    0.07539800830321809,
    0.08072218163166707,
    0.34380723858582185,
    0.27427638862345205,
    0.018620077897242834,
    0.32616333382388957,
    0.12985596440701438,
    0.16447949913535853,
    0.28928046968492704,
    0.2357421619188246,
    0.04109902132589539,
    0.3278975319625323,
    0.3277493531452508,
    0.18041175785181482,
    0.06672802956290284,
    0.3203626752449432,
    0.027199053159042277,
    0.33513379029271173,
    0.3185695669911373,
    0.19733312824421256,
    0.05669950405634091,
    0.3388712214763005,
    0.27118624588315876,
    0.13974802083697757,
    0.24823753946254892,
    0.2310897084679351,
    0.395364865400145,
    0.033413817320527985,
    0.26468986968648833,
    0.2960920692094826,
    0.17464059047162497,
    0.2890605144942014,
    0.2099192201370531,
    0.11671272016119542,
    0.40753692399279606,
    0.31163017227197015,
    0.006656192472284779,
    0.14523432347623746,
    0.18126729174515324,
    0.0940786588096716,
    0.2951628796016028,
    0.12658453753318843,
    0.31663586956678874,
    0.031383261547322246,
    0.32090855155133824,
    0.02757571648433685,
    0.32076131240460537,
    0.2289643182516692,
    0.16214456238675162,
    0.29253411510067917,
    0.2646328389124224,
    0.3170746957129916,
    0.12430171635885469,
    0.23733374698112766,
    0.31923557656305523,
    0.08746598031202267,
    0.2101401872806773,
    0.10813851553448894,
    0.1563734672889117,
    0.3095936893460731,
    0.0711197605777268,
    0.07319122816097222,
    0.11763388642823708,
    0.21672315773252004,
    0.3569748419835549,
    0.3491565661720337,
    0.3270711278562009,
    0.32077461235698573,
    0.022927093997991706,
    0.21509897333041506,
    0.18735332104147878,
    0.16716312593985125,
    0.16349985644725312,
    0.30683944268573454,
    0.28253074385188015,
    0.09898178744999146,
    0.2942894196854908,
    0.05874256467607821,
    0.13489592353568247,
    0.3331352556005088,
    0.17646665947698226,
    0.35118733879228914,
    0.36033958537109323,
    0.24550035143678517,
    0.31111414857608105,
    0.1753998442749054,
    0.19609550984933757,
    0.07793179379638178,
    0.32635090652186294,
    0.3221971290028881,
    0.36499485783362856,
    0.29939660139955976,
    0.18598863027549117,
    0.08917531332230208,
    0.32992591926524123,
    0.3450487602275911,
    0.30525494129372105,
    0.2560172887815769,
    0.3462800900580254,
    0.3258425447550626,
    0.3353238928729314,
    0.03681368993011453,
    0.11398984404071058,
    0.11246837285780414,
    0.24075747276617904,
    0.29550925662229205,
    0.3187234561140604,
    0.053966508406870985,
    0.30122599539301215,
    0.03537078966154223,
    0.32696010216676463,
    0.1650029679132866,
    0.3253155341419897,
    0.2413438994708643,
    0.02271602953630294,
    0.2874252708925627,
    0.10727452460621299,
    0.09820937825903045,
    0.06939127274472563,
    0.19320334846540235,
    0.10479111991092502,
    0.333482283162347,
    0.36939388936579176,
    0.30982318580698476,
    0.12748221203651472,
    0.2112018704359117,
    0.003670280880537804,
    0.31810934526936596,
    0.23371377461611567,
    0.014988540356247899,
    0.11809230109126109,
    0.30203367837072115,
    0.3083366992814267,
    0.13147241459768078,
    0.29534907893492823,
    0.04574605360054287,
    0.1690225893908593,
    0.03934378902343365,
    0.23017736064758046,
    0.31625747146509675,
    0.11533060934888348,
    0.3870232653753955,
    0.3022360689504227,
    0.28366998596855025,
    0.13825828160567433,
    0.2442988742168569,
    0.35718713524519186,
    0.10759047075759709,
    0.004024825806764992,
    0.18212087401504456,
    0.3290175469741307,
    0.3423028983198401,
    0.0473236158869666,
    0.18869148418505555,
    0.23727678848941164,
    0.29816881340427026,
    0.20270811606463662,
    0.1003276125226569,
    0.30370954465299993,
    0.061615932649041145,
    0.2999810764807979,
    0.0945132925795807,
    0.105524207503544,
    0.08620826742387729,
    0.31252806362234614,
    0.37961273429962306,
    0.30624477579316145,
    0.34072389038641854,
    0.10610861030243224,
    0.18550455537825497,
    0.016816055008603045,
    0.08031653308406524,
    0.019563507128051653,
    0.2938329566459139,
    0.08100849201959488,
    0.0979860980802097,
    0.2882794314212532,
