{
  "config": {
    "mf": 0.8,
    "mf1": 0.15,
    "mf2": 0.005,
    "T_coh": 30,
    "tStack": 2592000.0,
    "nStacks": 4,
    "gamma1": 5,
    "gamma2": 19,
    "gamma1_upper": 8.717797887081348,
    "gamma2_upper": 47.70744176750625
  },
  "mismatch_list": [
    0.12550485607283055,
    0.04200247841721315,
    0.03696360352379347,
    0.08606370272409046,
    0.08115898387207296,
    0.18566704610081539,
    0.01684916032485423,
    0.16181921952988138,
    0.2514178905755092,
    0.06474387905832868,
    0.043058957243255265,
    0.17261357653356402,
    0.16930579163774168,
    0.14820881445670128,
    0.11202043913551465,
    0.20892736173181573,
    0.2757085911042401,
    0.15204491104789458,
    0.20680739269179182,
    0.026107734240351534,
    0.21914288167755192,
    0.11281265369034646,
    0.0648412433836351,
    0.12780198915244317,
    0.12938106936821467,
    0.0987048737675498,
    0.016083834804182778,
    0.17586107794957526,
    0.07907060221895248,
    0.01655836843123303,
    0.025517837982871397,
    0.17460936449647102,
    0.24679507288807598,
    0.11123415173337411,
    0.018937469695624806,
    0.13533048502324166,
    0.25707781541921304,
    0.014461240613775454,
    0.1466274934880831,
    0.15341213169612847,
    0.17144368670053914,
    0.06999273417818871,
    0.253025233190089,
    0.23287529935735207,
    0.055320139973324925,
    0.1872807495621858,
    0.2121228198559037,
    0.07242532438150162,
    0.333996355234789,
    0.1817012026915634,
    0.3224254689462014,
    0.13669474209512994,
    0.06505584968046864,
    0.13258093671564616,
    0.05254558197266628,
    0.2086915767064634,
    0.19474802228262456,
    0.018793555536987024,
    0.2618051533845921,
    0.1584767391061102,
    0.024520919813141452,
    0.19404616066515953,
    0.03002030555773206,
    0.27227301101380624,
    0.05506953706624446,
    0.04290282736748549,
    0.07401792139670317,
    0.19528927251862643,
    0.06946565128276595,
    0.06160393377895884,
    0.0557779040951999,
    0.11992624887275675,
    0.022657263985839598,
    0.2594695660948362,
    0.16064860687335755,
    0.19326168032176633,
    0.18706614326535226,
    0.06064416873707411,
    0.22116505269817002,
    0.012322550445129168,
    0.030838686323225274,
    0.24079368622347563,
    0.0710792101794366,
    0.1407804296405052,
    0.26975440481412016,
    0.08754180449706085,
    0.09306945264045978,
    0.1670452334271751,
    0.3271908997099743,
    0.2405198083997295,
    0.16129618444605265,
    0.063694556184926,
    0.12984006229003783,
    0.017367135644190422,
    0.11117459107706194,
    0.0070867061482499435,
    0.1278162287753722,
    0.0821647927708398,
    0.26109237713229316,
    0.25606738045005306,
    0.14723278588609054,
    0.02371974224692287,
    0.07392373749479206,
    0.16320190860099246,
    0.13425911603312152,
    0.0725626608462991,
    0.052171448529617984,
    0.10612321133711071,
    0.2074350926182662,
    0.04176445263901414,
    0.21023249184149118,
    0.31483950860723764,
    0.037406549763940304,
    0.0991118233974497,
    0.17821726570905083,
    0.08362764296798268,
    0.093152721907537,
    0.15419878051001848,
    0.038823862080650334,
    0.1860288192620319,
    0.0749153067706299,
    0.09578813638465081,
    0.0940118699183701,
    0.17171416725384028,
    0.1596079578819421,
    0.06707816526578654,
    0.1521686584309121,
    0.09488012550528976,
    0.09919567092332607,
    0.03231433049629929,
    0.1648078055685744,
    0.2604380050187081,
    0.16511131915577684,
    0.13467090858046427,
    0.05252765594989272,
    0.014351732853686934,
    0.01359204535630717,
    0.11983763071178744,
    0.06931537627733754,
    0.2061460091902671,
    0.12605853887301408,
    0.07632488487590132,
    0.25105134677919966,
    0.03139294738220796,
    0.12353465606178579,
    0.06769762500437308,
    0.31400276812487155,
    0.054079413437404494,
    0.30711288681538135,
    0.37468640302498746,
    0.24475989104447707,
    0.10261917986132776,
    0.304142805058261,
    0.10083554059535792,
    0.08923407887276542,
    0.07054063439038077,
    0.07525004633298628,
    0.032619072883449916,
    0.18096623575784718,
    0.024813952459609347,
    0.052955639743611616,
    0.11687484947200635,
    0.22271652105628223,
    0.028069766345858324,
    0.2552975011413383,
    0.099819612167606,
    0.22750797346601676,
    0.26742626260640323,
    0.27918428789886485,
    0.019681255076028022,
    0.2353198161483974,
    0.09861603875953079,
    0.034102017573863164,
    0.1271994434837317,
    0.08331278105184697,
    0.2830833424168153,
    0.017783048285477117,
    0.25926587443283655,
    0.018350537014490298,
    0.08360285012196923,
    0.041358948656112095,
    0.07632806529929663,
    0.26892308550799604,
    0.031903477619505134,
    0.06641736002306096,
    0.3449073036688497,
    0.08695899190987028,
    0.15669237701664143,
    0.12458744848798335,
    0.27289153108184416,
    0.09253904475694193,
    0.2699014271138034,
    0.006670793506963248,
    0.07394477165861103,
    0.2672415812024256,
    0.26041046544339874,
    0.02156514996130003,
    0.27763397605835094,
    0.21990097896323402,
    0.0070019912341748635,
    0.25916489599003545,
    0.1099845344684168,
    0.19894936158782928,
    0.026944474722717677,
    0.19881260338183093,
    0.08005125685995641,
    0.07754884190664647,
    0.19893714587069727,
    0.10836143430156023,
    0.018180167515791525,
    0.05065301320540707,
    0.3238863675198972,
    0.2818842505144335,
    0.20452399325865891,
    0.024667219289325717,
    0.04523205381045081,
    0.17464731273016507,
    0.140099674469209,
    0.24726064350373944,
    0.17654862766176138,
    0.17246294011638616,
    0.09971407993676162,
    0.1425863318702422,
    0.23749486433904007,
    0.24698763306819205,
    0.06473679538803913,
    0.11366500716028959,
    0.30405866840298507,
    0.04188856143378113,
    0.07706982677390284,
    0.2535965528836465,
    0.02156370431430216,
    0.1771268141785588,
    0.21278507074562714,
    0.060530179471292196,
    0.19579517668553043,
    0.21999068135945174,
    0.08906060123302124,
    0.20900051146990783,
    0.010977014501863294,
    0.19879525561785652,
    0.06805520578929579,
    0.10835167618432462,
    0.1943537943463059,
    0.07785062071745147,
    0.059561234570971004,
    0.2457680852607904,
    0.03029599044022553,
    0.2406296052892176,
    0.03896741482753865,
    0.06646824679738593,
    0.11065227881673215,
    0.14282558644838939,
    0.019277269022473738,
    0.18136696910565628,
    0.046627320010443354,
    0.0205077314647093,
    0.2506317477380684,
    0.08767429804441548,
    0.26301046156906477,
    0.038335811654170014,
    0.23225692385401395,
    0.15175802240116762,
    0.15518854272710897,
    0.08863297885105181,
    0.16100011594088923,
    0.05900704579433821,
    0.13159666795714756,
    0.008691518880583487,
    0.17357030571675322,
    0.15632272507928652,
    0.16152770481276124,
    0.06913185139095818,
    0.05496342657660093,
    0.02152618977470748,
    0.08501293420368992,
    0.0932228357869336,
    0.1852639274354598,
    0.21428941101160884,
    0.1431139930244641,
    0.22810661588783399,
    0.12545498125140409,
    0.1641691187249162,
    0.18755375999773322,
    0.20016630723063478,
    0.19729149361067397,
    0.04635814053944028,
    0.18398503581879566,
    0.10664053611529786,
    0.19731014245694647,
    0.3386519168267239,
    0.14136822970983842,
    0.07196401842448186,
    0.1439753817881439,
    0.2798608506938672,
    0.05756457921986527,
    0.2662922248189255,
    0.23136915203262304,
    0.07039614197294385,
    0.2369515179148913,
    0.06316588307780559,
    0.20064250335173256,
    0.05849557588649242,
    0.026344748065652034,
    0.007916362960326532,
    0.0030469901774069085,
    0.16949618334736094,
    0.014420111956686103,
    0.2749820812054614,
    0.25386912962509456,
