{
  "config": {
    "mf": 0.4,
    "mf1": 0.4,
    "mf2": 0.03,
    "T_coh": 15,
    "tStack": 1296000.0,
    "nStacks": 8,
    "gamma1": 13,
    "gamma2": 11,
    "gamma1_upper": 17.776388834631177,
    "gamma2_upper": 100.0
  },
  "mismatch_list": [
    0.28605064617473464,
    0.49889917690713925,
    0.29068509730063247,
    0.38549842395700995,
    0.27945582713777756,
    0.5152220714253084,
    0.35024114816654534,
    0.09988826604045148,
    0.23608659938438623,
    0.5177349651396985,
    0.22038638062927224,
    0.5247923908147138,
    0.4382539042554606,
    0.22182067805411457,
    0.32109635171057477,
    0.536859990944475,
    0.44365111421700065,
    0.08012520448659048,
    0.21983609557684444,
    0.1856493927420488,
    0.5163911289972828,
    0.5034413958345741,
    0.4151104531174194,
    0.31703191870150943,
    0.1571539803542526,
    0.4620510041166208,
    0.3600236160688729,
    0.5357499880011404,
    0.5289994729175618,
    0.4697584644003953,
    0.49309588505612867,
    0.5137655471971532,
    0.1096031500042502,
    0.12681269519831656,
    0.20871351406989178,
    0.11452347757601061,
    0.19659567775052897,
    0.3065287241135445,
    0.41633032513729296,
    0.5008023333878824,
    0.449237595347565,
    0.10398818965253037,
    0.31675926991420383,
    0.4519081005891874,
    0.22448861727454142,
    0.16918833063190333,
    0.437478496019559,
    0.39246202722324414,
    0.5173793362866912,
    0.2304115001697188,
    0.30050240526538874,
    0.48030401640865744,
    0.0680963476627667,
    0.49017893335630947,
    0.4910955088991061,
    0.3826344551737059,
    0.3143010216089343,
    0.31710311675439806,
    0.3820891575990947,
    0.4354749755830434,
    0.4310906573119894,
    0.5181923674530787,
    0.5123185642309078,
    0.4933822674780016,
    0.47755356695739565,
    0.06797375690368125,
    0.3529655398532727,
    0.5490211966361558,
    0.1464045200138088,
    0.33658601216308504,
    0.5315143905359934,
    0.5157492261458333,
    0.5313541045641349,
    0.5346074941697108,
    0.3266503058119007,
    0.48619205924140607,
    0.12279437828848265,
    0.36059811568751154,
    0.5388285267539875,
    0.2600246135644362,
    0.554564416817833,
    0.1756698833248233,
    0.40693525415319565,
    0.32961178340063296,
    0.5363429196030142,
    0.4678193836229155,
    0.2746940146218393,
    0.5264079360747017,
    0.49261885810177464,
    0.5168926235058529,
    0.3273127729740576,
    0.5596565955274033,
    0.361112259596341,
    0.4906258547380461,
    0.12694164679867534,
    0.214012456261988,
    0.4562867447006964,
    0.5286581559574194,
    0.143095798317384,
    0.4566786592618764,
    0.4146962394706392,
    0.4928081292707989,
    0.530725826923822,
    0.055033926414318604,
    0.5491128144351776,
    0.5078332314634966,
    0.3400405272327854,
    0.07532074542120623,
    0.4599984401482423,
    0.5461708892051319,
    0.43105870854104855,
    0.4962926414896859,
    0.5197692055482727,
    0.4856049825047952,
    0.4959984887219393,
    0.19496332685876794,
    0.5614380286365074,
    0.26463644033444145,
    0.5593063517047921,
    0.43883335521077227,
    0.11088406441566132,
    0.07392186631709025,
    0.47125221400645684,
    0.5369082032300352,
    0.40159507491625374,
    0.49803016310931797,
    0.24417824002461067,
    0.40977258691366775,
    0.4705109952923992,
    0.5356232048693975,
    0.43836644777662576,
    0.20436718014075964,
    0.3825188035141913,
    0.17003887630534584,
    0.5297507750106834,
    0.39281967998029294,
    0.3978500573343102,
    0.1589259083425903,
    0.4331827596914645,
    0.5515586663281928,
    0.5257627443791848,
    0.25377291854480144,
    0.49782618249484917,
    0.5123243468138835,
    0.5060179341028409,
    0.4804597847375661,
    0.552199882497914,
    0.23243988571303006,
    0.27509828945412995,
    0.024560942931110354,
    0.40601192021654614,
    0.24610441841382594,
    0.4708310974012494,
    0.3269352425880297,
    0.5075049253150495,
    0.09693314929299249,
    0.46515921474836225,
    0.1709451516222169,
    0.404992017144202,
    0.44538260026565185,
    0.4821689717006172,
    0.42905374245878897,
    0.5355595964566645,
    0.02488440616631518,
    0.539413037469403,
    0.1050727130896283,
    0.4224853425978023,
    0.12500310813834944,
    0.5412375869628198,
    0.2559634332582947,
    0.4227532207541529,
    0.4302980820328786,
    0.25720061688595186,
    0.3875652636771098,
    0.4547520110377944,
    0.40127515351312154,
    0.5568428267925574,
    0.5120929712125671,
    0.5251506941123475,
    0.32990842990728786,
    0.5313099039455141,
    0.35201661798695566,
    0.49205263480502,
    0.5613101974116002,
    0.4712102541387392,
    0.4451446469762006,
    0.33608010843499597,
    0.4467719742490015,
    0.5385925250862906,
    0.268824837466049,
    0.2783103697325729,
    0.4756659873095434,
    0.24586263416315327,
    0.4982917527066825,
    0.5001659601314035,
    0.5370801266501324,
    0.56135790372115,
    0.4457377592837924,
    0.1345786318524331,
    0.577648957891809
  ],
  "statistics": {
    "mean_mismatch": 0.3828459663375606,
    "std_mismatch": 0.14738864759732043,
    "min_mismatch": 0.024560942931110354,
    "max_mismatch": 0.577648957891809,
    "valid_samples": 200,
    "total_runs": 200
  },
  "perfect_2F": 1729335.0
}