{
  "config": {
    "mf": 1.2,
    "mf1": 0.75,
    "mf2": 0.0005,
    "T_coh": 30,
    "tStack": 2592000.0,
    "nStacks": 4,
    "gamma1": 7,
    "gamma2": 39,
    "gamma1_upper": 8.717797887081348,
    "gamma2_upper": 47.70744176750625
  },
  "mismatch_list": [
    0.08359265831063427,
    0.550063695206726,
    0.35064731735623544,
    0.16826629916392452,
    0.0257515268200768,
    0.08984631037636263,
    0.38175127990356955,
    0.3630900733492374,
    0.10555507206694849,
    0.3822169950839328,
    0.17334073697349175,
    0.1254866409206574,
    0.1484971487504261,
    0.41569066219017253,
    0.09188120309056198,
    0.3718843054490194,
    0.11686863318991551,
    0.2990815226363744,
    0.10886849498606252,
    0.16862771091339157,
    0.37338748919740283,
    0.27422911596662175,
    0.17525976108081195,
    0.05803145091782682,
    0.674546334287364,
    0.3964170434263684,
    0.2967485375112146,
    0.2535910594250546,
    0.2366791580204929,
    0.21574243080916622,
    0.4222624288777818,
    0.24115358004359494,
    0.7029723261240846,
    0.32847716412632755,
    0.20137313334445517,
    0.44684569221770637,
    0.11230450877059577,
    0.1649273605752981,
    0.08370129868252406,
    0.3099962297526296,
    0.3361871609777084,
    0.12481788461944354,
    0.09582608461834485,
    0.16897343739293177,
    0.42179122023882665,
    0.09648305889652609,
    0.568958337610039,
    0.4645757213995366,
    0.49812358633794196,
    0.48317649990935796,
    0.5256099979789854,
    0.16411902705644008,
    0.3135035862165076,
    0.1678967917912694,
    0.0728018431420964,
    0.506578778075549,
    0.2865113328605104,
    0.20574122803086398,
    0.18318530389957496,
    0.04150604323814519,
    0.46764533595246016,
    0.37828837708487595,
    0.15664033372471817,
    0.21380208340862744,
    0.19874942860802408,
    0.054327414179888796,
    0.3390972483844172,
    0.29537083592224617,
    0.22988454484816226,
    0.4640043655648042,
    0.05310931201948501,
    0.412311823744405,
    0.30774044217715596,
    0.529367957349944,
    0.3026687510968847,
    0.23041502501403,
    0.3286476781897261,
    0.16448896812319458,
    0.43496381111870236,
    0.438795606910077,
    0.16732200254491697,
    0.17855619764770103,
    0.5713754955316497,
    0.19812237922269874,
    0.24776069280030208,
    0.27952256929636604,
    0.19036214613814198,
    0.6509574592349231,
    0.27936998125574103,
    0.12063042352541838,
    0.2531301148797843,
    0.6207980101536462,
    0.0671410509101938,
    0.4886480930904145,
    0.18261174345317072,
    0.2833365474884919,
    0.2342422308761864,
    0.06836818836433427,
    0.004418330919584729,
    0.3580215626923614,
    0.2926735477536236,
    0.0982834676676712,
    0.2965102948859659,
    0.052262596572833574,
    0.3953535893535616,
    0.6102899996790664,
    0.22916135993747866,
    0.34370857317821735,
    0.054846329169773604,
    0.1121275615780567,
    0.38561578345827097,
    0.4352955871047131,
    0.1814151091506853,
    0.36356981130547994,
    0.301875090895055,
    0.26995354268807653,
    0.205018982790729,
    0.617588493112504,
    0.3126120557129223,
    0.6993010694318231,
    0.10358957040864682,
    0.13713089379438678,
    0.4473295141267179,
    0.10201656191026638,
    0.05581281647019842,
    0.5416654619608351,
    0.2398447635340749,
    0.013865055791854588,
    0.31018076659190746,
    0.22048003286823015,
    0.1766089834239224,
    0.021020213325453594,
    0.1544485883112501,
    0.24876895929896528,
    0.515145826749616,
    0.46067919676383245,
    0.3735545337080065,
    0.5499032283899628,
    0.39021026646454593,
    0.4332919203656677,
    0.17599349921458,
    0.4679003119417092,
    0.1796064601916523,
    0.3938902693211444,
    0.27257515123636067,
    0.15929504758925353,
    0.22712400962338294,
    0.3088855391641674,
    0.46679439198834,
    0.170388581239145,
    0.4220087901120058,
    0.3858733977532911,
    0.010154369077726367,
    0.4267100341490734,
    0.2187170663543298,
    0.21255362266126843,
    0.413748833001461,
    0.23192615982090167,
    0.3093691080849543,
    0.32113139803605967,
    0.27783701717920156,
    0.30396383395992493,
    0.5673605001244703,
    0.3478401600157749,
    0.0424879989614472,
    0.23123167100312578,
    0.3806987043244217,
    0.24895277331474425,
    0.5361397654408833,
    0.22389139837144975,
    0.3776541717469112,
    0.2042925451743002,
    0.3119983062799773,
    0.12936610692178674,
    0.318354165588455,
    0.08732040365933734,
    0.21797075109168032,
    0.0052057748393235645,
    0.03485534422445231,
    0.41033114279262567,
    0.08228319125996521,
    0.35558622575975257,
    0.18584059602290945,
    0.46059422886153273,
    0.45546088093680237,
    0.08973261023998029,
    0.4127015701750303,
    0.19980583515171632,
    0.34754018826371724,
    0.5591294198127078,
    0.4255172308111323,
    0.39091314003490946,
    0.21325085820834028,
    0.6128567459237815,
    0.5577794385049234,
    0.18665182083576323,
    0.1990475210189845,
    0.28111350381752004,
    0.5928982157535623,
    0.08048516780636657,
    0.3623316146518058,
    0.37721621298890695,
    0.3102224735077959,
    0.04493222662309294,
    0.3200893033976463,
    0.42721264946905724,
    0.19638174795491548,
    0.47354512977428537,
    0.044876424648975226,
    0.33965483443149497,
    0.3298305065633819,
    0.011768000256746907,
    0.24471637706984123,
    0.5334923159525122,
    0.38602331134697004,
    0.2438247020015561,
    0.4102919296178085,
    0.01505973847089291,
    0.09507897424984654,
    0.13550627569818244,
    0.17456028478089342,
    0.20728510674223738,
    0.2203763076961331,
    0.07883525088769953,
    0.7010974303913742,
    0.03971387465488792,
    0.22287612048484687,
    0.24435633868502216,
    0.31938534559203435,
    0.07093746449129562,
    0.34019933737324204,
    0.11038194282813078,
    0.39973848968632064,
    0.21081841256972716,
    0.4395529813722602,
    0.01678670837454632,
    0.3269289484739606,
    0.08703958673000142,
    0.23061134387634052,
    0.3626964959540677,
    0.45102451557091927,
    0.03692536616069986,
    0.21575616445564597,
    0.03431250377675278,
    0.3935507229825201,
    0.0978961065545924,
    0.1147993340771669,
    0.5314486047916259,
    0.39789857861095873,
    0.13055067007183999,
    0.3346659789242015,
    0.4797026824558304,
    0.22968439502130739,
    0.29954521391094063,
    0.03680067910713372,
    0.3871280747827409,
    0.2902062620223618,
    0.11073157255456523,
    0.48968436899966145,
    0.029467562428097133,
    0.04238391237760068,
    0.041708939794296,
    0.30588632762004003,
    0.11691005097640444,
    0.3772493183051582,
    0.4157889300448526,
    0.371357656247696,
    0.5241686879221108,
    0.443481635512492,
    0.22633678255069378,
    0.5834323360585707,
    0.31142611919822105,
    0.2795613126359089,
    0.19899504403296192,
    0.18082716451665226,
    0.3423641937525498,
    0.45148965249248335,
    0.26275385922694316,
    0.08457591511623436,
    0.5680403879075676,
    0.31060860582092653,
    0.6363091880407985,
    0.14791021606929158,
    0.32036296437434275,
    0.25829389367381983,
    0.2357808329760176,
    0.3787762829466565,
    0.2475386414214295,
    0.29550224523435237,
    0.30342142720632476,
    0.4433818135872892,
    0.26563192555264914,
    0.07124032753734902,
    0.05380951114290249,
    0.04977239733665562,
    0.194236407810079,
    0.17342053668777407,
    0.44871935915046846,
    0.5409409398266785,
    0.21910052422051438,
    0.20951863135394383,
    0.3035143100259378,
    0.2848380687428278,
    0.2616054372518366,
    0.16981068385174716,
    0.24550165251908326,
    0.1424273829828266,
    0.29956711546295833,
    0.25440850051999925,
    0.37732420281964774,
    0.34634478276117997,
    0.31949680497557004,
    0.102892985402724,
    0.08447139483828849,
    0.04290326106158485,
