{
  "config": {
    "mf": 0.3,
    "mf1": 0.7,
    "mf2": 0.008,
    "T_coh": 30,
    "tStack": 2592000.0,
    "nStacks": 4,
    "gamma1": 7,
    "gamma2": 33,
    "gamma1_upper": 8.717797887081348,
    "gamma2_upper": 47.70744176750625
  },
  "mismatch_list": [
    0.15403520555220968,
    0.1475634776368529,
    0.045294144349009254,
    0.10310108628806713,
    0.14328920544060575,
    0.07362745214257896,
    0.14270241732417102,
    0.06377442818155823,
    0.15399378776572076,
    0.22051133112573398,
    0.01814193015269791,
    0.10884724397519385,
    0.1758868827484872,
    0.18653465114658602,
    0.19762117340853783,
    0.022160901089121537,
    0.11300246714116656,
    0.17844856922870975,
    0.16041737563604855,
    0.0933261272649313,
    0.017350872115464405,
    0.03778314080688498,
    0.10124263478995761,
    0.18054193836397286,
    0.00465599528603427,
    0.14304785467431164,
    0.08036387802324542,
    0.11783092811404651,
    0.01124149562012329,
    0.12565072185491544,
    0.2310350630114157,
    0.19372435964343407,
    0.1280475322950311,
    0.01884220155846529,
    0.12951002108042453,
    0.008161255561765413,
    0.2171898848657818,
    0.11504241961985845,
    0.1921723130265227,
    0.035423555776964426,
    0.22805804214870562,
    0.09839254173366035,
    0.11854782446028937,
    0.0376326489544069,
    0.06397624050246063,
    0.2607133284894521,
    0.009537872915485452,
    0.07438728420465851,
    0.060012059587256215,
    0.14961340507983006,
    0.21154513931555555,
    0.24401097361723142,
    0.08483649298760011,
    0.216825581822319,
    0.1026055907795478,
    0.07686143675916013,
    0.06491750126277265,
    0.07131253760489253,
    0.11007257437058698,
    0.02822372775113129,
    0.16750335896079954,
    0.11423777250084498,
    0.09255711534441528,
    0.06292937522895434,
    0.06701571331547863,
    0.26082926937868117,
    0.18394130499711014,
    0.1658899446288287,
    0.11239515083736211,
    0.07104993582772977,
    0.15002114981557882,
    0.08717612808895008,
    0.037188401631961986,
    0.013520702676962372,
    0.057453842659828565,
    0.08992112260850231,
    0.17749812860996125,
    0.05895818292581027,
    0.21176646787092918,
    0.12026510852905707,
    0.22950838749931693,
    0.04173423861675869,
    0.031386080558968084,
    0.11110758533871075,
    0.019692314275561715,
    0.06352078941578225,
    0.051582708789736136,
    0.11155747068444735,
    0.1077747907498253,
    0.029238210531885335,
    0.11534202996016664,
    0.15628629477494024,
    0.1766801815385674,
    0.26989925864330655,
    0.03586765853470955,
    0.26580757166289015,
    0.20002130883674857,
    0.14590835638899355,
    0.12305087029394919,
    0.12400485274784244,
    0.19716196363966496,
    0.12055271999928296,
    0.01882333586514311,
    0.20314426776389347,
    0.11850799688549811,
    0.1617233731339227,
    0.05611900450434692,
    0.11928842941729728,
    0.0015680932985876895,
    0.1955826665768438,
    0.15588216415668615,
    0.09416583132364306,
    0.10321283480100235,
    0.10159573406918693,
    0.022208679722401082,
    0.11656396308511478,
    0.1384191821165371,
    0.21845077817732247,
    0.02910022352593881,
    0.08147232785886091,
    0.12645854939732423,
    0.016882337923455306,
    0.2209555784481789,
    0.07480724465753924,
    0.16904167193123115,
    0.30189822124702087,
    0.026661923016984328,
    0.11493168305982174,
    0.1837235182768813,
    0.10865865932432194,
    0.16037429535551206,
    0.18644711722086507,
    0.13068598263084044,
    0.287288078992465,
    0.21797508803267393,
    0.07885238180462428,
    0.1436626160601551,
    0.16346646200160236,
    0.02022597486482478,
    0.19602293837004459,
    0.22210139825868927,
    0.1700855736283918,
    0.16755142672347867,
    0.09683998914029975,
    0.2528370822333164,
    0.0047622503403775855,
    0.11446054670321648,
    0.04834301386751339,
    0.09580794174852161,
    0.0009117695615555046,
    0.21251162661598036,
    0.14217865941684335,
    0.18770707086185714,
    0.022561634436930614,
    0.030891307873947678,
    0.11876871932156365,
    0.047749648057238366,
    0.17103738761178827,
    0.02230799567115463,
    0.17583368293896565,
    0.01587233664839465,
    0.01818407076268577,
    0.057011980654930135,
    0.02418726448603346,
    0.14903117075143862,
    0.11410376102414259,
    0.11166546051518811,
    0.1855088200368987,
    0.05180750689790465,
    0.08456355483440259,
    0.1408383278027698,
    0.05442224862294895,
    0.09317418976545534,
    0.20099842164260773,
    0.0606431567841756,
    0.042901887696936876,
    0.2250101845831,
    0.21425543830715893,
    0.07002771883553713,
    0.24087897939634986,
    0.12313276619637842,
    0.03952239871002027,
    0.10026805186634473,
    0.03355462333812035,
    0.268203586997157,
    0.0007926482489311609,
    0.11579046965890537,
    0.05767350872115464,
    0.20292358974966887,
    0.07463080344144941,
    0.10895920933517875,
    0.06829185820284682,
    0.09385133081925683,
    0.20961194786765622,
    0.2133123704880996,
    0.021830715314808426,
    0.1093514856480503,
    0.025888935567224176,
    0.016307910088852354,
    0.049491291277920145,
    0.030490285396739026,
    0.17050987102226614,
    0.24938039569671366,
    0.245820562246813,
    0.10402377048445655,
    0.10271603821018493,
    0.010978098737111695,
    0.1010265105637763,
    0.22751216584231057,
    0.21375907541044087,
    0.08860905339323709,
    0.0817280628127838,
    0.008532569993167873,
    0.20238660417231072,
    0.054107531271513035,
    0.03501732897056345,
    0.04766905323710721,
    0.05641912082110436,
    0.04483977749757927,
    0.16424523203935398,
    0.24958603898216042,
    0.05689748541269897,
    0.12997248355504257,
    0.018226139090323737,
    0.16091590700326341,
    0.026513165940903687,
    0.11332838825683596,
    0.1492993382695432,
    0.0762044624809789,
    0.07464778979367437,
    0.11213883762464007,
    0.12007341573713974,
    0.2515258081239,
    0.04300163733978979,
    0.20468352040487367,
    0.18382695431957877,
    0.14725634993215578,
    0.27229469571877424,
    0.15967633698494127,
    0.08493118286596048,
    0.015273621944227517,
    0.005513408520469928,
    0.06444246165927314,
    0.045179215412678726,
    0.032347363530200575,
    0.015593254495456187,
    0.14127122679628146,
    0.20702460115322152,
    0.017229365485293576,
    0.23859102617517366,
    0.037218904783617,
    0.1500114639806931,
    0.060836801199540054,
    0.07819388959709529,
    0.12097839075780527,
    0.16171281991083827,
    0.0900243418041501,
    0.20007299071692236,
    0.06724586031753925,
    0.08709871369221424,
    0.27129286234925154,
    0.2845722865422697,
    0.2929808200230205,
    0.10441864896192427,
    0.25325631986269825,
    0.030551291700049065,
    0.029425277253409488,
    0.14271860857054713,
    0.21188638428940235,
    0.07837011396613543,
    0.1214256739389457,
    0.08798619638420556,
    0.15238008430435032,
    0.12379971543884494,
    0.1756280396535189,
    0.09232255911901116,
    0.2265317280483563,
    0.03444738264165389,
    0.15381178080868915,
    0.03898187129751733,
    0.2417146356434676,
    0.009585940678164573,
    0.015989867749321342,
    0.1704513223188525,
    0.08737475998645718,
    0.17439605928193558,
    0.018354657108434223,
    0.0950290994284201,
    0.23574078855417663,
    0.07356969854501412,
    0.08966596591337857,
    0.1537389924823465,
    0.04639370345558785,
    0.0975099019591119,
    0.19868307341082195,
    0.02699774681458912,
    0.08705122418833426,
    0.036100118571966766,
    0.18995555791999152,
    0.10428926355561505,
    0.20637304805128232,
    0.17211417777815044,
    0.23708719188564123,
    0.1658975342755675,
    0.06919423105891619,
    0.2204993322556517,
    0.06993534199237335,
    0.0381384085566111,
    0.002209599153891725,
