{
  "config": {
    "mf": 0.35,
    "mf1": 0.2,
    "mf2": 0.0008,
    "T_coh": 30,
    "tStack": 2592000.0,
    "nStacks": 4,
    "gamma1": 5,
    "gamma2": 15,
    "gamma1_upper": 8.717797887081348,
    "gamma2_upper": 47.70744176750625
  },
  "mismatch_list": [
    0.07286292172775634,
    0.07431348392541734,
    0.01666686423842304,
    0.021611266100532028,
    0.12770498623888624,
    0.1473734473389831,
    0.0036096359889772308,
    0.06617600925676685,
    0.14971915415772413,
    0.06663124349639557,
    0.04728884807666787,
    0.13313078855128535,
    0.026753143342549815,
    0.10234674768457949,
    0.06482006465511633,
    0.017386218184562284,
    0.07618487396415778,
    0.16276351614888893,
    0.07532269009462916,
    0.07293693885404719,
    0.09353112000922902,
    0.23225829721866192,
    0.01818855226837916,
    0.10260479567369897,
    0.00931603838366257,
    0.15050327308936787,
    0.22151562209515308,
    0.014315663961090122,
    0.007997969733356194,
    0.08946140686318022,
    0.0532608158248616,
    0.013742320361735574,
    0.11627664074428846,
    0.09106520764261525,
    0.021527635421705348,
    0.12477682824470408,
    0.023325514310604197,
    0.06967483640335749,
    0.14779095019196747,
    0.05886746857669403,
    0.09350300217512048,
    0.036540896341616794,
    0.0304938272318838,
    0.13926994537478254,
    0.09267341764539377,
    0.05981986081888963,
    0.103455848061344,
    0.05155141053223229,
    0.041681617066036285,
    0.10141098038285937,
    0.10778180213776495,
    0.021734073813000934,
    0.15720420833623666,
    0.10597149068468444,
    0.08316163865821985,
    0.11263830866240356,
    0.014179917707990293,
    0.059967822789121446,
    0.16540138822589912,
    0.061788542900586614,
    0.03786033835657115,
    0.014007885715243971,
    0.12743999914417697,
    0.03789228715522403,
    0.08954323048325956,
    0.07535463889328205,
    0.14568146209267813,
    0.09867278040419712,
    0.07982494082244014,
    0.042653742389752794,
    0.020055027107326855,
    0.13170754908188403,
    0.010151405501380738,
    0.16766931923615483,
    0.010918971774898884,
    0.11323001197863103,
    0.1671053000599365,
    0.030783462607906705,
    0.1776479699212903,
    0.15994248059724883,
    0.002675025204855408,
    0.06053552836518431,
    0.19649053289150506,
    0.07463853765288801,
    0.1480046168182524,
    0.01059521912972629,
    0.06038893975960047,
    0.12889171785943626,
    0.002212707294937142,
    0.09037418837763422,
    0.007314612397463872,
    0.016712329836505998,
    0.07216850519233033,
    0.06892722005840993,
    0.16075160922195567,
    0.10398387062731539,
    0.20406637370148373,
    0.023131002507041025,
    0.07656580194809606,
    0.04095243272031154,
    0.14449256200163127,
    0.1376520495371183,
    0.08408699730155532,
    0.012130929935561731,
    0.16924341196978365,
    0.0029504209579493093,
    0.13386806852019814,
    0.1774173892251303,
    0.09715463420938578,
    0.1816890592567813,
    0.20602450256009627,
    0.1260342520034499,
    0.12175130592521552,
    0.1484040490837634,
    0.12270796282605484,
    0.040699155366285024,
    0.0490704634368407,
    0.11184811801336876,
    0.1588737860540747,
    0.11808810871496728,
    0.09915765040728212,
    0.08230176782388782,
    0.1353894674207547,
    0.0721061255243723,
    0.04768466622468419,
    0.002800507364270372,
    0.04403990101365876,
    0.06739172609962416,
    0.08020803727687523,
    0.004364841980663604,
    0.14549627471225118,
    0.13243962472160453,
    0.1376291360322021,
    0.03367757561528905,
    0.10031908320536947,
    0.19736601671341408,
    0.1470322746474862,
    0.05641348279781268,
    0.08158132964250017,
    0.0319674474991608,
    0.0818870839825493,
    0.05756783192561048,
    0.07883994924044262,
    0.06444896707076356,
    0.07952945057607587,
    0.07217031225107766,
    0.0024276750035201505,
    0.010404971984806829,
    0.08579307760608952,
    0.22985129496721127,
    0.023774170856392607,
    0.18893124473965198,
    0.11172003368935764,
    0.15544781951617664,
    0.13287808945605797,
    0.004576918395250876,
    0.09849597777635784,
    0.04712071933081579,
    0.032388203057890357,
    0.08640118901574281,
    0.010292572930722572,
    0.18763927001765712,
    0.12730844526737098,
    0.21105477585387863,
    0.1031727903791614,
    0.19490277879374637,
    0.09172572375594125,
    0.12873819014826265,
    0.11222174547996781,
    0.15217335678365518,
    0.08533328957841753,
    0.11433470313205205,
    0.1549719848068283,
    0.12597339026483964,
    0.11696585295052216,
    0.08033720583613475,
    0.16808400307749333,
    0.16101392186971888,
    0.128917667223048,
    0.23252769353671465,
    0.11778972717460727,
    0.03453621764967289,
    0.05902374301716359,
    0.03375260469447841,
    0.060505748037028226,
    0.134679221050702,
    0.02133919533553322,
    0.06497829071903301,
    0.06408104990980608,
    0.08167081519166822,
    0.07678662452702044,
    0.033246917374624096,
    0.12434284501594405,
    0.10814176824023415,
    0.20762801421013172,
    0.01486761198487622,
    0.050267892845174966,
    0.02309637926144208,
    0.07166296243717579,
    0.052707639001127314
  ],
  "statistics": {
    "mean_mismatch": 0.0896218057345347,
    "std_mismatch": 0.05699503364113783,
    "min_mismatch": 0.002212707294937142,
    "max_mismatch": 0.23252769353671465,
    "valid_samples": 200,
    "total_runs": 200
  },
  "perfect_2F": 3458663.0
}