{
  "config": {
    "mf": 0.3,
    "mf1": 0.5,
    "mf2": 0.0002,
    "T_coh": 30,
    "tStack": 2592000.0,
    "nStacks": 4,
    "gamma1": 3,
    "gamma2": 15,
    "gamma1_upper": 8.717797887081348,
    "gamma2_upper": 47.70744176750625
  },
  "mismatch_list": [
    0.0833563673088327,
    0.13802076180392459,
    0.005099375220280461,
    0.04006444405187097,
    0.26938142788867014,
    0.05578469863608988,
    0.2589767450332629,
    0.31033986004402286,
    0.11789872895824653,
    0.3350463286493407,
    0.2971460904356284,
    0.34013442782303777,
    0.038345352924355945,
    0.16525190832631953,
    0.31907966353433515,
    0.3433654488632733,
    0.2909769364369254,
    0.04337952946503255,
    0.30906132983910817,
    0.020925957141192584,
    0.04538160599238028,
    0.1068860069755359,
    0.017182743369612327,
    0.1872655702687082,
    0.3052594227994145,
    0.12429268106511801,
    0.27871893413025106,
    0.34250499977014215,
    0.35130920683420946,
    0.3194744697294529,
    0.31062371283205426,
    0.07345505873808317,
    0.006391711354024782,
    0.29958786049737773,
    0.3379747757729224,
    0.2904438541064615,
    0.31074926727381913,
    0.34740003278727394,
    0.29454457638061454,
    0.039329910812254114,
    0.25805883147196645,
    0.30350823830854673,
    0.2905423026670163,
    0.3456807970950591,
    0.30299590101250223,
    0.1769843456669189,
    0.17466148007074417,
    0.011465715469492656,
    0.23216136658745484,
    0.05349002315637361,
    0.02676340743623468,
    0.12816990631340067,
    0.34641749880517275,
    0.04050890822136556,
    0.018717369940199367,
    0.29451934984050177,
    0.28230276532031634,
    0.33300666530004835,
    0.07167300968381098,
    0.3215148559022442,
    0.31097196919384074,
    0.34107149620705596,
    0.32426079009234504,
    0.3147678045161434,
    0.3473106195204558,
    0.19076251807420158,
    0.09536065856738117,
    0.328015063063459,
    0.3373426666231045,
    0.15246848561826998,
    0.3117918678886817,
    0.3631767398867596,
    0.3277272347461834,
    0.19255613230445673,
    0.33871870571802537,
    0.33051198455817704,
    0.19830669921492694,
    0.015216880299561189,
    0.4122029665254655,
    0.08415458129870565,
    0.15249747084057724,
    0.12765843640555488,
    0.33611784220416063,
    0.0461275598432803,
    0.29495087546936544,
    0.20485743173871723,
    0.25493276440377616,
    0.377967588016049,
    0.07523320454546112,
    0.21669106436916735,
    0.08381890206580064,
    0.12433915861609948,
    0.2909932722480013,
    0.1113693197276748,
    0.32092055042142054,
    0.053862060411275,
    0.08716123792487204,
    0.09415260365361257,
    0.2993061761798431,
    0.35273584357405574,
    0.03480048192088321,
    0.3010326401070473,
    0.35290433373165725,
    0.3042132803494071,
    0.3054133119223375,
    0.15400607576520264,
    0.14762571274011113,
    0.009925378593264037,
    0.20773643773497186,
    0.3269316229209066,
    0.26040930892580044,
    0.04666114815019347,
    0.28095383210660546,
    0.27970269691230043,
    0.1391026840171292,
    0.23122755090918184,
    0.013493235384002876,
    0.3129141236531268,
    0.2981498031462483,
    0.2869766866291242,
    0.20039696020914463,
    0.04554828909123449,
    0.32708399411448197,
    0.07826971378213347,
    0.32183029607717906,
    0.3395026078026194,
    0.3036498394319879,
    0.30708635919297045,
    0.3367128705084832,
    0.05140272573850154,
    0.3517756448380716,
    0.34372368018934507,
    0.05485832803985591,
    0.3217405213986114,
    0.2632077923842738,
    0.3423137406723242,
    0.17376994956715883,
    0.35817798169753073,
    0.016757506305189383,
    0.29040727923741544,
    0.044643024941169396,
    0.3235734572272086,
    0.3036395753383031,
    0.331262058503021,
    0.29947922012548794,
    0.27004982277813455,
    0.32757276736446117,
    0.3247518763775209,
    0.289100775763092,
    0.30516964812084685,
    0.33920205779176266,
    0.31188467842594486,
    0.08231456179981894,
    0.3098485569117973,
    0.2991342164694467,
    0.34209696590499383,
    0.017114291984263265,
    0.3179488061702527,
    0.31843136313814113,
    0.13361283954272452,
    0.23369418609929454,
    0.2271780045387533,
    0.3214675832454139,
    0.1611587034165554,
    0.09202641833149784,
    0.1484620918107278,
    0.06334955252888474,
    0.044301273990873344,
    0.02054307753380718,
    0.32606452385158524,
    0.33096729108015566,
    0.0837985184431307,
    0.2743553932318855,
    0.35468580452713033,
    0.0743304702776423,
    0.3150408872340407,
    0.19021201569741336,
    0.25656461073496983,
    0.3127971708109993,
    0.003037521189570871,
    0.32419689249503925,
    0.3310179610074309,
    0.3167558582676118,
    0.1225360753980083,
    0.14028927107297945,
    0.1745722836509757,
    0.21691282661864034,
    0.03103160791509079,
    0.01868419234159829,
    0.07284586309318149,
    0.31756650482166643,
    0.28312114608580957,
    0.06685878833386003,
    0.3396824462891543,
    0.24524143605946697,
    0.09300656699605252,
    0.3382172107744649,
    0.3313450386406986,
    0.35741742681195227,
    0.07500038309645443,
    0.11967911551847117,
    0.11345697855729633,
    0.15083194093433322,
    0.17238834473129613,
    0.005666068843444815,
    0.0246191515266466,
    0.31686522146300056,
    0.26504296896571766,
    0.31736151207736873,
    0.3084546640764528,
    0.33729149071937997,
    0.17308977265466183,
    0.10880344087115845,
    0.348693886850366,
    0.1694009874925513,
    0.26857193785221384,
    0.31193086684752674,
    0.3129584327336115,
    0.3312609019854227,
    0.20756180357762938,
    0.17154546024918907,
    0.27799589378426726,
    0.03680241388353116,
    0.15230086284886715,
    0.2622303904490151,
    0.2770972796103924,
    0.1544607317460322,
    0.05512541132271207,
    0.31440733243722496,
    0.06447795229307081,
    0.3296381632303156,
    0.0901472217989689,
    0.31155810676912643,
    0.31630741856887307,
    0.3277580993095879,
    0.304157767504689,
    0.2982927053519876,
    0.2390436582502062,
    0.07904588165528895,
    0.3049509217300694,
    0.22281937884018055,
    0.03082798853544105,
    0.28825102445774503,
    0.33336330641442247,
    0.2970976612611998,
    0.32485979392591174,
    0.20707360858644927,
    0.025122381246604538,
    0.3076594859452753,
    0.12236642872280847,
    0.055207957766290346,
    0.34994813018571647,
    0.32781382900135575,
    0.29183767465945615,
    0.28558250466438007,
    0.33334718745039627,
    0.19988137020735494,
    0.04476959133583276,
    0.11574124537862795,
    0.027350918376168334,
    0.17825058787235168,
    0.2279999271393913,
    0.04707272385048656,
    0.07212332872364693,
    0.2934733519551942,
    0.18499250721161004,
    0.30775569375298345,
    0.3164141073173158,
    0.3293457088426468,
    0.18968695670778762,
    0.3355541844396918,
    0.2008550134604192,
    0.28226713012181887,
    0.03918433415956878,
    0.008473153901555487,
    0.10081421730213935,
    0.16803976627935857,
    0.31628992624019886,
    0.08879771032645889,
    0.03595750549562706,
    0.3388678964882054,
    0.09611109392397459,
    0.32792189111444636,
    0.028877738452966886,
    0.1429525142548022,
    0.31008831746639376,
    0.3454723347979665,
    0.1693724359643434,
    0.08878961470327083,
    0.27538310368267005,
    0.08232338024650594,
    0.32829284413409937,
    0.06114551911593482,
    0.22223569886479125,
    0.34036826122494296,
    0.3074317965431111,
    0.07719227307462227,
    0.33208390882130906,
    0.10051171566783543,
    0.294989835655958,
    0.26844226331650506,
    0.10701777769939158,
    0.21498303244118602,
    0.053191858463063284,
    0.3052378103767963,
    0.08382800964188722,
    0.10500818380765493,
    0.0490747280954844,
    0.0885605519364586,
    0.3285610116522039,
    0.01713742233622916,
    0.3358686126617281,
    0.10002966467639626,
