{
  "config": {
    "mf": 0.005,
    "mf1": 0.3,
    "mf2": 0.0002,
    "T_coh": 60,
    "tStack": 5184000.0,
    "nStacks": 2,
    "gamma1": 1,
    "gamma2": 5,
    "gamma1_upper": 4.0,
    "gamma2_upper": 6.000000000000001
  },
  "mismatch_list": [
    0.1127782146842997,
    0.07872890078816651,
    0.28126911867601906,
    0.44955282537167573,
    0.5130557065453094,
    0.007164696732260471,
    0.032689611005418284,
    0.03176432491196012,
    0.46918828390185796,
    0.23082169105954328,
    0.4555599206050898,
    0.3885039292674041,
    0.30968575980292945,
    0.5242533958238161,
    0.55331136191473,
    0.019381711414247136,
    0.5615187312427357,
    0.3335880080724905,
    0.46486601747497586,
    0.4266747092804728,
    0.02472937496024472,
    0.4800036358011484,
    0.24783789097511752,
    0.4779791884718359,
    0.012980966617129178,
    0.42934340900811296,
    0.05108127135942822,
    0.33514468030971534,
    0.4598277945794036,
    0.04737810308038373,
    0.5884381523480192,
    0.11591902644376724,
    0.019030274730676044,
    0.0030557354582410527,
    0.007270590344237364,
    0.13107200476485112,
    0.24200138203813037,
    0.21010015439505472,
    0.04887991302990175,
    0.43738268578004197,
    0.08139496221079841,
    0.30573878322818665,
    0.0005968351905073063,
    0.08837859170892773,
    0.5241644524179885,
    0.21761448075266143,
    0.27867252057155084,
    0.1699270093041814,
    0.530048739974441,
    0.18813933719995604,
    0.45224292066869826,
    0.4777311516598914,
    0.5317561570087838,
    0.46672240838937623,
    0.3561077122353744,
    0.15030264611149982,
    0.15632672769222763,
    0.03687605893611977,
    0.22446496620078296,
    0.0005509359115958203,
    0.1432053165098622,
    0.023767441725986365,
    0.015098766574338039,
    0.011082471246089525,
    0.032551479474709856,
    0.09039873823966507,
    0.40155421463803903,
    0.007578223936437811,
    0.4296065528268173,
    0.2993377493017527,
    0.1756359399304933,
    0.006423730577738199,
    0.4675391625658492,
    0.2219407227076382,
    0.07343291910739998,
    0.4427387340762029,
    0.37001136278211794,
    0.5648228287834016,
    0.005544777457165492,
    0.2653745959417809,
    0.471760739708442,
    0.004829905223410222,
    0.08057802732850294,
    0.012354206542418162,
    0.007233654074121192,
    0.42722774137960945,
    0.16472138053465793,
    0.0006608773339964033,
    0.4916333204188906,
    0.4612407695465874,
    0.4440490681362146,
    0.3213546575841511,
    0.03688726269711391,
    0.36037598376249763,
    0.04648997010402873,
    0.3837853388306454,
    0.007453320071935374,
    0.07316055929174883,
    0.5281114289927313,
    0.0604310628971914,
    0.4917648019753315,
    0.27071944047694774,
    0.46507733486379116,
    0.36771538688393773,
    0.00029838145408915594,
    0.006980738204969555,
    0.5281295718573089,
    0.24901999618349302,
    0.010468143731965559,
    0.4731037453811592,
    0.0763271035603384,
    0.1285842638478486,
    0.38792509237681644,
    0.0010031341617852,
    0.26143593183487246,
    0.23519238664685166,
    0.46073594976089005,
    0.5490828095273892,
    0.4399258672433833,
    0.3728304458952311,
    0.30941954398524285,
    0.060730311739228486,
    0.01753424736747758,
    0.04526984439060214,
    0.5608638533420458,
    0.3094527938565803,
    0.357549744698814,
    0.008153591275233761,
    0.0024709714166758225,
    0.23213115773160703,
    0.10265001474559511,
    0.28968054101877605,
    0.17738343751626354,
    0.07533857042901008,
    0.1808409181590558,
    0.001964489137411599,
    0.013394927515280484,
    0.3775935622466504,
    0.4334107356606316,
    0.24744207294154383,
    0.2549854567954063,
    0.1283686456604581,
    0.2977975574355386,
    0.45851825562501086,
    0.013602956058126559,
    0.07553727455141587,
    0.0754782198886274,
    0.0346590876235305,
    0.024218049764937865,
    0.13191416617996565,
    0.09250721377643364,
    0.024239879028294196,
    0.5019450090497476,
    0.5273970988764435,
    0.45179805907490184,
    0.0026752412784141837,
    0.07680156476785807,
    0.4393559572204264,
    0.0012100061873673619,
    0.108059118271238,
    0.2737665743380384,
    0.1896696986694269,
    0.004569544274372156,
    0.4154048822376296,
    0.024249781707366438,
    0.010488165937097026,
    0.07736088542961725,
    0.1597220455320847,
    0.19752808891304724,
    0.5032787625843534,
    0.098471807000399,
    0.182771651448827,
    0.17793524081580728,
    0.42220917927752366,
    0.11138280432306154,
    0.5027231644625375,
    0.57657391157269,
    0.3457593403225527,
    0.08115310553798291,
    0.5118005961846496,
    0.21210606130698015,
    0.1688623628804219,
    0.39144430212857,
    0.0007671323576182683,
    0.1014329248899863,
    0.10852237571776353,
    0.2572087889529471,
    0.4445550444391759,
    0.38216231141540363,
    0.3568863374833028,
    0.5396775413021228,
    0.05753760126754292,
    0.48234496886077266,
    0.3957797239393291,
    0.5707956983340369,
    0.49721966021522784,
    0.5832598824400201,
    0.35061490577275595,
    0.000775300260794643,
    0.4429509549941307,
    0.37014942203049733,
    0.04283299023321171,
    0.3746685132392314,
    0.42986460074132754,
    0.006645709610080205,
    0.5322784329769332,
    0.476691370357306,
    0.3652913989811083,
    0.05019740304048389,
    0.07649797898608131,
    0.1464876570695009,
    0.45015865971214286,
    0.0534469997050881,
    0.06958012640733695,
    0.18345269555261287,
    0.5972614394013867,
    0.25536508358728527,
    0.000520794180405128,
    0.17618000902083467,
    0.46809989273302377,
    0.15424456292321304,
    0.542372696362175,
    0.5133547385403595,
    0.4324807512157888,
    0.0037909913087727618,
    0.419730003816507,
    0.5443405104867203,
    0.5024839460947303,
    0.030366095539891173,
    0.049244143685704865,
    0.055455002804554364,
    0.0059699421163109416,
    0.44656637252577586,
    0.5509431036875553,
    0.4506232905229193,
    0.5651728559615574,
    0.5627361102276605,
    0.0004368743964425529,
    0.004743238710945858,
    0.02942584700433116,
    0.03209386004984589,
    0.46750717763526917,
    0.15133780134502958,
    0.5541322361839557,
    0.46177916447410267,
    0.0999660273053726,
    0.01051751256266878,
    0.04196986694268879,
    0.5630942330266635,
    0.4389131918141708,
    0.032348655259551384,
    0.29261390249402947,
    0.02791290557614799,
    0.4334025316162907,
    0.5569936767418595,
    0.15320051696321696,
    0.34203839059057556,
    0.009440072166677268,
    0.2536751227353946,
    0.46652388497279296,
    0.0034364464850549056,
    0.15785571579744756,
    0.08838914492896092,
    0.5241806798008477,
    0.24102058311600447,
    0.04547180121781268,
    0.588251772362707,
    0.5668780683848658,
    0.033475464486246116,
    0.07087788334210358,
    0.40420408481897613,
    0.06805786055871349,
    0.2475404491913053,
    0.03913032793047018,
    0.12121002064383316,
    0.027152640039784195,
    0.10099503854093782,
    0.00968597664991644,
    0.3066846697854082,
    0.5698050690151677,
    0.3863929238491208,
    0.11530889130472495,
    0.47158133496787774,
    0.17959831264131196,
    0.018220857210596013,
    0.49662076497834423,
    0.03009366344191103,
    0.07691490345972139,
    0.17683199562836474,
    0.039039107631279164,
    0.026117123394609473,
    0.4420610149595508,
    0.04673052569492231,
    0.16128356068535213,
    0.3568885059531726,
    0.17590302313612785,
    0.47321220501581535,
    0.4350074161669548,
    0.20474844303863346,
    0.4757578440783425,
    0.508789675770385,
    0.15914140158327214,
    0.3294027889413819,
    0.11890761161837243,
    0.3080963436706701,
    0.5832199464532507,
    0.057849210387838065,
    0.08932100871435758,
    0.048850132710356035,
    0.4959381306633205,
    0.4368990085755755,
    0.3785375694633182,
