{
  "config": {
    "mf": 0.3,
    "mf1": 0.4,
    "mf2": 0.0008,
    "T_coh": 60,
    "tStack": 5184000.0,
    "nStacks": 2,
    "gamma1": 1,
    "gamma2": 5,
    "gamma1_upper": 4.0,
    "gamma2_upper": 6.000000000000001
  },
  "mismatch_list": [
    0.3247821410604107,
    0.0006918141708060347,
    0.03392730132479053,
    0.044413877050649676,
    0.14984271365210805,
    0.4117828870140459,
    0.1222139499112373,
    0.4339030867445774,
    0.2335739853006656,
    0.25055859783846923,
    0.11766739141748539,
    0.07403307928504103,
    0.44025005348892343,
    0.25677986561269395,
    0.4608467585712386,
    0.4448500286238023,
    0.4617086530621686,
    0.470081874194052,
    0.08180032151179936,
    0.4656174645672023,
    0.008540084888367171,
    0.45084559482574177,
    0.004866696928868406,
    0.4442111251178202,
    0.03757640242174715,
    0.03932650217136116,
    0.03104988637217882,
    0.47230614602186977,
    0.04516387849629625,
    0.4394018926405024,
    0.4711803848889454,
    0.4669907203946037,
    0.4448605818438355,
    0.45103117970543505,
    0.44139280096916145,
    0.4265787906298971,
    0.4336668680934235,
    0.013511591194277552,
    0.26285931545743146,
    0.13945053864791568,
    0.44406641589517326,
    0.44015753210781056,
    0.43943955173390853,
    0.06782944839909098,
    0.03377666495116606,
    0.03070676215644209,
    0.030385611768719678,
    0.4311975591703145,
    0.09728334094707199,
    0.45057421082153204,
    0.020532807503484008,
    0.1889799806861617,
    0.4363776722777029,
    0.45827643509335986,
    0.43244677852116137,
    0.44332982282155514,
    0.48411487396853115,
    0.43627626017012366,
    0.02082627375920154,
    0.45101321754667995,
    0.4594183874679789,
    0.21797849456147755,
    0.43926806190836915,
    0.11384257197874321,
    0.3779611178895873,
    0.46804528343346846,
    0.46383281386432895,
    0.37361572111742697,
    0.20257679274632373,
    0.01022361261297728,
    0.4471840250270336,
    0.05066947893114675,
    0.40506970184984936,
    0.007889327080429992,
    0.2665477381413611,
    0.15784566855371734,
    0.21686310594276395,
    0.03156019961487975,
    0.09011915019111448,
    0.444755880890287,
    0.4723265657798107,
    0.21550188512314017,
    0.3943482446959227,
    0.15107418769118677,
    0.43015315179867347,
    0.26484418821161954,
    0.18977103849467714,
    0.4668324943764348,
    0.021924676030601446,
    0.04141510006765626,
    0.24558051384062035,
    0.43839106041067927,
    0.3367982108677927,
    0.45158385039292676,
    0.21756431681633928,
    0.10604844072559894,
    0.46534011727085056,
    0.4451773230094892,
    0.34347355623276066,
    0.3062097748839146,
    0.43636986578617154,
    0.4297378898186003,
    0.3052128570024229,
    0.15700184464503594,
    0.03789928758536543,
    0.3721328491381055,
    0.02675038887892999,
    0.4662918948378852,
    0.3958318394985341,
    0.33789372184603284,
    0.15745194670768448,
    0.44749180318389203,
    0.29436617071351334,
    0.3916000705475531,
    0.3180668235675088,
    0.0008170794469534444,
    0.08537728484441952,
    0.30551759930146355,
    0.02439730994084414,
    0.40837491976661483,
    0.0856700282768471,
    0.16092287186366974,
    0.10219514204923294,
    0.3867935847987371,
    0.25146111499829416,
    0.4448552329514899,
    0.46210103768511507,
    0.19155250877507474,
    0.10468895468187102,
    0.12910961181498037,
    0.08101331151370762,
    0.3161601602932928,
    0.4217447291725697,
    0.09687769251675504,
    0.3376137723858373,
    0.21343439366691147,
    0.014933818299572667,
    0.4102484054518224,
    0.3083934963251664,
    0.4625991713553804,
    0.40875602834623814,
    0.4293402285856372,
    0.45848923426991955,
    0.04029472396824203,
    0.1857722354900453,
    0.09893781117542633,
    0.04639513568838799,
    0.46302813083679806,
    0.445898194676551,
    0.4400185693303187,
    0.4011769008806879,
    0.03667764394302996,
    0.4168769118676019,
    0.4537459594178092,
    0.05080840556747411,
    0.4483580707557262,
    0.06379031185488021,
    0.25295157662216,
    0.4392527741957868,
    0.46165454973891623,
    0.4425199716075012,
    0.15512966004175027,
    0.12579618985387406,
    0.009238187621795724,
    0.03636162560066616,
    0.4547044231002758,
    0.14961646996235536,
    0.2431372265559494,
    0.4440925820982693,
    0.4377114619534733,
    0.06058328948205374,
    0.006133083332851451,
    0.05902791832675082,
    0.11192456037887506,
    0.35075296502113534,
    0.4268713172153377,
    0.4522682194838463,
    0.47830969942116314,
    0.06261926584284087,
    0.18900412298404584,
    0.0915530870337067,
    0.04026573875431526,
    0.0005643081424597966,
    0.3424044283046035,
    0.4382755171077816,
    0.046219634193589425,
    0.026139314069610776,
    0.2961832038997762,
    0.04630044583740524,
    0.4546197804930233,
    0.45159288568405104,
    0.44106286827846625,
    0.24036397043941873,
    0.4498482432502761,
    0.025738580837665455,
    0.4614091873731445,
    0.00021337743519166382,
    0.15099800211642658,
    0.4398643911225735,
    0.466307652385606
  ],
  "statistics": {
    "mean_mismatch": 0.2696012830836219,
    "std_mismatch": 0.17367927470643493,
    "min_mismatch": 0.00021337743519166382,
    "max_mismatch": 0.48411487396853115,
    "valid_samples": 200,
    "total_runs": 200
  },
  "perfect_2F": 6917324.0
}