{
  "config": {
    "mf": 0.03,
    "mf1": 0.8,
    "mf2": 0.0008,
    "T_coh": 15,
    "tStack": 1296000.0,
    "nStacks": 8,
    "gamma1": 5,
    "gamma2": 41,
    "gamma1_upper": 17.776388834631177,
    "gamma2_upper": 100.0
  },
  "mismatch_list": [
    0.06750478942434965,
    0.4397070673572613,
    0.3914053324667169,
    0.3110479572736509,
    0.0760144385314321,
    0.17488742756592,
    0.419839124204678,
    0.2101434745575023,
    0.37981175957639113,
    0.3206884627639243,
    0.4209132389924196,
    0.27379597948570866,
    0.15182019809972758,
    0.007104336879405967,
    0.3040167700688879,
    0.004994055504700951,
    0.38193013656726216,
    0.33235735379750897,
    0.062082678214870374,
    0.3254388546784855,
    0.3814178719978998,
    0.38740891708990355,
    0.4124833895304022,
    0.06257159560546824,
    0.3438332511242787,
    0.11271627583152098,
    0.023532004572866617,
    0.3109965645674541,
    0.316303819222578,
    0.40821840931550984,
    0.24436357180898277,
    0.12313208113426521,
    0.3680691406098659,
    0.1858840933285762,
    0.42460736984417674,
    0.1292679076475238,
    0.016910657936508394,
    0.3080655178216316,
    0.4325025833689444,
    0.34923512329334294,
    0.40284790765908896,
    0.3954643081630989,
    0.28613290341756437,
    0.11264616201294027,
    0.066231030959371,
    0.4340102834564349,
    0.10786808598238279,
    0.20875673887763535,
    0.28661061705364677,
    0.31300196434343686,
    0.0595110912832766,
    0.22954093230272285,
    0.16646870957613089,
    0.029994041048243512,
    0.35008284995758476,
    0.012921326223840318,
    0.2144862666545618,
    0.41468514413955454,
    0.019631869202599156,
    0.06349420671924577,
    0.1086971638165279,
    0.012738379754945699,
    0.36845859757328125,
    0.11883489916042678,
    0.2347653514567194,
    0.005719263692144535,
    0.4136159445473423,
    0.019728655185155416,
    0.4098603376103245,
    0.41825328696472797,
    0.1970084096104216,
    0.3479930244701564,
    0.3880990683680568,
    0.4103567362176472,
    0.36513419062053476,
    0.1057997283342518,
    0.28730351505871343,
    0.2395602692601937,
    0.1436522273642235,
    0.45099897012197204,
    0.30261160240578583,
    0.39126553852327867,
    0.41495598586968024,
    0.3678555464511999,
    0.3899282439278542,
    0.15226054179332932,
    0.395931613149825,
    0.27167702423654,
    0.408871588203762,
    0.05708508087809679,
    0.3276806898158883,
    0.2247919137516184,
    0.38280388485489475,
    0.10278830368506665,
    0.2729111720081349,
    0.046952549858876064,
    0.33775055209210963,
    0.4168678523660306,
    0.37426120274256347,
    0.15444498479469806,
    0.057982537755929896,
    0.030613066555795276,
    0.4402945416464517,
    0.1967892497156415,
    0.4074972127950057,
    0.38327755068289415,
    0.365814800636778,
    0.4267188077354769,
    0.4451298291073253,
    0.3953986758463244,
    0.104077385994931,
    0.3650498371913763,
    0.4182462394417263,
    0.27124166802075483,
    0.33095977577456254,
    0.3897330094701361,
    0.23715485930686492,
    0.032230310449532215,
    0.08160959353646005,
    0.1737894596234035,
    0.008735458972284659,
    0.4359453525669753,
    0.2946280237849203,
    0.011679082836079385,
    0.2862731310547258,
    0.23447665600165613,
    0.21978903980787945,
    0.38836846445243856,
    0.16152807068166822,
    0.23919213557150135,
    0.09817488670474304,
    0.2691065938215414,
    0.0654419975123328,
    0.032973155515051776,
    0.39797087717735935,
    0.44241805067971374,
    0.3133167537041781,
    0.07548627185888647,
    0.26795419731676584,
    0.02002508484494871,
    0.36957506978132004,
    0.0196842015785295,
    0.3589381529620414,
    0.02210247777897927,
    0.390174871091769,
    0.039088164729597745,
    0.017471568485154087,
    0.4078653103425544,
    0.3568614828508828,
    0.21311275863325183,
    0.24874358928394855,
    0.3939642699980513,
    0.3502905169687006,
    0.28756842964128904,
    0.40008990470881517,
    0.3774263718166158,
    0.09048419591159819,
    0.3904125352520715,
    0.3471679944440943,
    0.3445578087711375,
    0.2779136845404379,
    0.27584243560081906,
    0.11011881184111082,
    0.34318126489376527,
    0.4286367820850953,
    0.440860620378632,
    0.3811606916200542,
    0.3114742782035365,
    0.33217476874005036,
    0.010984739185268754,
    0.43215909794018614,
    0.018558043544006322,
    0.3689410818403186,
    0.023417220300798403,
    0.4371798256088626,
    0.35773826699457767,
    0.395897242922263,
    0.26241050730022186,
    0.03263306735379173,
    0.2557335755850095,
    0.2533600421203344,
    0.28415027256204856,
    0.44919263576492874,
    0.4332751003133582,
    0.0320452677943089,
    0.3173329021453961,
    0.03111333226548301,
    0.3295196957667445,
    0.11655663375027685,
    0.42739573135507314,
    0.2940136243437491,
    0.002428106591508508,
    0.2689637640220409,
    0.32326380837445234,
    0.3760180960151642,
    0.42715463378612883,
    0.003962948677841315,
    0.2788157674846516,
    0.430327464782624,
    0.08422628461526452
  ],
  "statistics": {
    "mean_mismatch": 0.2565724370074324,
    "std_mismatch": 0.145037079502667,
    "min_mismatch": 0.002428106591508508,
    "max_mismatch": 0.45099897012197204,
    "valid_samples": 200,
    "total_runs": 200
  },
  "perfect_2F": 1729335.0
}