{
  "config": {
    "mf": 0.75,
    "mf1": 0.2,
    "mf2": 0.001,
    "T_coh": 15,
    "tStack": 1296000.0,
    "nStacks": 8,
    "gamma1": 15,
    "gamma2": 31,
    "gamma1_upper": 17.776388834631177,
    "gamma2_upper": 100.0
  },
  "mismatch_list": [
    0.05376732389577241,
    0.20892963810860962,
    0.08819638923953829,
    0.15859818045244087,
    0.16859662782891188,
    0.08733875990195052,
    0.15756808557760196,
    0.017243301022187192,
    0.1478779221560245,
    0.13553427597145948,
    0.015177545536395288,
    0.28944834736669844,
    0.19749154441804373,
    0.09815761123810306,
    0.10805479113021163,
    0.19820764503730054,
    0.01914526484519158,
    0.16682592863945653,
    0.09006582603330421,
    0.05358871436410959,
    0.16171528180550745,
    0.19793702015403644,
    0.13470143945838015,
    0.1912844475696093,
    0.04941448456079258,
    0.15175767392130252,
    0.10248103168219387,
    0.18075833949660303,
    0.04797440455297453,
    0.28697549803941524,
    0.2609772218274003,
    0.023254874283754817,
    0.21893589197209787,
    0.11640780452093902,
    0.012765630177218821,
    0.16886313262180577,
    0.22206679924201903,
    0.058455986737067686,
    0.04105814618485414,
    0.0005833903399638358,
    0.1053669019985185,
    0.25946717256557594,
    0.15888239440569793,
    0.13607921213463472,
    0.22574820841122956,
    0.03500168562293742,
    0.19609743594488274,
    0.31257557113126405,
    0.010910360711743443,
    0.24297900459773172,
    0.05763146268701596,
    0.21110432300120682,
    0.12042308557471068,
    0.024693364081254544,
    0.05445783658536162,
    0.2660017804572982,
    0.04633583738451459,
    0.07636428480146369,
    0.01435692472985218,
    0.20658805341487546,
    0.04671372918197846,
    0.009006156137835961,
    0.05070363915294412,
    0.049381812966979716,
    0.19484926540957168,
    0.0937373325291688,
    0.12489193798064106,
    0.047627377292143606,
    0.15402567524667055,
    0.06589556886449154,
    0.25076821614832556,
    0.05215701910160634,
    0.057655677253226824,
    0.27307062673369065,
    0.02041165051687618,
    0.03629337009514084,
    0.20103482213642154,
    0.08609470945700967,
    0.029415710468383437,
    0.24647421459512378,
    0.059604263151473026,
    0.12709206623833147,
    0.08165715528143543,
    0.18972625830451198,
    0.18686200039205914,
    0.18556735234608066,
    0.19370315746378225,
    0.14228124922296542,
    0.05251539468152713,
    0.13038907820423043,
    0.008901925079698449,
    0.2711172702044895,
    0.024874937186692425,
    0.2559616262011148,
    0.06587323363774777,
    0.21883173319624757,
    0.07245207828923439,
    0.24459176698966248,
    0.21658151331352993,
    0.29178465545346727,
    0.22872457615112435,
    0.1454432378763811,
    0.012968526557379704,
    0.0932107560669415,
    0.17211720890910995,
    0.06639735250221039,
    0.1288976054902156,
    0.35699672301022767,
    0.2339269492075259,
    0.047992185995624895,
    0.03782358611509306,
    0.07013853912293251,
    0.009330197631338362,
    0.14418791139463757,
    0.21712601578298196,
    0.05739762948793493,
    0.14994852055505858,
    0.2370593744054782,
    0.2297359499135793,
    0.03346713266575341,
    0.09638105718338479,
    0.00944960796978716,
    0.031989465868593116,
    0.10218872211277077,
    0.0661859990944475,
    0.08792627033228456,
    0.2683821084569698,
    0.299410581317284,
    0.2520166758127854,
    0.04968359151602556,
    0.23868254544676526,
    0.11010262060877878,
    0.005165436807644112,
    0.15131140308015065,
    0.06787270626618039,
    0.1743928721569208,
    0.23413938684959676,
    0.25236753403483775,
    0.04163777784588375,
    0.0533177280694095,
    0.1636777459028954,
    0.0293632335278787,
    0.18298954913778798,
    0.07547152627229836,
    0.022460853358900062,
    0.07128826118308178,
    0.2504156954336677,
    0.17703522344768005,
    0.26772217117486474,
    0.09198846259044682,
    0.24961039847201028,
    0.044506950953865976,
    0.07268533323001786,
    0.2787449308431989,
    0.06688887205514733,
    0.20987949964466027,
    0.10909515008983242,
    0.18931330959775775,
    0.08673484139242285,
    0.12142766480216917,
    0.17578878768726172,
    0.10107008143611605,
    0.2643684176135164,
    0.09388471611276268,
    0.1927979663812191,
    0.02721912404276567,
    0.20810713796259941,
    0.020183166207047697,
    0.22354403234545614,
    0.1533803389865792,
    0.10662642085291943,
    0.20341804142758096,
    0.031763439156529315,
    0.010967536000915962,
    0.021866403828995143,
    0.0666892283779103,
    0.05106056908712097,
    0.022296844849250954,
    0.18297032204939367,
    0.013269437718979189,
    0.12468130739575015,
    0.15196801537704466,
    0.03680411673647208,
    0.14589579727651908,
    0.08720959145473019,
    0.19044084099573766,
    0.026254806049275704,
    0.18239322026841592,
    0.04869252907627285,
    0.23130158425425787,
    0.06479463734819997,
    0.0838321293031814,
    0.09669656936699798,
    0.17569373647959818,
    0.18991252975861764,
    0.11517943933231983,
    0.0977495777268782,
    0.14340827464493494,
    0.13687561837496698,
    0.24622953905296324
  ],
  "statistics": {
    "mean_mismatch": 0.12866951981720098,
    "std_mismatch": 0.08414002544646283,
    "min_mismatch": 0.0005833903399638358,
    "max_mismatch": 0.35699672301022767,
    "valid_samples": 200,
    "total_runs": 200
  },
  "perfect_2F": 1729335.0
}