{
  "config": {
    "mf": 0.6,
    "mf1": 0.2,
    "mf2": 0.0008,
    "T_coh": 10,
    "tStack": 864000.0,
    "nStacks": 12,
    "gamma1": 7,
    "gamma2": 13,
    "gamma1_upper": 26.758176320519304,
    "gamma2_upper": 100.0
  },
  "mismatch_list": [
    0.39405902119820324,
    0.31694909722801234,
    0.32516434562678703,
    0.41302223668350735,
    0.32266545507022426,
    0.16526565437429722,
    0.21017775707129918,
    0.3163024052777089,
    0.2681552164767286,
    0.21606087025252807,
    0.4479913625505023,
    0.3310059868202565,
    0.007138603069490896,
    0.2568174797760361,
    0.3371121271356583,
    0.19838545485771422,
    0.28253569599699363,
    0.30265644074064957,
    0.2774688491160178,
    0.23749055766866928,
    0.35487189601145736,
    0.020986018464738455,
    0.08458637465761215,
    0.411587739601021,
    0.5050564382252244,
    0.15149847236713324,
    0.263362247350211,
    0.31243483070158784,
    0.387216847970632,
    0.1964316092226328,
    0.36085578883352903,
    0.41695036578293204,
    0.1490758577409986,
    0.33986120491249516,
    0.12282978172289925,
    0.30211378113611126,
    0.37651365978853296,
    0.3464971566479922,
    0.368825186951926,
    0.12068196645095089,
    0.15762819479322177,
    0.344564778865398,
    0.374129535503979,
    0.36377704312425346,
    0.43446374226086626,
    0.2934502015755452,
    0.38137173722524537,
    0.21190450969105484,
    0.29997930195434436,
    0.20572399085642962,
    0.3594560414819627,
    0.3637066762744342,
    0.31820588819824325,
    0.3437708478056114,
    0.2510167142410903,
    0.13955193772848218,
    0.09769314914205028,
    0.2996134268623335,
    0.12032801794365512,
    0.2643824040373441,
    0.20616549133788414,
    0.19597357415782318,
    0.12010293076303145,
    0.20249850023197208,
    0.40392279466335207,
    0.24523806709961615,
    0.3768093306659707,
    0.3069976091534586,
    0.3695191515471003,
    0.23048705027695157,
    0.10588730917057868,
    0.39447455425202804,
    0.30016188712398323,
    0.40634356609003075,
    0.3219363070501403,
    0.3628463358224838,
    0.2594459906237528,
    0.22527854809660924,
    0.369444014063395,
    0.1312307595727377,
    0.40123920467895097,
    0.34949701797433896,
    0.370624312256203,
    0.378804756712309,
    0.28854577309368995,
    0.3776868562422606,
    0.3517882233216124,
    0.40806229537097805,
    0.2981411441909997,
    0.3996346453407767,
    0.38611499417820033,
    0.3912610444240343,
    0.23722464904127064,
    0.2156199661003093,
    0.29346863357010494,
    0.29695385268260877,
    0.2851213253514846,
    0.22076552844040498,
    0.02745716648417185,
    0.3451720046626441,
    0.31930665775570083,
    0.2134790357204465,
    0.26819836902869787,
    0.2879974754672863,
    0.27823388531374454,
    0.14986659030761157,
    0.22698448340486213,
    0.24698498648989012,
    0.318365324951185,
    0.1731858282248699,
    0.2297989947623861,
    0.3264450439781969,
    0.1932869483154946,
    0.4364318455858571,
    0.3373753793873704,
    0.1614346185168034,
    0.4158986036463039,
    0.38985246055742906,
    0.24999243746105562,
    0.3784182811557901,
    0.31012573547724176,
    0.1185782795424485,
    0.34947029158222737,
    0.2152403212241273,
    0.4085979074481847,
    0.30255224575963835,
    0.3904318757275894,
    0.2633907085182812,
    0.029930523307094486,
    0.3608829489196303,
    0.30825141847751075,
    0.303455359281317,
    0.24034838421340868,
    0.2537662257119168,
    0.2952928589140324,
    0.28797980243720844,
    0.06667719820238178,
    0.43213849193540604,
    0.3139034811857584,
    0.21380777576459437,
    0.33177975110952473,
    0.06792569477506082,
    0.378207993782563,
    0.3543454999315306,
    0.2763833672716951,
    0.27524096309123197,
    0.28175439627465537,
    0.05028746863985867,
    0.39253350258964104,
    0.2505138460601015,
    0.2995724969920611,
    0.10112502389382824,
    0.017614156118777074,
    0.18127487167265904,
    0.12206615503063885,
    0.29172849064841916,
    0.1803995145663174,
    0.3857286812569276,
    0.3593745070119102,
    0.22293161307166695,
    0.2914901215893627,
    0.3876856711734339,
    0.07104926731195273,
    0.2211129715378561,
    0.40229329792077345,
    0.43913668657575067,
    0.2576858977785435,
    0.37371470720288735,
    0.1241863765224963,
    0.4143836563287392,
    0.03981505987199739,
    0.2294656467195983,
    0.4640575563967532,
    0.12785011492348608,
    0.2211189348302137,
    0.23887024667321471,
    0.127059219721627,
    0.3182233443813263,
    0.3368816187801641,
    0.21533703498381726,
    0.3634826733287846,
    0.1289409637309306,
    0.31643522406203645,
    0.2659875054930054,
    0.30674010334710927,
    0.4230930448169611,
    0.3144861490608411,
    0.43388362233797273,
    0.11080523637786152,
    0.3210635521077365,
    0.44557487385197136,
    0.4039449130568238,
    0.3077413943456929,
    0.2895563343013022,
    0.3327183733266053,
    0.16362444789399824,
    0.38105758014149915,
    0.45197961247924096,
    0.3181641451517403,
    0.31525644379819223
  ],
  "statistics": {
    "mean_mismatch": 0.2814221392433102,
    "std_mismatch": 0.10527410225996597,
    "min_mismatch": 0.007138603069490896,
    "max_mismatch": 0.5050564382252244,
    "valid_samples": 200,
    "total_runs": 200
  },
  "perfect_2F": 1152890.625
}