{
  "config": {
    "mf": 0.35,
    "mf1": 0.15,
    "mf2": 0.0002,
    "T_coh": 15,
    "tStack": 1296000.0,
    "nStacks": 8,
    "gamma1": 1,
    "gamma2": 83,
    "gamma1_upper": 17.776388834631177,
    "gamma2_upper": 100.0
  },
  "mismatch_list": [
    0.5783327121875453,
    0.5010366725629738,
    0.40407388753223067,
    0.5068484937238735,
    0.4070384732593124,
    0.5636594801689209,
    0.5041936375974293,
    0.4778002302624541,
    0.30879903847210277,
    0.44544440162120497,
    0.11390531945590521,
    0.574614041499285,
    0.5213213231012455,
    0.4522037712849651,
    0.5652144528722379,
    0.40326194060015114,
    0.3582791553496699,
    0.4234146398231455,
    0.41874198750846425,
    0.5721256514802545,
    0.5598102676699833,
    0.44416139102346514,
    0.4809723745772209,
    0.5716282770620547,
    0.49605125479159284,
    0.5187542176714579,
    0.23373366637156218,
    0.5611453215145047,
    0.5474427683306434,
    0.5437106531369645,
    0.5546325790146595,
    0.559549111766342,
    0.4301959833022134,
    0.5804183453023163,
    0.47340908131526005,
    0.5301144271975695,
    0.03340901770684733,
    0.05499446028550925,
    0.40928124806644883,
    0.4337541150306101,
    0.550109659457906,
    0.16511507918379997,
    0.35734758123228,
    0.4322794479483685,
    0.19328897995814567,
    0.4851104993780832,
    0.37398493984089803,
    0.5661989737649993,
    0.455066583551674,
    0.13152015143428297,
    0.4091239256683654,
    0.0006576242489147537,
    0.13922305793396406,
    0.56953577713,
    0.5472154043962665,
    0.5306196081027865,
    0.5303354302906731,
    0.44133616554609845,
    0.5596975434431003,
    0.5755298942192096,
    0.5191926820255925,
    0.5276970183845661,
    0.32108782240068556,
    0.39526144792408163,
    0.41781807531351717,
    0.10212598108748412,
    0.07555284384539455,
    0.5496202722324414,
    0.3211946556211622,
    0.46762928120758834,
    0.49867513795797336,
    0.4535642684945797,
    0.368305575971286,
    0.5586026474977897,
    0.5490758420452765,
    0.29615252950418397,
    0.13490173367620195,
    0.5575776123830545,
    0.0062243000327872455,
    0.09842418831328416,
    0.40234052214411237,
    0.5211015126658807,
    0.5086399740708979,
    0.4749738121273487,
    0.3382312293019671,
    0.23607380541955242,
    0.07392902226352271,
    0.5445586327892116,
    0.5483388879861635,
    0.131054725787024,
    0.3516530380823567,
    0.5615921344728105,
    0.5464211666245502,
    0.05217357174537437,
    0.3274079687462955,
    0.19874990675584953,
    0.33760938478521463,
    0.17803951354598974,
    0.5719669557187144,
    0.4374816041579085,
    0.563055670082824,
    0.5447730943353238,
    0.4657417738420233,
    0.08926168558824192,
    0.33213371240092265,
    0.526938018227858,
    0.18676832254785233,
    0.5310942497416631,
    0.554873206748737,
    0.11404077646211165,
    0.5433806122136248,
    0.4352121571867965,
    0.4501676153957802,
    0.4540559687532346,
    0.475010314682383,
    0.42943560978204864,
    0.5456822609436829,
    0.5022142594448373,
    0.5412972559909005,
    0.3014952747623214,
    0.56789811349013,
    0.4670956572223594,
    0.5567860490559644,
    0.49276331425273706,
    0.5348136432527955,
    0.13443370586660391,
    0.4791175026643251,
    0.4472228711565339,
    0.47018962824352306,
    0.4877533566448528,
    0.5530992187152142,
    0.45689716861607177,
    0.3431159217061395,
    0.05408485998342712,
    0.5676044305572502,
    0.5541674424965493,
    0.42677948871557847,
    0.5558980250166105,
    0.536907769536312,
    0.02435399874286646,
    0.5551765393669575,
    0.14865061980615626,
    0.498248166487503,
    0.5593723454330027,
    0.5512320226723514,
    0.3241616266637214,
    0.539124305873196,
    0.5796373351891569,
    0.5456228449036072,
    0.5631971626600113,
    0.4789647340503351,
    0.12904715754242538,
    0.5827244032518933,
    0.34813361351875377,
    0.5408208795771313,
    0.5333121594420038,
    0.5127567755970373,
    0.5488548028110293,
    0.3650589447595631,
    0.5363906620537074,
    0.17803380324530121,
    0.5061432715888399,
    0.47618291408642993,
    0.2748591073657964,
    0.47704495264353675,
    0.47674577625682996,
    0.5100987029088128,
    0.35707601667928235,
    0.5655131955652215,
    0.023220323350474838,
    0.44177238914933,
    0.5006987528703296,
    0.45585442434097345,
    0.5148527812200209,
    0.4296057984272531,
    0.3356214050404463,
    0.3178354086059869,
    0.4816890534547753,
    0.5387918073520916,
    0.5682978345383273,
    0.5995428651310825,
    0.5475285312644023,
    0.18183664665700205,
    0.5628920591257545,
    0.4541875225159325,
    0.4403394650879444,
    0.4595105347096652,
    0.4675471323881894,
    0.5598496253753619,
    0.5337933787690153,
    0.4927258720279692,
    0.4692317795147372,
    0.4503336478094708,
    0.562483266650514,
    0.06368409228771126,
    0.24772050579096772,
    0.5566480983108497,
    0.18041405896268556,
    0.4035090014577892,
    0.5025335664485283,
    0.41590494387714094,
    0.5292094529618679,
    0.4983405432505402,
    0.5487119007292416,
    0.5620163592163675,
    0.16980359746052087,
    0.4340479063869207,
    0.05599911179525493,
    0.44277107737038196,
    0.2039610259690019,
    0.4728160051488119,
    0.520014531631018,
    0.28952778560032755,
    0.5092825274629322,
    0.5492317549387595,
    0.4469934110358283,
    0.18686583135328055,
    0.44795281383378893,
    0.5431083248377552,
    0.519664360090694,
    0.47682337129213553,
    0.41295597112409366,
    0.603284015610661,
    0.42934055857438513,
    0.42182970611178544,
    0.48875938151805526,
    0.46535249758432595,
    0.47284419524081855,
    0.5552842038337369,
    0.5649710422701033,
    0.4674437325763547,
    0.4662415697168443,
    0.5696023129753645,
    0.11326121199469621,
    0.5179588233831465,
    0.4183795279793169,
    0.4931566383185174,
    0.40794236326070604,
    0.47396164325973456,
    0.4013509776323908,
    0.5187018130132404,
    0.535231687860797,
    0.5637899135561671,
    0.5764918991795093,
    0.5749566233994533,
    0.3011645832983969,
    0.3996789799061024,
    0.5610299228429954,
    0.5266981855989397,
    0.4716007230541753,
    0.40122683280413063,
    0.41323873943160677,
    0.37392256022704734,
    0.44546308659244527,
    0.45945346784392344,
    0.4532762235801012,
    0.5455391420150335,
    0.13375092738174474,
    0.4179431959526545,
    0.5595802654321238,
    0.465518493856873,
    0.06946176006791066,
    0.5682142039320408,
    0.49107693235129657,
    0.462149235744921,
    0.49841029565768497,
    0.49434535667260926,
    0.5759750446849099,
    0.5596250081678985,
    0.35843448998485544,
    0.34549465949549274,
    0.26022584745199157,
    0.5647657967156086,
    0.28410112060675485,
    0.24254957552949666,
    0.5218684638741803,
    0.559318422846754,
    0.5809670401444258,
    0.571129709986116,
    0.13810239335326782,
    0.5509222569305703,
    0.47471164427168655,
    0.3028846126045274,
    0.5147442855069388,
    0.5258036922948817,
    0.43951577228419547,
    0.4531419230904899,
    0.3802891840833247,
    0.031630945724097935,
    0.4149907536498218,
    0.5600348487363033,
    0.5041630983310887,
    0.5640208193226167,
    0.20687761625738507,
    0.4470019042045739,
    0.5349562923465779,
    0.48438456836776767,
    0.12424356586448748,
    0.4511759533021729,
    0.543311944040788,
    0.35668995698336525,
    0.5049486983694851,
    0.5496785678970654,
    0.4070218844744008,
    0.5647550266548163,
    0.15337072544238206,
    0.5781331769337391,
    0.5425123212386755,
    0.46057261449658854,
    0.27315216115364843,
    0.5387723995579794,
    0.3920343329299018,
    0.14225096294463002,
    0.47803568981299704,
    0.0974766398104238,
    0.501676081675515,
    0.5640795486809639,
    0.47477637305987114,
    0.4871674364248371,
