{
  "config": {
    "mf": 0.005,
    "mf1": 0.05,
    "mf2": 0.03,
    "T_coh": 15,
    "tStack": 1296000.0,
    "nStacks": 8,
    "gamma1": 13,
    "gamma2": 45,
    "gamma1_upper": 17.776388834631177,
    "gamma2_upper": 100.0
  },
  "mismatch_list": [
    0.6772133270033325,
    0.1569560714519083,
    0.1588487831421515,
    0.014279076706541431,
    0.18578680137000955,
    0.027622820616758734,
    0.007210374994723393,
    0.014253561059161028,
    0.20380482394637,
    0.6598982858111027,
    0.6517196172970935,
    0.12989864288560143,
    0.44634865303403454,
    0.0715285275057233,
    0.09298913857439668,
    0.5577697748435667,
    0.03128290651124626,
    0.018562235916663727,
    0.19560468759306343,
    0.4792976662651627,
    0.2735000558019257,
    0.37332731559198323,
    0.04946884084076444,
    0.6059117658794065,
    0.0664163627437431,
    0.1828076869032013,
    0.22693783029391135,
    0.025952882935655463,
    0.5150110432878379,
    0.08131041714975329,
    0.6222601760449561,
    0.6785319727686603,
    0.015470144234967164,
    0.5398305038191069,
    0.48052700726465897,
    0.010785962895478078,
    0.18067210672797746,
    0.012973152623760286,
    0.05914165651341473,
    0.33403444742504473,
    0.08924679543707943,
    0.6196717834815891,
    0.6306973983002676,
    0.669771829395298,
    0.07229818929979281,
    0.6511162409047198,
    0.1955418020032024,
    0.6563642240843425,
    0.5384361423579407,
    0.03068440917325833,
    0.010192742164455502,
    0.07622694845579013,
    0.03230201447843126,
    0.050953302172921204,
    0.06331335643667985,
    0.011955779431468007,
    0.653708934264175,
    0.6156236862694302,
    0.03740514395451189,
    0.35302936511286737,
    0.09269704585183519,
    0.016053895986366983,
    0.13344401679030793,
    0.18482161598907323,
    0.06553820523659148,
    0.02314782421641664,
    0.04486062818511898,
    0.005786703066098972,
    0.1670587498865168,
    0.18825141051655236,
    0.026580510035383625,
    0.5653837379888523,
    0.6242047141351194,
    0.3262783411619869,
    0.1363886526061234,
    0.048299457998497684,
    0.018279323044576197,
    0.06591298889570592,
    0.010705151298392269,
    0.19326158497129814,
    0.18068555123339602,
    0.6097670139493249,
    0.03832688768084305,
    0.6377269230124251,
    0.19420580848894747,
    0.4771164036844306,
    0.3175772162761207,
    0.5084887956672263,
    0.006349926647934953,
    0.0243638291339252,
    0.008247047557697167,
    0.012850345017813247,
    0.011996257512298108,
    0.010336005657679184,
    0.11940831454475748,
    0.15953293499046742,
    0.03212275440618366,
    0.17629100501870376,
    0.35291682159170223,
    0.3689350101281941,
    0.6506111322817899,
    0.0765663860764654,
    0.0027652311789934953,
    0.12494817360008004,
    0.4763990019840042,
    0.514650065545578,
    0.018940705972425174,
    0.636372136103499,
    0.05897360019568261,
    0.6576389222190546,
    0.08298216188803648,
    0.612221611999091,
    0.6779182600092174,
    0.15842513665689217,
    0.6485354018403648,
    0.13942349671636026,
    0.509648637247583,
    0.0038194683377560457,
    0.17456447030672556,
    0.010507459242909542,
    0.6122156125692536,
    0.5878875993086344,
    0.08209128269833826,
    0.1604666775764732,
    0.007494010689682889,
    0.15779801553317438,
    0.0592850645712128,
    0.09031245319721903,
    0.0903303069221566,
    0.520586212240456,
    0.5968284122588446,
    0.004971286584234019,
    0.6564781409689643,
    0.16888951565663254,
    0.5394313610292073,
    0.020284433691410145,
    0.05653082029987319,
    0.3323115268274263,
    0.504170904818106,
    0.17113951869248858,
    0.417942436988639,
    0.6484010290684663,
    0.097416790076625,
    0.6165060722903828,
    0.08589896902328126,
    0.40705484519736246,
    0.5781747392488772,
    0.02209178000047417,
    0.02288110257666115,
    0.18374258600580223,
    0.49594525281741897,
    0.025831593257739555,
    0.09673198768772433,
    0.6072608424876441,
    0.029934046749870324,
    0.006971771164687385,
    0.49388278617569453,
    0.021426060135393398,
    0.6580961438267168,
    0.0819604517585124,
    0.1865235747234046,
    0.0486722177535706,
    0.4907496020137267,
    0.6113617057694565,
    0.17204629998537008,
    0.025069810232974485,
    0.1429038165625898,
    0.15973113302196051,
    0.6673872005995382,
    0.1469888500235062,
    0.5696958462549969,
    0.1440938721389948,
    0.020442081359785952,
    0.19379394401650119,
    0.11762792952881779,
    0.16418227626752774,
    0.3465020577321519,
    0.14110991475894435,
    0.5636278205271287,
    0.6468832817430555,
    0.6427664440757727,
    0.5460568638970793,
    0.3967892063462692,
    0.1857111218153147,
    0.182251330138649,
    0.11844074384834366,
    0.462276633276105,
    0.11951601515268043,
    0.5248649983722029,
    0.10100668987024462,
    0.036222894865124144,
    0.6659367119423638,
    0.5681237426496142,
    0.03526587738264103,
    0.0046882291475720955,
    0.596018995206817,
    0.1807994681180179,
    0.5200412399361372,
    0.14465499953450206,
    0.10108229714265228,
    0.5367517120782546,
    0.0852349839330932,
    0.34879918881926014,
    0.6039274725312852,
    0.07230086374441909,
    0.0636126051056738,
    0.46766600060948427,
    0.006475408698508267,
    0.6581839306645171,
    0.5181302769683768,
    0.5383883637661038,
    0.5054982605990409,
    0.017460653859787397,
    0.02966761423926362,
    0.5168586146897268,
    0.12030447034142104,
    0.6029493847620843,
    0.6259219605731927,
    0.5043135539118885,
    0.00334970575326528,
    0.15197466534746673,
    0.11094535979520403,
    0.02035107796020542,
    0.060887490596074435,
    0.008252757858385699,
    0.10587468506607468,
    0.49017033176413305,
    0.011365305427358904,
    0.6222640792884647,
    0.014691880848721268,
    0.44244450599682766,
    0.018206534781369212,
    0.1466288842332671,
    0.10050309917534585,
    0.006139802039054409,
    0.0648046123038331,
    0.5154371112297184,
    0.49169483748339676,
    0.06318519994148027,
    0.10079425222817379,
    0.20529434503863053,
    0.02613951580119711,
    0.369721730542042,
    0.6475417010971295,
    0.5722509166839662,
    0.5030651665297158,
    0.5020651410863507,
    0.1990276875855461,
    0.6545985846549909,
    0.037483281106971425,
    0.08135891856446222,
    0.4044102170145565,
    0.6471531115211605,
    0.0030856585581360654,
    0.09388009004638209,
    0.13627921722330774,
    0.18058956035599893,
    0.5225922264158799,
    0.031075022653268808,
    0.6026353543653586,
    0.012990572654974669,
    0.5652352340298069,
    0.6590998918078725,
    0.07643714534695786,
    0.18119441853526017,
    0.1732119241487026,
    0.6194877889195302,
    0.0680197284383383,
    0.06459954745505632,
    0.16683207263386823,
    0.5400542174979804,
    0.5202488346649659,
    0.005574988246900101,
    0.16198749689908987,
    0.001601341790553688,
    0.35483671142193135,
    0.014749562113904163,
    0.03495759342774749,
    0.08611176807678808,
    0.028659348615158117,
    0.18719182446853724,
    0.5824834502475235,
    0.6694818328590652,
    0.05219308796291745,
    0.4646227717539326,
    0.3083494426457399,
    0.04249345556171722,
    0.004206829114842676,
    0.06787133290272365,
    0.022123873335989468,
    0.12829491577957025,
    0.5615525237794269,
    0.5559766320039368,
    0.6148920088172826,
    0.20147986417869107,
    0.14523795618074273,
    0.4665886692599624,
    0.020891171210138487,
    0.3301616347593376,
    0.5698549395691166,
    0.08450854694676728,
    0.4602647642354182,
    0.5805816309890934,
    0.16649979095962542,
    0.03097736928326619,
    0.10649392742048804,
    0.5352875259276564,
    0.02410187812512469,
    0.07701930688803936,
    0.035691403207367474,
    0.24216207018783564,
    0.44868890050545557,
    0.6439785818909162,
