{
  "config": {
    "mf": 0.9,
    "mf1": 0.65,
    "mf2": 0.1,
    "T_coh": 15,
    "tStack": 1296000.0,
    "nStacks": 8,
    "gamma1": 7,
    "gamma2": 71,
    "gamma1_upper": 17.776388834631177,
    "gamma2_upper": 100.0
  },
  "mismatch_list": [
    0.7231678030405978,
    0.25848825355007227,
    0.4470134693705254,
    0.4977776449389966,
    0.3729980697738027,
    0.27384086678605774,
    0.13273196397913412,
    0.4593477549988984,
    0.7318307267376807,
    0.5475939467343152,
    0.3524120020979211,
    0.5376991882988277,
    0.6344383319329845,
    0.24534964677091892,
    0.6303399623900803,
    0.5959281002306672,
    0.2426770814841115,
    0.19864495287484005,
    0.3462808016510431,
    0.6853427712797607,
    0.44907720095227577,
    0.05559093371945567,
    0.5861693770596837,
    0.4510928648130404,
    0.31439180816165324,
    0.507397369271701,
    0.24942325963045825,
    0.559552617457271,
    0.6435830532153763,
    0.6873982626807708,
    0.4243834754595852,
    0.48553602520280964,
    0.042795378675337455,
    0.44032157522186327,
    0.2653435779500859,
    0.3773424520811805,
    0.3231722267165742,
    0.3678340063296153,
    0.21605204555981475,
    0.26805878978633935,
    0.37828486854164994,
    0.6705820054113412,
    0.7058638029677372,
    0.5158911885578874,
    0.5052710412292384,
    0.528440188720378,
    0.4032239562582293,
    0.2260132675583795,
    0.3598103833216429,
    0.5729362250488773,
    0.7258045705246711,
    0.2082160673694047,
    0.26296353907956316,
    0.168141899960158,
    0.4900101180745618,
    0.4303625216919144,
    0.14925179158877044,
    0.7058312217267834,
    0.23989746612996588,
    0.6662280818420534,
    0.7321741579547235,
    0.3991583667325688,
    0.310590627242558,
    0.4520803131384333,
    0.5527462281656895,
    0.5815832827839205,
    0.7087031957733945,
    0.6634361784990843,
    0.37282170099304296,
    0.31763287363726206,
    0.5556750341606089,
    0.6854024403078416,
    0.23973577065350704,
    0.7920224641783441,
    0.3148132138960095,
    0.2971131611010269,
    0.6960426821123313,
    0.7068388006691605,
    0.7795121350395037,
    0.7914852802904707,
    0.7809175918317546,
    0.14063856196413527,
    0.36061604169473627,
    0.6601575623752769,
    0.0876463933162593,
    0.2560941919158333,
    0.052162367990858896,
    0.5574747908295173,
    0.6614455604508332,
    0.5447655408363118,
    0.6668256395103077,
    0.2976030904436455,
    0.6331498278814177,
    0.6284289271400327,
    0.6750265348276299,
    0.5010092414349827,
    0.08552006527379663,
    0.36770057322745037,
    0.44692192385379087,
    0.7125007083664145,
    0.38287790191698406,
    0.6839175814231052,
    0.560388453685269,
    0.7869933156232092,
    0.2604844011932938,
    0.4417868817479129,
    0.3750060717121245,
    0.6141665476418338,
    0.5684420738424281,
    0.25207746521631774,
    0.2725217873270068,
    0.2720051858204126,
    0.24963208315816926,
    0.2970050267993808,
    0.6895653940743559,
    0.30671065863041835,
    0.443972192136728,
    0.7765223950764776,
    0.4388263076877706,
    0.16575528340150034,
    0.39846568557436374,
    0.31524300437568054,
    0.5899811111927098,
    0.7119890581964933,
    0.3811583785868639,
    0.19847263190216333,
    0.438787672805264,
    0.21490492566200456,
    0.19151112482225785,
    0.5137172987704494,
    0.1239831327837181,
    0.28162697019830213,
    0.6512602272208154,
    0.7427443582229197,
    0.7045715221666644,
    0.44470289377799854,
    0.5324892256022705,
    0.7198345957193851,
    0.5935852867380508,
    0.6965924611887487,
    0.31113173244451175,
    0.7461675389211203,
    0.627225716187358,
    0.25745447227858637,
    0.3521305348715775,
    0.484705646287495,
    0.19745084949035205,
    0.48503651845713747,
    0.2586495153328079,
    0.6631786367098028,
    0.42405863886092365,
    0.8044088291946423,
    0.3899846241118675,
    0.7107327920450163,
    0.47590329005840987,
    0.5094168279525435,
    0.3271509329330244,
    0.5808372211566207,
    0.5561420861593298,
    0.37451274510200766,
    0.6660683379873489,
    0.6918689582850247,
    0.7798713960774427,
    0.5824635003362572,
    0.4730691015774308,
    0.6847017358157577,
    0.43556485860717237,
    0.7677135515121165,
    0.6251386012856995,
    0.36007031042640186,
    0.6336323482895987,
    0.6766807511112679,
    0.6199692250934031,
    0.3398718926567557,
    0.3781103068180701,
    0.2838358446127433,
    0.5702331566368729,
    0.12699144929455378,
    0.6946052765491395,
    0.5124752360884064,
    0.36651781816205226,
    0.5133275526778852,
    0.23338642226386966,
    0.18104761320996385,
    0.1041666546196188,
    0.5859702754996007,
    0.6796355064472909,
    0.37761286011758305,
    0.20580212810618673,
    0.4212678197522626,
    0.2707519555249978,
    0.5428579389949061,
    0.7556782615647323,
    0.5350134314946069,
    0.7719770137989778,
    0.715953416378935,
    0.36068066205949006,
    0.7388180928058307,
    0.24254357609965935,
    0.4282420846558582
  ],
  "statistics": {
    "mean_mismatch": 0.4668118076621826,
    "std_mismatch": 0.19470714710773668,
    "min_mismatch": 0.042795378675337455,
    "max_mismatch": 0.8044088291946423,
    "valid_samples": 200,
    "total_runs": 200
  },
  "perfect_2F": 1729335.0
}