{
  "config": {
    "mf": 0.03,
    "mf1": 0.1,
    "mf2": 0.0001,
    "T_coh": 10,
    "tStack": 864000.0,
    "nStacks": 12,
    "gamma1": 21,
    "gamma2": 33,
    "gamma1_upper": 26.758176320519304,
    "gamma2_upper": 100.0
  },
  "mismatch_list": [
    0.01553058176904429,
    0.021415809208472688,
    0.0025978269979496033,
    0.005443510110979039,
    0.005553559960850444,
    0.04155113691253032,
    0.023560751257739675,
    0.019072126888452712,
    0.020199405991027087,
    0.01832172786287637,
    0.03313432923206998,
    0.019478823427238563,
    0.016459554294855315,
    0.028441434993662106,
    0.0255431664843887,
    0.023257490735483204,
    0.014325454595329355,
    0.01662956233879459,
    0.012128794537797678,
    0.0270811537951531,
    0.04282077606720435,
    0.012574848806143448,
    0.023100710358227982,
    0.02577421695736994,
    0.010471107685892357,
    0.008629643005876661,
    0.025356352798350835,
    0.013469559506772836,
    0.01999990675579223,
    0.028822652010556546,
    0.009749440887129729,
    0.0348089301495713,
    0.05245246903614655,
    0.05319961535680059,
    0.006588353820133875,
    0.03959224958481932,
    0.031047827447907118,
    0.0031133807281353448,
    0.02690290556541065,
    0.03972647787461321,
    0.014417939838620298,
    0.013437032457549762,
    0.03183563258009,
    0.010553617967421557,
    0.02276286274029764,
    0.00794527389022316,
    0.03309876632491942,
    0.010757128872060599,
    0.03173783458542595,
    0.023583737039190648,
    0.016848903074055524,
    0.0459045571805467,
    0.04590087078163475,
    0.01650942910366403,
    0.03768659819433676,
    0.017779718799322528,
    0.017653080154347352,
    0.04257476315158049,
    0.007244532826460711,
    0.0348216156987683,
    0.04059744382930976,
    0.011240914517505137,
    0.02153746037256699,
    0.021124150000439115,
    0.013675889422344543,
    0.005049715968385009,
    0.03573204780652217,
    0.014389099188309171,
    0.04074251446884467,
    0.015447746217022858,
    0.03535039709563809,
    0.008739150738261016,
    0.015807061687440428,
    0.035439304363514494,
    0.026947576046343673,
    0.02124330742409298,
    0.023880708998597327,
    0.023798198717068123,
    0.027802170052931268,
    0.008954371380620363,
    0.005620131988260338,
    0.04388928963418237,
    0.02953759655247974,
    0.00720539194389561,
    0.01596742004011019,
    0.018869049677803312,
    0.031227918877105545,
    0.03395650461293191,
    0.01841334571818803,
    0.01971019917071204,
    0.020609572081730067,
    0.030656743892748344,
    0.02793759100119667,
    0.0267088275050463,
    0.0221658829635568,
    0.022984263522009375,
    0.035360372057399836,
    0.041869034606937174,
    0.03404996566769954,
    0.0014112402422918212,
    0.01923530425205514,
    0.0038891508521056873,
    0.008561336202508204,
    0.04590520772153116,
    0.02648829411131385,
    0.017589001867377895,
    0.01602412552925575,
    0.03852959088670146,
    0.036840135950054934,
    0.0169068012216726,
    0.01036886432783449,
    0.01659530051361295,
    0.010010958362883253,
    0.009981033477598026,
    0.003592178892699011,
    0.03497004746672293,
    0.029021717551801766,
    0.043333510786457426,
    0.040154750689383706,
    0.018514830111764025,
    0.023642502574787005,
    0.01080505205791593,
    0.01736976955561437,
    0.028927172262060027,
    0.03230803375830646,
    0.022365707469283895,
    0.018443921144457722,
    0.0058500982262674785,
    0.008752920522432118,
    0.04844220913743361,
    0.012015708829998787,
    0.014611909475487236,
    0.018699258480858863,
    0.013256941028351335,
    0.0016075951961017848,
    0.02787351271422721,
    0.014738439696964999,
    0.00936887441121975,
    0.017680186028699918,
    0.002836575539246975,
    0.035556618587712384,
    0.029161583863460988,
    0.030753023958448648,
    0.006650372060652538,
    0.030764300002179314,
    0.024801658185599994,
    0.007853222340921858,
    0.005551066220410007,
    0.011749854414348853,
    0.019554177757938686,
    0.018260251739844757,
    0.04538694340391016,
    0.012316800882307053,
    0.027719985041894296,
    0.03440776320915337,
    0.01578993077484961,
    0.03112307335510983,
    0.04396767982280998,
    0.010051942444904328,
    0.00765534945814815,
    0.005758805641448048,
    0.017264381916131607,
    0.03594369047346698,
    0.025664817648483,
    0.01646562601071029,
    0.04343304355708004,
    0.0070654172087389775,
    0.022677858718328007,
    0.016503791081798697,
    0.0018358266581503624,
    0.016814858095868707,
    0.040135776577336905,
    0.028029208856508333,
    0.04360305160101931,
    0.03067148948839614,
    0.032214355856544,
    0.0034081842175938157,
    0.03982872123267108,
    0.03424187525811569,
    0.012502747180365632,
    0.013507724577861245,
    0.023990542001473908,
    0.031994473003796015,
    0.021120680448521986,
    0.020328646799940106,
    0.020690781281290344,
    0.02791471364324311,
    0.0348639008627583,
    0.019139783150836708,
    0.012275491529793747,
    0.008764521836655013,
    0.03966847130349873,
    0.014555746103828726,
    0.00980571268228565,
    0.015040507560749957,
    0.03735948450265003,
    0.0453662345159048,
    0.01084863830387485,
    0.03923607839582665,
    0.012770878489461181,
    0.02683069551613542,
    0.01806639052647523,
    0.04400768809335437,
    0.006037237182797571,
    0.017765406897664374,
    0.007038202910889004,
    0.012404840762204177,
    0.04074652613824885,
    0.031554165180812985,
    0.03769776581457002,
    0.014322744007894099,
    0.005885552709920631,
    0.04048078014609632,
    0.008835756074453548,
    0.015533183932982135,
    0.02742192884751352,
    0.01977525326915819,
    0.01493002401688891,
    0.03558198968610639,
    0.03185308876317305,
    0.03927034022100829,
    0.019934744233848667,
    0.041333856223720176,
    0.009332660963084726,
    0.010748671839262598,
    0.048588797705932274,
    0.0205369283384652,
    0.015397220867229682,
    0.014849465358313095,
    0.04398524442939045,
    0.0007801070638667528,
    0.020141616266907424,
    0.017552246301755822,
    0.007984740043280491,
    0.029226095844420086,
    0.009517414602671793,
    0.037263312860447144,
    0.016371080720968552,
    0.01893291111777795,
    0.012002698010309556,
    0.0268516212511356,
    0.021017569702484837,
    0.005454677731212295,
    0.04580047062303286,
    0.014942926413080732,
    0.005250082591599152,
    0.03159818512076155,
    0.008805180648183858,
    0.04919683667940896,
    0.009936362996665001,
    0.020189756299757576,
    0.040977793458224915,
    0.027955806148761593,
    0.020613800598129065,
    0.02787307902023757,
    0.014095271510327393,
    0.01703300617265813,
    0.02835773205366139,
    0.033299675065620614,
    0.02822307006987786,
    0.012756891858295259,
    0.042809066329484044,
    0.03430172502868615,
    0.0007865040502139575,
    0.01492492811251063,
    0.015119114596372388,
    0.038279566301673416,
    0.012502747180365632,
    0.03618265586175917,
    0.025286636489516044,
    0.03296236956517732,
    0.019398047921667928,
    0.024637071316531232,
    0.03282087690105694,
    0.011498962441341532,
    0.007211897353740226,
    0.014709599046653872,
    0.03622472417875435,
    0.011314208801754466,
    0.015391474421866938,
    0.04080767699078823,
    0.0040444133003971665,
    0.004375863931980302,
    0.024724460655443894,
    0.04160968560113185,
    0.01213822738207237,
    0.021738694383760415,
    0.03746096889622603,
    0.02034295870159826,
    0.011769804337872338,
    0.014125413242607443,
    0.014145796860120569,
    0.04495194833230024,
    0.012996074093582272,
    0.033075238425981396,
    0.015627946069718693,
    0.01452289378411342,
    0.01397275295825381,
    0.0328489585868862,
    0.042991109381635854,
    0.030506035231348094,
    0.025134518322649464,
