{
  "config": {
    "mf": 0.2,
    "mf1": 0.4,
    "mf2": 0.002,
    "T_coh": 40,
    "tStack": 3456000.0,
    "nStacks": 3,
    "gamma1": 1,
    "gamma2": 19,
    "gamma1_upper": 6.4031242374328485,
    "gamma2_upper": 23.685438564654024
  },
  "mismatch_list": [
    0.32162035306780223,
    0.3614976134382568,
    0.39982859344162014,
    0.04096593976364349,
    0.38431916770726027,
    0.024939117548425416,
    0.3659332690816245,
    0.238006772342621,
    0.06891066247675266,
    0.42874045291274593,
    0.22391091672963356,
    0.24629541625967233,
    0.04033112073694086,
    0.05985774198938079,
    0.3266702272912332,
    0.3197573679394815,
    0.4042434860032434,
    0.06496654433254065,
    0.2828527520190877,
    0.29710305677016874,
    0.047024205850071464,
    0.35341719666736815,
    0.39868261227975277,
    0.2562503652513401,
    0.008776766079000978,
    0.35008100854582425,
    0.34746307125987236,
    0.3822685016677146,
    0.38913240785284686,
    0.37286911419488955,
    0.11938354572935936,
    0.22512005452396108,
    0.12522366392821677,
    0.33003980982101355,
    0.36978544417978293,
    0.3678635851434349,
    0.32522895499030097,
    0.32468813905431587,
    0.3330547393983867,
    0.269965492083411,
    0.38512843998997737,
    0.3224706093969913,
    0.39915485041310944,
    0.3214433518618087,
    0.021945981075128636,
    0.36773586237427086,
    0.3396804935780276,
    0.2637901829330504,
    0.3676439193282173,
    0.03436685774123042,
    0.33971361692775565,
    0.35078337535282333,
    0.3704502964892177,
    0.3267841802881699,
    0.39531492715953126,
    0.36028527715353004,
    0.21485279191890017,
    0.17158074057738282,
    0.34468000513059543,
    0.1769360435280932,
    0.3738169515871072,
    0.3223435913799491,
    0.26409219632312386,
    0.39054961015823203,
    0.3887767790898094,
    0.08297859906337358,
    0.37124731692735446,
    0.36046195308931345,
    0.32440379867899094,
    0.022915503148019305,
    0.3652032543067673,
    0.3246391316759949,
    0.39785962443651,
    0.3376416999011504,
    0.3493680704569971,
    0.4009349458495575,
    0.3251339218772515,
    0.3377242101111112,
    0.40362048512750753,
    0.3667300726729546,
    0.17562894518882533,
    0.37777744166522736,
    0.3221185043945632,
    0.1789600374104111,
    0.42773547638695486,
    0.3351611350672621,
    0.37930941014307445,
    0.32320837644518907,
    0.320923136372463,
    0.33360851193107394,
    0.3289432697310807,
    0.15259932640876425,
    0.38484659335292976,
    0.3656817267858175,
    0.3697516702896347,
    0.392513645898489,
    0.37173977602543873,
    0.3826386049551013,
    0.057883568660909164,
    0.11010152659067704,
    0.3313722250249672,
    0.34320983799266647,
    0.2633982323298856,
    0.40971073611792824,
    0.3958081452214391,
    0.3982198069824889,
    0.3347764488321227,
    0.005364573151698111,
    0.3196301330756326,
    0.41223710983973827,
    0.39214484369194264,
    0.14598007763332527,
    0.4021228868685272,
    0.326567279269738,
    0.32495323427554357,
    0.3810175124396881,
    0.25372979218161007,
    0.11450259516837125,
    0.31993458599228175,
    0.05591720181747983,
    0.32467935675864334,
    0.34850268906303855,
    0.1337203723563257,
    0.3522492597663194,
    0.06820276607618198,
    0.2417396816970778,
    0.3464381990395638,
    0.3227057255471885,
    0.3994186445534967,
    0.3782696839165049,
    0.3669939752367452,
    0.2135008062906391,
    0.4138513716807395,
    0.37177067669539776,
    0.35626461208654225,
    0.3473273251588593,
    0.3715698765523656,
    0.3555820325506573,
    0.04095444688288678,
    0.2240713833666139,
    0.4123110546008333,
    0.3879799754984793,
    0.33632739140555873,
    0.14108459833628625,
    0.36660180778677365,
    0.0564794855873312,
    0.34809149330577643,
    0.3981864125742524,
    0.07995120079461344,
    0.35080403001116434,
    0.03127776655595553,
    0.35177680478615597,
    0.007670413671063561,
    0.362723719495211,
    0.32147652942323846,
    0.3894038458431714,
    0.30515474133916565,
    0.23789075930102033,
    0.0074480372707617535,
    0.3244846283261996,
    0.34772735330557475,
    0.408864437242962,
    0.3553907736671213,
    0.3551602655115671,
    0.11237885175495747,
    0.32025465187901553,
    0.04697519847175045,
    0.34093690397622234,
    0.3498106547895334,
    0.03784063516164466,
    0.04570480145452164,
    0.3920731758223183,
    0.0038312493813089546,
    0.31965913633603277,
    0.39810178810792596,
    0.32419069247967686,
    0.06589996141211074,
    0.32627562031468593,
    0.38677246405520227,
    0.3426675583407359,
    0.1592239421426698,
    0.3186113867776142,
    0.24891156455946867,
    0.3784845248902728,
    0.35816744281559965,
    0.37338342060875185,
    0.3630700238455591,
    0.3231244025192828,
    0.3643753331986715,
    0.11768032248589709,
    0.39021295549078344,
    0.05075960894280568,
    0.06210763603260985,
    0.35923823234723334,
    0.38502554618018386,
    0.3690104879042309,
    0.36016677037365197,
    0.3494613687955927,
    0.35646042475301964,
    0.36006582818511906,
    0.0510381486660506,
    0.41518622641126884,
    0.38610956336702806,
    0.12772943720338745,
    0.39589081806650495,
    0.3932598157604476,
    0.33560290622427313,
    0.3368155135675084,
    0.34887252129191687,
    0.033650721162003974,
    0.13616401902136818,
    0.3599129511863743,
    0.24205817544446276,
    0.3812666694206211,
    0.06923311367836045,
    0.3320238496791914,
    0.04791100086619457,
    0.21096803558803054,
    0.38400994416086304,
    0.017296351845219955,
    0.33493447594252734,
    0.3760304153668056,
    0.3440190560636818,
    0.414608817576648,
    0.33345254486533327,
    0.326526132588161,
    0.3667756105023679,
    0.33328974712518056,
    0.31881516856423886,
    0.3352923815970355,
    0.3746270370453495,
    0.3719141208580498,
    0.3622558725096906,
    0.36576098429367737,
    0.34680488698974454,
    0.39849596139085974,
    0.09668792524336446,
    0.3320546419257471,
    0.37297970606632197,
    0.35834075762587875,
    0.3316526079460693,
    0.3392335723093567,
    0.32544493440980427,
    0.31875558990408975,
    0.01414329085195966,
    0.39318072088769274,
    0.3751867728652218,
    0.3953578086155622,
    0.3290737572970306,
    0.2359989877591062,
    0.36870533023545987,
    0.04312627607569298,
    0.36109124252244446,
    0.3743843312569167,
    0.026931289161855648,
    0.40403195194327807,
    0.346519625015491,
    0.1280675013750798,
    0.010243192609513872,
    0.3577570602338628,
    0.0756111203813121,
    0.38587639883809144,
    0.05915927842490286,
    0.31969122966342883,
    0.32549410442323035,
    0.018952627755025125,
    0.3851156460283803,
    0.379891643819145,
    0.3277202537411224,
    0.034129735758070955,
    0.3216281595528445,
    0.4030143983026967,
    0.3425545811544295,
    0.322425071567578,
    0.3737228400729863,
    0.04192180048771015,
    0.0538557476492993,
    0.06390106754767187,
    0.37990357039351513,
    0.32435994141232977,
    0.367606567465758,
    0.09426016260691496,
    0.40601317279296845,
    0.3975113684649013,
    0.20888099349665584,
    0.3645803618544349,
    0.4063653862188,
    0.0007960446275065187,
    0.11869793033818019,
    0.3230853700940714,
    0.39496184634647286,
    0.322553661723969,
    0.35818121258782704,
    0.3728006990273662,
    0.35989994037797046,
    0.07222082898148897,
    0.07098707907459757,
    0.005715864978601015,
    0.3402883151772923,
    0.34333907868947766,
    0.39672161239479,
    0.3655714601845952,
    0.2697927193901487,
    0.39128851565216516,
    0.3285338629599741,
    0.11906055241073474,
    0.2009487373064656,
    0.36778188810899937,
    0.18249014078887352,
    0.36816088211546205,
    0.3384806801963895,
    0.35519105775812276,
    0.3814014939227056,
    0.353160558471603,
