{
  "config": {
    "mf": 0.2,
    "mf1": 0.4,
    "mf2": 0.0002,
    "T_coh": 40,
    "tStack": 3456000.0,
    "nStacks": 3,
    "gamma1": 1,
    "gamma2": 9,
    "gamma1_upper": 6.4031242374328485,
    "gamma2_upper": 23.685438564654024
  },
  "mismatch_list": [
    0.46981720139462857,
    0.34780606869641784,
    0.3180958877063148,
    0.3441742099538973,
    0.019383393936594644,
    0.32428729773207515,
    0.016176771782071993,
    0.20786365670288118,
    0.315018235190095,
    0.450683289709177,
    0.33536188099859254,
    0.4593835630771039,
    0.321337422196721,
    0.3434147040133248,
    0.18348481709134487,
    0.3579951580276525,
    0.34951742369513245,
    0.38074845976423766,
    0.29461810078844414,
    0.06625840918363574,
    0.37359771946550296,
    0.4825888277706164,
    0.07759754555436399,
    0.41880426116986036,
    0.43347579084301474,
    0.0033979894614620397,
    0.4067449765539811,
    0.4093938687215937,
    0.3582247445842781,
    0.06304690797596166,
    0.35101106449989,
    0.49393674643701724,
    0.07534038714310946,
    0.3723729144893892,
    0.07671844859987981,
    0.3948194322061528,
    0.39951264764421424,
    0.386330204992876,
    0.00729429288479005,
    0.3930299581453136,
    0.3253128204928039,
    0.37704379470635746,
    0.4408707548578293,
    0.08477550012734329,
    0.05262264828282809,
    0.3176225653389245,
    0.31924935008301436,
    0.46898852132270913,
    0.3268468490153149,
    0.4332057081452323,
    0.38517939898955894,
    0.1815312442095126,
    0.35486063743636764,
    0.32239292402848024,
    0.23181021220520084,
    0.34196649261457723,
    0.4476887437316365,
    0.125411127992635,
    0.5374931923655613,
    0.3218734132912564,
    0.5239475855246516,
    0.026108355530314587,
    0.32884541760954367,
    0.040666691170355825,
    0.4145176877061197,
    0.3552743811436089,
    0.493139292305267,
    0.3611677352335185,
    0.18321999292862562,
    0.3213127016607538,
    0.40727050479009175,
    0.4249744202085611,
    0.21952144945609942,
    0.33204461276093583,
    0.0809511898438497,
    0.10390138848094584,
    0.036797602021272455,
    0.3233975752840612,
    0.3596728475596223,
    0.03637388336092167,
    0.4930397596209778,
    0.031099301634016585,
    0.32135043300512484,
    0.37095760959356294,
    0.37263681705317986,
    0.404355921072533,
    0.005087876626310391,
    0.3350924488412303,
    0.392331440369134,
    0.4721557857818103,
    0.45515602615649553,
    0.29462070295012494,
    0.3862759932911935,
    0.42356128378080216,
    0.335859435996635,
    0.42126390028689914,
    0.3215431013929046,
    0.4125769087858845,
    0.10193263632264246,
    0.08539774203925556,
    0.4135794457850998,
    0.24812381432231959,
    0.42481427884179085,
    0.4069373738832525,
    0.2075240746035417,
    0.1823444739464525,
    0.3895895209214341,
    0.4170080648580125,
    0.3608070105705229,
    0.0709904402001019,
    0.30089484003265277,
    0.11006466263353291,
    0.47150882333393074,
    0.459357758307103,
    0.43980847656335975,
    0.32570482530767036,
    0.4836520276640145,
    0.03730112030649995,
    0.3177868810067243,
    0.16383508106438388,
    0.15712860566093767,
    0.3496666142981628,
    0.3561887157041867,
    0.4159886680195739,
    0.4631243331283047,
    0.039431206489010585,
    0.48011471412922835,
    0.3183951362996025,
    0.5370523970191804,
    0.3418908130790284,
    0.3217819581505179,
    0.386583807333347,
    0.321700315327784,
    0.38288608137328217,
    0.5508170191348875,
    0.35716414685256076,
    0.4882992173673475,
    0.44920640032023934,
    0.4229797006451518,
    0.22913085306124265,
    0.34658272743624946,
    0.5390228839519376,
    0.5130192654292738,
    0.4303169291976744,
    0.2126557000731099,
    0.16648034104798376,
    0.466845207484988,
    0.33362325751393157,
    0.020446051712975928,
    0.4329348122719246,
    0.33338732818820915,
    0.3541734499058397,
    0.4734742143667298,
    0.1961152219844497,
    0.3351745795692794,
    0.32854925908325194,
    0.496619249859673,
    0.3372043198919756,
    0.5007937135243342,
    0.4167192249114479,
    0.5474097052607361,
    0.059002281336830206,
    0.04114028459625456,
    0.5159302169628198,
    0.08769902877567967,
    0.00264130252937705,
    0.05053549776805003,
    0.34230428572776117,
    0.2972727393964351,
    0.557910918464408,
    0.40388015917856696,
    0.3272702966171573,
    0.24730825348220734,
    0.0700961639691466,
    0.34184191412411075,
    0.42120800802246444,
    0.44055274901575947,
    0.3311650821128382,
    0.3222221029564785,
    0.32666263765299763,
    0.33402599624573126,
    0.37302968925527324,
    0.504739729078105,
    0.5429674357897631,
    0.3276582897660993,
    0.47496747568957554,
    0.2248643379271245,
    0.3423676049953264,
    0.3218001190705816,
    0.35370701242456304,
    0.5476581303836964,
    0.3394395767757504,
    0.3149300327514575,
    0.33542173071725007,
    0.3397743882453418,
    0.3327147236054338,
    0.3915798493370071,
    0.07294683209042165,
    0.32528896734406354,
    0.3199335559699498,
    0.32944939017798897,
    0.3595019722759189,
    0.4019449640636051,
    0.3202294976494348,
    0.36336493550271215,
    0.4356881161769778,
    0.3967623253827536,
    0.44742169688914823,
    0.06968719089165347,
    0.32607547071207393,
    0.10682383289524858,
    0.35259697362091125,
    0.23559592375709645,
    0.32219678609179275,
    0.5200473788588025,
    0.29909127092937615,
    0.5035277722752901,
    0.3340636733784006,
    0.39911169789857015,
    0.4067821115696337,
    0.3241272647887083,
    0.47836270035425177,
    0.1200267133581211,
    0.5131725219099303,
    0.4220759915781037,
    0.37072937832947944,
    0.3781690669981821,
    0.4584339366987307,
    0.4158519461079305,
    0.050560435150824,
    0.3460108481952003,
    0.08113247377427614,
    0.3265272168221946,
    0.017296243421816588,
    0.40032088990459935,
    0.430948170252066,
    0.4622744020693257,
    0.5279330129855457,
    0.26821006297122846,
    0.3190354849198767,
    0.4337876165510927,
    0.3011917033110664,
    0.4777016428639348,
    0.024236208624409512,
    0.5126207009985037,
    0.16126382005358067,
    0.25102202610597024,
    0.3392005031713303,
    0.3474181297591775,
    0.3007721047400435,
    0.39842396825102533,
    0.34250991071224307,
    0.03637583498218224,
    0.3600568832543415,
    0.3748851389570601,
    0.43115796953757746,
    0.4840242452077669,
    0.26920457663859476,
    0.34996851926483297,
    0.32400767377479656,
    0.40997724084339965,
    0.02680486747353195,
    0.4121320475618775,
    0.008931161005392872,
    0.23438402116598311,
    0.07545336432941589,
    0.3956748386470017,
    0.401621537051367,
    0.05977837605811755,
    0.29018943845459355,
    0.4078976257551554,
    0.023675117511995154,
    0.022084329337822495,
    0.06846287382085484,
    0.3509125076262311,
    0.4136960009437173,
    0.3794310612016501,
    0.371573400312975,
    0.1257690336471432,
    0.32360043547175726,
    0.16917075937908518,
    0.3235080587320902,
    0.4087342207355205,
    0.30920430124315024,
    0.189188538648769,
    0.09751530423444349,
    0.46839772219777276,
    0.38957515482048827,
    0.3282493057378424,
    0.16201714586016136,
    0.3212062298786493,
    0.4494457449831678,
    0.33794680335821975,
    0.4188986979541913,
    0.14709830240393118,
    0.04955101326549498,
    0.1803835282731914,
    0.5293488057866872,
    0.3407589811713002,
    0.440965408488967,
    0.003764894258449517,
    0.47438258564012253,
    0.18711965747745796,
    0.3213835563548529,
    0.37700492491625104,
    0.33840120584172284,
    0.04903079777614926,
    0.3836517132361448,
    0.4107193990394337,
    0.3612304039606636,
    0.06424899824907046,
    0.2888448256177613,
    0.3911762974296823,
    0.3976880444006848,
    0.3502898862324071,
    0.4154128313243019,
