{
  "config": {
    "mf": 0.05,
    "mf1": 0.05,
    "mf2": 0.0001,
    "T_coh": 20,
    "tStack": 1728000.0,
    "nStacks": 6,
    "gamma1": 13,
    "gamma2": 81,
    "gamma1_upper": 13.2664991614216,
    "gamma2_upper": 100.0
  },
  "mismatch_list": [
    0.023327315467815406,
    0.02135227303899028,
    0.023026982379989014,
    0.001093125700890146,
    0.00920396227165876,
    0.00497653010763309,
    0.016484274852264853,
    0.005392767914191042,
    0.014280133573411869,
    0.014866487847406504,
    0.011954341130464586,
    0.008734596951369784,
    0.01752177929898354,
    0.002680770973468445,
    0.002003015691156969,
    0.019240508579930832,
    0.015975334955421135,
    0.013701043673743722,
    0.013379459580424918,
    0.0003195240468680084,
    0.012812729959461538,
    0.023771743383700025,
    0.019551684017498253,
    0.003722395513088722,
    0.0013646181384054134,
    0.004021861212935834,
    0.01267459842376088,
    0.006456836117775241,
    0.020798445814218722,
    0.0012821078568762128,
    0.016514633431539725,
    0.010373201267730902,
    0.010419172830632848,
    0.006258204270519662,
    0.010573242620452814,
    0.009019642326061334,
    0.01888065099202621,
    0.02128223145966326,
    0.02217791797176934,
    0.018345581032306626,
    0.008224247549059736,
    0.016050689286121262,
    0.009738381690393884,
    0.015757078455134303,
    0.0012876374552441355,
    0.014702443095824795,
    0.02182358998223264,
    0.02776042700642832,
    0.0005282392793827407,
    0.017202146828618124,
    0.011496902394890738,
    0.011118287541934143,
    0.005060992012115675,
    0.01576488494694784,
    0.012401588057281868,
    0.00815236277027674,
    0.014933168298313808,
    0.013239159574776053,
    0.016995274795559363,
    0.012781937686197028,
    0.008976381350594644,
    0.011077737153902709,
    0.0022322229646822385,
    0.0027679434653862865,
    0.022843529822370867,
    0.0032717874578517205,
    0.010144644535190093,
    0.012053440207097555,
    0.01031237568568375,
    0.0007969127059653415,
    0.006026503256553957,
    0.0020467103606133,
    0.00852913442377736,
    0.014425312636444195,
    0.0010115912308376377,
    0.011037403612866096,
    0.01329380501747082,
    0.024035971446888803,
    0.0004934353367140503,
    0.009980166089618743,
    0.014522026396134138,
    0.018939308104125155,
    0.004428557751721684,
    0.02993681186994428,
    0.0023016140030247987,
    0.01191780241183733,
    0.0005119757547712031,
    0.0020032325381517894,
    0.005390816291237658,
    0.007993630770068132,
    0.028307531974360443,
    0.01300821752529222,
    0.00642203217510655,
    0.014022194073072883,
    0.010272042144647137,
    0.02526809607145889,
    0.00043868147052187375,
    0.0019041334615188203,
    0.018965112896508797,
    0.013528867159856243,
    0.005752083384608612,
    0.001664300685247346,
    0.007547359654727541,
    0.0009204070695156169,
    0.0006418671046686833,
    0.006104459751191927,
    0.022925497986413017,
    0.007321405086124578,
    0.008083947543410871,
    0.01910573817264989,
    0.005429523479813117,
    0.015735935873139303,
    0.008060744914965078,
    0.009123728883575174,
    0.007117677334490718,
    0.01566068996593659,
    0.011990120884609967,
    0.002070129836053914,
    0.0010716578484029164,
    0.006636385429486615,
    0.010451374609363693,
    0.01680303993465099,
    0.01242435699173802,
    0.0011054859795949145,
    0.005069015350924034,
    0.011724917009944495,
    0.007661854867992765,
    0.008829467511603753,
    0.007926191354678957,
    0.004054388262158909,
    0.01253223837166122,
    0.016421172376772087,
    0.010624418511230452,
    0.008664338525047941,
    0.017350361749577936,
    0.010736962101542291,
    0.018400551745493623,
    0.02039576094483705,
    0.004909632809730965,
    0.02121739420821193,
    0.007727559507423378,
    0.009475129438681796,
    0.007937033704419982,
    0.008272279158412476,
    0.008870451593624828,
    0.01601566849645775,
    0.008886715118236367,
    0.01114311652284109,
    0.00017195966689265737,
    0.015606044523241824,
    0.019137397833893684,
    0.00346608236521089,
    0.00876322075468609,
    0.0033672001355727413,
    0.0007203657167937046,
    0.0032379593266597226,
    0.015320782301555454,
    0.013872678070144149,
    0.021529653880753452,
    0.0019937996938770974,
    0.008324972978153858,
    0.01971984886198155,
    0.0015027496741060727,
    0.015053952074428828,
    0.001069706225449532,
    0.017991578313262157,
    0.011807318867976285,
    0.0006145443833213001,
    0.013582536791074318,
    0.010464602276047742,
    0.014493836286807473,
    0.0033728381574380743,
    0.02439723854025976,
    0.005772033308132098,
    0.020192358463695423,
    0.015055903697382212,
    0.010176737890423527,
    0.0018727990707672578,
    0.007781120715144041,
    0.0038817780542817902,
    0.002258353027558109,
    0.008996114427123308,
    0.01723597495981012,
    0.024612133912126875,
    0.018116699029273587,
    0.020017146091880458,
    0.009974744914748231,
    0.009366163823784494,
    0.022941327817034913,
    0.011945016709687303,
    0.010538872371773764,
    0.009561759813112585,
    0.004913319208642914,
    0.01688121327628378,
    0.002624065484322884,
    0.011844616551085412,
    0.02084550161209477,
    0.017675306971316456,
    0.021726442528553058,
    0.0038538047919499455,
    0.01104748699812525,
    0.009145955700544274,
    0.02065088143424337,
    0.019043069391146767,
    0.005490349061860267,
    0.010564351893665173,
    0.013170202230423134,
    0.01794571517385762,
    0.0003815422873866717,
    0.0047335530499367185,
    0.020067888288668453,
    0.009313686851037933,
    0.01184851979699218,
    0.0028155413807493864,
    0.0066176281644346425,
    0.0172442151456133,
    0.010741841158925753,
    0.016682906699520432,
    0.005387780433310171,
    0.008759968049763783,
    0.011908803261552279,
    0.003241754149069081,
    0.011318545741650875,
    0.007194332747159765,
    0.014785061800851406,
    0.01101756211284002,
    0.006035285559844187,
    0.011814257971810542,
    0.00021110054945775784,
    0.011816209594763925,
    0.009496814138163846,
    0.01755994437007195,
    0.0003152955304690086,
    0.028767898144364368,
    0.023772719195176716,
    0.016736793177733328,
    0.003997140655526297,
    0.02322106044035336,
    0.010905885910507462,
    0.01353569784019309,
    0.022720360729312824,
    0.014117932021286134,
    0.006796201664669325,
    0.009279750296348524,
    0.008638967426653944,
    0.009321710189846292,
    0.008882486601837367,
    0.01839144417171116,
    0.013288383842600308,
    0.003915823032468609,
    0.011110047356130965,
    0.013076958022650319,
    0.01910075069176902,
    0.007086993484723617,
    0.0017391128984604188,
    0.004803160935274099,
    0.010631791309054348,
    0.020516869991444302,
    0.021986550498840247,
    0.008965972694843258,
    0.013585897919494036,
    0.015612549933086438,
    0.029150307819730322,
    0.01859462980585797,
    0.020146495324290886,
    0.004726288675610232,
    0.0036975665321817746,
    0.0005239023394863307,
    0.014006797936440628,
    0.00402446337687368,
    0.010582133347240454,
    0.0030095110176163245,
    0.004977614342607193,
    0.01937755588065739,
    0.005904309974972604,
    0.011738903641110417,
    0.005722483769815614,
    0.0042492252870051294,
    0.0207633166010578,
    0.02071561026219729,
    0.001579079816282889,
    0.006574150341973132,
    0.011785417321499415,
    0.023861951733545352,
    0.018758674557439677,
    0.0070894872251640526,
    0.012270720895907696,
    0.006338437658603247,
    0.0035801438844864733,
    0.011023416981700174,
    0.018149659772486303,
    0.0069915808070025965,
    0.008863837760282803,
    0.012932212653607635,
    0.0047448290936673845,
    0.02122953763992188,
    0.009292435845545524,
    0.008363138049242266,
