{
  "config": {
    "mf": 0.05,
    "mf1": 0.03,
    "mf2": 0.005,
    "T_coh": 40,
    "tStack": 3456000.0,
    "nStacks": 3,
    "gamma1": 1,
    "gamma2": 5,
    "gamma1_upper": 6.4031242374328485,
    "gamma2_upper": 23.685438564654024
  },
  "mismatch_list": [
    0.17381545534414075,
    0.039221081933289034,
    0.11047146724295874,
    0.04141741481525574,
    0.04704860111582861,
    0.23596152747324353,
    0.15193517885145139,
    0.21033500554748344,
    0.19531619571335063,
    0.05037589851829661,
    0.23638063813895133,
    0.04230572775902595,
    0.14442458127694796,
    0.09808230442234125,
    0.06050990876062184,
    0.02167568153053946,
    0.232421882835285,
    0.16105412919147258,
    0.03117433062914523,
    0.11950855791343931,
    0.11968615544815134,
    0.23132648119108748,
    0.15814718932385105,
    0.240800409753726,
    0.06891478256608054,
    0.11434516438668513,
    0.03645997154319355,
    0.03768851712672343,
    0.01852229526706907,
    0.18274065306234855,
    0.2257545482804536,
    0.0491338000093461,
    0.08779541718127125,
    0.07667703085979434,
    0.017235417892528773,
    0.041132152841002176,
    0.13432689287475005,
    0.03451637361447088,
    0.002374038840082094,
    0.07360192629355354,
    0.08325182603985362,
    0.04007968686453721,
    0.03242054922742362,
    0.1488391485683611,
    0.02256247654666256,
    0.10524930823158068,
    0.23292068470246613,
    0.21162334663796917,
    0.061121633602407695,
    0.014120196667042896,
    0.02852175206581821,
    0.060656822472181536,
    0.1434460058498763,
    0.06060542977898648,
    0.039909462121254013,
    0.20530936395470462,
    0.12894085188918564,
    0.03713815993124221,
    0.08578297039141174,
    0.05946134602667801,
    0.17255481643321482,
    0.16892398771302625,
    0.08576779111494062,
    0.06485009759732654,
    0.022706679673138136,
    0.23403419305502562,
    0.01301069998040789,
    0.04304344059552205,
    0.163232409576779,
    0.0384694909011622,
    0.05591676812386637,
    0.054217990239942074,
    0.06350120203606141,
    0.13001923105905486,
    0.1427328509142424,
    0.11689598758595401,
    0.14624549812476303,
    0.09097390346262066,
    0.1422601248755706,
    0.17896090479763802,
    0.033190572238122516,
    0.1324857550622074,
    0.061706144169948914,
    0.2538710678761948,
    0.02722695978283226,
    0.16081261606047684,
    0.09412382017718336,
    0.03342845318510553,
    0.22540905710563075,
    0.10043487542855706,
    0.06412637137986454,
    0.061570398068935814,
    0.14739418987171451,
    0.035846837197163944,
    0.14881366906857033,
    0.04606812827919807,
    0.06432608728886303,
    0.027525557835699727,
    0.11126653605983497,
    0.19017887801510577,
    0.03179863258572144,
    0.11568684979162648,
    0.073264404238878,
    0.1501947121689332,
    0.22061658004178855,
    0.035913192320023386,
    0.10517297815561165,
    0.04750473837378556,
    0.07010386203078553,
    0.04079343812888962,
    0.2550597136472863,
    0.19854661680491192,
    0.17466441059248944,
    0.0897682894289025,
    0.23387139531487294,
    0.1376726764674918,
    0.23043220496013217,
    0.02137903509893256,
    0.18051640115401535,
    0.14749784264533156,
    0.16723567268752668,
    0.15508227655752657,
    0.1315185098807874,
    0.13393017164183715,
    0.24331431478414906,
    0.09959768411947348,
    0.09751335261318292,
    0.22011615182355695,
    0.08706355920855686,
    0.07975040065158129,
    0.2135256894617114,
    0.15006715203487417,
    0.1404290704395409,
    0.023898903416540707,
    0.06640001014843055,
    0.06344330393866444,
    0.19021926573285927,
    0.14300824635878973,
    0.2645191676855756,
    0.10146213296373964,
    0.24138643824891434,
    0.17454514484878783,
    0.22415622467974708,
    0.1962531365535301,
    0.11463243219390094,
    0.029353901686645305,
    0.23320670564054324,
    0.04863266703899263,
    0.0746867024442213,
    0.2529785264196933,
    0.05585897844987277,
    0.09337060279400605,
    0.14092673386098667,
    0.25095642994693435,
    0.1495362026285953,
    0.05711246141617662,
    0.05626914418480292,
    0.22134849222620462,
    0.26199122182441675,
    0.028116140113829395,
    0.1623372659585968,
    0.09081425000116555,
    0.16183846409141567,
    0.2647446341528733,
    0.1682367459707966,
    0.034495990014638246,
    0.16782061694868136,
    0.16441899530320658,
    0.03303184037559602,
    0.02126453998497902,
    0.10670131444944601,
    0.08969011615507626,
    0.05921815233293011,
    0.01088787816592272,
    0.10228235601019657,
    0.04053864313098165,
    0.03847816477343141,
    0.0427503721362262,
    0.17004806734741384,
    0.0442556142451438,
    0.1285318788116925,
    0.045670214388848177,
    0.006174821245045457,
    0.034078885181892726,
    0.03766086915886533,
    0.07600242044405672,
    0.08005192613633962,
    0.26016580540536205,
    0.18695225174266225,
    0.08933784851754308,
    0.007016186855158585,
    0.11554606200235691,
    0.041580375190513476,
    0.029991322875028693,
    0.08967244314032775,
    0.18292475600126248,
    0.041480191965804124,
    0.020370805871040554,
    0.10716964934028154,
    0.04428911707678361
  ],
  "statistics": {
    "mean_mismatch": 0.11070546500575024,
    "std_mismatch": 0.07237916868057694,
    "min_mismatch": 0.002374038840082094,
    "max_mismatch": 0.2647446341528733,
    "valid_samples": 200,
    "total_runs": 200
  },
  "perfect_2F": 4611554.5
}