{
  "config": {
    "mf": 0.8,
    "mf1": 0.7,
    "mf2": 0.005,
    "T_coh": 10,
    "tStack": 864000.0,
    "nStacks": 12,
    "gamma1": 21,
    "gamma2": 31,
    "gamma1_upper": 26.758176320519304,
    "gamma2_upper": 100.0
  },
  "mismatch_list": [
    0.1958467186658532,
    0.49588072027464103,
    0.4057201851916705,
    0.48453550235262727,
    0.34221540431176395,
    0.2430840174765667,
    0.5563875372394055,
    0.15904095296447732,
    0.427270060054691,
    0.3225461350113243,
    0.23955027884897181,
    0.4308023349650708,
    0.3117076343044573,
    0.3144321541591308,
    0.34256718434911154,
    0.28971783110069477,
    0.3737994401661135,
    0.2961144921774073,
    0.182672667401272,
    0.25321933759097953,
    0.24025768795782498,
    0.060638009396630825,
    0.18811980969941428,
    0.3116150406376689,
    0.37058690614959644,
    0.419720206659523,
    0.36238309642979855,
    0.453341357394965,
    0.23908904529098862,
    0.3165933055212606,
    0.21606190027575348,
    0.2376283639338777,
    0.32043556321073635,
    0.23151203180971935,
    0.2224591034699531,
    0.2017353072337013,
    0.16679008874788534,
    0.4719243858866001,
    0.3164708953926844,
    0.14263647780630642,
    0.22815973990504054,
    0.19706068235460708,
    0.4317127670728247,
    0.23388536795628104,
    0.39407371258210233,
    0.22712066331760938,
    0.15214836281061028,
    0.28893414606141343,
    0.4004356239278949,
    0.4418390880369525,
    0.3896718270107436,
    0.34125574793618585,
    0.15559124254737539,
    0.18018472761794768,
    0.14289181514270755,
    0.31417079931862335,
    0.08373720182589507,
    0.16870278766569957,
    0.4905256295258001,
    0.06243783945364099,
    0.1569124912868167,
    0.3637091158031259,
    0.35317707411168897,
    0.2569995770399366,
    0.2802134273177122,
    0.33681358303553915,
    0.3064179229245547,
    0.215863431063744,
    0.1225997612731434,
    0.387641163327747,
    0.16904117740111696,
    0.3347230153702234,
    0.10532659705372156,
    0.3743795058772583,
    0.3279061048175487,
    0.41221090365238644,
    0.34880495079036933,
    0.15372446098071438,
    0.08990118607716523,
    0.2869441954016944,
    0.36222138278341115,
    0.30052234104112363,
    0.2849079479085812,
    0.32944203208186235,
    0.2700032407783376,
    0.20960875055689018,
    0.5533668314956816,
    0.31935018978991103,
    0.20490355025152626,
    0.2542091356988377,
    0.4012845257008685,
    0.2848126436543576,
    0.1685465494059314,
    0.19972611140319196,
    0.21504190622386654,
    0.04369250098638277,
    0.28628216152650743,
    0.1986462675807346,
    0.08207572015158039,
    0.27195752010740865,
    0.2716575665018232,
    0.35260524858634734,
    0.272257311077748,
    0.21037752736527757,
    0.13129809056462946,
    0.42163854359920255,
    0.02797629818977213,
    0.16024271900977252,
    0.10390256283873534,
    0.3797560102668378,
    0.36700730438259704,
    0.31152092904191686,
    0.28372222854090273,
    0.3333464164353542,
    0.386139497888615,
    0.4175170954038954,
    0.4212932147599509,
    0.45445475828987086,
    0.23264917745055808,
    0.31802904947396715,
    0.3111187862900222,
    0.2403867119197432,
    0.2542271339994078,
    0.16710435425512896,
    0.31644964438719203,
    0.3550876587713037,
    0.4264644734689328,
    0.16827250901622698,
    0.010313676767652673,
    0.24342175667099963,
    0.28471695991789303,
    0.13317343758758585,
    0.30828914985460953,
    0.34656237338168444,
    0.35634667242323154,
    0.1724456752197988,
    0.2983223198551722,
    0.3365262065556533,
    0.2521315246414625,
    0.1346187228080645,
    0.24168654701844597,
    0.23792381796432063,
    0.23730943621624545,
    0.34631608940731706,
    0.40032936890043286,
    0.33645838765802316,
    0.3108973855083105,
    0.15410063630497925,
    0.42883959860320175,
    0.4553981511408375,
    0.473697055857509,
    0.29399427068554984,
    0.24852476278836177,
    0.1031849619211256,
    0.2383117030263058,
    0.10641565687345883,
    0.23646302818371234,
    0.250084109528116,
    0.17368154045502956,
    0.45859664431443986,
    0.38127654139451916,
    0.1482858841388675,
    0.40379653550061784,
    0.2757798820851096,
    0.20258941333455058,
    0.30534019336029683,
    0.15465560197647363,
    0.14977280398235168,
    0.26510439610659897,
    0.2899670425094922,
    0.308180401086707,
    0.3237446483516972,
    0.4035090505972346,
    0.17673165607242602,
    0.31967806244607966,
    0.25502128190618917,
    0.1821956040126669,
    0.24503618254743825,
    0.2723317438087201,
    0.2493352826432521,
    0.2683181769933362,
    0.3790630214831402,
    0.21115177956028416,
    0.15424733329697532,
    0.056944996651340285,
    0.08780817888315774,
    0.26215852968196246,
    0.25462943938654853,
    0.3254677687842896,
    0.37833159656961063,
    0.19048940523531532,
    0.2574880791075185,
    0.3987326702658208,
    0.09069446659596732,
    0.403642628346044,
    0.14938101567445974,
    0.2851790066521068,
    0.15180558192354776,
    0.2778626432586118,
    0.21775634269328087,
    0.048074219787223225,
    0.31433435616446675,
    0.1726740151053448,
    0.38766398647395184,
    0.4513427870672019,
    0.29365262824521016,
    0.21115676704116504,
    0.15585622957504602,
    0.17033575396019535,
    0.41828543851829314,
    0.45633287011201124,
    0.1585807494297195,
    0.2758719336344109,
    0.37997112248569975,
    0.20903215439766248,
    0.2710894273753935,
    0.20393608738413457,
    0.26178381807491263,
    0.2614672756742234,
    0.448960289135109,
    0.3533557018236724,
    0.0894281343579643,
    0.36141725991486806,
    0.2908036924272584,
    0.4530315372511152,
    0.3305128767540347,
    0.24089310386439777,
    0.35154145144150667,
    0.4269716243780693,
    0.24378492117557526,
    0.2950413164000406,
    0.31066725663505723,
    0.17997552447969462,
    0.3082476236551014,
    0.3918387248182361,
    0.23789823001893182,
    0.3716792728860047,
    0.16989479559622786,
    0.3038103920235869,
    0.392024616904546,
    0.203403402741358,
    0.28953893232996786,
    0.08309273255728854,
    0.45561911822855955,
    0.2516601534864714,
    0.16758700145385066,
    0.3589672683556373,
    0.3301689032085007,
    0.23142502195304765,
    0.2931453689125763,
    0.2562599661523526,
    0.28174051806698686,
    0.23557709978637317,
    0.3422631106506245,
    0.22422819546544745,
    0.4245857653175567,
    0.30847363243545306,
    0.10513203108761887,
    0.3263072919247372,
    0.32238610192914674,
    0.21503643083724733,
    0.4824525243321302,
    0.43518156002547087,
    0.13600703148065404,
    0.3790493059107178,
    0.3373611759092096,
    0.3107889077991515,
    0.3381114665112886,
    0.257540013962778,
    0.29190522094919785,
    0.10201469290182805,
    0.13448053706061514,
    0.24488888922620644,
    0.2332365617477781,
    0.1880743802539994,
    0.34261624598168966,
    0.39632339172986764,
    0.1184133674028875,
    0.41298141523673243,
    0.4176245973015777,
    0.08799998005007648,
    0.29934984934012915,
    0.14190841402119658,
    0.3043555453685656,
    0.43263480049480146,
    0.15650595738327697,
    0.3347233406407156,
    0.0907629360345819,
    0.16511266881945136,
    0.294414140679271,
    0.23834992230914293,
    0.34695828178247795,
    0.2215635795930931,
    0.06550177906695726,
    0.15652162457865273,
    0.3275197376845273,
    0.0183918778657008,
    0.3689325804261108,
    0.30534382554746003,
    0.36760612735879383,
    0.16070612103770396,
    0.14689231692665355,
    0.3320828489965351,
    0.3030049138613261,
    0.23407250691281115,
    0.4437050564273829,
    0.3002085092278697,
    0.3544061086665829,
    0.30563125623909465,
    0.4991413943240082,
    0.1768478860616498,
    0.330211676278229,
    0.07782356743014518,
    0.12371159002733681,
    0.3220625662128746,
    0.08602450392726171,
