{
  "config": {
    "mf": 0.08,
    "mf1": 0.6,
    "mf2": 0.0002,
    "T_coh": 20,
    "tStack": 1728000.0,
    "nStacks": 6,
    "gamma1": 1,
    "gamma2": 81,
    "gamma1_upper": 13.2664991614216,
    "gamma2_upper": 100.0
  },
  "mismatch_list": [
    0.5276099351920229,
    0.48240443851102877,
    0.6232378877671514,
    0.3298900379731615,
    0.6325785991749189,
    0.661732430758315,
    0.4964111822357207,
    0.5303515859592872,
    0.5527878771253851,
    0.05669312886685627,
    0.6020334772727544,
    0.581066920825801,
    0.08339523411506314,
    0.5723860477173981,
    0.601050889327474,
    0.213261267125898,
    0.4790951907348218,
    0.010810798503278672,
    0.5443287842809348,
    0.6403905121633274,
    0.19568093913831291,
    0.7005590478161718,
    0.5737661975218075,
    0.6673624292848397,
    0.6386914617471601,
    0.472477779417382,
    0.345409181063229,
    0.026654941026833405,
    0.32050717693077585,
    0.6701405645589825,
    0.43498802408259357,
    0.30036008527724917,
    0.6062792872195911,
    0.01784260442782047,
    0.6374778233288985,
    0.44514752263692886,
    0.6675665365187144,
    0.10853099930793282,
    0.46513317170281165,
    0.4558219785922141,
    0.3226435535237474,
    0.4765921800853575,
    0.6631463002704191,
    0.43766071750550495,
    0.5700569212519054,
    0.543350858546043,
    0.18934439889091437,
    0.6697031028528065,
    0.6495723018297658,
    0.5199901486410253,
    0.6001539559451476,
    0.41267202878687226,
    0.6477420318758577,
    0.5822749754339461,
    0.2431790506720468,
    0.012306500650053079,
    0.5279564024779974,
    0.5216701707333972,
    0.6365457607334112,
    0.4401611259910314,
    0.4077461324525298,
    0.5766982941622729,
    0.5230788088117511,
    0.5203243098600437,
    0.5778199623488562,
    0.5147490651997112,
    0.5928058786786602,
    0.6114182357263447,
    0.6293735734855975,
    0.6160690616477574,
    0.006761397722000634,
    0.5518223929868212,
    0.5379579279966059,
    0.6140786230823001,
    0.5209199343430669,
    0.401760775913243,
    0.5596758321747379,
    0.0038465404176234587,
    0.6842398477387142,
    0.6366534794780884,
    0.4429917924496695,
    0.5294733556302642,
    0.39379864216917254,
    0.4324656598388415,
    0.6707522899313711,
    0.6222246701838526,
    0.046747441449413986,
    0.40400579285061966,
    0.5893064018762469,
    0.5177015454576898,
    0.6704719338729426,
    0.5644138847998171,
    0.6805505756040843,
    0.6063729651213535,
    0.5077085853953766,
    0.47485962680849036,
    0.6223473784770467,
    0.5181509608544552,
    0.36577214390009943,
    0.4117491279769162,
    0.6171612115371709,
    0.40480037445139067,
    0.6283718216871499,
    0.6251087352149653,
    0.6407030700004869,
    0.5882199171145732,
    0.3670269290356283,
    0.30232444799157937,
    0.4354929523100331,
    0.466163194928209,
    0.37703571892856336,
    0.5413516918890442,
    0.6623943019982559,
    0.4416515153864327,
    0.3052068866702309,
    0.1471794223477959,
    0.6844185296624462,
    0.3871966812001137,
    0.5601007438610887,
    0.5534366562280137,
    0.6141368465004093,
    0.6251202552115651,
    0.09762131857501599,
    0.1334849925073942,
    0.5015880247548192,
    0.5067800465635552,
    0.07841198175059061,
    0.4945770903535289,
    0.30735253347223107,
    0.0017441003793412903,
    0.5793694425503462,
    0.5581309057601392,
    0.5565715319145107,
    0.08262857156487526,
    0.6041594723158489,
    0.5271914204920193,
    0.4062003928617005,
    0.6937849645449742,
    0.43670930131573,
    0.6449967489214301,
    0.03504822080835572,
    0.5070948541882858,
    0.6026385074941779,
    0.09656424368701476,
    0.5761548484873784,
    0.4803704679113612,
    0.6063918037040286,
    0.5507950261371104,
    0.6458251044416444,
    0.30136283999304786,
    0.5878125429289285,
    0.23485196343569342,
    0.6901576564391143,
    0.5278815360530356,
    0.12913048800440372,
    0.3921627484402467,
    0.6559206331325077,
    0.5232736458365973,
    0.5295781469405112,
    0.5680905798087474,
    0.4031329836964671,
    0.44067944452040114,
    0.41382717272828107,
    0.5466978105934744,
    0.4397852759372588,
    0.5383330190858967,
    0.4311717338207475,
    0.6151554852585787,
    0.3638919720315083,
    0.6959183594917671,
    0.5854558768950937,
    0.4381188609938119,
    0.03996815385034066,
    0.4962618288680381,
    0.5152175089202722,
    0.6117030371481671,
    0.6415078976217631,
    0.5196134311992734,
    0.3875198374341449,
    0.6374342912946882,
    0.5684263402743527,
    0.16381386374397397,
    0.06253867330623251,
    0.6344642735360035,
    0.5652271965597658,
    0.5617268523693733,
    0.5452730174140064,
    0.36795411257373206,
    0.7288389046928183,
    0.3000420249475962,
    0.6139814485227462,
    0.5245594400923855,
    0.39081070742754087,
    0.5038976078849037,
    0.596683428216543,
    0.42463406798565295,
    0.7022850143655713,
    0.5667144145678679,
    0.6263033724153058,
    0.5889505559577465,
    0.4043286780259074,
    0.5617668335340433,
    0.6567168952974886,
    0.41240140373733625,
    0.5620844059579579,
    0.6616043012902505,
    0.6048148110400708,
    0.6011601260011148,
    0.3250239914093895,
    0.46308684082443924,
    0.43789263536646544,
    0.39243879466465315,
    0.5267228141362122,
    0.5339145447194341,
    0.1433696374957945,
    0.5998426720840828,
    0.6948542370764341,
    0.5977646544385924,
    0.6373435679332302,
    0.4598991900005779,
    0.1810734750262195,
    0.4368420658883088,
    0.3868010980698124,
    0.362093822538708,
    0.5212778945197668,
    0.2639714789821592,
    0.3144807820977193,
    0.13312556861347924,
    0.6626367369384653,
    0.6465204243305364,
    0.4052438807675473,
    0.5497316355803851,
    0.31822394071056204,
    0.3067978930712289,
    0.6033231747744493,
    0.5175352780244111,
    0.41475451890163095,
    0.4605318953197154,
    0.46653714757077697,
    0.4153189716291487,
    0.5344473377857081,
    0.5584935281472279,
    0.3898400460669756,
    0.24947108307375845,
    0.5191538782055001,
    0.34272830166626317,
    0.3815643515683947,
    0.5863574182760599,
    0.666362981485712,
    0.5487955071037449,
    0.04498425853452849,
    0.4753146260153725,
    0.41922557866433746,
    0.5461153053536378,
    0.5448604931122347,
    0.05666146920561248,
    0.047600083833048194,
    0.6419598338648433,
    0.6334376385449003,
    0.6708196751350116,
    0.6686119558807442,
    0.6752540877555935,
    0.6440134291175422,
    0.6635871231050148,
    0.3594994108809268,
    0.5846789954302749,
    0.5205563361445016,
    0.6261152305414247,
    0.6727773155925024,
    0.42278159832065015,
    0.6053748184041948,
    0.6035646610090563,
    0.602118942094588,
    0.581853804358256,
    0.6324296795012259,
    0.5582091875252695,
    0.6572447822005048,
    0.5219348324905756,
    0.5189669560959648,
    0.5839664904170434,
    0.33920497169441965,
    0.15381922311745094,
    0.5440030800947144,
    0.06470150523257219,
    0.5830246154950406,
    0.5001907711436934,
    0.5421069157602553,
    0.6394555763451588,
    0.49334068300081113,
    0.11178934225210567,
    0.5115056846981809,
    0.06079294657443007,
    0.1582136274674884,
    0.5532677324190486,
    0.24857642658487777,
    0.5916464249032293,
    0.6017774080777457,
    0.5580888374431441,
    0.431552950837642,
    0.5102286727456831,
    0.6838074819369164,
    0.5787991349539683,
    0.6378115237480528,
    0.5880426718021817,
    0.5469535274121166,
    0.40891087187345937,
    0.5136257435547923,
    0.040449771025836995,
    0.13136043407564035,
    0.6647102007970646,
    0.41635799400483114,
    0.6676002562264091,
    0.6158911115826329,
    0.6531956253720959,
    0.5784630763237452,
    0.600993614614967,
    0.5868499049071716,
    0.44093142072838254,
    0.5889270551646828,
    0.531931045257811,
