{
  "config": {
    "mf": 0.25,
    "mf1": 0.001,
    "mf2": 0.03,
    "T_coh": 10,
    "tStack": 864000.0,
    "nStacks": 12,
    "gamma1": 25,
    "gamma2": 67,
    "gamma1_upper": 26.758176320519304,
    "gamma2_upper": 100.0
  },
  "mismatch_list": [
    0.11722732276471678,
    0.7809377504921614,
    0.759286011753324,
    0.5599313592522596,
    0.7269066082278473,
    0.33536130449947754,
    0.6202914792250279,
    0.026467693646805904,
    0.6983675378747671,
    0.7582958612690992,
    0.026539686849086308,
    0.23178184368302476,
    0.5361150538111239,
    0.7211731736847932,
    0.625640200093396,
    0.7236542556819062,
    0.3957117747809764,
    0.32314550010500814,
    0.4113303964299178,
    0.7522981444511077,
    0.7727976802359036,
    0.748226706593981,
    0.18974551161958358,
    0.7406592885922325,
    0.6950760444462611,
    0.30149912832929254,
    0.035078470964133183,
    0.22550737588789357,
    0.6854756858680705,
    0.6601928713068381,
    0.66865085281044,
    0.7655455984234356,
    0.5852155291072095,
    0.6294452414173857,
    0.1639326958971356,
    0.6934187912883455,
    0.2643528044225511,
    0.7373098428043607,
    0.7681247765798307,
    0.7685422612566088,
    0.7417433880369633,
    0.2018365205685338,
    0.6451453162187566,
    0.34819409280596,
    0.8419781330406187,
    0.791636452652055,
    0.21184243723878746,
    0.17268084578568166,
    0.7160269336978387,
    0.0032085765588615446,
    0.4859592112971213,
    0.6884619942572411,
    0.23770718781649497,
    0.3372562219637165,
    0.23975097074267818,
    0.7549901372565581,
    0.6204338663830019,
    0.8045049936068085,
    0.6779940037468992,
    0.7611327620788384,
    0.8239387264120616,
    0.4268312701606717,
    0.7003638584149591,
    0.31054208170729714,
    0.6715274637261057,
    0.6655890003494489,
    0.11614335884935781,
    0.13460744676433384,
    0.6730915539938717,
    0.5320002194491588,
    0.7080747478096556,
    0.7864647060373348,
    0.663672479503351,
    0.1090163028823411,
    0.04905491032129894,
    0.631553617642151,
    0.7442524704022826,
    0.6172053127947426,
    0.036710353023654864,
    0.6342402976962284,
    0.08763394232281947,
    0.2971691817484655,
    0.5077234394145218,
    0.12015464877129614,
    0.8137736440476097,
    0.24420386956956847,
    0.7536599977903291,
    0.12009772643515576,
    0.7522907987591582,
    0.33933724836126017,
    0.13877020431215428,
    0.3400740402379115,
    0.6263803259925927,
    0.691366226058872,
    0.7335917842311684,
    0.7406481209719993,
    0.1027133739191397,
    0.022509151756357655,
    0.6301913848206887,
    0.17144644426766595,
    0.7590195339025639,
    0.792239666779897,
    0.08226643708352502,
    0.84072334790509,
    0.8240340442192223,
    0.7818993178318814,
    0.16032175973938462,
    0.7400881949254984,
    0.10585174626342811,
    0.7695244155078996,
    0.7974643647201649,
    0.64927278191817,
    0.38541587946689904,
    0.5632946832477999,
    0.721449707814938,
    0.4877316644210353,
    0.45271662120288714,
    0.16305126707493897,
    0.6237623322241248,
    0.36603105921191514,
    0.6492661409789536,
    0.7533256739360646,
    0.7983742953692433,
    0.05373793802144248,
    0.8101557145742757,
    0.6415499388328839,
    0.7212188741889516,
    0.22975096315303337,
    0.07813539340869706,
    0.1665112777242949,
    0.5759907224181736,
    0.7248033550133345,
    0.7160549882777936,
    0.4309681144926111,
    0.7929851596422155,
    0.22487667640345815,
    0.3603337296934987,
    0.281897677926483,
    0.7117021101272643,
    0.7341289955549619,
    0.6841737365111682,
    0.04894561943590941,
    0.19241907243047424,
    0.1280407234319333,
    0.5195664838248948,
    0.7687443084440329,
    0.8145282309307734,
    0.7608395849418411,
    0.6897692292596421,
    0.8321284952889448,
    0.2017213206025354,
    0.034996285953096215,
    0.554210041035041,
    0.808212535100752,
    0.6781824437853983,
    0.2387706054790947,
    0.23039770931508552,
    0.4139249165111964,
    0.7685645964970753,
    0.19117746074988076,
    0.6051999041969977,
    0.5007765833002009,
    0.08190462787266702,
    0.6235969050729511,
    0.6079690132149811,
    0.6599176382586622,
    0.7659487169868069,
    0.740831004306256,
    0.3143167373461376,
    0.771946867498788,
    0.4078411656480098,
    0.6536756975127541,
    0.48847913601218157,
    0.19552361664357065,
    0.7745139293293476,
    0.3328920677694565,
    0.1131139521199667,
    0.7679401855754897,
    0.6772359066530067,
    0.23367502637130516,
    0.658180612512527,
    0.4850234623027221,
    0.4015412183309872,
    0.1711964196826379,
    0.7766096877696018,
    0.3467779735062847,
    0.6762408500055241,
    0.8163664157999925,
    0.11397125671398954,
    0.7541427805184227,
    0.0803677247968767,
    0.1691294883397576,
    0.726065187676195,
    0.6091950661236962,
    0.7612356288720064,
    0.24001303033591875,
    0.5871631132853155,
    0.5304301387831609,
    0.7768335416329425,
    0.7096285649510419,
    0.7401112891304468,
    0.25488027714780714,
    0.02891589621832936,
    0.6101244181317482,
    0.006983557468194238,
    0.1623630489251274,
    0.6327071352310987,
    0.5294313415250177,
    0.8447369689322226,
    0.766888531862359,
    0.6976656041525332,
    0.13284475175518667,
    0.22597706647867477,
    0.4729112023482795,
    0.6513163208914841,
    0.23923758548244065,
    0.0424944213399995,
    0.1921310454096039,
    0.04895993133756756,
    0.052306314161637536,
    0.2514758877526227,
    0.6846748970220727,
    0.30774258700416446,
    0.7261570223785014,
    0.7596280065700303,
    0.7656844076059951,
    0.7146344236147245,
    0.6601656570089882,
    0.5696790382575563,
    0.7736075088909978,
    0.5908475334684362,
    0.09031514699027755,
    0.7608350311549499,
    0.7223818788339227,
    0.30008615331104216,
    0.7691799269507529,
    0.5726207845892912,
    0.3391603554252353,
    0.2959083791088304,
    0.7964729402598456,
    0.19311292860215115,
    0.3478844352973563,
    0.3591492571960404,
    0.7316203197777579,
    0.6110782196384662,
    0.20495266609585308,
    0.6249815815583775,
    0.33829291323420463,
    0.7697913541585236,
    0.07829586018486423,
    0.6723407212743057,
    0.7335813213636684,
    0.6975246807117742,
    0.06803422669596848,
    0.6150029062918481,
    0.7685124990065697,
    0.6694086246338403,
    0.6691992317544667,
    0.7873861837888874,
    0.7635110043886579,
    0.43142571586343104,
    0.038372918932943645,
    0.38303620054573884,
    0.3257726014472585,
    0.6976857438171772,
    0.37911913064305003,
    0.6174984628258655,
    0.27649282079233073,
    0.5828082835118328,
    0.8253631943210374,
    0.7578253575020875,
    0.24228043672551064,
    0.21775184311813836,
    0.7601968504491932,
    0.27063215127506574,
    0.1507324603579298,
    0.7287781604283943,
    0.6149361987350664,
    0.24896837752801582,
    0.46578669433345193,
    0.5775606946606741,
    0.7730196502409766,
    0.7736388297288123,
    0.5394716826556991,
    0.5219280018102387,
    0.3869822195222362,
    0.4668166633471006,
    0.06022328951903662,
    0.38437317069230464,
    0.757216342717134,
    0.670664710851338,
    0.6168945439452904,
    0.7107644637216604,
    0.7171138792593764,
    0.6587043251108928,
    0.20435780057731176,
    0.6043255771138815,
    0.38095560784218485,
    0.49643124058274163,
    0.5687404702522245,
    0.6888152380118037,
    0.667001487461961,
    0.3637474435094604,
    0.7964588452051823,
    0.7785890264795118,
    0.03888478626421744,
    0.44621126557002083,
    0.8408290472621278,
    0.28700388253701875,
    0.7155786296419216,
    0.6853735238276357,
    0.7614844336926886,
    0.06449072995360668,
    0.7845456507919849,
    0.6869046804580633,
    0.7857139817412662,
    0.43837642101191,
    0.4871018323245792,
    0.6455162872151458,
