{
  "config": {
    "mf": 1.6,
    "mf1": 0.6,
    "mf2": 0.0002,
    "T_coh": 30,
    "tStack": 2592000.0,
    "nStacks": 4,
    "gamma1": 3,
    "gamma2": 33,
    "gamma1_upper": 8.717797887081348,
    "gamma2_upper": 47.70744176750625
  },
  "mismatch_list": [
    0.5270630900588927,
    0.32025490226125214,
    0.38458424204294206,
    0.27156608963184864,
    0.057206275611443626,
    0.43779782135214834,
    0.30156897514325637,
    0.5679814777924045,
    0.466251190128891,
    0.39047113346531126,
    0.5082998931088609,
    0.3740984583909544,
    0.09117008933231059,
    0.43649243825424827,
    0.2698100622235381,
    0.6354717608761083,
    0.3829067855489657,
    0.5353603810031576,
    0.4562897426430301,
    0.49748999539995126,
    0.5081790731610142,
    0.06858192727296909,
    0.6080487408559213,
    0.28800577044455666,
    0.5119703185540986,
    0.2849603704788474,
    0.524485320755819,
    0.3810784757907617,
    0.7332441742594457,
    0.5133460685196198,
    0.1537804102688354,
    0.47270726891549586,
    0.5532068209094912,
    0.4303283801612128,
    0.48221969844381884,
    0.2625711294464126,
    0.5556236174193524,
    0.5567171409497149,
    0.34345175398904604,
    0.4986961348314477,
    0.5696994846846711,
    0.484949802799293,
    0.3152343148023555,
    0.3650323723732233,
    0.3282308258778908,
    0.47774361392666925,
    0.3009652729569466,
    0.06568456155984155,
    0.39867536088408834,
    0.2785848503711988,
    0.4874620120110135,
    0.2435758338708731,
    0.4189311522182441,
    0.5131423768576202,
    0.3831014419172286,
    0.22877674555369581,
    0.3847032187908666,
    0.28763416688375465,
    0.2859482533548407,
    0.5931055938154065,
    0.47868715158100295,
    0.33974099499256794,
    0.4934163067246583,
    0.42728460654837613,
    0.4104431081526106,
    0.44593193489152877,
    0.1338928613662116,
    0.36580817883462924,
    0.31147317500800165,
    0.44416188470733886,
    0.360976537438354,
    0.4058533957814286,
    0.4893094404507643,
    0.568668051692867,
    0.4887923686608018,
    0.6744985195129095,
    0.3726908319091301,
    0.41262957695453645,
    0.4723165105319721,
    0.5123205265393321,
    0.16960822098969572,
    0.4205109191163396,
    0.2267481414039372,
    0.5067869512432419,
    0.48050548637492163,
    0.15258196890760262,
    0.034456562500090354,
    0.35185920323454845,
    0.4859052670413591,
    0.45166287714400294,
    0.3808465940123036,
    0.37069200808752756,
    0.018002063805654157,
    0.3402002047614408,
    0.44645981289280035,
    0.5952193104321646,
    0.37821183007633885,
    0.029405761018938263,
    0.3928844965635525,
    0.47823339912954704,
    0.46165146665224877,
    0.4491490054382349,
    0.5244105446648543,
    0.46915365174768603,
    0.4867473202764424,
    0.4923073509125936,
    0.42138455973832634,
    0.5240475788448644,
    0.5568328649918942,
    0.29574735468284097,
    0.5493854337765013,
    0.11590026654839347,
    0.45434932296014147,
    0.711105716839966,
    0.26615004543668513,
    0.6918847738386467,
    0.386637060779915,
    0.3314666898355692,
    0.3106585529247029,
    0.3642473860533808,
    0.06592338244388939,
    0.5083808493407416,
    0.319567352549066,
    0.3856668870796456,
    0.33231369441162023,
    0.4464914002797038,
    0.13015514105322323,
    0.49709255089906235,
    0.5371184684584401,
    0.09833384846554691,
    0.5590528005218207,
    0.5232496178432161,
    0.5975254426643389,
    0.3215899572637834,
    0.3011747472069377,
    0.16871119702751847,
    0.6566651265707316,
    0.19107897020203496,
    0.5142524530461083,
    0.2021419284179215,
    0.6012945335171811,
    0.29605477151693765,
    0.4004759142199332,
    0.5058025379200436,
    0.34349049732858894,
    0.4358990363027983,
    0.2969647340197458,
    0.11918029502185673,
    0.3174001108522118,
    0.03979924011011204,
    0.4232425414011616,
    0.4903344041722529,
    0.328219188419558,
    0.46093840127055025,
    0.33926255811862344,
    0.08362894405028076,
    0.39443589263931483,
    0.4802795678903298,
    0.4484256759628515,
    0.03833942577166468,
    0.5046604045093778,
    0.43343066633628813,
    0.5533959115368123,
    0.4530088106401932,
    0.3402826066403193,
    0.385722905900813,
    0.5158067765570413,
    0.5010048692282182,
    0.5425043347725231,
    0.3985370486075673,
    0.009956893697817564,
    0.46991312239801614,
    0.24792166559351472,
    0.3057095249922007,
    0.5493412331195414,
    0.35605591646935997,
    0.4882922109407143,
    0.3223051188336289,
    0.48862825158536877,
    0.2560357207807997,
    0.5909754329640476,
    0.4321731341540175,
    0.38210575254744683,
    0.500286852505552,
    0.4611272027684718,
    0.4982067110403194,
    0.35231284726247947,
    0.5135531574520645,
    0.489221472830944,
    0.08210609950272635,
    0.37550991583732307,
    0.5281870083173854,
    0.5344098681020593,
    0.30092826439380116,
    0.34834223321813457,
    0.328877680627087,
    0.45982597590569063,
    0.3643396183318448,
    0.5104959393221477,
    0.01587421598949188
  ],
  "statistics": {
    "mean_mismatch": 0.3931437005281526,
    "std_mismatch": 0.14988543430321988,
    "min_mismatch": 0.009956893697817564,
    "max_mismatch": 0.7332441742594457,
    "valid_samples": 200,
    "total_runs": 200
  },
  "perfect_2F": 3458663.0
}