{
  "config": {
    "mf": 0.15,
    "mf1": 0.6,
    "mf2": 0.0001,
    "T_coh": 60,
    "tStack": 5184000.0,
    "nStacks": 2,
    "gamma1": 1,
    "gamma2": 5,
    "gamma1_upper": 4.0,
    "gamma2_upper": 6.000000000000001
  },
  "mismatch_list": [
    0.49237233495052996,
    0.49297610924462076,
    0.07796010593698137,
    0.48279991383946386,
    0.5028861611144201,
    0.032583500546454404,
    0.4839353608044734,
    0.07616309495584996,
    0.16072973348059652,
    0.4859753849756842,
    0.1039524700317464,
    0.4997793220495799,
    0.4936544427610693,
    0.4680603542990638,
    0.006470497244597619,
    0.4758470043311572,
    0.27971512088496703,
    0.053048651789999596,
    0.49096048035944556,
    0.47406007673492045,
    0.3878302579611757,
    0.5058428697819387,
    0.008942697460866346,
    0.13995810516211482,
    0.1330526851439575,
    0.4468148068905299,
    0.0455772611358156,
    0.48859887210653835,
    0.39381566849589145,
    0.4922232165058144,
    0.24731500060717157,
    0.3447116802461069,
    0.022053483140869586,
    0.5090133534374585,
    0.4746329503333661,
    0.3841610623767586,
    0.507014132640965,
    0.030717243094146286,
    0.47805053113055346,
    0.4813095967802559,
    0.3055355976013832,
    0.48652628474611553,
    0.48724162681500927,
    0.4817682642988903,
    0.47775236652345127,
    0.5021481585353865,
    0.49393923513730753,
    0.4097205276031758,
    0.4813157407782205,
    0.5506534683952745,
    0.0568063932274349,
    0.48778894861015537,
    0.494572934315602,
    0.06998736504889176,
    0.47018686427691647,
    0.48319569573187304,
    0.4838759808712045,
    0.48361637888662085,
    0.03226683166312965,
    0.4934586299318233,
    0.381792009043965,
    0.4744816634187807,
    0.5046716069229124,
    0.46598267103444685,
    0.017986879311640926,
    0.32643509335985615,
    0.15434134896173662,
    0.47477765955601303,
    0.0020874413790311856,
    0.2612813922154823,
    0.43671042397922893,
    0.4969947176073971,
    0.46235597745947854,
    0.2519173610589072,
    0.09346249703642451,
    0.47681088918829834,
    0.4757899735735805,
    0.5156124770865017,
    0.22158408169637953,
    0.0663741882694454,
    0.4933390026773375,
    0.45182881520588897,
    0.47954919679876024,
    0.47840587105989024,
    0.509371006401323,
    0.3657718596219345,
    0.07075818380528875,
    0.18633994090196782,
    0.39666966397390896,
    0.5022809411737493,
    0.48122856828945315,
    0.13912902684854828,
    0.4717539451695165,
    0.4917619468233362,
    0.005303209913665986,
    0.4933592778706204,
    0.08331044392915175,
    0.4903563807948743,
    0.4976721114535687,
    0.48303063903361415,
    0.09208573551606691,
    0.17406958186118324,
    0.5023456699993639,
    0.4712313439308865,
    0.4767555932066176,
    0.5256484086322448,
    0.17270792734758547,
    0.06088832091041039,
    0.48705643948812544,
    0.4753339805011189,
    0.49865699432728283,
    0.2924596520039553,
    0.5052927289759618,
    0.11627566745502593,
    0.14825973064712925,
    0.11103649968484905,
    0.48262300283924986,
    0.4864039107631279,
    0.4803501211451834,
    0.39610578952542314,
    0.021001775254000103,
    0.26089020025096427,
    0.44402275736846064,
    0.47805045884822445,
    0.0863153649101097,
    0.5150424586400514,
    0.42493613856233337,
    0.06050327294385687,
    0.20147181278298532,
    0.10925589679239937,
    0.48143753650257615,
    0.1659678892981675,
    0.4777831949367674,
    0.10076691551063129,
    0.2646102825949934,
    0.19939846645810805,
    0.542861722458987,
    0.483352548385791,
    0.47631828511620106,
    0.49627431577547376,
    0.4765323853746827,
    0.4932474932488305,
    0.48703381511915017,
    0.47777231644625373,
    0.48730617493480133,
    0.4830508780857326,
    0.01501058213296479,
    0.3517461242215193,
    0.3908967634864369,
    0.012865893149369987,
    0.4764460802738633,
    0.17002639750654877,
    0.13446103404208568,
    0.4785016451458079,
    0.487591003452204,
    0.023274403959915112,
    0.4848301798962604,
    0.48955740807133397,
    0.4950929695315527,
    0.49279724662152397,
    0.49093984375451766,
    0.4729839374208509,
    0.45728689000942563,
    0.4710425063463885,
    0.5025477713912324,
    0.4744449439956515,
    0.5092429582555094,
    0.4873525079076868,
    0.47406625687404946,
    0.48082508832900606,
    0.4750941838746798,
    0.07231485604251357,
    0.07930094313982872,
    0.48157483678650115,
    0.4936075315295519,
    0.4896827094886459,
    0.2616704879924595,
    0.4855948546546929,
    0.0037176247448433785,
    0.4948320303238827,
    0.4772686531778203,
    0.023699496336731567,
    0.46140098332880364,
    0.47965429530511816,
    0.5082817478445409,
    0.007969126771639884,
    0.47943025622639984,
    0.008824660417618384,
    0.496296506450475,
    0.3323156222352009,
    0.3200684658220236,
    0.28378938664106906,
    0.5049816258319696,
    0.4779454326241955,
    0.48828155268225265,
    0.0016820097957012253,
    0.4794789745161421,
    0.24517161270549867,
    0.14917106625109147,
    0.494533034469997,
    0.5012171259967734,
    0.0006357230835063291,
    0.48283612728629005,
    0.010514043010877045,
    0.4869981799309559,
    0.4820300708945083,
    0.0019435272620032037,
    0.48862127962852664,
    0.4235072976239353,
    0.49030907201054746,
    0.48524764648736796,
    0.027274869458113835,
    0.4757787698125864,
    0.4223474553728901,
    0.05034131715751187,
    0.5063096690625849,
    0.08263698946991031,
    0.004834964986439835,
    0.2145205802247113,
    0.4789406880121203,
    0.2784702023326953,
    0.49725688561466,
    0.48369202234391356,
    0.49314575587077075,
    0.3724423620708598,
    0.0724060763417046,
    0.530263237785732,
    0.480426631990424,
    0.48766527354524586,
    0.10302834045555215,
    0.0032428744080077255,
    0.47844624074063363,
    0.4828401028143848,
    0.018579738974053534,
    0.46988562767083203,
    0.4651110907114316,
    0.31736872083408024,
    0.1445168070871378,
    0.481236410922149,
    0.02083971827239451,
    0.47456952258967344,
    0.5114178612526239,
    0.11984280039090284,
    0.5100019227099513,
    0.24422652125389602,
    0.4846630631516252,
    0.496283784760572,
    0.009833432601065152,
    0.4906441728877658,
    0.09828951096667496,
    0.03374861940751621,
    0.49406619904818627,
    0.043773021921784734,
    0.5157840030532056,
    0.1663075439621125,
    0.07859315457431491,
    0.4738258819889784,
    0.5351156589546241,
    0.5305700401311491,
    0.01685356467533669,
    0.020135616105659417,
    0.4961693256926093,
    0.07804250779203506,
    0.4863559875790046,
    0.5097384174796019,
    0.4956400021973828,
    0.18392441003163074,
    0.10267437389046626,
    0.15223655982374676,
    0.49352205767551593,
    0.4966318241746804,
    0.01826111846784593,
    0.5115152978321084,
    0.46894996906316316,
    0.4904178207745196,
    0.5082103690446589,
    0.500608291939653,
    0.47758405712038765,
    0.10428359538087005,
    0.4891637223664656,
    0.4848471301024096,
    0.19805791838457668,
    0.5461360035389429,
    0.4798040642907947,
    0.38570595259435736,
    0.28858481319354895,
    0.48235910005609106,
    0.49791223335048834,
    0.4981869062006673,
    0.4322721444143107,
    0.5032371641040172,
    0.07460490478971625,
    0.4775559392944088,
    0.3341438591824579,
    0.4881962233928747,
    0.5018317787813777,
    0.43869063452319684,
    0.07243426645001243,
    0.486592676065297,
    0.5129981336702654,
    0.47934499921935086,
    0.4814801107943539,
    0.014696732260470817,
    0.12802212417525863,
    0.1516105948546547,
    0.5145263266698664,
    0.0012010431785720482,
    0.4565886788525036,
    0.4849031850485448,
    0.06969931996784882,
    0.03807009072877936,
    0.1678566988371219,
    0.49020039552890426,
    0.4953423797077481,
    0.4931636096060324,
