{
  "config": {
    "mf": 0.5,
    "mf1": 0.75,
    "mf2": 0.0001,
    "T_coh": 15,
    "tStack": 1296000.0,
    "nStacks": 8,
    "gamma1": 17,
    "gamma2": 37,
    "gamma1_upper": 17.776388834631177,
    "gamma2_upper": 100.0
  },
  "mismatch_list": [
    0.11786132903417565,
    0.12296062754903486,
    0.18351619788230247,
    0.17403117159178896,
    0.07745647016100446,
    0.19573190441852947,
    0.06922604752936251,
    0.1492167346794801,
    0.07153459921784783,
    0.09252364064485052,
    0.1857515276138576,
    0.09423123739758323,
    0.045155033940870774,
    0.10447175815387569,
    0.11700471164860862,
    0.08471028681033302,
    0.07357700752487523,
    0.1717787109581682,
    0.012030736163290891,
    0.020939528060273018,
    0.14813640361503957,
    0.17070495758186258,
    0.299938531142968,
    0.15623628443600443,
    0.017586786450945482,
    0.14061384142191402,
    0.027853690242064705,
    0.027225774013187758,
    0.007857156900558656,
    0.17074998944678607,
    0.18754781473298054,
    0.0186544681151266,
    0.19460321650395443,
    0.1235673650677632,
    0.21054464125144348,
    0.2587941521894883,
    0.003498029006592723,
    0.0003821564524084747,
    0.13218131751527035,
    0.18848191873042233,
    0.15665581083089355,
    0.002031421399373515,
    0.029928047320033006,
    0.022557277930020336,
    0.01303105073580477,
    0.18462602011991922,
    0.09019376568164221,
    0.04258445896129775,
    0.09182828504201913,
    0.1401431391676897,
    0.19272373247226818,
    0.023741550923449588,
    0.15350220692279268,
    0.1821552669789647,
    0.22770134809356912,
    0.22587528067212118,
    0.13691002474367256,
    0.17118715271975116,
    0.12496291918666814,
    0.13967670156840997,
    0.11825049686844219,
    0.13155629257788126,
    0.06789865560728398,
    0.3061467845079976,
    0.028797480065990838,
    0.22639679737424473,
    0.23139562350990064,
    0.1078185726156531,
    0.0860601585237297,
    0.14643169815379473,
    0.15990923657761297,
    0.27326672857885503,
    0.008876626279179636,
    0.15165076841853872,
    0.005937411634903902,
    0.03968926422992475,
    0.24714824692323217,
    0.0974703512514377,
    0.04098723726111427,
    0.006338867457993872,
    0.028175201855515225,
    0.07807368861137631,
    0.16213986796050034,
    0.09104785318715734,
    0.292147801664343,
    0.14919815813167056,
    0.17998759346822557,
    0.09692389716023132,
    0.16808291761380556,
    0.05079608819826858,
    0.22205053572739977,
    0.2069603794762252,
    0.22642773419316486,
    0.1385530734139387,
    0.12230394296985365,
    0.08165433627223476,
    0.03703693798353236,
    0.12515547919975992,
    0.04797997028908867,
    0.006717048384606533,
    0.07864283934076241,
    0.013615742156938145,
    0.12729510718306675,
    0.22206419707967995,
    0.016450364331640387,
    0.11507860554168058,
    0.0025087736240199244,
    0.07504021786459619,
    0.16422716356787684,
    0.062141082302925234,
    0.030886655012834444,
    0.14974078126165552,
    0.17924843479935304,
    0.013155231705208546,
    0.28187923538061826,
    0.1923245896823685,
    0.07091326067710577,
    0.06984926540957168,
    0.1581175032425834,
    0.18779624895407532,
    0.10153463969592866,
    0.05859585296279313,
    0.05523147390522693,
    0.23441174650775357,
    0.017948125604641332,
    0.09024125514433037,
    0.02559204975796999,
    0.18655234307370885,
    0.0692264089407985,
    0.1931048046903687,
    0.023411799129258656,
    0.14056852042784174,
    0.007695316859525446,
    0.1716281469539377,
    0.18753675554303947,
    0.19226206550394342,
    0.05839765493130002,
    0.035741928526117905,
    0.09539556047974622,
    0.10054625170080221,
    0.20871669449052843,
    0.03864088193642513,
    0.18760954380624645,
    0.09607205040561928,
    0.040494994885305356,
    0.14540189240810464,
    0.1813603063843764,
    0.0789437505023619,
    0.048898389030208794,
    0.05672959658966387,
    0.09739286463956293,
    0.08869441419832294,
    0.10962519610184517,
    0.12303045223846679,
    0.029223439584440458,
    0.17702452566917495,
    0.007584869524689027,
    0.16075587900754684,
    0.07950682951962348,
    0.17848665177458797,
    0.2112431049926243,
    0.08185528103064132,
    0.06238640838567053,
    0.13732188921611885,
    0.05883604700314746,
    0.30959501101871184,
    0.018159695859265808,
    0.14387500137336345,
    0.09974218353802713,
    0.14491095111346528,
    0.2598744832539288,
    0.017239614625540165,
    0.1112681724898241,
    0.13078453459748307,
    0.1486006727457034,
    0.16409293536055272,
    0.1020068598781841,
    0.06611769233304671,
    0.018419044705727243,
    0.18062497867672528,
    0.25260107810477,
    0.002047106655695179,
    0.09387719875489424,
    0.07465762771846454,
    0.11510318151932741,
    0.014761054997568425,
    0.07653118460260065,
    0.28144756556148015,
    0.08461313941634077,
    0.1915167628406592,
    0.011408530235102476,
    0.021894377074140232,
    0.1296390049099912,
    0.1993476089886783,
    0.07107531756500057,
    0.040066794615952646,
    0.20188580150358723,
    0.23180531951373104,
    0.09696791707313406,
    0.061626432418085374,
    0.09191733681984536,
    0.23795545791985456,
    0.14377091487980034,
    0.1871952940183227,
    0.042716301853144366,
    0.1434793281332492,
    0.04818590252531181,
    0.10682382377925337,
    0.13305463210917978,
    0.11568187351062348,
    0.06615079762058276,
    0.17346281596756202,
    0.24877669457148457,
    0.24067753657339166,
    0.14090333198213645,
    0.18208421349065043,
    0.19061207773410643,
    0.0037234774603589482,
    0.04593589948945575,
    0.02786127988222035,
    0.004842190419300874,
    0.11089360567757127,
    0.042259477798061794,
    0.11456099208306565,
    0.14409698027734424,
    0.1414476176047269,
    0.14194340181260845,
    0.10497708362366719,
    0.13946086665884092,
    0.1914136882991168,
    0.10898296798010329,
    0.10195763564060321,
    0.29904223078173003,
    0.1494489776682428,
    0.028963657044255842,
    0.12394923239102289,
    0.009839209497776885,
    0.14632313015842544,
    0.24069278813599015,
    0.07196525708496522,
    0.15073155457225945,
    0.15359046359545975,
    0.07717565347524563,
    0.22466260073982366,
    0.12270062816198865,
    0.0445383214665093,
    0.15814641615746206,
    0.2446809633320631,
    0.07461816158965519,
    0.050370200962106156,
    0.016321557295856028,
    0.15591180924877887,
    0.014649595710711252,
    0.05163167143826138,
    0.19619667952520367,
    0.14469461022788582,
    0.07536266914778027,
    0.1393137722043958,
    0.147146136280446,
    0.245177253515955,
    0.13354116418430018,
    0.10918167198760677,
    0.22213467230969663,
    0.009542924402557983,
    0.09816910412176733,
    0.08958738957434985,
    0.019417769067922797,
    0.2789924253945601,
    0.14806282024667342,
    0.2802888804977185,
    0.11737009861038748,
    0.12960806809107106,
    0.06411670177658296,
    0.2354904150795886,
    0.02380356912586428,
    0.03742003410567439,
    0.22916383561041814,
    0.043329689342294794,
    0.08593308626283806,
    0.11631911415454878,
    0.24736379270365244,
    0.09183175459180458,
    0.043988253260943105,
    0.15108487039207646,
    0.00838662465427382,
    0.17030314034733662,
    0.12273011933516487,
    0.2345923076611707,
    0.09372562279864294,
    0.10478755946663768,
    0.07797921566201034,
    0.17741203101083597,
    0.014134801261296999,
    0.10980452845637995,
    0.13403318971324749,
    0.16690623426053197,
    0.010769121122561268,
    0.14918030440673302,
    0.11148270631822364,
    0.02651415489573714,
    0.02376352473875736,
    0.05282187157924076,
    0.08870785870374151,
    0.04201675387765558,
    0.20985036988292005,
    0.007938763602803628,
    0.14308170327138067,
    0.12155878487114381,
    0.2083607042260851,
