{
  "config": {
    "mf": 1.4,
    "mf1": 0.2,
    "mf2": 0.07,
    "T_coh": 10,
    "tStack": 864000.0,
    "nStacks": 12,
    "gamma1": 9,
    "gamma2": 73,
    "gamma1_upper": 26.758176320519304,
    "gamma2_upper": 100.0
  },
  "mismatch_list": [
    0.48880874344430875,
    0.48843815193016055,
    0.36861305637924285,
    0.273706391120636,
    0.833788472587233,
    0.2444802952762159,
    0.4180580744442239,
    0.520773399986317,
    0.6729175071746539,
    0.5184177368698332,
    0.6466401509775517,
    0.45109585255185003,
    0.506394004701026,
    0.44122888059352755,
    0.7884735630444147,
    0.5513571477594339,
    0.5860442912155391,
    0.5139438038844453,
    0.3887338553346475,
    0.7209886911039496,
    0.550190239868556,
    0.5559373628781581,
    0.5002043782926183,
    0.8268271419360078,
    0.2515224556447604,
    0.7503175995297889,
    0.7644850810893916,
    0.0736944753782706,
    0.804407005871024,
    0.35051094031037094,
    0.46328574373043835,
    0.058404268502984844,
    0.40068212474925713,
    0.7996275625758084,
    0.27407801265800963,
    0.23636701917675557,
    0.6141469298856685,
    0.45054424800877535,
    0.4310103996566011,
    0.48240709488671535,
    0.714874798508483,
    0.7896271212921739,
    0.8188872621147808,
    0.5710634978959879,
    0.7853327647243717,
    0.22859159069522555,
    0.6030454479858329,
    0.3612316930990504,
    0.6172326626219642,
    0.2537548954564374,
    0.4495838326687154,
    0.4135029864710244,
    0.7917063722549474,
    0.720904527364085,
    0.49743123049935634,
    0.4192769171903612,
    0.6188871509806959,
    0.8333252874062963,
    0.43649668283730847,
    0.22659789942484587,
    0.7624942359358189,
    0.8222094393930539,
    0.10233042212628671,
    0.6677163235803868,
    0.6301365767427478,
    0.6369478221676828,
    0.28585741247540275,
    0.4127109528224425,
    0.7149933053911524,
    0.49750967489973263,
    0.8180819194818918,
    0.5589089256716808,
    0.7805412593150692,
    0.48060384948953677,
    0.40527819680447763,
    0.6650937218132789,
    0.6985785028948531,
    0.7168169886175928,
    0.7096908000385554,
    0.6416456767810972,
    0.4042855796856868,
    0.24753946425564613,
    0.8050542670446889,
    0.8145423801971855,
    0.6484583046056241,
    0.28019006205402025,
    0.32150358887197605,
    0.43460284960804363,
    0.5757588858748361,
    0.7749034000849824,
    0.10022955422871699,
    0.5685533312956944,
    0.6020152079134408,
    0.4459354361926091,
    0.5479397204386858,
    0.04886592816531287,
    0.24381880351851598,
    0.5727420291652703,
    0.6514028428424175,
    0.4737398289272373,
    0.6821996698938197,
    0.7507300967256862,
    0.2859848100848598,
    0.7849605739636367,
    0.7111775572467934,
    0.8141344096823051,
    0.31684202902431974,
    0.38892793339501186,
    0.7556703320675613,
    0.5534930906584158,
    0.7579927633820889,
    0.6921730866207247,
    0.6761107960203806,
    0.7021255505067552,
    0.839954449120268,
    0.8030256091963943,
    0.2276622928989223,
    0.5404433740394898,
    0.5377286122995832,
    0.636404593339783,
    0.8609089299001973,
    0.689236653040363,
    0.35231337253131895,
    0.5880188728445002,
    0.8386822484604677,
    0.8216949156860935,
    0.7811843190782094,
    0.5606919229807181,
    0.32396632019215243,
    0.692394297661316,
    0.5626010439231177,
    0.5134292801774849,
    0.711661885009725,
    0.5102137645147892,
    0.30706255482840733,
    0.4647429013238834,
    0.35707424830260304,
    0.46534167008833155,
    0.5037809442016903,
    0.7311499786459922,
    0.19158892792255267,
    0.2419216091608314,
    0.6699911027678025,
    0.6996210761400757,
    0.7762213961195014,
    0.5919235282567356,
    0.7006230718913926,
    0.582817906097228,
    0.41244423101881333,
    0.7259586615899893,
    0.5760388353451494,
    0.8178899421267898,
    0.6531871954451722,
    0.7740511100777148,
    0.5173645652277387,
    0.5917949922005558,
    0.68426305036716,
    0.5344228882870421,
    0.6160961404162356,
    0.5717002148845295,
    0.56308680829739,
    0.37845444039217646,
    0.7076929615693998,
    0.3966718648505442,
    0.22482983745257692,
    0.7747579499632065,
    0.6351785675369424,
    0.5910268659331528,
    0.10151860118942745,
    0.398956564787973,
    0.7347252705789695,
    0.8065230937170427,
    0.6229623565543576,
    0.530576456292916,
    0.4984800652015544,
    0.6074376838659222,
    0.22902409202639504,
    0.2724590329946798,
    0.8284343440969315,
    0.5484680952474403,
    0.5562864594339447,
    0.27965748583474115,
    0.08012301296322177,
    0.4809046704831015,
    0.8112117729919887,
    0.40006172549707564,
    0.3720256859602305,
    0.5541404602555781,
    0.32569892768076825,
    0.3644482929967203,
    0.43472601870110167,
    0.49844493598839346,
    0.5244663043081101,
    0.36334931242697,
    0.46118915856101633,
    0.7852795558930177,
    0.363146343639818,
    0.25120873225500384,
    0.43538154716644406,
    0.48241034759163764,
    0.7382887985624779,
    0.5359217889269902,
    0.6886334931242697,
    0.7505176679883853,
    0.3937855771377346,
    0.237381592053772,
    0.46637651815936365,
    0.5406326814659681,
    0.798489834158671,
    0.2611123513554509,
    0.6325714432240898,
    0.41996827962159766,
    0.5314543613514469,
    0.5112084958917795,
    0.5726674066931776,
    0.4917233296899424,
    0.8261289352714973,
    0.5354282451667787,
    0.33712210209742005,
    0.4614224859274432,
    0.21979855347875166,
    0.7425030572715682,
    0.7513221161274206,
    0.4323238961159776,
    0.7835790011008238,
    0.14226274201073327,
    0.8291179949069146,
    0.8223419193539521,
    0.7731185595764891,
    0.4404453581894924,
    0.5821671482657715,
    0.48379079556066495,
    0.10650987689270834,
    0.6109719375051298,
    0.4598760415838808,
    0.48049819079131045,
    0.3815780129290684,
    0.13452607492952745,
    0.47290973863106445,
    0.7201953021616501,
    0.26665973117694897,
    0.2798277107256752,
    0.1897380303982623,
    0.3688170009778715,
    0.4031208944765059,
    0.3874223647099731,
    0.8519794959239813,
    0.6119873506642511,
    0.20649889359242068,
    0.4594684776571157,
    0.6084176696472647,
    0.5281633829345536,
    0.8090388983392014,
    0.11274493274653091,
    0.8317670655603278,
    0.47282847521975546,
    0.049211257004564524,
    0.7507898651786337,
    0.2853120422834292,
    0.8349702209443188,
    0.10605737142626666,
    0.7406095493127957,
    0.4429716256791512,
    0.44967789005271874,
    0.661626175730853,
    0.7918133726939541,
    0.3348931318376601,
    0.48509849136293,
    0.5225493768738969,
    0.6340558422212592,
    0.7038494570097038,
    0.560639554431469,
    0.3297387871942742,
    0.6970480781230332,
    0.4333646532676186,
    0.7432151285908101,
    0.6902690615827033,
    0.745955749334849,
    0.3086664094138485,
    0.6632677074816442,
    0.4719841272336731,
    0.5338864088218562,
    0.7605521542502065,
    0.5985680725544023,
    0.3504427961422486,
    0.5347973288353484,
    0.5444043012468811,
    0.6349512847804961,
    0.5588204792036684,
    0.5553747804559707,
    0.8331943524802363,
    0.610732077622984,
    0.7290778429752361,
    0.4157756514002407,
    0.4273727371067385,
    0.6274441773491821,
    0.7034334902618894,
    0.7306075629943231,
    0.5653567355332967,
    0.553753578110944,
    0.6131489458037559,
    0.6353353750200719,
    0.7773953921965223,
    0.7428258340233586,
    0.7592143167156614,
    0.41673248876488617,
    0.8405112037794696,
    0.6524864001696611,
    0.6893826452796258,
    0.7370536651858547,
    0.3262872335777163,
    0.6763838063868596,
    0.21244375395542472,
    0.8197110096363551,
    0.25053845819401366,
    0.2439271185924288,
    0.23321520231878828,
    0.675634085008142,
    0.3132306049608304,
    0.5406855379209556,
    0.5596425461610329,
