{
  "config": {
    "mf": 0.45,
    "mf1": 0.3,
    "mf2": 0.008,
    "T_coh": 10,
    "tStack": 864000.0,
    "nStacks": 12,
    "gamma1": 11,
    "gamma2": 87,
    "gamma1_upper": 26.758176320519304,
    "gamma2_upper": 100.0
  },
  "mismatch_list": [
    0.15084424498375978,
    0.1708282676971814,
    0.3198365775992934,
    0.3783313797226158,
    0.12579679072953076,
    0.302057943034945,
    0.26368372302003246,
    0.39924085119818264,
    0.2361465399947718,
    0.06400889593111551,
    0.26413145785258807,
    0.26224613586786993,
    0.4546392950824631,
    0.29209973270355183,
    0.14319887048737337,
    0.14243296690166737,
    0.07182492901242565,
    0.32327208453823464,
    0.17637841231786344,
    0.17014037481786207,
    0.3634763847659348,
    0.34640906255634635,
    0.335737371400245,
    0.23239069583273203,
    0.38598531967529764,
    0.339582339677156,
    0.39946268567388404,
    0.30847059657752557,
    0.10404367602061478,
    0.21401405146841737,
    0.37064675592016694,
    0.36996168205178026,
    0.28866726162253814,
    0.26388658338368703,
    0.06840655298607527,
    0.36780074753664527,
    0.10283074235508631,
    0.11053488238706907,
    0.16068085836280735,
    0.17016639645724055,
    0.2772734699736845,
    0.3386262612769924,
    0.32906135718245494,
    0.340697746406764,
    0.18894545463219334,
    0.047520067291959435,
    0.07471333098343473,
    0.004071302327754908,
    0.08402441567053481,
    0.09082777328603323,
    0.10221050573815096,
    0.10094113764222046,
    0.27758675966945145,
    0.2953928253786447,
    0.1405620110303561,
    0.09471280404523733,
    0.21402023160776976,
    0.273928659290327,
    0.15872169997635283,
    0.27736698524020087,
    0.3110139407680265,
    0.26454520191870556,
    0.31590069621980393,
    0.2732265087210982,
    0.38190366290354005,
    0.25579005871457655,
    0.15935754957691525,
    0.1378351600704883,
    0.26218785823801194,
    0.2604974817016374,
    0.21313039996452382,
    0.38828677104307635,
    0.29753565316971214,
    0.12195052137065082,
    0.1539139852541875,
    0.15011851230384426,
    0.22174226151682522,
    0.14277124821358736,
    0.13767800021099214,
    0.3067046488634561,
    0.12112709911956868,
    0.2959195467290637,
    0.08519571471305776,
    0.29724632506687293,
    0.18688383604068615,
    0.32441275394273916,
    0.16989674721918124,
    0.09530224838890815,
    0.22676996751523595,
    0.055614748761613916,
    0.17881864576232723,
    0.28198620571211847,
    0.15797655949040088,
    0.1302937637081183,
    0.27881682424757076,
    0.1753586351129713,
    0.21460528479979546,
    0.283799209224064,
    0.15589054561197638,
    0.27323317676618897,
    0.2098881036979677,
    0.1863281114047099,
    0.3319672153365471,
    0.21884903470018138,
    0.3224849299470362,
    0.1894103203773398,
    0.20432288821114566,
    0.05230392884469451,
    0.28646610198986394,
    0.18541800456744825,
    0.024830932529900762,
    0.2632825018678658,
    0.17441670597921977,
    0.368161689359524,
    0.07254659581118829,
    0.2340668688909458,
    0.10853002349645613,
    0.29377118933962826,
    0.0775635678833554,
    0.21229781592791053,
    0.05459676054442908,
    0.14363131760679415,
    0.1625946415155957,
    0.171615205441385,
    0.24219678799725863,
    0.3146307860063864,
    0.13555664027241188,
    0.12863759478517672,
    0.14302506762102474,
    0.13215604569963676,
    0.1570816319427767,
    0.10574034111983908,
    0.13361840762095753,
    0.30343318667609664,
    0.24554620667925608,
    0.22277179683648424,
    0.0695204959984682,
    0.3378230057964286,
    0.3824214935271714,
    0.042960425531868754,
    0.21741779032261738,
    0.07604477153163261,
    0.0503713884268542,
    0.15652054034367863,
    0.05544680076412544,
    0.3015015136462356,
    0.1275996024327197,
    0.2901713123786131,
    0.2981323618877095,
    0.22444525930726275,
    0.078418161889943,
    0.2052522402191976,
    0.25563148934961405,
    0.15899145763790953,
    0.16985218516174563,
    0.2822116723749831,
    0.21071071277281928,
    0.30547490955582907,
    0.07625663104557225,
    0.39059819737261675,
    0.3406632135228388,
    0.10030620964138603,
    0.1338731486281229,
    0.292510224064747,
    0.2742635794738273,
    0.3703595962872759,
    0.2771459097289814,
    0.26275952112810746,
    0.06990995320116582,
    0.07350419214031562,
    0.21395046108718627,
    0.02966380150346527,
    0.3552565825802689,
    0.15771184352147377,
    0.056612678631777866,
    0.1647704842616246,
    0.09687417225436196,
    0.23893101804351316,
    0.2050213523814625,
    0.28650155647351705,
    0.31500847925961495,
    0.254078919078448,
    0.08175055808284705,
    0.05215224437181757,
    0.1514749444681952,
    0.14436279673207242,
    0.13386393263084304,
    0.22629940953647545,
    0.21771584651699816,
    0.07709441941006125,
    0.16209171912285825,
    0.2124266772545826,
    0.15006424634339044,
    0.12258257614880387,
    0.06677651412600957,
    0.23123647349105123,
    0.0185558141937851,
    0.05034298147053272,
    0.11300357699960306,
    0.45913995445996264
  ],
  "statistics": {
    "mean_mismatch": 0.20644430913794318,
    "std_mismatch": 0.10156969156635616,
    "min_mismatch": 0.004071302327754908,
    "max_mismatch": 0.45913995445996264,
    "valid_samples": 200,
    "total_runs": 200
  },
  "perfect_2F": 1152890.625
}