{
  "config": {
    "mf": 0.9,
    "mf1": 0.005,
    "mf2": 0.07,
    "T_coh": 60,
    "tStack": 5184000.0,
    "nStacks": 2,
    "gamma1": 3,
    "gamma2": 5,
    "gamma1_upper": 4.0,
    "gamma2_upper": 6.000000000000001
  },
  "mismatch_list": [
    0.0456021262569897,
    0.12466504368743965,
    0.21963506097737273,
    0.15429935292859084,
    0.22156890240729069,
    0.16441678280027525,
    0.09152728224225568,
    0.18994834704770056,
    0.1924453401028144,
    0.004058363643723291,
    0.24073304401126447,
    0.3425614255231795,
    0.0678722395378557,
    0.13228663702127413,
    0.18044791913631292,
    0.19128564241642718,
    0.21658156627133052,
    0.2961574713906542,
    0.15857918962835318,
    0.1425053344358798,
    0.1818247529389995,
    0.30704767164161845,
    0.234508595814564,
    0.26032488015589855,
    0.21737609363163768,
    0.17148079024824642,
    0.10700473593819572,
    0.16882130651755303,
    0.15482426720174866,
    0.1908085790450637,
    0.18963153359971782,
    0.1392387514239619,
    0.3056066511307848,
    0.09829919679876022,
    0.07076859246066396,
    0.03480610988070525,
    0.05925878808555915,
    0.03672838613798408,
    0.1318350170297167,
    0.14205660573748213,
    0.17202153435145404,
    0.004540559060445375,
    0.023532235027438373,
    0.19170936142899273,
    0.2641001139169505,
    0.09212888806647661,
    0.08693352338767037,
    0.13089809348129045,
    0.031475918419272206,
    0.04261650465787328,
    0.1429260175906276,
    0.16160637356664143,
    0.08637702173674197,
    0.22646935518379951,
    0.13267609420989632,
    0.12900646493150528,
    0.05522312109314012,
    0.1260122417352385,
    0.3074828112621651,
    0.3066965240873633,
    0.16338509711853724,
    0.01128356068535213,
    0.01865165989140303,
    0.06297091937339895,
    0.1693405104867203,
    0.037032405613734797,
    0.21758282109256186,
    0.2540253306193728,
    0.08240040940711142,
    0.24563812285682896,
    0.06927307107376846,
    0.22440627294963947,
    0.10620139013375123,
    0.08395390122186049,
    0.04240753644475028,
    0.11482004591373537,
    0.02624007563622906,
    0.051308743848773805,
    0.007466909149786333,
    0.24613961765539255,
    0.11489623148849555,
    0.19412069992424813,
    0.06897620754858819,
    0.09763759664147387,
    0.09751753569301405,
    0.09248683015965721,
    0.14329834386727808,
    0.3235676533686457,
    0.10435457662794262,
    0.032463367315665605,
    0.22646523509104682,
    0.05026816744056947,
    0.10881858870198285,
    0.176933118606628,
    0.023580808752522654,
    0.04922484430386335,
    0.03162684392221265,
    0.005247552520340247,
    0.0982967391995744,
    0.16587030815402498,
    0.07677192901297034,
    0.09570830899828257,
    0.17831703607755606,
    0.16433452550987954,
    0.1454947869984329,
    0.11595386652634257,
    0.049230337760866924,
    0.06294142818316921,
    0.08082797962216581,
    0.13766487599243638,
    0.21209673688653988,
    0.17767979506514084,
    0.12071785026570984,
    0.027996680795452575,
    0.06916999647262234,
    0.013693598098685618,
    0.09453827493884914,
    0.04984141257018614,
    0.03485844228689724,
    0.23136590471454263,
    0.14460195567069328,
    0.13899458171661858,
    0.24338125169863473,
    0.10417885828615707,
    0.19040264148543076,
    0.12289607824995807,
    0.1776448104179075,
    0.26099168464087247,
    0.0015219767193074775,
    0.10133780134502958,
    0.28227984248234866,
    0.05181269624652322,
    0.2386296282375255,
    0.02220455320846802,
    0.08403276124279345,
    0.08087004793764059,
    0.16469051598017728,
    0.17974974412055536,
    0.2537813777590165,
    0.09381436741396958,
    0.26655662886782744,
    0.04795007314971694,
    0.02911076833224428,
    0.10050221762185355,
    0.09696255197099454,
    0.0933397616417919,
    0.14788328427772607,
    0.08680869180549693,
    0.052622836589893196,
    0.1220583983392412,
    0.08587357531529552,
    0.13207116339854164,
    0.24013938924323291,
    0.13058185829193966,
    0.09909603719359521,
    0.11387690608501558,
    0.06253679170545819,
    0.10869570874269226,
    0.1615084310108539,
    0.02172257463873292,
    0.14382289672879092,
    0.28557620581381227,
    0.13252039807324223,
    0.12080784176530796,
    0.03999778816073277,
    0.1877910809388607,
    0.21576217378984924,
    0.0746356247795389,
    0.06518181897035268,
    0.27504893513672923,
    0.12003709529123996,
    0.09360012259082998,
    0.0666628838914493,
    0.1045795192357734,
    0.10362763324524527,
    0.2321955612867411,
    0.20957191513476317,
    0.11517003695072658,
    0.055984543146767825,
    0.05670151156806393,
    0.045140314457044056,
    0.22489598572857697,
    0.22435726553058122,
    0.11476597873164751,
    0.0445024229036679,
    0.049309776040431845,
    0.06305303209913667,
    0.12995871233367837,
    0.16292885105792418,
    0.04221750620182383,
    0.2694555116721505,
    0.12065257932262784,
    0.14243767817594097,
    0.09012724581196185,
    0.01589575153383102,
    0.19563125603557446,
    0.05264278651269567,
    0.08051355149103988,
    0.1713908710309773,
    0.07640712009853527
  ],
  "statistics": {
    "mean_mismatch": 0.13013259578854236,
    "std_mismatch": 0.07827930887938694,
    "min_mismatch": 0.0015219767193074775,
    "max_mismatch": 0.3425614255231795,
    "valid_samples": 200,
    "total_runs": 200
  },
  "perfect_2F": 6917324.0
}