{
  "config": {
    "mf": 0.1,
    "mf1": 1.0,
    "mf2": 0.002,
    "T_coh": 30,
    "tStack": 2592000.0,
    "nStacks": 4,
    "gamma1": 1,
    "gamma2": 13,
    "gamma1_upper": 8.717797887081348,
    "gamma2_upper": 47.70744176750625
  },
  "mismatch_list": [
    0.5314204146751674,
    0.3388900148872728,
    0.4920347018887956,
    0.39544658059669946,
    0.5656299522444971,
    0.2881362400861143,
    0.44460526464158506,
    0.6161057652691404,
    0.4366754571641784,
    0.577144964276617,
    0.1079788438235744,
    0.47325459086888877,
    0.602142333199081,
    0.026885275478154974,
    0.026646020900007776,
    0.29651542693280836,
    0.5091201532154515,
    0.3985899231465143,
    0.6398434335388369,
    0.5254029813288907,
    0.49713133037978013,
    0.5579427604745076,
    0.3012772435790866,
    0.546397642843657,
    0.5886337016745508,
    0.5703700480446323,
    0.49853042754431703,
    0.10207973668407322,
    0.579881284914182,
    0.5984446934491084,
    0.5512339825926754,
    0.5248360708586768,
    0.49948885536272875,
    0.43501719163409863,
    0.4905552990335272,
    0.4877936434323245,
    0.12363722471628455,
    0.44531457134108915,
    0.49211417633250343,
    0.3009104829357274,
    0.0629264839349586,
    0.2561867186097271,
    0.11769351936689913,
    0.39229402204727326,
    0.44386502109632664,
    0.4930147059886505,
    0.4996441178502998,
    0.09236101332915445,
    0.4751362450013141,
    0.5328317275568364,
    0.568767114653396,
    0.5146834726985228,
    0.4743784007038566,
    0.5442225946530144,
    0.5966656802535318,
    0.5107855385569956,
    0.4982336362156547,
    0.34336038909878075,
    0.5853678044004916,
    0.32925644014052846,
    0.02717454944242841,
    0.5204675424781685,
    0.49190582245893566,
    0.14517808780802038,
    0.29398547240418904,
    0.035378885284730294,
    0.5847801488958582,
    0.4338984777047983,
    0.5362326482604963,
    0.4911649645137031,
    0.5859443284232415,
    0.06010855652436392,
    0.5227849507569263,
    0.5060480810626315,
    0.5353833306492487,
    0.49583646436378953,
    0.24063647211245745,
    0.3775351949989866,
    0.49281809799694043,
    0.20199447242413895,
    0.17922220721961893,
    0.5499941595861286,
    0.4997587937984057,
    0.493739300405157,
    0.5208317370981065,
    0.5678272995400818,
    0.19343942262015423,
    0.38724025698977554,
    0.5327562647835477,
    0.4922521994796249,
    0.5224041311965129,
    0.3498656560244881,
    0.3036305400445664,
    0.5897698356501754,
    0.5644283666010439,
    0.4974742739888494,
    0.5572865451610003,
    0.5288608243830918,
    0.4891459377753054,
    0.3652513156110504,
    0.5486089044915963,
    0.5600122764343058,
    0.5350754439798777,
    0.4298418838052552,
    0.5809845665617802,
    0.5502050072007677,
    0.010406851325904057,
    0.5048699149005438,
    0.593256519361984,
    0.4925541951374796,
    0.5404444685064356,
    0.01956538646914888,
    0.4952321477775057,
    0.2975648943709108,
    0.4811734475702866,
    0.09831606700747313,
    0.5497068011041274,
    0.5115853427585663,
    0.487716662729688,
    0.6429966064882372,
    0.4926516317451359,
    0.50888715106057,
    0.6144698349851778,
    0.14799659347741423,
    0.4938222444016597,
    0.47358860760774624,
    0.5660275051689109,
    0.10107103649131065,
    0.4933707688442255,
    0.19823868152367724,
    0.29068686736680316,
    0.0017999750770457568,
    0.5150612202590658,
    0.6547641007685349,
    0.5129844399231032,
    0.49759162438390137,
    0.565233989531781,
    0.47656201435296164,
    0.46922503056820575,
    0.5903102907803285,
    0.22193500428923466,
    0.13368584471611686,
    0.4536937943289581,
    0.29983680091041065,
    0.298761022696947,
    0.5412015538392192,
    0.5420597260383287,
    0.6519129957593391,
    0.3036908235243775,
    0.49910026544970176,
    0.317751909049143,
    0.4918379493323858,
    0.4935390782959523,
    0.5524848647987558,
    0.4895074579482973,
    0.3266107615697298,
    0.2944182268330009,
    0.49304983521069873,
    0.5294687189456955,
    0.5683075073315987,
    0.5122422447543976,
    0.5012208127485248,
    0.10622896041500478,
    0.3626571020733758,
    0.3235749028742064,
    0.3938405752055927,
    0.4940942067431337,
    0.4590339059155586,
    0.5050761003036148,
    0.1707693646583835,
    0.5106382271279128,
    0.614287249769347,
    0.060112098359508696,
    0.4440708812288231,
    0.4245164093945081,
    0.5323173302138199,
    0.47455979326091413,
    0.03478284502750922,
    0.36962042225035774,
    0.3266774058963315,
    0.3786894718444345,
    0.027456595171712506,
    0.4908643783616714,
    0.136333908604462,
    0.5040747729105414,
    0.5883508608394178,
    0.4977625721413993,
    0.5146201533600161,
    0.024322793892083607,
    0.6082684791995973,
    0.5992489791563724,
    0.2847610157578414,
    0.597659707129266,
    0.33239595172579894,
    0.0391917792416078,
    0.4799954621140737,
    0.30449590433749035,
    0.05570562174530649,
    0.35733343472137613,
    0.47868147741653627,
    0.5063341023211597,
    0.482185653457019,
    0.4466529151905406,
    0.3851141439500107,
    0.03864192740596861,
    0.4946407697318527,
    0.31800894508536404,
    0.34883599395025644,
    0.34493491552650896,
    0.3834684194076375,
    0.4590305447862886,
    0.49485407494638817,
    0.5295148712261024,
    0.26162835075675284,
    0.5022060573187469,
    0.5919721342867279,
    0.5365728089990948,
    0.47285089394473406,
    0.13014292533609123,
    0.49091598795949526,
    0.6487028281770478,
    0.5168829161822545,
    0.41508262306286914,
    0.5546958373172955,
    0.5212007023531374,
    0.4895289619473906,
    0.6124829738924826,
    0.5109741954902175,
    0.506373929895951,
    0.5350082936768268,
    0.6149506933178437,
    0.575235987415932,
    0.4994847714099598,
    0.5022150926124836,
    0.5205195496289169,
    0.5276104120122856,
    0.5938484756664361,
    0.4170504377563674,
    0.4887358800043601,
    0.5290455057870695,
    0.5593850824842808,
    0.4871861464226453,
    0.39054818645029765,
    0.3016242711409248,
    0.3944603602147538,
    0.4962983847207834,
    0.3028654313709446,
    0.4963069863204207,
    0.4940015769117453,
    0.5299438308315448,
    0.4967197185383121,
    0.45074608395912985,
    0.4989165959986226,
    0.4954178049932069,
    0.4437397919251363,
    0.45902993038631446,
    0.27365324248502093,
    0.010862446977282236,
    0.5168039838561709,
    0.5773340910451131,
    0.41493064942221825,
    0.48937810868316306,
    0.5135321955705954,
    0.4361181241053252,
    0.5384792559775335,
    0.6419617400848132,
    0.49594159904170954,
    0.5137843525481985,
    0.5835925498871094,
    0.4865915518124221,
    0.5790019701277287,
    0.3821988522141096,
    0.05088648519556279,
    0.3742390475614971,
    0.49136778878750403,
    0.5019690434934464,
    0.5194014500995906,
    0.6306893799012855,
    0.5361428374407538,
    0.5732281283005928,
    0.4979611678977315,
    0.06327062020280114,
    0.47743312509270214,
    0.5187275617515343,
    0.509380188969193,
    0.09536622430832296,
    0.49108440583474694,
    0.48915750295128835,
    0.494460895104143,
    0.5245470860238028,
    0.2626016325980676,
    0.564072303745469,
    0.5118250310308128,
    0.5285638523485547,
    0.027509072157735123,
    0.539772820911226,
    0.3805256603787769,
    0.4944758936917458,
    0.2288107905404956,
    0.4966076808959773,
    0.36461103855569454,
    0.6068517090005114,
    0.49072700575569894,
    0.5119360567202491,
    0.05084239296212781,
    0.19927665606814665,
    0.10751609221955677,
    0.461188787330581,
    0.5383092117494093,
    0.4943247512981187,
    0.49631381700248567,
    0.4682545677385368,
    0.6270173642443502,
    0.5314406175919627,
    0.5748133163749303,
    0.3842185656348313,
    0.5607679161200916,
    0.5450665272291949,
