{
  "config": {
    "mf": 1.4,
    "mf1": 0.9,
    "mf2": 0.03,
    "T_coh": 60,
    "tStack": 5184000.0,
    "nStacks": 2,
    "gamma1": 3,
    "gamma2": 5,
    "gamma1_upper": 4.0,
    "gamma2_upper": 6.000000000000001
  },
  "mismatch_list": [
    0.33617629370912433,
    0.31080917176016143,
    0.3479706736134804,
    0.15940884620055165,
    0.3051251785373526,
    0.4852103488056068,
    0.39282879785813,
    0.3123888297780065,
    0.08500351292118913,
    0.494533323599313,
    0.31375619459559484,
    0.10150260505513696,
    0.04808610849288453,
    0.07232020493485916,
    0.22004981698114298,
    0.2570298179063568,
    0.5063148733902725,
    0.4992385056640433,
    0.4760800425598353,
    0.11540336430872072,
    0.36378864936131333,
    0.18517214759473322,
    0.314929336795175,
    0.24826695888002867,
    0.2884158893906889,
    0.2958511388803756,
    0.3683590610236334,
    0.41745242377105585,
    0.4687838642711339,
    0.09057843210954532,
    0.48237767661464265,
    0.492130080724905,
    0.16701468198666536,
    0.24718857881376025,
    0.036874830136526864,
    0.15347273221421012,
    0.2276138735810979,
    0.3539943215002342,
    0.47117098818617614,
    0.38050849172801027,
    0.20137697836734458,
    0.26006733821769124,
    0.05870481631614556,
    0.4032050707499436,
    0.1583035048255683,
    0.15106804369322224,
    0.2735805196232067,
    0.2765343369975655,
    0.29578435000838477,
    0.41005967629081785,
    0.048541053471575696,
    0.2816863322789751,
    0.17245493919610486,
    0.1512081268468135,
    0.0124451377122932,
    0.4638232364557372,
    0.32414605656525936,
    0.1460851890616597,
    0.3746300590402063,
    0.424751854764562,
    0.49744734955156045,
    0.27205608530471337,
    0.3143957486425379,
    0.314824382853475,
    0.0726176467186714,
    0.3539277494752303,
    0.5030541452470032,
    0.46343602001931383,
    0.21268511504455484,
    0.30455768997241706,
    0.1600991424424488,
    0.4404292413825007,
    0.24005163849583364,
    0.5023654030751794,
    0.39682821526255835,
    0.1661024067124262,
    0.1926097101189478,
    0.2337487639721742,
    0.3511165451359775,
    0.4225996122775873,
    0.4233095693129709,
    0.1344346509920027,
    0.14302728513354884,
    0.10863181116386114,
    0.09744583162265155,
    0.08661981807983439,
    0.30395080753817955,
    0.28494980715074625,
    0.26962154418185075,
    0.24205609976117917,
    0.2816119537624398,
    0.4524931620916771,
    0.5026598451423384,
    0.30750666443073327,
    0.16227874379094795,
    0.16336384611381286,
    0.13484817819618003,
    0.2128383535820231,
    0.4857005675608473,
    0.16207497990551253,
    0.17510133982525025,
    0.38764030000057825,
    0.27592543065811614,
    0.4349828401750967,
    0.0645127737331799,
    0.45268427656953847,
    0.48407450428778775,
    0.11535305580774056,
    0.19599808885522138,
    0.03176403578264415,
    0.20924917453580288,
    0.44433740234657354,
    0.25027741957868077,
    0.47182872123886127,
    0.4514500196607935,
    0.1973499852544049,
    0.3815821734428941,
    0.4753883368125228,
    0.24265821156170309,
    0.4575863556984497,
    0.11442899851387532,
    0.44718304921559215,
    0.3287265154713097,
    0.24427610693158622,
    0.1884951108232668,
    0.5008499679066459,
    0.09504548004140331,
    0.24801772940965577,
    0.5040820722476335,
    0.179049111505612,
    0.3334522618586389,
    0.3414864427263738,
    0.13781291020221703,
    0.44839020025096427,
    0.09680606072872153,
    0.46231553549640614,
    0.0730500396107163,
    0.1482561888130085,
    0.14840169314127435,
    0.33677204466469673,
    0.2188270168215436,
    0.29202682541793645,
    0.052766244730618216,
    0.23477893172500333,
    0.3377783592489577,
    0.46098040859754935,
    0.36426751979090166,
    0.47157222739442445,
    0.08609360272475468,
    0.20996585382778302,
    0.17322633621113379,
    0.05303188228967288,
    0.5022441133271267,
    0.1661626178924786,
    0.036091723384200816,
    0.2895053286532935,
    0.22176869076463138,
    0.5116525258337044,
    0.12584035435688967,
    0.22958877137388467,
    0.13053270630822342,
    0.4999073340542291,
    0.1956594461438823,
    0.5091202228608768,
    0.497616598624901,
    0.025654299642057905,
    0.46225680610409814,
    0.5143607639953045,
    0.5199535007777578,
    0.30094660938051154,
    0.11961670126580815,
    0.08142141754321038,
    0.07459362874639311,
    0.46731776179213913,
    0.10156650263396808,
    0.25427398183111377,
    0.07494694477051807,
    0.10486662464653941,
    0.16384951108232668,
    0.3959273967374648,
    0.2844906697969734,
    0.3162247084130848,
    0.20833299601579802,
    0.2058398339241209,
    0.20420538590089804,
    0.5177346862657792,
    0.5122867309883018,
    0.16510801871244932,
    0.29231125638252964,
    0.14294885880658983,
    0.12869940959793677,
    0.2773982553937074,
    0.19481569451752992,
    0.1024674295825551,
    0.18213166370791,
    0.512812621072901,
    0.4134878103080384,
    0.23024104711073073,
    0.169801527181047,
    0.49745587886638176,
    0.05558807457223318,
    0.024421813650373266,
    0.40955070027120327,
    0.12422433832756039,
    0.21628434133450528,
    0.43765244343184934,
    0.49883039963454057,
    0.09625223352396593,
    0.4596105138984462,
    0.24415713021806132,
    0.37604158836081025,
    0.1937458437660828,
    0.25298656126939334,
    0.2049334858008593,
    0.0730316798991517,
    0.06017706279310484,
    0.12147869406070559,
    0.4835147499320546,
    0.3049061630804994,
    0.4328814121654051,
    0.16421157326825997,
    0.25737670080320124,
    0.058675614255231795,
    0.03483242064845923,
    0.06034331214979212,
    0.1924032717873396,
    0.1952467140453239,
    0.2114850115362597,
    0.45915311132056924,
    0.20333770882364846,
    0.05689631244470402,
    0.1066170135254694,
    0.2383162843413345,
    0.10883969514204923,
    0.12352399484193301,
    0.5298678534461323,
    0.22734382679997456,
    0.48618164260146995,
    0.47743403514655963,
    0.4322912269491653,
    0.24843696691782366,
    0.11142031885180965,
    0.11544832391735528,
    0.3724245083355982,
    0.23419098726096232,
    0.5074919188356184,
    0.12596843864386786,
    0.22683163421671976,
    0.2033672000138782,
    0.0416221889402254,
    0.06773114443165851,
    0.17706792515020267,
    0.19531697246910654,
    0.23043259528256607,
    0.2573237901383773,
    0.21588743906599667,
    0.3122287244192838,
    0.12845314370305264,
    0.07947210769488762,
    0.11921416097563796,
    0.45727091561471783,
    0.15040839515881874,
    0.026867775381217002,
    0.34563168972954844,
    0.4939210199904009,
    0.1298390850791925,
    0.5029695026397507,
    0.32018108169059695,
    0.3511841291135873,
    0.1635267704833664,
    0.5049867578773282,
    0.48780344121711877,
    0.15649478410713977,
    0.17052615752921652,
    0.3430970375810285,
    0.1331294489773496,
    0.11457659902968202,
    0.4003017064412229,
    0.43099730097783534,
    0.10788614665795423,
    0.10466857106509457,
    0.05145938022239827,
    0.5022823868203292,
    0.4624257299069582,
    0.383777604621443,
    0.3012694222618008,
    0.022780209676579947,
    0.44089658278061444,
    0.47618109325576957,
    0.2945206380505745,
    0.2825670924577727,
    0.19005510804762538,
    0.3620419468811621,
    0.2757041744490641,
    0.1354651801564768,
    0.28389144928960924,
    0.18176049394852342,
    0.48697978407822684,
    0.4667250466943845,
    0.4955888985907837,
    0.05897067072218721,
    0.08864733740812916,
    0.04039064261881769,
    0.06543820439129605,
    0.22092992661897962,
    0.39546695830177003,
    0.45787317197989974,
    0.25988670467753405,
    0.03104453747983323,
    0.10580766828771837,
    0.2881743218471894,
    0.4311037367072797,
    0.16356789912856423,
    0.5040633872655884,
    0.14507236906778925,
