{
  "config": {
    "mf": 0.4,
    "mf1": 0.75,
    "mf2": 0.008,
    "T_coh": 30,
    "tStack": 2592000.0,
    "nStacks": 4,
    "gamma1": 1,
    "gamma2": 37,
    "gamma1_upper": 8.717797887081348,
    "gamma2_upper": 47.70744176750625
  },
  "mismatch_list": [
    0.5282803248310979,
    0.29589105199442906,
    0.38801974985102605,
    0.17904077852138647,
    0.41163164683190795,
    0.5247132631462078,
    0.5589662785489983,
    0.4484550225969082,
    0.4379956581438066,
    0.5133175892737619,
    0.3459912497878513,
    0.5081820005961848,
    0.4965886344967804,
    0.29537958208658327,
    0.49425669746569406,
    0.4745040635691463,
    0.4866727610325273,
    0.5487218456633047,
    0.28787768612054554,
    0.30457946273396713,
    0.47956982749672633,
    0.49852399441517653,
    0.5049517746617981,
    0.42118021753517765,
    0.5160101429484665,
    0.34934601821110434,
    0.4501311418674116,
    0.501048419344029,
    0.5223723992449096,
    0.5337727353289238,
    0.5371678734445923,
    0.5215106852106554,
    0.12262765713532325,
    0.4881847270864228,
    0.4757227801295242,
    0.5327713717946754,
    0.5076805779349742,
    0.49302945158802874,
    0.516283731642813,
    0.0783628134487962,
    0.3392408734136554,
    0.5271351917029115,
    0.09238443281051992,
    0.5210879418873037,
    0.3973827717621194,
    0.5019548761528674,
    0.3229537806415724,
    0.5083580804005252,
    0.49517023794482196,
    0.3243770923933235,
    0.49591286680762686,
    0.5060435272745882,
    0.05144913100713311,
    0.4913422369768167,
    0.5055543564716846,
    0.4657775600312144,
    0.5146510179234206,
    0.2397408937972781,
    0.11446755809115614,
    0.5140524116427783,
    0.47727218844066444,
    0.49276750035201505,
    0.30913173284790435,
    0.3464238596519634,
    0.4923383961818728,
    0.3450505672863384,
    0.5076967330401754,
    0.05420699178496637,
    0.49101555689647347,
    0.5172990818117658,
    0.4943888296012992,
    0.4853695464051241,
    0.487163991882403,
    0.2973915612958664,
    0.5230335658993847,
    0.46438869081918743,
    0.49019757368390465,
    0.5011762506798155,
    0.4703171084515704,
    0.36005840703000785,
    0.4616794399216575,
    0.4966311365185177,
    0.11345206335750359,
    0.5110509593458042,
    0.39539240497545436,
    0.49751045130497107,
    0.49245365038877786,
    0.027056656929752253,
    0.5427486129739879,
    0.5138310830874047,
    0.4129275248007971,
    0.467378975493103,
    0.5387585188363467,
    0.48676687265208857,
    0.3262364835619817,
    0.35544946755375423,
    0.4945455015946932,
    0.347676657340316,
    0.34544783108135263,
    0.3061599163143866,
    0.3353511433188412,
    0.4975760836786743,
    0.4132749860567347,
    0.44512309539622147,
    0.34563395813232817,
    0.3077637170938216,
    0.5116011725931929,
    0.5292918078943313,
    0.48896009985372946,
    0.4899921472455076,
    0.323702698068818,
    0.1981074890586207,
    0.5400984167563209,
    0.5497817940421418,
    0.36361997525630596,
    0.4905452879280669,
    0.523928565955765,
    0.515696437549929,
    0.4298999265322196,
    0.1260867289894725,
    0.3236513776003937,
    0.47588378906391177,
    0.3684745301574975,
    0.34510297199001116,
    0.4997844178914429,
    0.4980702058225457,
    0.47061729705067773,
    0.5043849003327591,
    0.37559238999855143,
    0.3619443258210769,
    0.5024732851663029,
    0.5302933882756293,
    0.4910134968495015,
    0.4939444015729796,
    0.057129439473506925,
    0.5183139982866192,
    0.5027508493898936,
    0.49365624798512947,
    0.4960763333419108,
    0.07049907203919206,
    0.49825915188516706,
    0.429623627249752,
    0.13725738790670025,
    0.4363917489408467,
    0.5171134245960646,
    0.5002795158470378,
    0.02541599215187158,
    0.5187756295142134,
    0.5214488115191466,
    0.5274739790768619,
    0.5005651756938166,
    0.4907340171436386,
    0.12769717974509773,
    0.4958050938239358,
    0.3556512798746566,
    0.5003346672800065,
    0.4913727039872968,
    0.48731542340542966,
    0.5272454584276739,
    0.46393045686203815,
    0.5316521518889258,
    0.4646201750447211,
    0.269813531776333,
    0.48798782996531315,
    0.47727536886405975,
    0.3479256700356988,
    0.5156563569869131,
    0.5007340272631676,
    0.3915303590206493,
    0.542850278099113,
    0.46726661258019364,
    0.3135723990136061,
    0.45570393033831896,
    0.5185980317805253,
    0.5299108700799934,
    0.059498276644213845,
    0.5098299297502298,
    0.48004981844119354,
    0.515645550775604,
    0.3450704449325591,
    0.5057730467212871,
    0.5063532571438815,
    0.5032418633927196,
    0.47649515317931024,
    0.4264202180671757,
    0.17627265364986835,
    0.5213911663451066,
    0.28473839138232476,
    0.5011583969393918,
    0.2182562663737593,
    0.5145939871493547,
    0.5023007833382823,
    0.29875733629710244,
    0.5117673497155979,
    0.5382514220106694,
    0.4644818266270251,
    0.5055736197179311,
    0.47563716168607545,
    0.41809737531222363,
    0.49122532027586413,
    0.3166470010486723,
    0.3353581547067809,
    0.40816856330733964,
    0.035481381656879155,
    0.49163295658808803,
    0.43938094937951383,
    0.5157770685112352,
    0.34641222219363055,
    0.36109428538633037,
    0.1543434897745051,
    0.5036577398928312,
    0.43195270912801753,
    0.5170813312327118,
    0.4921523052720722,
    0.4267742570169537,
    0.5303452870028529,
    0.4839535351707121,
    0.32597865241991186,
    0.49188767958911245,
    0.48886718089294146,
    0.5041769440121157,
    0.5126186550914675,
    0.5166449988275803,
    0.504869770335844,
    0.3972682042375383,
    0.39902112350480345,
    0.5214841937294195,
    0.08160214695926947,
    0.49452963561889157,
    0.20632678734735052,
    0.5024979334476165,
    0.49388137136387256,
    0.5117658679274251,
    0.073605044614112,
    0.4911075361867128,
    0.4440427272535396,
    0.5238216965014475,
    0.527539033191766,
    0.47446756098245013,
    0.43171439422041896,
    0.5369838787229386,
    0.5159574491153941,
    0.49406323375620437,
    0.3545478898035337,
    0.4061690528034131,
    0.47590814821582583,
    0.4983555403987499,
    0.49148166962976114,
    0.520234648746812,
    0.505875506952261,
    0.5013777377301434,
    0.36064013538195006,
    0.42783691598391166,
    0.5038926936711599,
    0.48118685594619187,
    0.3049092148141809,
    0.4695248216143887,
    0.5018970502729526,
    0.4516527214738429,
    0.5034460248899935,
    0.4305697309275069,
    0.44170486306976203,
    0.5176146665514004,
    0.51566524771595,
    0.3119429379999589,
    0.35263103416671027,
    0.4438784656134068,
    0.4967008889861649,
    0.5323677471528705,
    0.539639206987448,
    0.5508511029852899,
    0.4755768420650894,
    0.5063094540398461,
    0.5333139231129753,
    0.30978646637323887,
    0.5181345934941838,
    0.4908574392560816,
    0.4796783594450913,
    0.4940046127704408,
    0.5121641798165127,
    0.4879064038981582,
    0.11071718836693643,
    0.5069193725082467,
    0.07495289359257447,
    0.3244795887654724,
    0.528299154383245,
    0.07079029762691262,
    0.5047095565073053,
    0.48137012784434663,
    0.5123614383493719,
    0.2841716977591604,
    0.4913152033779566,
    0.3917746733632891,
    0.464537484036443,
    0.5306443190843619,
    0.5085635791212721,
    0.09713938263355827,
    0.5315522215401981,
    0.30953991127775243,
    0.12350791159232523,
    0.49433823195637383,
    0.2127863718279252,
    0.4926452708983453,
    0.07206600882018147,
    0.5148592633734635,
    0.4867573675230776,
    0.19204061458501692,
    0.5066076187331564,
    0.3899691325453015,
    0.34481868550788036,
    0.2292388466165644,
    0.4462053790211756,
    0.02713118003249236,
    0.49218924155286775,
    0.11273516701126073,
    0.5871953551940218,
    0.033360617511006434,
    0.4099596837965235,
