{
  "config": {
    "mf": 1.6,
    "mf1": 0.03,
    "mf2": 0.0005,
    "T_coh": 15,
    "tStack": 1296000.0,
    "nStacks": 8,
    "gamma1": 13,
    "gamma2": 65,
    "gamma1_upper": 17.776388834631177,
    "gamma2_upper": 100.0
  },
  "mismatch_list": [
    0.0022119825527906456,
    0.6163959863669823,
    0.07776938018227858,
    0.2632614866673876,
    0.024029234426492095,
    0.13749594496368828,
    0.3611275111589395,
    0.4495139666726613,
    0.04888472767792863,
    0.38199829876408853,
    0.20371909715375483,
    0.03892618012399014,
    0.46721777814657806,
    0.16427190630365152,
    0.013975346535741277,
    0.17849113327639415,
    0.20876505134066295,
    0.06580066222140238,
    0.32378330117253434,
    0.06127369485656592,
    0.15761709296832127,
    0.14586254742440863,
    0.6431307106620999,
    0.23498349939947877,
    0.14920769939358053,
    0.10390029439129929,
    0.003803060258562415,
    0.4645133363711169,
    0.13070401212954605,
    0.015188243314900386,
    0.01447351605910031,
    0.07915373054666805,
    0.05324356644274578,
    0.04353728407112346,
    0.3096731481711714,
    0.18618153494039025,
    0.1090530095163968,
    0.18301513706745556,
    0.37729669739338506,
    0.22584694601554012,
    0.054582451248488574,
    0.15830312415610429,
    0.10903652915491598,
    0.31017355844543354,
    0.32519902204956713,
    0.2077258488976373,
    0.3073087945569703,
    0.5014504163748872,
    0.2420797406627187,
    0.24978387596128213,
    0.25566823239738373,
    0.3837739131490733,
    0.1085285292404982,
    0.17801117888940868,
    0.04831355304450102,
    0.19733584837142223,
    0.36040627849729173,
    0.43268852955275766,
    0.09293875782022065,
    0.4369696287176949,
    0.22537855679450608,
    0.41267331124001133,
    0.4359608209764354,
    0.13300078180521832,
    0.142490289597538,
    0.139049508162405,
    0.474889747827339,
    0.2848635541721047,
    0.24315790325854333,
    0.10261316370318926,
    0.21982221737770272,
    0.46047962333411013,
    0.013248475855692173,
    0.005505452686616963,
    0.2143005011764665,
    0.03046503243161662,
    0.2255466853945254,
    0.0025706472618602224,
    0.2779869787796553,
    0.30002924541339976,
    0.21159389093238945,
    0.007090603244838611,
    0.10060863131465289,
    0.17047994282181952,
    0.03356847243240305,
    0.004048747752743691,
    0.1709219490080268,
    0.17125119482620735,
    0.197225834730309,
    0.1868432792796752,
    0.2763343888474792,
    0.2576087949617511,
    0.4199921458066732,
    0.24828004297615666,
    0.10231752914855513,
    0.17766494673373692,
    0.05909170945296187,
    0.044249409164584454,
    0.19845297112004584,
    0.3936309040895005,
    0.01996328348939561,
    0.39393853750380925,
    0.14528313261024062,
    0.12145831249194053,
    0.24567137523123103,
    0.0803612784365746,
    0.11099190958815866,
    0.2538149145536627,
    0.05912004410954294,
    0.0757286343678567,
    0.34863178304211284,
    0.04063392144129724,
    0.02698507399682305,
    0.515694725301287,
    0.0945322931237571,
    0.027640168365685922,
    0.008918839134902457,
    0.1309886597765263,
    0.382363541161293,
    0.2212592615294585,
    0.3848561958352681,
    0.2805485184733287,
    0.3183619850682142,
    0.08851110631799233,
    0.0289218778822562,
    0.13361763884415417,
    0.3794320607217473,
    0.3091963019225354,
    0.07164121559146283,
    0.4499791393319151,
    0.027465462077531717,
    0.40394414082671276,
    0.07351910941283074,
    0.2333837478192434,
    0.014119477416411317,
    0.2582101113089397,
    0.44517851122775226,
    0.3148807978345383,
    0.20352277846172884,
    0.15131986010775264,
    0.005698518675719108,
    0.22414057806168974,
    0.02857246530594779,
    0.12483924419327475,
    0.32839245349791335,
    0.007999986700059155,
    0.03924068035558259,
    0.500909347314077,
    0.2449917771670085,
    0.01722949510533264,
    0.08385583789338188,
    0.06075543085736623,
    0.4130963794669731,
    0.43423305746557483,
    0.1539576576144185,
    0.5043312630722516,
    0.2977340659480458,
    0.1182565685805667,
    0.4627166155582708,
    0.011259701005764657,
    0.5123833653013795,
    0.4418370095140838,
    0.02929586643621146,
    0.44427071798285,
    0.07813520083778062,
    0.0143607556910736,
    0.311613783017826,
    0.022773257404163808,
    0.02390693279655543,
    0.018048308854695834,
    0.4425746863960688,
    0.015543293909610132,
    0.1745463274526392,
    0.1176766477903883,
    0.372987877971308,
    0.502262869282977,
    0.18546687996687736,
    0.24361559470107227,
    0.4929857991327282,
    0.4445198027445295,
    0.004909557510968114,
    0.06235843514052544,
    0.06839769251808936,
    0.03883286369121932,
    0.26291496538256703,
    0.3918009334245439,
    0.36498174727683713,
    0.1826733141313028,
    0.07173908580832704,
    0.4688316609139604,
    0.14620198504508392,
    0.28567969347684163,
    0.12049840371796955,
    0.0213258046030517,
    0.39546542853855043,
    0.12991974931346284,
    0.2531898173339864,
    0.3798679951958301,
    0.21791035088135238,
    0.5315929252410325,
    0.14537746099503218,
    0.5589192800568543,
    0.03890984432708371,
    0.07280720116623134,
    0.38079132913247954,
    0.4504043760274927,
    0.10337335651763602,
    0.3280207779771484,
    0.001935719651125204,
    0.1790190831020782,
    0.11414977815120414,
    0.45230109938467533,
    0.003773135391663019,
    0.6008157923497583,
    0.03856267250167839,
    0.011504521112499574,
    0.34008180041877467,
    0.10316287049731948,
    0.4195605844109659,
    0.01896810095927269,
    0.11642479085843023,
    0.31845551834784663,
    0.448105221036343,
    0.04449755425653042,
    0.2560191629017233,
    0.2508466424299339,
    0.3777906745440867,
    0.32283712603313075,
    0.008163995209708263,
    0.03943063820633528,
    0.2620560349638097,
    0.2182572335776089,
    0.3767240048319263,
    0.36242324343922594,
    0.2403635423178096,
    0.38154747413884327,
    0.4457003170590246,
    0.19638331239074533,
    0.1391244648942279,
    0.015831700235524604,
    0.04844091443454145,
    0.5638031050735804,
    0.4732096906260282,
    0.004315975368509557,
    0.40429333655615957,
    0.13170967559131247,
    0.029111112910136926,
    0.1921474257964496,
    0.5073409168054005,
    0.07349287094257838,
    0.037856474555767516,
    0.050772090478919306,
    0.30806371076445166,
    0.22374215809466205,
    0.2505259259216425,
    0.1524336578711652,
    0.009425610250437887,
    0.48407068253561636,
    0.2931791253380643,
    0.012905785532093046,
    0.3010804467161,
    0.07961416871611045,
    0.18770004122981662,
    0.23028934310435653,
    0.0632675294665972,
    0.199161843510583,
    0.14022561325738103,
    0.5178875891891142,
    0.018565199490438788,
    0.12876547346922018,
    0.33206786323728654,
    0.21144029107209666,
    0.07486139148607178,
    0.032539750921020905,
    0.0016490481001034504,
    0.059011620678748024,
    0.3082887255244947,
    0.31652471389225084,
    0.005122067435326147,
    0.05031895282048376,
    0.3729497129236682,
    0.09350761942045797,
    0.02226619715947959,
    0.37253647508776516,
    0.3245632270513858,
    0.13946896227500694,
    0.3693848228014186,
    0.12606262190407735,
    0.4389294906527437,
    0.009867544154357958,
    0.09359031035701089,
    0.01071172898652716,
    0.43438980160536067,
    0.3281224068729468,
    0.0995872103142776,
    0.11352027171200886,
    0.37721350048082175,
    0.3971982518095148,
    0.63576167604698,
    0.283854132031404,
    0.43032453734999254,
    0.014358948633893686,
    0.3216431672132171,
    0.4009053934729673,
    0.08632167583880702,
    0.28369908652536735,
    0.011400073207500474,
    0.4713360976007485,
    0.05695526189029168,
    0.01269060116310874,
    0.0058659967351536516,
    0.23562074004340408,
    0.3943559315712261,
