{
  "config": {
    "mf": 0.7,
    "mf1": 0.25,
    "mf2": 0.0002,
    "T_coh": 10,
    "tStack": 864000.0,
    "nStacks": 12,
    "gamma1": 19,
    "gamma2": 27,
    "gamma1_upper": 26.758176320519304,
    "gamma2_upper": 100.0
  },
  "mismatch_list": [
    0.13737533601797142,
    0.1548670277964236,
    0.09251419236475227,
    0.02791232832630008,
    0.13078904224428833,
    0.07649678909233594,
    0.32246351630629766,
    0.08533590629520921,
    0.08950630769959708,
    0.1602689032843971,
    0.2949397777947159,
    0.08000526504503425,
    0.22203435441884842,
    0.08000049441114819,
    0.19713571141481495,
    0.024806428819486043,
    0.15050986691774657,
    0.23780867221007096,
    0.255992756442985,
    0.07051820902163732,
    0.2442529312021466,
    0.1488315796013333,
    0.07308784591026025,
    0.04818741391851952,
    0.0262889032995764,
    0.010963241940637485,
    0.06444042145080832,
    0.21618859313247735,
    0.19201373118540602,
    0.06573890125579347,
    0.1753085976689165,
    0.19304418810479304,
    0.22740760610350563,
    0.23882709412124545,
    0.31975124830683155,
    0.035737035287403046,
    0.03222162023087049,
    0.27781303950854663,
    0.09790376178576969,
    0.062264361857784584,
    0.23579649473338282,
    0.2793335164244793,
    0.12853638145034427,
    0.2552457727575771,
    0.29712239700933296,
    0.10543366525741418,
    0.024421308556684833,
    0.22851981433993998,
    0.28512880657280587,
    0.2684370091464978,
    0.1618013609967936,
    0.1263197714692891,
    0.12636883310186725,
    0.1134227964523398,
    0.042423078678703555,
    0.07406636797438777,
    0.12553765857072025,
    0.14590604258246123,
    0.11559088691830387,
    0.24224807231153367,
    0.05567102055676984,
    0.28311012368627314,
    0.041916740945797684,
    0.01630028017715966,
    0.2624460687970944,
    0.021673748708811676,
    0.27140016911897125,
    0.02063602741509817,
    0.22110380975232496,
    0.1934119606080086,
    0.17128066474012568,
    0.10796866083861455,
    0.05630356324066124,
    0.10424903012470979,
    0.06781163325578524,
    0.03884792227509795,
    0.1832871575728446,
    0.1137042638516168,
    0.07640625547199839,
    0.1974704689630691,
    0.12416279441180958,
    0.15603393568730142,
    0.04168753367227242,
    0.23693456197394952,
    0.10302167613402576,
    0.11439475889487398,
    0.02071214071028016,
    0.0740265765508382,
    0.12410148092402408,
    0.22043380675007831,
    0.1825338311128382,
    0.16976007940069562,
    0.02749294623831723,
    0.12432830288060633,
    0.11756083344275071,
    0.23651680623842783,
    0.22980479541949755,
    0.2559365388595778,
    0.10485880387414503,
    0.19710556968253493,
    0.27820780946261736,
    0.08164679679582544,
    0.07784145730721787,
    0.067853593149283,
    0.10146319678225081,
    0.2537407461900254,
    0.2965608717162453,
    0.20455751665954144,
    0.17997552447969462,
    0.016680412959079995,
    0.0794981683476465,
    0.05281677198744499,
    0.23510936081854536,
    0.15603491149877813,
    0.2566177094820577,
    0.23502278465586326,
    0.12307048188715,
    0.044431732391725855,
    0.2454807188868203,
    0.07657615509244024,
    0.08956474796470121,
    0.04532655151585265,
    0.02753620721378392,
    0.08896603341200181,
    0.12542267545171668,
    0.1751467755990317,
    0.09710077736394938,
    0.12127569352276943,
    0.16397704110757638,
    0.11510178852148623,
    0.07639020879438167,
    0.27988821103723016,
    0.03144769330635612,
    0.28485969945223366,
    0.09757296169517102,
    0.22900744901954256,
    0.12392952125713141,
    0.15413988561104175,
    0.020607837305771502,
    0.08839594266261872,
    0.14031708234970633,
    0.21292190157900392,
    0.2924298280414173,
    0.15251510529060044,
    0.016529812721177158,
    0.15395236717227073,
    0.1715633790096229,
    0.09397248840492013,
    0.10973818652809855,
    0.08479042767973824,
    0.15997377452444642,
    0.21039742307705236,
    0.25470164943582374,
    0.0755147974762913,
    0.23808227890578573,
    0.026480812889992544,
    0.20095053795944592,
    0.20603950323389345,
    0.12531745044748005,
    0.15801342347952038,
    0.18775138665521426,
    0.237318164307787,
    0.1278639931311546,
    0.004451001415685605,
    0.125017605265392,
    0.02713167914494628,
    0.026924264994400468,
    0.04911627802083314,
    0.2744985331927153,
    0.1424872328621212,
    0.05067735953654593,
    0.10984915797769794,
    0.017735482012379143,
    0.0937415463554363,
    0.21126567844431363,
    0.1515605448194006,
    0.06403806185191888,
    0.07348760334521184,
    0.20384609588128408,
    0.05535605029679306,
    0.08710613673742637,
    0.19604822373579014,
    0.2628744500353623,
    0.025548045541772157,
    0.046435723894359515,
    0.13436197596619703,
    0.0819320590175118,
    0.26834018696331047,
    0.2928111534818092,
    0.2756361125275436,
    0.23137850827265863,
    0.1037952777880479,
    0.0407290699551658,
    0.23514969435958197,
    0.26769078442557176,
    0.06894346614525083,
    0.14482001862065144,
    0.05841174972430615,
    0.18237574965361403,
    0.021155267544195857
  ],
  "statistics": {
    "mean_mismatch": 0.14116164203266737,
    "std_mismatch": 0.08420059171309816,
    "min_mismatch": 0.004451001415685605,
    "max_mismatch": 0.32246351630629766,
    "valid_samples": 200,
    "total_runs": 200
  },
  "perfect_2F": 1152890.625
}