{
  "config": {
    "mf": 0.001,
    "mf1": 0.7,
    "mf2": 0.0001,
    "T_coh": 15,
    "tStack": 1296000.0,
    "nStacks": 8,
    "gamma1": 13,
    "gamma2": 19,
    "gamma1_upper": 17.776388834631177,
    "gamma2_upper": 100.0
  },
  "mismatch_list": [
    0.1461550015584061,
    0.025163054383458113,
    0.011772399268850209,
    0.21849092221211555,
    0.04320962846326123,
    0.03255247260356751,
    0.22760029745606827,
    0.09789255209095309,
    0.13360535085533076,
    0.21363723890915043,
    0.1425822326668521,
    0.07599072994123161,
    0.02984658518236243,
    0.15769038720753864,
    0.027018612978082276,
    0.021930084524015358,
    0.08704392045247555,
    0.01220240659538284,
    0.14869543482421815,
    0.1810144356401406,
    0.11980059051737348,
    0.003776677223735653,
    0.159904104535222,
    0.044398382958496664,
    0.19564097330123614,
    0.16053375553899166,
    0.20551834784665285,
    0.05661842643195548,
    0.01945564498641382,
    0.05950993476668145,
    0.05262548060492757,
    0.03704525044655997,
    0.004194541126019253,
    0.09757183558266173,
    0.010749532622730987,
    0.0031622777825644714,
    0.17077861323251592,
    0.13833145592139387,
    0.24168934402956982,
    0.06134359182828504,
    0.07738866937561403,
    0.002413722416356383,
    0.0007478325433361224,
    0.02733231810451556,
    0.024486781304446634,
    0.11314382556028892,
    0.016659766117648963,
    0.10917155246739925,
    0.028610774918161993,
    0.03064364196327944,
    0.2151000878374354,
    0.002608956874074425,
    0.09827875635144458,
    0.20986207961344588,
    0.10202037666588987,
    0.026914309637657566,
    0.021301662319128032,
    0.12636830369663182,
    0.015414776002974561,
    0.010478401763456505,
    0.11395620618609162,
    0.05274460181422758,
    0.040778196886541676,
    0.06157431688901662,
    0.004709335575433506,
    0.1481061173367042,
    0.2526015840807804,
    0.09238934015523922,
    0.13479959880439316,
    0.11666794847255962,
    0.053512095139681186,
    0.10172893448391314,
    0.022090840330740616,
    0.023651631758177007,
    0.009084148725721103,
    0.004214274190423927,
    0.24068122297003872,
    0.1302171909252769,
    0.1399979963349989,
    0.1487815230282693,
    0.054820332255652617,
    0.13966217282868346,
    0.03141561679053923,
    0.18825726538181528,
    0.22731557752680082,
    0.25145750003903244,
    0.021601416964132373,
    0.02062762999101965,
    0.03521462924101864,
    0.20743953875805152,
    0.011688624097989339,
    0.2461391139116803,
    0.24315067502982368,
    0.05958409639334517,
    0.03540147895342187,
    0.033548450238849586,
    0.17679495712503854,
    0.2504726538759786,
    0.1266330014323458,
    0.06457966982607725,
    0.005089395841513279,
    0.0310730710315145,
    0.023406305675431713,
    0.03377599487894452,
    0.010853619116294105,
    0.0863884646721767,
    0.12036077824314721,
    0.011677348061186667,
    0.21038771640593965,
    0.013391956195777443,
    0.0023027691055095873,
    0.24839742941056397,
    0.2095314604318086,
    0.02317550833241294,
    0.07552978579577883,
    0.10219905847983989,
    0.04857507035957836,
    0.18238801594373777,
    0.25419519166660404,
    0.020091512266882397,
    0.0877316141328641,
    0.08871060543065498,
    0.01699710755199554,
    0.011155903641350325,
    0.016418632407561074,
    0.22779618245437108,
    0.18858239110962563,
    0.006981746120320517,
    0.03206138674435374,
    0.2527068993732258,
    0.16988267428271395,
    0.0031317023750803055,
    0.23289042120912654,
    0.0035577341758171225,
    0.04778148312844678,
    0.006822363677051993,
    0.0025266996312446836,
    0.23795075957118678,
    0.16067441686987627,
    0.1637010930816599,
    0.013322059224058321,
    0.02357161526625036,
    0.03230577315736548,
    0.1149690978765777,
    0.04974987437338485,
    0.040182735404616005,
    0.22689691851935806,
    0.169689680575899,
    0.13942125596545715,
    0.22444546474908506,
    0.25237353346467506,
    0.13950705504035954,
    0.026158020066719443,
    0.11489565907278596,
    0.03652561308390354,
    0.001368448261206212,
    0.2530043409850399,
    0.05954022104501683,
    0.1915615055764339,
    0.13930914613801523,
    0.019767037079656814,
    0.10325690975296227,
    0.020104306231716197,
    0.19168655393328402,
    0.09441483440706261,
    0.13030067696698897,
    0.20969864936209437,
    0.005075662206945923,
    0.1496668364818534,
    0.004970563761362053,
    0.023511982379313158,
    0.01212455857207209,
    0.15896913315033387,
    0.02497591554190609,
    0.08167370792520344,
    0.08774129995934844,
    0.008178017973424405,
    0.054275106963328594,
    0.03179444825773666,
    0.028073934371152777,
    0.014351069864589254,
    0.018821729327699554,
    0.18042150403826682,
    0.22314091402976063,
    0.1646391726048975,
    0.036982726268134904,
    0.05486854454121276,
    0.2177201761837381,
    0.20781981587099288,
    0.02243844584986911,
    0.14312153081162599,
    0.07590319609143652,
    0.23659163572502892,
    0.02736542339205161,
    0.2023084360368258,
    0.02717842911507398,
    0.0024467554216052335,
    0.2127444080976979,
    0.12637408627960756,
    0.12966654446141312,
    0.04289852549916702,
    0.08079974279070924,
    0.11408551919788636,
    0.0012775171439128772,
    0.1197150082893327,
    0.045160310547836126,
    0.04238004465310574,
    0.01622216915096069,
    0.07086475926239684,
    0.25130780342224823,
    0.011032517777105713,
    0.00396923723682742,
    0.020099174189325237,
    0.023454228831843064,
    0.07490902551333435,
    0.25416432712997106,
    0.2423340297490764,
    0.21741955415128741,
    0.0341153602173326,
    0.023813254952348626,
    0.005131970108672082,
    0.20864094265354638,
    0.04779904772423556,
    0.1785165043592002,
    0.21381172835044304,
    0.01854828543523478,
    0.004327901945896997,
    0.008185607613580049,
    0.022016461857215303,
    0.07036948103052568,
    0.08147999139551654,
    0.23847914309059398,
    0.00223193246405691,
    0.15764716239979507,
    0.25231173210912194,
    0.12400228758982519,
    0.14458119931927432,
    0.06743901254300073,
    0.1081258446185259,
    0.14785573149385514,
    0.017106326087949618,
    0.001026914454202232,
    0.2194423739584845,
    0.2272477044591232,
    0.07577662980655525,
    0.17399763261052972,
    0.10887208695154368,
    0.07169376481425477,
    0.0173817216021687,
    0.1776824390472385,
    0.23886664843225502,
    0.02642307921386941,
    0.24966012868560153,
    0.1469118693876418,
    0.08854247683063567,
    0.21772523594384185,
    0.04229431786049056,
    0.00626918733313634,
    0.024156017558234946,
    0.05276664791182255,
    0.11184505742394024,
    0.22737000608905988,
    0.22990790947482004,
    0.014371164340429912,
    0.13517944222361133,
    0.029113209096465628,
    0.12968721719555135,
    0.025331399830339014,
    0.20622367840511735,
    0.027909781296929274,
    0.06532779149856216,
    0.12962093433819205,
    0.0014764379982779468,
    0.17587357481014335,
    0.036636638677037536,
    0.17969224804274023,
    0.1291548581503483,
    0.10295729967253232,
    0.08719802628877872,
    0.2104487949386208,
    0.0009463197039780123,
    0.01063330270491884,
    0.1838778984474343,
    0.0008326919485049421,
    0.20359665095924379,
    0.01684784462893454,
    0.06981131720879345,
    0.16909212290764464,
    0.029192719612381898,
    0.07583481704774853,
    0.19107656371163184,
    0.0009612821374277105,
    0.13915265498623455,
    0.1699883509865954,
    0.20662954344772633,
    0.1563264204481386,
    0.143210871718601,
    0.20231631480613024,
    0.07610515280186385,
    0.23407404366197102,
    0.0322391288885702,
    0.056247546016349674,
    0.013178434319398658,
    0.21813861834431927,
    0.004709335575433506,
    0.014891235396809518,
    0.0038201911606280115,
