{
  "config": {
    "mf": 0.8,
    "mf1": 0.5,
    "mf2": 0.008,
    "T_coh": 10,
    "tStack": 864000.0,
    "nStacks": 12,
    "gamma1": 11,
    "gamma2": 27,
    "gamma1_upper": 26.758176320519304,
    "gamma2_upper": 100.0
  },
  "mismatch_list": [
    0.33069334766547404,
    0.35695579563168234,
    0.17997400655073087,
    0.24575952991041075,
    0.4121056244364011,
    0.28197097221073236,
    0.5164761973017078,
    0.39248693469750334,
    0.24905148413878078,
    0.37208228302587865,
    0.24212192157229684,
    0.3093245942548774,
    0.4556834675742725,
    0.3324161970393229,
    0.3183258587981277,
    0.45545930199337686,
    0.37322653040579773,
    0.34856110634469367,
    0.3406800191649374,
    0.5124202368988364,
    0.5101256162113946,
    0.3724482123296382,
    0.5571910637787129,
    0.4919815402490249,
    0.435327877535226,
    0.3837388932324547,
    0.4044983065876057,
    0.3857924342734048,
    0.5078575592808182,
    0.29241920253867115,
    0.3028134921766483,
    0.37576537502115614,
    0.3914663985281293,
    0.19768016000706054,
    0.3157005464435846,
    0.3413968069063166,
    0.5015470406727982,
    0.4022166425081044,
    0.42766385419728503,
    0.4361980845254407,
    0.5945788197083126,
    0.13738005244010876,
    0.36838558388167614,
    0.48949804582909445,
    0.5714889788057,
    0.4020404543248127,
    0.48982716535548326,
    0.31563782345033276,
    0.3499679554353404,
    0.44472364097380346,
    0.41107169796509696,
    0.2467724222232173,
    0.38004295305273406,
    0.3070770835770603,
    0.4085956847664878,
    0.09333913254479816,
    0.5379540789624478,
    0.4396873695190973,
    0.21972791557018886,
    0.35412469547905456,
    0.4456612873794073,
    0.4019606004189701,
    0.4310160918902151,
    0.28601543972287824,
    0.3528407444227224,
    0.3979570085653479,
    0.3538421980565522,
    0.2782239645637315,
    0.37551063401399076,
    0.40997792172322234,
    0.4340280966482719,
    0.46977554059142634,
    0.09377412761640808,
    0.38087445285437327,
    0.2877790021200046,
    0.3839666910005136,
    0.2917576023574738,
    0.36321795735985746,
    0.12565687020612282,
    0.4056685756069032,
    0.3886615368618749,
    0.32423103616107957,
    0.3984439384922173,
    0.31634523255918595,
    0.38750205598056964,
    0.20619319354147247,
    0.44414606900309905,
    0.544534843137763,
    0.41480667060388526,
    0.06881921281721869,
    0.22318884781927278,
    0.5330759431787145,
    0.36863333157325856,
    0.43615064924532365,
    0.3683026399061573,
    0.3414313397902417,
    0.4695596151963338,
    0.4400827900141525,
    0.3194111237954556,
    0.425001569430125,
    0.02381370327719779,
    0.5023099626123254,
    0.4069867884884171,
    0.28886345394110197,
    0.4457160412455995,
    0.17935078828761675,
    0.3553242930544016,
    0.45354259140615844,
    0.39553450236271065,
    0.3683004714362091,
    0.039925001298371385,
    0.5208638251831571,
    0.2230747320882485,
    0.5244640274146645,
    0.14156991586228176,
    0.01700297286387549,
    0.4560452767851305,
    0.3527137262955063,
    0.4978946325272878,
    0.3216049648420546,
    0.4555847479798805,
    0.18599107696301012,
    0.46514585725200863,
    0.4727922075598717,
    0.17407734043232567,
    0.22902436308513857,
    0.4041092830788977,
    0.09116014551734435,
    0.4225493551891974,
    0.39375760387540276,
    0.3590571514349904,
    0.4060087543300279,
    0.40641241501088626,
    0.37090718916094634,
    0.43556651765302595,
    0.42739810820513247,
    0.32149838454410035,
    0.20588066281018744,
    0.3508247721236249,
    0.19550659415447724,
    0.5731445242935315,
    0.3102278704118022,
    0.447235813408799,
    0.3365403558220653,
    0.23011748878602872,
    0.3875952459765937,
    0.2071170159511565,
    0.41709744225716905,
    0.3968762973549112,
    0.23433191013036517,
    0.39578962285211694,
    0.16223586816266516,
    0.4690923641342443,
    0.3787710370046144,
    0.38464547630605045,
    0.3752898295615148,
    0.40628555951891626,
    0.4284570805043384,
    0.041014332176852165,
    0.43875373478289764,
    0.5456323870961726,
    0.16975314029686137,
    0.5359680857603842,
    0.2941947457322614,
    0.4013394422023068,
    0.4277316188831664,
    0.2552868652630956,
    0.339073833474302,
    0.5306538164583182,
    0.5389418170238552,
    0.4271910193250789,
    0.4921326283926661,
    0.10038438298301881,
    0.23720182589506578,
    0.48782073432415785,
    0.4013834079305066,
    0.24851733577878918,
    0.46255686676909796,
    0.4147394480354909,
    0.42860800601273347,
    0.2568834012624615,
    0.41023374696536186,
    0.39914782383740466,
    0.3576692764563905,
    0.4174174542097754,
    0.03911421038473753,
    0.3245824909279349,
    0.23457309820035427,
    0.4349280658885257,
    0.41625211845961,
    0.3925432064926592,
    0.3705645166973812,
    0.31799120967337097,
    0.29451708879006205,
    0.09582842762184009,
    0.4644765590024951,
    0.44361473965404014,
    0.49291474129123497,
    0.263752192458647,
    0.5402652884449934,
    0.5160597968599038,
    0.3070979008885631,
    0.41734941846515045,
    0.25390381513013044,
    0.4239186355379914,
    0.35590961730517084,
    0.3996857128080569,
    0.4871506228984138,
    0.40638715233598965,
    0.3668355615626992,
    0.22497734762080357,
    0.161577358051144,
    0.26930851721868143,
    0.1936128693487098,
    0.14308892906099938,
    0.20510380845124299,
    0.14307277395988527,
    0.46614140180522956,
    0.30068015144160426,
    0.05751140100181143,
    0.5245935934940698,
    0.5237195916814457,
    0.4322931038427131,
    0.24353939616568976,
    0.11399809152959858,
    0.26064179337669047,
    0.45383967178906254,
    0.14899519065892539,
    0.3011849170337977,
    0.31161287216772077,
    0.46964049912540184,
    0.30888992445375973,
    0.2896017095349684,
    0.28932013371219395,
    0.20028888356649988,
    0.26770422893925067,
    0.4637983158144453,
    0.28849372981493304,
    0.39692752745743753,
    0.4182654885947697,
    0.2885325996387546,
    0.45072325520299966,
    0.4268936136716826,
    0.29488274703507816,
    0.3346360597253004,
    0.29531931424740054,
    0.4849643714966335,
    0.49175482671594006,
    0.5457703831025015,
    0.2305255406185322,
    0.46053005212025944,
    0.45667321147038203,
    0.24980833436245303,
    0.2918720433589903,
    0.3323784114504755,
    0.23452452447351446,
    0.40981810548803965,
    0.34307097412982823,
    0.39122000613026453,
    0.38845412271132906,
    0.33319424405673886,
    0.35502330942559074,
    0.37857359781583033,
    0.341733353442278,
    0.5467583651167781,
    0.5596659385305992,
    0.24368343678199927,
    0.11060817667131839,
    0.392626529950419,
    0.46200542486126944,
    0.43735832437122774,
    0.4019408131306927,
    0.09572613005203352,
    0.44266977466236107,
    0.2787507943376479,
    0.3213289728293968,
    0.10989258158841074,
    0.44628548145399816,
    0.2557623022992395,
    0.46874139727312736,
    0.27107928977838563,
    0.4439590926818151,
    0.4063091958413517,
    0.43747704810089194,
    0.39206267355213703,
    0.42089578843019365,
    0.46562178219389094,
    0.1890876520490469,
    0.5030357495039897,
    0.2426574794377548,
    0.4207903465789622,
    0.2956965738066395,
    0.39384737853125845,
    0.41769946372653943,
    0.16893757874934145,
    0.3774691960712095,
    0.3551096145295293,
    0.4945125241608211,
    0.43752198964056854,
    0.40112400471295256,
    0.365526239407973,
    0.47102062182393695,
    0.43048834051657076,
    0.3271524530870501,
    0.3035991830506317,
    0.4686012056909759,
    0.36611465372841845,
    0.48254674435137973,
    0.4788433771620865,
    0.39447666851022756,
    0.3293483541800999,
    0.33913585171482064,
    0.3382822335197097,
    0.3265259821190137,
    0.15930133199350804,
    0.29008603729789995,
