{
  "config": {
    "mf": 0.15,
    "mf1": 0.15,
    "mf2": 0.07,
    "T_coh": 30,
    "tStack": 2592000.0,
    "nStacks": 4,
    "gamma1": 1,
    "gamma2": 31,
    "gamma1_upper": 8.717797887081348,
    "gamma2_upper": 47.70744176750625
  },
  "mismatch_list": [
    0.32849704177254824,
    0.11709791280377742,
    0.34610603415948205,
    0.16278100847756313,
    0.37957919528927253,
    0.1386964572107282,
    0.2139694170486307,
    0.14854904747764958,
    0.3410978792647671,
    0.3371258918557742,
    0.31603361302747685,
    0.4745038467220966,
    0.36731259138296085,
    0.34468626424287563,
    0.06639271174174731,
    0.3277929394022365,
    0.13627781750094473,
    0.2837551345767247,
    0.3528140530766404,
    0.2650215011077993,
    0.32185219762919676,
    0.41423135382817444,
    0.3154192853357327,
    0.348249711810271,
    0.3790278978066355,
    0.18985768761823585,
    0.4836476362659632,
    0.4451870291347022,
    0.4025762224607861,
    0.44020402849775014,
    0.4221386814947643,
    0.248432123548462,
    0.3255479941792469,
    0.4495016348821899,
    0.4739714510739567,
    0.38555275324916394,
    0.4709064264502514,
    0.3098355460888165,
    0.16221980831299068,
    0.188230033663336,
    0.11093858920465996,
    0.012690612170786424,
    0.3327971910500573,
    0.24603437343779772,
    0.44146199437412015,
    0.4718246291409474,
    0.09459200805861462,
    0.5006687924423888,
    0.3464421470864864,
    0.33908300876148817,
    0.2728125987557605,
    0.38745544154540823,
    0.4695714437300699,
    0.05170211923176005,
    0.33401601603396,
    0.08145628117718456,
    0.3220413605388678,
    0.3439284560865931,
    0.3334607430220788,
    0.26703152869363533,
    0.4529355163374013,
    0.2183563774283617,
    0.09653430708260051,
    0.2308496587839391,
    0.43842718377267026,
    0.31074782162682124,
    0.47842841690955945,
    0.49884594000160176,
    0.46608071220666736,
    0.19848436923096494,
    0.2915995765989073,
    0.31764261813610417,
    0.2514921968311996,
    0.32994276105276643,
    0.08176695071702646,
    0.3242939676909461,
    0.11144883031255755,
    0.1061749654996344,
    0.423668790418483,
    0.2871654158446959,
    0.3067795929000228,
    0.4184402104977681,
    0.3741632956588088,
    0.16223628868876636,
    0.3423417862240828,
    0.47656252032941093,
    0.07522279588707646,
    0.430541866081623,
    0.04522099461091712,
    0.4495541480093875,
    0.30643242077348476,
    0.4694734650047894,
    0.46982233576654997,
    0.2039338078717792,
    0.4823613718496099,
    0.08259559557620454,
    0.30089696613629735,
    0.44393708659917036,
    0.38459349418372846,
    0.3440887783386567,
    0.4651507997752886,
    0.4011874978134589,
    0.06461883059301307,
    0.3370082884724976,
    0.46613810439248277,
    0.433055773928566,
    0.32525149197998415,
    0.3996013339273979,
    0.1252890209760488,
    0.47274167531404515,
    0.20787991819951027,
    0.3140941330151368,
    0.408925106522499,
    0.0730255570150165,
    0.3872151750143625,
    0.2817174228508795,
    0.29164793349098594,
    0.49374251696972726,
    0.037628456578113076,
    0.3877453660508307,
    0.23589200323015366,
    0.29510324666294074,
    0.262110401748192,
    0.37010406345349456,
    0.4404677145101613,
    0.4171403569996348,
    0.4355542133526318,
    0.38305575947209597,
    0.41929816584982793,
    0.24726678750348038,
    0.4587063584470166,
    0.30947059250420467,
    0.257380317053517,
    0.30934308643899266,
    0.22387180985462862,
    0.3662420897810394,
    0.39652261179838777,
    0.41302199783210775,
    0.027485435829319976,
    0.057400642850307014,
    0.07107718627363958,
    0.08715458794868185,
    0.34508634704953567,
    0.09377854249291416,
    0.4562241825516768,
    0.47277626241846915,
    0.456317679771264,
    0.2801299578825204,
    0.42428980422759227,
    0.19110513641269636,
    0.4154130618254069,
    0.32578601995744594,
    0.34980219212128166,
    0.3298065088232173,
    0.4967647504422957,
    0.3993441533264771,
    0.15037280344781026,
    0.4345254909489487,
    0.3046301326612424,
    0.4867211902069559,
    0.416683171136559,
    0.3833387448719287,
    0.32857315508698604,
    0.0787896407249168,
    0.46942727658320754,
    0.03969638232621372,
    0.46444517947562913,
    0.45187423073509125,
    0.3125052946821297,
    0.46444998625189704,
    0.11554666129271489,
    0.30864252590382574,
    0.10547715169376339,
    0.5018627884391031,
    0.18737623454639502,
    0.38475381643579204,
    0.07343843379760769,
    0.20475305602547114,
    0.26040432144365777,
    0.33304960101588504,
    0.4505717389311869,
    0.0953032663815658,
    0.38904059347857073,
    0.3863650622972661,
    0.501857475686386,
    0.06702062851527138,
    0.07370125242182013,
    0.3243733337111291,
    0.3771409670626679,
    0.0777176934759975,
    0.2900906825448823,
    0.3180458813661595,
    0.06502765956401022,
    0.33411641621796195,
    0.2904163145311521,
    0.4330967941621305,
    0.3810656818148305,
    0.07576917816992076,
    0.4130705715712361,
    0.44054126180117786,
    0.3261112182496164,
    0.04212752688252875,
    0.13899570613928694,
    0.4729320308824894,
    0.04918654889076952,
    0.1133849853368025,
    0.45967031586519513,
    0.022016264106984818,
    0.38307939580051115,
    0.31216650730817924,
    0.4106082371809421,
    0.23594231174567948,
    0.09643838840429195,
    0.3002707841391707,
    0.0574216047317761,
    0.30997093093016687,
    0.06572764184037802,
    0.44618727229252725,
    0.3144726756815286,
    0.2368383237549582,
    0.15347060811719224,
    0.054257733994591544,
    0.3525185628302761,
    0.32502062215442457,
    0.09833789627714094,
    0.45165250462679324,
    0.11667231432760501,
    0.16048936885654239,
    0.3894160280039171,
    0.31903557130090016,
    0.03402474774182711,
    0.10802727299800298,
    0.28104866654966565,
    0.42015474783723983,
    0.3854816274168688,
    0.09894210443989997,
    0.18018240595560303,
    0.10991962491821253,
    0.41580635009117695,
    0.415906677992829,
    0.11089030459493115,
    0.4597482723795552,
    0.32634620816911986,
    0.10393377895883925,
    0.04248973373784464,
    0.32484049453849023,
    0.4033861823325167,
    0.3531584784738825,
    0.31971900091914235,
    0.16099035782365362,
    0.23485634172088085,
    0.1991773401193931,
    0.11732509622949241,
    0.27654981309229965,
    0.3397530661450001,
    0.43372265088868256,
    0.47418562367669087,
    0.4690461317522196,
    0.3629296788148239,
    0.06524718106063651,
    0.4516826102255238,
    0.18749427162377094,
    0.455386538539937,
    0.4396662839557181,
    0.4066672950412284,
    0.08712379566762725,
    0.2923547103082437,
    0.02204177977649719,
    0.10739422417763647,
    0.44611864020130343,
    0.3274125896770974,
    0.17230500318186903,
    0.23742785860068888,
    0.39882726224238935,
    0.012616884173895143,
    0.2613239697813517,
    0.4347516624217652,
    0.2445805585343915,
    0.3223148046685146,
    0.4021389503851059,
    0.44623627972575497,
    0.10034582767483004,
    0.43626344776978593,
    0.3600897775698616,
    0.37426463551335937,
    0.3658668721027427,
    0.09315199908403807,
    0.3818602816872088,
    0.46179144142281736,
    0.06741572383978878,
    0.3183824279872633,
    0.38824729468849056,
    0.4382349127219538,
    0.33984132289422,
    0.012694804547080241,
    0.4714455082157564,
    0.41530792714748693,
    0.25019227105071645,
    0.17783431381931553,
    0.4207793757638437,
    0.11038252108692993,
    0.4467909383376621,
    0.14135695366325504,
    0.34018994066775593,
    0.41776682812616106,
    0.3482408210812341,
    0.396264744515143,
    0.05990269639186748,
    0.44941836561511267,
    0.45780185326162537,
    0.07509138657497025,
    0.3023522989690513,
    0.3560763723743798,
    0.43737760791104296,
    0.3166178712616653,
