{
  "config": {
    "mf": 0.35,
    "mf1": 0.08,
    "mf2": 0.002,
    "T_coh": 40,
    "tStack": 3456000.0,
    "nStacks": 3,
    "gamma1": 3,
    "gamma2": 23,
    "gamma1_upper": 6.4031242374328485,
    "gamma2_upper": 23.685438564654024
  },
  "mismatch_list": [
    0.027399678264392855,
    0.16499835575908797,
    0.04443082646498179,
    0.009849724078701947,
    0.040679810402163,
    0.09142808909931703,
    0.12492512008705098,
    0.08933394527502192,
    0.02782589066302104,
    0.08120826173322834,
    0.049353248977757044,
    0.08081717851729044,
    0.06353915022723919,
    0.009716688562772977,
    0.12567931328085857,
    0.05759277709308398,
    0.10532412037990259,
    0.11763256197671478,
    0.1200583729919037,
    0.033553140098975386,
    0.05415076772985572,
    0.1287375580078761,
    0.017392631827408158,
    0.06111089968547455,
    0.07635761551348078,
    0.055602340254107596,
    0.11146934203582938,
    0.11146668566244694,
    0.050804279384992095,
    0.05574188117423847,
    0.046632472093713385,
    0.06693822392273488,
    0.022768047319442777,
    0.0055408696055697535,
    0.044459233396663446,
    0.04991574959441515,
    0.08285640588778112,
    0.06061518788528934,
    0.019272910488565612,
    0.09758442415408874,
    0.14439340954848048,
    0.006253970329501975,
    0.033980436731637226,
    0.0742397811755504,
    0.023668503684389882,
    0.02082900317366144,
    0.1728400241957667,
    0.03140332085705231,
    0.010271599541195527,
    0.0868028009234638,
    0.07148788677474095,
    0.02219231904757413,
    0.03369148836166925,
    0.03293631935723137,
    0.0137201143086257,
    0.04594788672486618,
    0.05967754229298801,
    0.010847544659870905,
    0.013495677863659955,
    0.020864674473368556,
    0.09704680670850292,
    0.02369810327350855,
    0.08643253500097202,
    0.07162363287575405,
    0.0568587506523023,
    0.0487290554445842,
    0.0491726155877508,
    0.02874738116822097,
    0.12250841663774473,
    0.011359303123754147,
    0.06359260296509818,
    0.0923653009980049,
    0.05946936935852703,
    0.10757607446779559,
    0.0853854901946753,
    0.00410404266417553,
    0.048887245190093874,
    0.1096354143796105,
    0.08020339363084064,
    0.04293241503047619,
    0.0655074686919291,
    0.08024242605605209,
    0.029758320981197104,
    0.13272884033255192,
    0.08939683084897368,
    0.017086877829918592,
    0.048289832237552205,
    0.07131744518465102,
    0.09078784890244615,
    0.02145308828343092,
    0.033740712586797,
    0.0745659187728726,
    0.14573607076405212,
    0.04220077390456854,
    0.08269767402525463,
    0.11612113973380536,
    0.07360745588712517,
    0.07905887618491872,
    0.09929203854538729,
    0.07212736800778827,
    0.11556454819263065,
    0.10609734188100076,
    0.11952764043243157,
    0.05346412231634458,
    0.04040441495761567,
    0.06724929066698933,
    0.049586359294992,
    0.027374849305022247,
    0.061800906224490006,
    0.06968198656829194,
    0.006405871517616472,
    0.020223133195657297,
    0.06223199767626962,
    0.11443954695931444,
    0.05126909051521825,
    0.12406570198027757,
    0.018754755043883832,
    0.05122626327088904,
    0.041065689294739374,
    0.02491851710178605,
    0.1796869079065707,
    0.007525126310554335,
    0.12711847132542514,
    0.030046727234148255,
    0.13739728102294446,
    0.02701260671437947,
    0.010777503141297055,
    0.10216981251750361,
    0.11481919150619732,
    0.007188254796298988,
    0.06716884050169243,
    0.003838405325931051,
    0.05528465968224787,
    0.05892573441405445,
    0.071160339673175,
    0.07069270953446134,
    0.002082596731836722,
    0.026182517138216312,
    0.07750495196789019,
    0.10660346232790902,
    0.14646380864743863,
    0.008740661085680402,
    0.06443852235815264,
    0.05641963586867367,
    0.08141383250600856,
    0.05723953364492051,
    0.09484044466172495,
    0.07316649790563932,
    0.054650816466175534,
    0.13329318414706723,
    0.17863769463220666,
    0.05290389859115714,
    0.024975873082166183,
    0.013506303357189735,
    0.0746994964058184,
    0.06630828394918369,
    0.09353399686287725,
    0.03814465438468038,
    0.10592137069733921,
    0.04736508903025132,
    0.10129011923430091,
    0.11589339637503698,
    0.07450259950530738,
    0.16518430189585911,
    0.008669969026686361,
    0.03998286476533218,
    0.10315733287535288,
    0.15003581767130167,
    0.0036241606808816254,
    0.08855210411335623,
    0.16518202500438844,
    0.08018669642672242,
    0.015174831111575164,
    0.07073250092349634,
    0.059288085428100594,
    0.050219335123837416,
    0.1493274875771175,
    0.0009946763024713705,
    0.12400390064035946,
    0.10076128408438767,
    0.13539751977127867,
    0.001548828317070365,
    0.040237659763240154,
    0.14198077197680042,
    0.09512538136576841,
    0.1668476795385847,
    0.05862323311866584,
    0.013048322901375578,
    0.17150706687479622,
    0.24106740238451255,
    0.07070181710034401,
    0.008274874144823958,
    0.03842189302708492,
    0.038811024621762245,
    0.07844899454099007,
    0.12116786967853871,
    0.15433838358703866,
    0.03991542540843909,
    0.10889780996651777,
    0.012796563758761832,
    0.08970345223369017,
    0.08985763031327533,
    0.06320249555979057,
    0.08322732235069312,
    0.13369500127993827,
    0.03598854658536212,
    0.00862161218878553,
    0.14497867907984527,
    0.007238996949073853,
    0.007956109338930583,
    0.05040267909892779,
    0.0023269830830216433,
    0.01626134203669677,
    0.0670999916405556,
    0.0026317612698809217,
    0.025958189116653933,
    0.12349349746901829,
    0.010261949858296033,
    0.07010397045418888,
    0.03800413765391922,
    0.08653575408097558,
    0.0496481606349101,
    0.037261220494061595,
    0.06906494897974119,
    0.1073284896262114,
    0.07229954437233203,
    0.03354273145225234,
    0.1282852155690369,
    0.04619270676966456,
    0.03231169213044507,
    0.008401187409744293,
    0.07421191636088556,
    0.0781544081540471,
    0.13553993391159871,
    0.11321956682465041,
    0.04770781540828838,
    0.07916187841811556,
    0.0398644664088575,
    0.05741149316265755,
    0.04275275745110023,
    0.006821241575908146,
    0.132700650247677,
    0.14022236122102533,
    0.1228874648559091,
    0.04590039727419227,
    0.13321761303492177,
    0.11930461349170957,
    0.0751855585231041,
    0.04509047445105502,
    0.048252317739987886,
    0.009114721827289975,
    0.06908413992213681,
    0.11288128580615131,
    0.06361309498833419,
    0.07673698900185523,
    0.04271773669181331,
    0.02587426940244935,
    0.068211982065468,
    0.09070945878181319,
    0.03812058438913333,
    0.1371967519384207,
    0.04093688229154164,
    0.055988978110507515,
    0.05734090952706687,
    0.010613783802215762,
    0.0734939365838019,
    0.03232470293884888,
    0.06938577383029851,
    0.1179763183770838,
    0.037594947729619355,
    0.08076383420283481,
    0.10479566471190113,
    0.09257547976542814,
    0.04724538959293626,
    0.16002031204038641,
    0.058877160729346886,
    0.06783542758558103,
    0.01855959291782666,
    0.07773394219579727,
    0.01879498012653228,
    0.020919319868664563,
    0.13472296356724273,
    0.11769734496022542,
    0.14258702143671634,
    0.09143318499927519,
    0.053858675081190154,
    0.0244555491694171,
    0.09862680675404074,
    0.011782371243684744,
    0.02527403744142019,
    0.07269084443507666,
    0.16335801808957748,
    0.04467174326725903,
    0.0956460305487276,
    0.08340329353435466,
    0.053400694625376,
    0.14023596835814767,
    0.09860008038511126,
    0.09038532701745323,
    0.024836332162035308,
    0.17110595449404706,
    0.07832560870796058,
    0.0374699355455394,
    0.03503637225700987,
    0.1654337841470022,
    0.015892594041852084,
    0.07943543066480568,
    0.11859059116884874,
