{
  "config": {
    "mf": 0.01,
    "mf1": 0.65,
    "mf2": 0.05,
    "T_coh": 30,
    "tStack": 2592000.0,
    "nStacks": 4,
    "gamma1": 7,
    "gamma2": 15,
    "gamma1_upper": 8.717797887081348,
    "gamma2_upper": 47.70744176750625
  },
  "mismatch_list": [
    0.11698363440859594,
    0.12189030488406055,
    0.21895111660328467,
    0.055434346086156515,
    0.18875061114726835,
    0.15265056485765147,
    0.030854227028452356,
    0.1909884726999684,
    0.23047834435253664,
    0.12213114967390541,
    0.0995968379652345,
    0.02776408428815908,
    0.2163505422188195,
    0.06231822796060554,
    0.20623130236314133,
    0.10263197383725889,
    0.20546395293667286,
    0.007392460488299077,
    0.20595793051584443,
    0.2239344786519862,
    0.1574354395735457,
    0.11493197218922131,
    0.09552755851328507,
    0.006360196249471255,
    0.01623468806841033,
    0.2378139909138195,
    0.16947811275988758,
    0.019305386856582278,
    0.020560786709531063,
    0.22911640031584496,
    0.21047210783138784,
    0.19842509770405234,
    0.015177269571819599,
    0.19413420056732972,
    0.15649446794263325,
    0.03903210753069326,
    0.1545792747998574,
    0.12861473189464473,
    0.16595637210838074,
    0.06839760728074089,
    0.03137914145337832,
    0.07663251855704768,
    0.17923059197220656,
    0.01654861031399742,
    0.14582609907481484,
    0.15132729187815278,
    0.1737395909802036,
    0.18054960029306155,
    0.04287470953337695,
    0.13720903101462156,
    0.13755237217661528,
    0.15186955406705316,
    0.15595169977728363,
    0.07586798814222506,
    0.1263173819679824,
    0.09536441724957563,
    0.2047898477415669,
    0.12352518707394976,
    0.1456182150365214,
    0.030931785989887987,
    0.17073257294228775,
    0.16490423022333223,
    0.030522451042441594,
    0.20725286881418492,
    0.20972362409824155,
    0.021842714184890734,
    0.132163289297962,
    0.13642252676543135,
    0.07887478933309124,
    0.19007706455016235,
    0.24895465265584146,
    0.1484399734116604,
    0.2084150244357712,
    0.23170027747748478,
    0.11111387390315149,
    0.10283631604040756,
    0.13853374964111814,
    0.12788019865502787,
    0.07598262794915601,
    0.150837506675275,
    0.19702498858661696,
    0.09717162056161073,
    0.02286934040042687,
    0.3444808378044786,
    0.20069772706705113,
    0.22839372138161063,
    0.08441248472312535,
    0.11505586413693862,
    0.12174414997257607,
    0.21091093397759073,
    0.12296022822718285,
    0.1257424481569302,
    0.23716511225882633,
    0.18027622844576469,
    0.19496949540269798,
    0.09588398278060947,
    0.053818980130738533,
    0.0011190030586999181,
    0.06462193873405848,
    0.048528128965590424,
    0.1506863642816479,
    0.11152212461534948,
    0.24331149731731286,
    0.19393484584632367,
    0.13693515319087543,
    0.2143972562776498,
    0.13854589307590023,
    0.16863327665433336,
    0.20657767938383056,
    0.08087614303694005,
    0.0647963560443513,
    0.08022054212340679,
    0.15430684262310912,
    0.046525980155892786,
    0.04502503716035608,
    0.08808139223901518,
    0.14216752793495976,
    0.1530640198990418,
    0.1462336992458638,
    0.14666826073342298,
    0.1686549613593014,
    0.2180457801708697,
    0.010802018932771343,
    0.05660647667202809,
    0.1425236630728846,
    0.07791986720864937,
    0.11686682613116818,
    0.04514480901412946,
    0.0903591536488564,
    0.11585068085636659,
    0.13167921440072583,
    0.16948382306552914,
    0.030594661109985113,
    0.16986684723761436,
    0.04523133098695188,
    0.1899481851203024,
    0.23084163544310093,
    0.03513341442449227,
    0.030565314475928387,
    0.16782010021803248,
    0.17519304447186035,
    0.042237540619066524,
    0.12078648111883826,
    0.1754995939177583,
    0.1742091371251112,
    0.19422180677540052,
    0.08760635263551567,
    0.10221960303111698,
    0.02090448928327424,
    0.20591983771745062,
    0.032947017904916324,
    0.06883722853279262,
    0.1883396859881243,
    0.15842491266123662,
    0.13225617211757504,
    0.14282052668389686,
    0.1389477106589577,
    0.030390680318585904,
    0.04896579859419503,
    0.05822892629773563,
    0.13221005597834304,
    0.13609450946161503,
    0.14020130345315915,
    0.19823116415928832,
    0.12693409497727298,
    0.16055210993624985,
    0.08462456113771262,
    0.1980196660035002,
    0.15574309291549124,
    0.047227408079258466,
    0.050214693035653415,
    0.1889113670934313,
    0.12252747379837099,
    0.040211755480953744,
    0.07146064413982413,
    0.02964646124408333,
    0.09937652136275939,
    0.09427461626023265,
    0.09239592570415296,
    0.17660182747128295,
    0.1127495511988895,
    0.04193525583181227,
    0.15400954531799751,
    0.060983317522774,
    0.20529965515536513,
    0.10112806726537656,
    0.1605833359114038,
    0.22247155617249345,
    0.0255891083798663,
    0.0984370676611947,
    0.17629209760198966,
    0.1985463874871735,
    0.02115639327265278,
    0.18978085148029916,
    0.16106423038524467,
    0.07143317684686463,
    0.18335531198652424,
    0.09419734642819659,
    0.06106152702535867,
    0.04707156733288827
  ],
  "statistics": {
    "mean_mismatch": 0.12595487658656143,
    "std_mismatch": 0.06620482676332423,
    "min_mismatch": 0.0011190030586999181,
    "max_mismatch": 0.3444808378044786,
    "valid_samples": 200,
    "total_runs": 200
  },
  "perfect_2F": 3458663.0
}