{
  "config": {
    "mf": 0.3,
    "mf1": 0.75,
    "mf2": 0.002,
    "T_coh": 20,
    "tStack": 1728000.0,
    "nStacks": 6,
    "gamma1": 9,
    "gamma2": 87,
    "gamma1_upper": 13.2664991614216,
    "gamma2_upper": 100.0
  },
  "mismatch_list": [
    0.061109001069380955,
    0.015651365545159307,
    0.1850767958210982,
    0.14762287445220384,
    0.04703020993065992,
    0.005447738627378039,
    0.09207697461144543,
    0.21603408964866774,
    0.24104115615011146,
    0.1891428938209774,
    0.11874481803447065,
    0.09904849707142713,
    0.028624237010295785,
    0.2559239617338782,
    0.06790270899360984,
    0.18353306206497105,
    0.2655365721672762,
    0.21889950583822584,
    0.036167476572121736,
    0.28612494745526257,
    0.13122376625715473,
    0.26175497742460146,
    0.023836363788156532,
    0.16238354096613794,
    0.09885062418865341,
    0.10269884517048673,
    0.21091915694659047,
    0.2196097881697604,
    0.10132463155256051,
    0.08084012597509317,
    0.2517737271000086,
    0.2592201444786472,
    0.10516922034723059,
    0.24247337633915217,
    0.01348896731280927,
    0.1658154699296646,
    0.0018480785133577207,
    0.20083669328716516,
    0.13663865256481747,
    0.23033438999259792,
    0.004804028323253382,
    0.2229244571208379,
    0.14086581367009962,
    0.05992111323175425,
    0.15156645390000947,
    0.2384775909773435,
    0.3293876034861624,
    0.05235228572453948,
    0.01895416212327036,
    0.292719264567754,
    0.16718350340823843,
    0.2955439135222859,
    0.23906801113249102,
    0.11768535782952638,
    0.05048859422755468,
    0.04704061858641131,
    0.0651838813725504,
    0.09557916200129393,
    0.21271052997080264,
    0.020523483824786328,
    0.26865873519870176,
    0.14193259246111906,
    0.1527260432048121,
    0.0441932006974233,
    0.26411221268179774,
    0.008686023224529993,
    0.17396170677233766,
    0.08289572706249411,
    0.007252989859258711,
    0.08877932814946135,
    0.2100986079181897,
    0.13771746636404947,
    0.028083962722700508,
    0.012671779412828214,
    0.07796581905874743,
    0.043059090914512085,
    0.05312859796599687,
    0.07611947532134827,
    0.04456693649299644,
    0.039010340674218505,
    0.14683420193204166,
    0.2884060152055281,
    0.176957610641029,
    0.035529295866365,
    0.11625286658174215,
    0.2625940126593107,
    0.26397012368844164,
    0.10357658759377142,
    0.2763000438139353,
    0.17899000909998414,
    0.23512188373249623,
    0.06658915832248466,
    0.007852680223434806,
    0.2146140671030857,
    0.0918217999102904,
    0.2901298403908537,
    0.15441137804855704,
    0.1415966422543934,
    0.16730753988927577,
    0.061870350868195735,
    0.02269629071288775,
    0.034335336312883324,
    0.07089747441557838,
    0.06968215543310688,
    0.054882022766115444,
    0.004814653825999586,
    0.26725714464767947,
    0.24751794219141018,
    0.039231090914945775,
    0.21309695131557277,
    0.20625624180521654,
    0.2700201548439336,
    0.2705166802503238,
    0.20351041673330195,
    0.05702859116784358,
    0.2983628702432037,
    0.30785561850021465,
    0.21029463760150743,
    0.09024261167051009,
    0.19100479633025494,
    0.09472359218322964,
    0.06442426634969418,
    0.2524549519342372,
    0.21607290526074063,
    0.1500163231575351,
    0.14345849055192222,
    0.14373019983643232,
    0.2474439431544277,
    0.039892148978656075,
    0.08740278342634082,
    0.09427005669356256,
    0.11222086777179846,
    0.01796696617935003,
    0.1383896378362443,
    0.17880568915438672,
    0.09087287746095589,
    0.2811149144869297,
    0.26901902648059606,
    0.2844918185255207,
    0.23173489630864613,
    0.052388716019669324,
    0.0367742144636295,
    0.008688300117975608,
    0.18988678743670914,
    0.10594293042475013,
    0.25584226462857956,
    0.017163764910534892,
    0.16771065845264707,
    0.2911938001709405,
    0.06435736905179207,
    0.09036350387012253,
    0.03481933880532268,
    0.01244148790432884,
    0.16377277123845546,
    0.27109875179617077,
    0.020117329403487528,
    0.25240220390274715,
    0.23523572840477702,
    0.16184863364166446,
    0.012088135726268835,
    0.279959933180767,
    0.2811098727943001,
    0.1733845142838742,
    0.23399628519413174,
    0.05289060838918137,
    0.09900724193066253,
    0.14057296180359452,
    0.1740605890019758,
    0.31583753953256244,
    0.08539911719419939,
    0.011605325892300988,
    0.32559218474756785,
    0.2713309949276235,
    0.19270981003877982,
    0.26620581620504097,
    0.09669147866122568,
    0.23471057919507046,
    0.12369337487977189,
    0.30875097974182847,
    0.03374019973559846,
    0.30156743513266104,
    0.01410351169613057,
    0.08319660226780756,
    0.07487358091260708,
    0.26460413008954803,
    0.057516496906189714,
    0.18622630174064167,
    0.2759487516823261,
    0.12883015491657734,
    0.11654219468458141,
    0.12489991155895316,
    0.20351562106117763,
    0.1433437784916622,
    0.09602819791581847,
    0.28048996144785704,
    0.27709261958000425,
    0.036075208175825615,
    0.19750868824590623,
    0.037324788983478754,
    0.07352002197093752,
    0.18181509174850563,
    0.2221960680652358,
    0.09991696928568324,
    0.1082177638239146,
    0.014260942614370255,
    0.2864806307385169,
    0.04220276213196592,
    0.10120780523410097,
    0.19497526480541832,
    0.09959012665274003,
    0.2559595788527775,
    0.2653410846014455,
    0.27865635747140355,
    0.22549647932640385,
    0.08071186097765684,
    0.0065667775441492346,
    0.2152730651203452,
    0.270213853422057,
    0.040246043274203135,
    0.2911155184058103,
    0.11532861047806847,
    0.19694943984626415,
    0.17560741282777914,
    0.14129473702585457,
    0.2869765598156714,
    0.07151505465682716,
    0.2729429812753704,
    0.15107871079690946,
    0.358794874994755,
    0.19381887399378928,
    0.2316954843673375,
    0.19899533703064687,
    0.251325992267453,
    0.11746195121311256,
    0.20983356667877034,
    0.08049945934623016,
    0.17985967397271177,
    0.2131164675451066,
    0.25795332433490586,
    0.05447142298142282,
    0.07446504117436525,
    0.04960689434661453,
    0.12627678155256594,
    0.25250065243839565,
    0.19597118884088016,
    0.0965457574807063,
    0.20428385575207797,
    0.059169846818198625,
    0.2550394970537541,
    0.13670522459222736,
    0.2438878692863663,
    0.22232102614600113,
    0.08937609107920738,
    0.2001145927944129,
    0.10971861608681599,
    0.09355874433880261,
    0.2992350830681204,
    0.14260286652210924,
    0.29047853035852506,
    0.11054713424227643,
    0.11927029251466943,
    0.11988895699089232,
    0.28481128836063996,
    0.06415342445316338,
    0.26926840052463963,
    0.16760684295387676,
    0.19316681508036404,
    0.06242862345636111,
    0.3057018399359087,
    0.20996421699314968,
    0.2584899664353379,
    0.015401774654120912,
    0.24241580346202732,
    0.168785623217721,
    0.09361615458068134,
    0.19651487846864388,
    0.009034062651216897,
    0.02538367551969822,
    0.033951842402543266,
    0.13506759608734292,
    0.30506761668780746,
    0.18751784244179256,
    0.2958409939051899,
    0.181380042465147,
    0.290994409359203,
    0.2853056995088307,
    0.09625848942431785,
    0.20229704937378382,
    0.04476632730473389,
    0.21083740562954315,
    0.1228884388349982,
    0.026074550045196335,
    0.21147076148966512,
    0.2125184577451404,
    0.178582445173219,
    0.09833387779999617,
    0.06126567302313877,
    0.039385919669247614,
    0.1266997416159633,
    0.31557520888057833,
    0.0017728326061550068,
    0.20165285116392082,
    0.161825918918957,
    0.08678119151568785,
    0.28260362331812117,
    0.20983974681812273,
    0.2125377571276794,
    0.0547662264708813,
    0.12273491116266529,
    0.2154613967353468,
    0.19717707497907697,
