{
  "config": {
    "mf": 0.05,
    "mf1": 1.0,
    "mf2": 0.002,
    "T_coh": 20,
    "tStack": 1728000.0,
    "nStacks": 6,
    "gamma1": 7,
    "gamma2": 53,
    "gamma1_upper": 13.2664991614216,
    "gamma2_upper": 100.0
  },
  "mismatch_list": [
    0.26443466416309586,
    0.0404487952143603,
    0.16793140869337433,
    0.007661204327008304,
    0.12396931268068098,
    0.3345558263372168,
    0.3541982608220474,
    0.3225833784826847,
    0.1969350737328573,
    0.3406856571868027,
    0.15139162101043543,
    0.007035817593945979,
    0.3203757134401659,
    0.31135184259770554,
    0.31733947603043794,
    0.26058991273317966,
    0.12650663936707565,
    0.2993425849658027,
    0.33694694393735375,
    0.317416131443107,
    0.1497961150342949,
    0.06476764356599245,
    0.12126002632739365,
    0.26969081847054993,
    0.34123791227086187,
    0.009662051548217069,
    0.3131786158938222,
    0.051298300906214435,
    0.0053654451928436585,
    0.012383047639224716,
    0.31244122768793503,
    0.03760885854669361,
    0.34317695809854676,
    0.38241981296296157,
    0.33541600415392103,
    0.1024255637452642,
    0.009246030588653937,
    0.22781094151387177,
    0.04070489151524331,
    0.2970781060106409,
    0.10940370003858792,
    0.12171459184028612,
    0.08964248761234436,
    0.0770706746641284,
    0.006996351440888647,
    0.21829244267622586,
    0.24067641950482338,
    0.12282490266551578,
    0.25503315427915557,
    0.030020948503934636,
    0.12867060974013816,
    0.33324081194887656,
    0.36768917975781007,
    0.019633110064053348,
    0.25536048481783713,
    0.01781181215455596,
    0.237722258682635,
    0.08074514699136179,
    0.30004018174814023,
    0.3477395815048162,
    0.17406926288176863,
    0.17638697777415885,
    0.3280222263832751,
    0.0632345353126115,
    0.31590947852309414,
    0.3125802808233637,
    0.14642392741784127,
    0.07118392929573626,
    0.24751127414631946,
    0.2634221513325302,
    0.31794529232221774,
    0.28077809689222477,
    0.16618421824435686,
    0.123091624469145,
    0.3198438419736199,
    0.3091628263967413,
    0.2364023652369113,
    0.1091897262664488,
    0.17431663109111012,
    0.14074372881201566,
    0.027580769271219534,
    0.3029420824445769,
    0.3094347525282462,
    0.04973494249705603,
    0.014656037838933208,
    0.3049666201999698,
    0.037663829259880606,
    0.2898937482252429,
    0.019844752730998158,
    0.307397583435405,
    0.2615168794242886,
    0.24368305729975834,
    0.22848376352705108,
    0.28154470523066394,
    0.0027186107740646225,
    0.34681982497628505,
    0.20875112069237511,
    0.003667858493891366,
    0.10775441600773189,
    0.08482111152950535,
    0.18409431629931522,
    0.015190674104663154,
    0.004291185180502897,
    0.34589757470731347,
    0.2940932071269367,
    0.02645685129706488,
    0.3571035768586525,
    0.033200684412485054,
    0.054913790850856646,
    0.003937724578945479,
    0.10628787978176085,
    0.04477510960802412,
    0.2204158084495082,
    0.31228444731067984,
    0.12990701709285593,
    0.026447743723282416,
    0.03286316206504694,
    0.14477865505638943,
    0.16041511237065484,
    0.02724454800575035,
    0.006167779073679513,
    0.3488512476237635,
    0.0501587699484327,
    0.11790095795412667,
    0.054955859167851825,
    0.3387298057170192,
    0.020845826882587,
    0.34769848899929773,
    0.00844337143732585,
    0.31169988202439247,
    0.3594010707687757,
    0.01983206718180116,
    0.3125145219721844,
    0.019376580069180697,
    0.325196710040764,
    0.03461875533511372,
    0.2058845660560942,
    0.28026509111422815,
    0.2999602194188002,
    0.3334145063917278,
    0.10988276926189511,
    0.3243474829972982,
    0.19882993698534754,
    0.3248563686823932,
    0.3066813378115129,
    0.07259039890414203,
    0.047346047578615984,
    0.07266304264740689,
    0.029929655919115204,
    0.0985163003343889,
    0.31666285919484927,
    0.2751726562878635,
    0.03007613606411645,
    0.2938743542974141,
    0.31071252344522604,
    0.18603683167891727,
    0.03930579470466144,
    0.28875394620871764,
    0.3249958013000628,
    0.07613020924759188,
    0.29642084276933994,
    0.027299085024947704,
    0.14473935153857823,
    0.2995132435507264,
    0.05355687078076736,
    0.0438303072515912,
    0.30280113189794355,
    0.2778157500959819,
    0.3234149867078213,
    0.012599027246065935,
    0.08326035528428478,
    0.008784905454168141,
    0.17236316493826961,
    0.15724502615337393,
    0.3323946207633383,
    0.3096510574055797,
    0.28656736953644507,
    0.3141020588212653,
    0.0936294906708628,
    0.16406627364594503,
    0.09253734078144935,
    0.24937588724303225,
    0.1823710332314767,
    0.3467343872603258,
    0.18999456039313492,
    0.22088972755668843,
    0.27240801973914824,
    0.3388860439767874,
    0.04045128895480074,
    0.007401421627213344,
    0.0268738480681047,
    0.3346952589548864,
    0.003819326119773486,
    0.31388933191934637,
    0.031337643456484716,
    0.08622205153954318,
    0.21576953631498674,
    0.23341394258954126,
    0.13779428441196462,
    0.018909274795342518
  ],
  "statistics": {
    "mean_mismatch": 0.18097492538565965,
    "std_mismatch": 0.12320506469033278,
    "min_mismatch": 0.0027186107740646225,
    "max_mismatch": 0.38241981296296157,
    "valid_samples": 200,
    "total_runs": 200
  },
  "perfect_2F": 2305777.25
}