{
  "config": {
    "mf": 0.05,
    "mf1": 0.4,
    "mf2": 0.005,
    "T_coh": 6,
    "tStack": 518400.0,
    "nStacks": 20,
    "gamma1": 13,
    "gamma2": 79,
    "gamma1_upper": 44.67661580737735,
    "gamma2_upper": 100.0
  },
  "mismatch_list": [
    0.33714459640671873,
    0.27461408242692187,
    0.20312654497478153,
    0.14414226264164406,
    0.36836829478977084,
    0.3501044564788638,
    0.451874159844541,
    0.13059682971953895,
    0.47030896157705687,
    0.5625785781663326,
    0.33178520669216166,
    0.2539347047078185,
    0.33088063234054677,
    0.4861640455584364,
    0.4921846206284215,
    0.17842197073753632,
    0.34533089662482236,
    0.39452256276713393,
    0.02677803259589059,
    0.256179691911295,
    0.4700714324215385,
    0.039677597991683536,
    0.2000900680641697,
    0.27374626058476287,
    0.37075551163473613,
    0.19246610694179664,
    0.1429531262028295,
    0.2498369284087652,
    0.45862608415164263,
    0.32196925394288406,
    0.08131125192019814,
    0.11553518872551749,
    0.23963273551414457,
    0.306786046956047,
    0.36166438005446194,
    0.37777662879781043,
    0.350393284941287,
    0.1987843002352077,
    0.5013679675960577,
    0.3579743253008689,
    0.040122226252933046,
    0.3670726017745898,
    0.16156824654117924,
    0.16661593385386153,
    0.39988503660835867,
    0.4561057358388581,
    0.25690631215418785,
    0.32415697919456504,
    0.07890964248411728,
    0.2934213952587759,
    0.3976070492495385,
    0.004554638262751028,
    0.3865269129792008,
    0.10394956409435574,
    0.08070347335823119,
    0.460054548819865,
    0.10975954471505307,
    0.3104757418948621,
    0.11942930986028515,
    0.3014406900178276,
    0.3107802480011791,
    0.0687465198762872,
    0.2189088435668051,
    0.24416758396411167,
    0.2623968286542302,
    0.22840867333265094,
    0.3490757460288769,
    0.4674935651464028,
    0.26131517402978244,
    0.13635263251510832,
    0.22671394572879008,
    0.0361541888823646,
    0.2848772335430053,
    0.3182635729475084,
    0.11805800433963608,
    0.4995903283869489,
    0.3348729315075672,
    0.4734623782904829,
    0.08606337709389954,
    0.389850676288902,
    0.2892201465100238,
    0.30054243812588133,
    0.19007287604982948,
    0.2508838866082022,
    0.3683327245288709,
    0.40183106913351996,
    0.4837295901733453,
    0.3364691726665085,
    0.3842343788229316,
    0.10458838953144348,
    0.30139925991625915,
    0.25981397537431516,
    0.3273595877283397,
    0.3431023580969065,
    0.11868336242360851,
    0.3234171486091125,
    0.221381644926797,
    0.4194759746243455,
    0.42685022429086306,
    0.40914373907090723,
    0.33162257041255544,
    0.028090739709854744,
    0.16076894371315267,
    0.2773618336793327,
    0.16865433597271823,
    0.2533968330169844,
    0.2768855417176289,
    0.44213032425717474,
    0.263186108070587,
    0.12295970965671736,
    0.16693529517029426,
    0.4098418311421245,
    0.15049977855006738,
    0.04710222172710567,
    0.2099218526636744,
    0.1586752329227232,
    0.40006946738308274,
    0.0718087492445737,
    0.29779093451935823,
    0.3731959810668291,
    0.2338033248954412,
    0.21376097353953608,
    0.5526180826805656,
    0.11523150505297852,
    0.21067633285079815,
    0.07547238331304738,
    0.24633253808056332,
    0.2173262753694236,
    0.457892267613192,
    0.45120958194977856,
    0.09597288168542845,
    0.30097544951001615,
    0.3685712303245007,
    0.39838938938089313,
    0.516448113350085,
    0.20332552254695455,
    0.3670603166700304,
    0.20824850833804245,
    0.18741703177211394,
    0.07924077488399812,
    0.2945153863898942,
    0.3143043253379427,
    0.4112230572702211,
    0.321570887581649,
    0.28804776715943664,
    0.07525412994920166,
    0.13087984974340483,
    0.09753129089058019,
    0.11755467486747942,
    0.2120612599308959,
    0.44057427954913486,
    0.4825687762977618,
    0.3605444308572245,
    0.13077406419870524,
    0.2217361652872407,
    0.341653229780011,
    0.2853812826447178,
    0.3109702302039049,
    0.12217428539869511,
    0.34599876425469694,
    0.030471479888818005,
    0.3413118683600158,
    0.0926783147748474,
    0.11864337158115162,
    0.6250829284715658,
    0.014482442005841194,
    0.4774753925082875,
    0.2966645086561187,
    0.2572366221202907,
    0.07683196915235946,
    0.36311988223313724,
    0.4056997462232797,
    0.05900910955281185,
    0.4896317861814047,
    0.3726074782965348,
    0.5542634128556333,
    0.12272418518353294,
    0.29779854203180506,
    0.3679884331885415,
    0.05531895199499657,
    0.09574208620646772,
    0.31048597091497643,
    0.4664373545669629,
    0.31760290161319166,
    0.2383114956497333,
    0.24419061210989662,
    0.48152613587565946,
    0.4583869615306793,
    0.3394493642654361,
    0.3091752684833462,
    0.21932663992604623,
    0.004999780545111807,
    0.18842245706576022,
    0.4839860353057585,
    0.30816552541236525,
    0.10435224823292553,
    0.26107630841937474,
    0.22935185066972227,
    0.30626889031599713,
    0.541631806665146,
    0.10490194240931885,
    0.1877935008340089,
    0.4767529872385071,
    0.09669096917787419,
    0.031051501310776324,
    0.29195000982776237,
    0.47309814293103614,
    0.1941015679115279,
    0.1259690976547652,
    0.3720055081731252,
    0.4238566167409313,
    0.12951018909031184,
    0.1465060915260465,
    0.035934290650962826,
    0.23658299685886197,
    0.45240971844037436,
    0.4315448305022132,
    0.3081209083799069,
    0.29532615188870215,
    0.46615253546920754,
    0.32944605082110023,
    0.30097832802823926,
    0.264835601816656,
    0.2754244367088408,
    0.32850678004447453,
    0.08647089303091526,
    0.25900074257417316,
    0.22091779227598596,
    0.3322608818285319,
    0.24401425146661948,
    0.08148643031491934,
    0.19527183977555884,
    0.36100900313759127,
    0.35083832441942553,
    0.5575219468863142,
    0.40095697623380344,
    0.32634994746158097,
    0.38253219791295734,
    0.3040326928735233,
    0.2457047640973679,
    0.05736002702363188,
    0.3209794548910204,
    0.21212438172335998,
    0.36864185682518935,
    0.1912205309849645,
    0.27752935315949595,
    0.06699895090218769,
    0.09812837781343271,
    0.6552559163010686,
    0.48153549105988463,
    0.036646209890073306,
    0.2170970733559078,
    0.3389776984937337,
    0.4736818653049956,
    0.36277471705691866,
    0.35608534911905876,
    0.4402226891090254,
    0.3710405877430471,
    0.19354981765068952,
    0.36127984086112,
    0.3041785206627909,
    0.26261929699118836,
    0.3909665647193604,
    0.4319760942145697,
    0.3825523989426303,
    0.45758071941765055,
    0.2280144705424171,
    0.292896939518946,
    0.40930992209618117,
    0.45083578579766226,
    0.3131113337407936,
    0.12406793917261787,
    0.3856803202089372,
    0.25151423069695394,
    0.056610275830731846,
    0.02314626783631571,
    0.1379866028236169,
    0.3448207820739969,
    0.40521923928846343,
    0.042136160966893245,
    0.13521191686497547,
    0.11249403422279311,
    0.061522672786927565,
    0.09015282625095021,
    0.2923137311660978,
    0.3029070380419507,
    0.4198498735806841,
    0.3141489367560054,
    0.2752047440858835,
    0.4061138930326308,
    0.3802031168556768,
    0.3546638751379496,
    0.2610542569137012,
    0.28276856473823786,
    0.15332103482138998,
    0.11554094576196372,
    0.2383694772310847,
    0.3078737670296078,
    0.2937781773121092,
    0.4332165813624002,
    0.3149180665448004,
    0.17094687012898738,
    0.39791875165141327,
    0.36904654564609307,
    0.49285495555963016,
    0.42835147434844145,
    0.32877587009622494,
    0.040679322333328674,
    0.4027476715791386,
    0.21184979164571896,
    0.3092764278380444,
    0.2777500738246758,
    0.3055764010748927,
    0.5977484166206131,
    0.3002093524457777,
