{
  "config": {
    "mf": 0.6,
    "mf1": 0.05,
    "mf2": 0.005,
    "T_coh": 15,
    "tStack": 1296000.0,
    "nStacks": 8,
    "gamma1": 5,
    "gamma2": 81,
    "gamma1_upper": 17.776388834631177,
    "gamma2_upper": 100.0
  },
  "mismatch_list": [
    0.08741675248983566,
    0.225299479972313,
    0.22909813101135643,
    0.2795139420966836,
    0.07447186224036925,
    0.12625416996514838,
    0.04701073710006933,
    0.03239800535582835,
    0.20064876244050445,
    0.282712939281144,
    0.10035253517111531,
    0.1984323706681948,
    0.2165516607289177,
    0.12249404538518074,
    0.15784333652724666,
    0.014465998701231863,
    0.05467649050413137,
    0.15386130532558545,
    0.03570130588071341,
    0.10967673337261635,
    0.13985162470342577,
    0.12648214829896648,
    0.07464042453411175,
    0.03252182491379615,
    0.06080646215212704,
    0.11348022732490194,
    0.1686046511627907,
    0.14096296486907364,
    0.1288292987288148,
    0.17544024249839968,
    0.07003474175851818,
    0.21909173258329376,
    0.15848086630032077,
    0.21360218199986006,
    0.28578898429508287,
    0.09678345267620832,
    0.1466477499102254,
    0.08814188839499205,
    0.07745256691749584,
    0.06471454857398612,
    0.10173081382338026,
    0.10832129592310552,
    0.1395207163926397,
    0.0516015297245004,
    0.15506523910113218,
    0.1237933194975398,
    0.13241435560919224,
    0.09336442820952148,
    0.011375352665279233,
    0.170653275746517,
    0.16141892442800135,
    0.1695618854921354,
    0.19288774098191727,
    0.11926165378403555,
    0.13955360483331417,
    0.27654986234561224,
    0.18824071273804727,
    0.27735038867631473,
    0.03706881447218607,
    0.22351613138259824,
    0.2507862867201247,
    0.06401268756530705,
    0.18774001333463633,
    0.03231437474954187,
    0.08898180857221666,
    0.07873861337129792,
    0.03297778158143236,
    0.07182820986844045,
    0.13156301483059055,
    0.057781737562097715,
    0.14490603591793588,
    0.17128321587943546,
    0.16645627702273308,
    0.009254662641217904,
    0.06823794866338485,
    0.011502424926170872,
    0.054892108566838856,
    0.05553845677895094,
    0.19010436694883745,
    0.24072256843831516,
    0.1568003754052868,
    0.21953193171232113,
    0.098517143334619,
    0.11208322756025307,
    0.08953599686815306,
    0.16622179328306727,
    0.07117297093500319,
    0.12645280169036466,
    0.24327680762098175,
    0.09926165089274407,
    0.18574588959545626,
    0.11524760152914625,
    0.2057282556086718,
    0.07443196241783673,
    0.06502644664323949,
    0.17480979638947083,
    0.02888291772945723,
    0.0762936650068726,
    0.19294780756257768,
    0.24944378780002208,
    0.1452999021008702,
    0.19847255961987612,
    0.10139354467132088,
    0.06066572853895524,
    0.03331960451758512,
    0.09335965757856651,
    0.22757449267953908,
    0.23803431789518606,
    0.1727211997009248,
    0.12143453161945283,
    0.13194235227379836,
    0.1525020369148532,
    0.056992920961921115,
    0.19825860404977416,
    0.156749344110526,
    0.14052847604073482,
    0.2514174556519255,
    0.1373591868763123,
    0.11643635602438168,
    0.09947734123773876,
    0.04497223203655055,
    0.11033059894259688,
    0.1401025888045724,
    0.1285882373010141,
    0.11248945401429801,
    0.08306232294453751,
    0.250687115422091,
    0.03669222375589173,
    0.0417198905241391,
    0.09968977887980959,
    0.20775064172214572,
    0.15231294645154686,
    0.05855768791515332,
    0.12070260117929997,
    0.11293247215252604,
    0.1733736919074486,
    0.032875791274197944,
    0.19091183237911077,
    0.052804523830313574,
    0.3833131858504821,
    0.22745862417316293,
    0.2657639717324214,
    0.19822622158511008,
    0.055998316690095765,
    0.2020355704026586,
    0.08208101861355634,
    0.10707652265529272,
    0.012146532387379859,
    0.07449239040993309,
    0.06476095380236635,
    0.1557574865656141,
    0.0014606081773818893,
    0.11608116086509754,
    0.2162065850898411,
    0.07286856882806125,
    0.09111218442276232,
    0.14668533669956763,
    0.14430956248398946,
    0.1316003847730712,
    0.06866267938295213,
    0.07590052164681024,
    0.24026704546440214,
    0.1794434524102095,
    0.2772013426001153,
    0.25673576949699045,
    0.17824768653311598,
    0.23970201482538622,
    0.01058892138058012,
    0.2299594467455912,
    0.05051519923022255,
    0.04624064161227665,
    0.14313714378566048,
    0.22134318126489377,
    0.0432421554924997,
    0.263460552086327,
    0.22921320441257342,
    0.22896527616748905,
    0.06052817534642009,
    0.08610757570413068,
    0.14736442878777978,
    0.08995400533501105,
    0.16174137571118544,
    0.06980112540629874,
    0.10614494853790281,
    0.16941146605247925,
    0.08796971198688973,
    0.17279413252870618,
    0.02145222632335857,
    0.1305917577375297,
    0.11597085809483551,
    0.16940553890492913,
    0.01943988744780496,
    0.014149113154161928,
    0.1444946051392128,
    0.07810860095609228,
    0.29483381145656906,
    0.19872374056788433,
    0.35732539057011065,
    0.2223719750585631,
    0.1971746588709738,
    0.0639835578035668,
    0.05586987106574739,
    0.08329377082814106,
    0.11915149557834792,
    0.039046602414459695,
    0.28151955871952794,
    0.13983745737513523,
    0.2221291788558697,
    0.24292081735653845,
    0.1992577621056929,
    0.2555669649130213,
    0.12288465886519122,
    0.185560124117361,
    0.1470061254901462,
    0.16107782431472054,
    0.1177192220575471,
    0.048311890551895505,
    0.20064247388151835,
    0.19935874046090657,
    0.08960791774391369,
    0.08475604149812847,
    0.036962704074581444,
    0.14414887895955142,
    0.2332151132432137,
    0.10032983853293558,
    0.011644170491363423,
    0.17080730930053298,
    0.16062201221165873,
    0.1742694862926762,
    0.1808202854167305,
    0.2597493626147915,
    0.10353461830037165,
    0.07996618345475794,
    0.17357174537436731,
    0.07613406571674249,
    0.009031599502929167,
    0.1539727646124426,
    0.31089840522144113,
    0.0029256978565699683,
    0.18058956035599893,
    0.17723609592379944,
    0.012586370104971229,
    0.20096239528465054,
    0.15935287981306065,
    0.09233960994164796,
    0.07388102682482417,
    0.047477536110785035,
    0.16522689988209313,
    0.2113393849991702,
    0.17614412741112026,
    0.02263866778540372,
    0.03734225836465084,
    0.3058993622389236,
    0.008535092472175656,
    0.1701971745143064,
    0.09995910268190415,
    0.1437607230773056,
    0.04204067931471766,
    0.1456310272585179,
    0.03928968774630189,
    0.14457201946880036,
    0.04407058278606004,
    0.17078902188187223,
    0.10319640947857871,
    0.16137591646711938,
    0.09717059660643336,
    0.14709228597648455,
    0.04999071895432396,
    0.15819766429908444,
    0.22786969354045003,
    0.11289018701451602,
    0.053648058121898004,
    0.06366674453878407,
    0.12635001627797107,
    0.04872238166088505,
    0.2661799562952379,
    0.2505337324086598,
    0.19031702143776988,
    0.08922670096123876,
    0.04419006540679604,
    0.17904741775865926,
    0.15019854498647164,
    0.1966697670949055,
    0.07461642681476247,
    0.20914597899418907,
    0.08229020355270333,
    0.17967497257610024,
    0.2716241136023121,
    0.22738106527900095,
    0.012368728138222238,
    0.3181367534613096,
    0.16657626561947944,
    0.08211144945646612,
    0.06287987956036178,
    0.03130567543171319,
    0.1320185378045036,
    0.18054192632873636,
    0.13028809984901676,
    0.018186873999251733,
    0.035888444722265433,
    0.019351124799127525,
    0.09344408329001215,
    0.04804473521841683,
    0.11433019474004687,
    0.08976346922596079,
    0.05494841646856501,
    0.11009517553319752,
    0.24955264492454018,
    0.14926227252041396,
    0.08073374906249874,
    0.026272298362777283,
