{
  "config": {
    "mf": 2.0,
    "mf1": 0.25,
    "mf2": 0.0001,
    "T_coh": 20,
    "tStack": 1728000.0,
    "nStacks": 6,
    "gamma1": 13,
    "gamma2": 65,
    "gamma1_upper": 13.2664991614216,
    "gamma2_upper": 100.0
  },
  "mismatch_list": [
    0.449754328618393,
    0.11463903703453929,
    0.2362131120221817,
    0.24602706489027054,
    0.6040457360670656,
    0.34918215613785963,
    0.5913328912545932,
    0.32059575892816,
    0.47844925774900027,
    0.28550064495717437,
    0.4066452002598261,
    0.23845346674916973,
    0.5795131578961634,
    0.3266004690617345,
    0.5901172470016295,
    0.04427657836693179,
    0.2600983205959216,
    0.020622149207429656,
    0.38036345291107876,
    0.3612581484324185,
    0.2785741724603666,
    0.5962048468989741,
    0.28910030507119466,
    0.49934371257017574,
    0.2743209355039573,
    0.012390745707540844,
    0.5720742217388461,
    0.38399585692131694,
    0.458184797659527,
    0.04379040740454422,
    0.10975434162921267,
    0.38089207167270245,
    0.001987402707529893,
    0.3937679583194054,
    0.3090802076917147,
    0.34916779002445275,
    0.1757574167364462,
    0.023580809604760573,
    0.3667889936705615,
    0.5092760096856879,
    0.2979920618820606,
    0.3593329808124021,
    0.2575995384628562,
    0.510323922788158,
    0.3067536020725368,
    0.36763382956238216,
    0.43899779607556816,
    0.256427372032354,
    0.5514054504275301,
    0.1308565900831749,
    0.05423972196745712,
    0.535160330704678,
    0.09762370389195903,
    0.2437047419992404,
    0.47018825463431846,
    0.35459617505754304,
    0.2816879868824916,
    0.20105408239947273,
    0.14157295172020926,
    0.2496291645329826,
    0.39064124150108864,
    0.3426419423505759,
    0.33736258541467595,
    0.5153719581923331,
    0.1427413233283021,
    0.14565509639770519,
    0.531638735508793,
    0.32896589029298523,
    0.4001202199739285,
    0.3999437607318933,
    0.06980163812725297,
    0.26447890095003923,
    0.37235702816831623,
    0.07349139816762121,
    0.031736099809467386,
    0.20364616295205956,
    0.6418458265573165,
    0.4168482850601203,
    0.1347013415130911,
    0.5584203693923503,
    0.5889247511653628,
    0.2608550623960964,
    0.6123904421217481,
    0.24538378828013552,
    0.11431100174312457,
    0.22125706636591433,
    0.29151831169868936,
    0.5933201855386258,
    0.10464049316210951,
    0.08090962543693314,
    0.4173223668025466,
    0.200974607975871,
    0.5157103479277505,
    0.5583751838998046,
    0.16530647582107216,
    0.39092704584026206,
    0.3574368706896916,
    0.25065035124334106,
    0.261208306150659,
    0.49595721305206397,
    0.0685548763305325,
    0.11431528447127227,
    0.25290767424767374,
    0.2127812220911141,
    0.23124449682985956,
    0.31189650803694596,
    0.34975045789953546,
    0.34007539553162913,
    0.5467454627205862,
    0.1601219352336575,
    0.570372108358877,
    0.4714488404269587,
    0.1709752899596697,
    0.24138187699072317,
    0.39864311245695994,
    0.23770089925364518,
    0.3452326676094451,
    0.5748552031297961,
    0.11008053372117141,
    0.17391069351680613,
    0.4054924416353603,
    0.18728267187590975,
    0.39311427305351904,
    0.3382504654349685,
    0.16564996146086786,
    0.36093824490330956,
    0.27594398104844003,
    0.4270862822265806,
    0.0574306254962408,
    0.5160444007232715,
    0.24716822220051343,
    0.05157575663608727,
    0.22991923642101408,
    0.16347411871483894,
    0.18680598796954556,
    0.3848351632147697,
    0.3492386989917591,
    0.18042412670022953,
    0.548873246751388,
    0.2486422396478058,
    0.024909864836015424,
    0.18029840965498234,
    0.2999428716592145,
    0.45947454937297066,
    0.5774165998326158,
    0.3038274145126803,
    0.10302606728567087,
    0.4603488222443382,
    0.3235798446356336,
    0.23272924820339555,
    0.5387293069689312,
    0.5633821539043355,
    0.4391790259514894,
    0.496634317793391,
    0.14809137238451353,
    0.3920519396258934,
    0.18714101657654325,
    0.47410283079656684,
    0.5976577759760202,
    0.1554826022029703,
    0.5329933786854366,
    0.4168019882267261,
    0.22213171871952284,
    0.20175438976924553,
    0.3208727809640432,
    0.03271321236812857,
    0.028622935928326865,
    0.23757160423298346,
    0.1586745899667281,
    0.5053289064742164,
    0.3168840431295662,
    0.28236221840113723,
    0.577281070460853,
    0.46370230680748853,
    0.14183913140635143,
    0.39559771326170085,
    0.4498725644423189,
    0.33086324728591593,
    0.03683493162217924,
    0.1449846054897202,
    0.09934915542974575,
    0.4164113925773057,
    0.5311913801584783,
    0.3490098712004747,
    0.367611982227654,
    0.32651573609850837,
    0.16556165052222718,
    0.30903109184738786,
    0.3638813465287621,
    0.4711196124770725,
    0.07607220267647741,
    0.4731853511614813,
    0.05405637783333639,
    0.36342791946259245,
    0.5486630135899095,
    0.4592646956937331,
    0.1757201732650858,
    0.5251923622585178,
    0.416076363970308,
    0.29875406222185985,
    0.2634467092546936,
    0.5989906260296844,
    0.18506058650823537,
    0.2359496429234748,
    0.30622975394479923,
    0.5665871253819083,
    0.6182535240618304,
    0.06892058878729727,
    0.5131900979421979,
    0.14455855535664663,
    0.19778473447031272,
    0.3178311765911934,
    0.5386574221901481,
    0.5347488093202574,
    0.0973739503656745,
    0.0764994996797712,
    0.4914491266649919,
    0.29297107814048934,
    0.2788701143965479,
    0.32360478204003795,
    0.21921122339328034,
    0.1826017584339657,
    0.35746581976350017,
    0.006911564265913832,
    0.17082246704006995,
    0.15144670014711983,
    0.5384834566885534,
    0.3289951104255373,
    0.37813188048738094,
    0.6043182043160575,
    0.1620296466705909,
    0.2680651165503807,
    0.19916192973441774,
    0.32235644810260505,
    0.5748824445335203,
    0.2456045385208628,
    0.14256947208490686,
    0.30511960575481567,
    0.4156067275912755,
    0.17263872325693777,
    0.2075049552248904,
    0.4393963608520482,
    0.29238494071348947,
    0.1756682384098263,
    0.5571247085982978,
    0.33390788751669315,
    0.5799026150988611,
    0.49382593236347067,
    0.17151800377595672,
    0.5827491927057442,
    0.3427158871758097,
    0.43962003852720555,
    0.25375310646873017,
    0.2959676325501651,
    0.05800939012541671,
    0.27135956451919113,
    0.10993849893956398,
    0.3855956998373539,
    0.5538582609976935,
    0.36640972827662044,
    0.33177297464093664,
    0.43860768833188607,
    0.24844935424591294,
    0.32107770137414854,
    0.09889605363406831,
    0.18981365578770593,
    0.3540730316825386,
    0.13233852244577823,
    0.18426210166155757,
    0.13240238388575287,
    0.08278437613065379,
    0.5505037464113177,
    0.37005449256556344,
    0.2009565554635522,
    0.23925460797153406,
    0.5658038198248678,
    0.20644153756229067,
    0.5844850257934079,
    0.3549497982943466,
    0.1508824100548482,
    0.3570970172370592,
    0.1930815942113996,
    0.48014294120204576,
    0.6290322834216244,
    0.5606002509136577,
    0.48699427621514824,
    0.39384445109682836,
    0.5626963752832157,
    0.5759877678778692,
    0.3630362395781979,
    0.4434630009694145,
    0.5637218447217219,
    0.18002171288959137,
    0.20921040262740492,
    0.2562804581933631,
    0.44392163236345983,
    0.2834343641552785,
    0.049412707862752765,
    0.5135404142623304,
    0.16907701136701103,
    0.09226091507480191,
    0.19883335232551597,
    0.459291367874096,
    0.41086959656592426,
    0.14182644585715443,
    0.17454562151764055,
    0.2894001502532827,
    0.09762988403131141,
    0.3865356773481521,
    0.4203227160346318,
    0.17143392135371507,
    0.5351168528822164,
    0.36505210345379796,
    0.26549829867269037,
    0.15976066814028655,
    0.2815312065052364,
