{
  "config": {
    "mf": 0.4,
    "mf1": 0.75,
    "mf2": 0.07,
    "T_coh": 20,
    "tStack": 1728000.0,
    "nStacks": 6,
    "gamma1": 9,
    "gamma2": 79,
    "gamma1_upper": 13.2664991614216,
    "gamma2_upper": 100.0
  },
  "mismatch_list": [
    0.10406460175561495,
    0.16716572195466314,
    0.08356470004151535,
    0.21036061329968156,
    0.27003072613493107,
    0.07497582427066495,
    0.05346091598555929,
    0.370367836473079,
    0.1317852373384937,
    0.335627429973871,
    0.13548979718625845,
    0.32783866540215956,
    0.3278175228201646,
    0.383777437785784,
    0.5827518219755563,
    0.15961841651168432,
    0.20746950074123724,
    0.16870994361652863,
    0.26247046408401176,
    0.04507381634338936,
    0.11821712087257497,
    0.18398930814207337,
    0.29582538092156285,
    0.09669494821314281,
    0.3156217767727161,
    0.0466556067471075,
    0.5045170855373572,
    0.2368975895613326,
    0.5856745670893702,
    0.055372313821404597,
    0.14828854051455406,
    0.1583246531288365,
    0.277518452866083,
    0.0995179166034648,
    0.08941165398635793,
    0.15377504054225627,
    0.2625019068982607,
    0.15000076438565674,
    0.2687843980322003,
    0.5434066424354607,
    0.26884072403910486,
    0.09597268508514444,
    0.33519590445417824,
    0.24271125749247027,
    0.3492877064125885,
    0.3652778411754061,
    0.20778902478810524,
    0.2892322022557942,
    0.44983011664308276,
    0.09732033494620514,
    0.05184703222660771,
    0.31517312034043243,
    0.19480070297458782,
    0.19098457534798793,
    0.4029828713643026,
    0.261739256017477,
    0.2798667431847429,
    0.6458914867279338,
    0.3370837743910855,
    0.3315086381542504,
    0.24537663232930645,
    0.29276941043530624,
    0.450931862012017,
    0.16141152431185504,
    0.14780632700982196,
    0.5224636680991941,
    0.2853236978094008,
    0.18093339186756546,
    0.11710990011702148,
    0.5496286332578453,
    0.7052545442185176,
    0.18128219025873424,
    0.09298691881346095,
    0.1538259995860391,
    0.47643306860290796,
    0.08353054663983113,
    0.5463079196967872,
    0.48132920268721135,
    0.1874461745100044,
    0.09988314115449123,
    0.1659911159954692,
    0.15647950204990885,
    0.23000234303177902,
    0.3763773172405396,
    0.0945803647431507,
    0.49064543749043843,
    0.3258415045798627,
    0.1036789935870754,
    0.428537313892422,
    0.5787623793883462,
    0.5576160567826867,
    0.07607176898248776,
    0.45741553294540127,
    0.08016378019824803,
    0.06302386845714339,
    0.2946199284773557,
    0.25927305514538346,
    0.2688990016689629,
    0.2935981996495102,
    0.24788137775472935,
    0.4691934148338307,
    0.3770863527018539,
    0.2237254899197048,
    0.35740889742735976,
    0.30849119704203354,
    0.44194176508899996,
    0.34576833389840045,
    0.38563196749723766,
    0.12460272275255166,
    0.3600998602095848,
    0.05825009028966747,
    0.09214994362520253,
    0.3159255252007109,
    0.2071423328378018,
    0.3531962108589819,
    0.23357771628237944,
    0.23554327165518119,
    0.09640014472368434,
    0.01312921814840206,
    0.6708255842156206,
    0.12702295206174327,
    0.43200632369206293,
    0.11772607085280394,
    0.42163632091750564,
    0.5164780405011637,
    0.2801071722902501,
    0.134081430166648,
    0.4915044226486711,
    0.6683574317205736,
    0.05725454573644655,
    0.39392609399037826,
    0.3042760709449639,
    0.0962008081236956,
    0.6497282690307904,
    0.21297188481131005,
    0.06342308377460794,
    0.6600084971494921,
    0.017925223132847085,
    0.2945995990715913,
    0.06598003511403387,
    0.19291950108277126,
    0.42871442367544166,
    0.3661356336751673,
    0.5246109412536554,
    0.218437838586253,
    0.053384152149392836,
    0.2941998416366397,
    0.2748188162040652,
    0.17503336462074057,
    0.06503241374666828,
    0.5253204104089594,
    0.15861799290107992,
    0.5131828335678714,
    0.05925962147405431,
    0.5607705300163405,
    0.6206510928600634,
    0.28106243751418314,
    0.5108669618749372,
    0.6343708395871103,
    0.17447774840826175,
    0.45003552495892646,
    0.16920381264723233,
    0.1399235050541071,
    0.20762807010619974,
    0.05757038338440261,
    0.49956158958822167,
    0.43376701286650804,
    0.5641797171512853,
    0.2064609453683271,
    0.4796591013448525,
    0.6928839110697463,
    0.5396562736600401,
    0.11738182624852639,
    0.493947583527565,
    0.18864100145146537,
    0.4825105309032447,
    0.11668086833776913,
    0.13143774002929387,
    0.03229068599872082,
    0.27629939327295083,
    0.11357437250171933,
    0.3306761625411345,
    0.23361561029472433,
    0.5226184968534959,
    0.06730258493544411,
    0.6451872761122543,
    0.4561315276773204,
    0.56536329515489,
    0.08814494226611398,
    0.46992619504107785,
    0.27505962479181334,
    0.5420276039718996,
    0.02050244966628874,
    0.1408221190006433,
    0.5968002003232538,
    0.42251623181073855,
    0.3421529523772557,
    0.17055899794136306,
    0.1414760753252732,
    0.19404667176184823
  ],
  "statistics": {
    "mean_mismatch": 0.28571820415884347,
    "std_mismatch": 0.17631754582645207,
    "min_mismatch": 0.01312921814840206,
    "max_mismatch": 0.7052545442185176,
    "valid_samples": 200,
    "total_runs": 200
  },
  "perfect_2F": 2305777.25
}