{
  "config": {
    "mf": 0.03,
    "mf1": 0.2,
    "mf2": 0.05,
    "T_coh": 60,
    "tStack": 5184000.0,
    "nStacks": 2,
    "gamma1": 3,
    "gamma2": 5,
    "gamma1_upper": 4.0,
    "gamma2_upper": 6.000000000000001
  },
  "mismatch_list": [
    0.029152764365390063,
    0.0429806630313474,
    0.017167631394817646,
    0.0381961511105457,
    0.0769737412755229,
    0.016407293576124856,
    0.05731800755205773,
    0.0917607541649078,
    0.03680298150150636,
    0.03476794481099617,
    0.09300321511799367,
    0.07134034568301019,
    0.013846619789166903,
    0.052962491253838194,
    0.07152784604442183,
    0.026946273990504994,
    0.038457379447531706,
    0.017180063955404695,
    0.042318267768442115,
    0.053326432780325325,
    0.03937890685988215,
    0.020132724812499638,
    0.03509914244244881,
    0.03822679881803936,
    0.052076815876669,
    0.06912937380372745,
    0.035195422504669435,
    0.05260931979437123,
    0.013136445906796274,
    0.07008465706371832,
    0.03059277292361782,
    0.03857346486789682,
    0.07676339969814899,
    0.03342985433665061,
    0.10251600330763938,
    0.05169552659122319,
    0.025310524885360227,
    0.06712541851468488,
    0.03803850335100877,
    0.04699247685519826,
    0.023545607258302348,
    0.06405399779105203,
    0.03678968155297138,
    0.05719989822648078,
    0.027738271469297356,
    0.04792267814702804,
    0.09599693233795747,
    0.07811088687526382,
    0.05144391180399346,
    0.032631568295235724,
    0.061070327814818456,
    0.016589878739164877,
    0.059980599422897886,
    0.029562460606130696,
    0.02277883631232905,
    0.006555934957469077,
    0.036248865167434786,
    0.04373398946412772,
    0.01971095742281693,
    0.0505904020632268,
    0.02976723644417202,
    0.02623747347238526,
    0.014640062914539157,
    0.01415700010986914,
    0.057737823318857594,
    0.07353223502743837,
    0.008640918737314452,
    0.07089154470228354,
    0.01638727137099339,
    0.026398084807410963,
    0.0445846079117346,
    0.028998369310657884,
    0.08096068997819965,
    0.037844931273961595,
    0.03902479573013826,
    0.044386843459605745,
    0.05403053494706042,
    0.0315896908051095,
    0.061399501541059255,
    0.02058803120283578,
    0.03361041559447878,
    0.055807885134705346,
    0.02288480220663494,
    0.012092833640774172,
    0.015514606813043202,
    0.05162685837867845,
    0.0429414860090324,
    0.011485228383246691,
    0.05002298578062024,
    0.0063076451573730865,
    0.02936845483510955,
    0.044825018937970196,
    0.05000151792890888,
    0.018455702497499032,
    0.012313005614891317,
    0.062346327768557766,
    0.024414802264460803,
    0.04993509046856297,
    0.08927070021337744,
    0.024496770425540527,
    0.018134479827447623,
    0.015225622061723326,
    0.061096710864901434,
    0.025591847709806687,
    0.07742861397188507,
    0.026158252039807324,
    0.0457184285243418,
    0.017032174310282016,
    0.07268754373080905,
    0.054095589043155444,
    0.07697460866347082,
    0.046380534657931106,
    0.039894930406573645,
    0.019064608836948414,
    0.01178317614336188,
    0.05463647771102103,
    0.07344347232743317,
    0.017841736395020038,
    0.0066692013670034056,
    0.05845826129194544,
    0.01085449278044098,
    0.031955656236808475,
    0.06840683964309877,
    0.02532143951703839,
    0.01514459357092053,
    0.07874379094793937,
    0.019812008118751192,
    0.08130836798066303,
    0.1027010460698652,
    0.056685248044040175,
    0.06443976858089549,
    0.06879976638351269,
    0.012688440031688572,
    0.05777063949622108,
    0.07050375000722824,
    0.06380534657931106,
    0.0917920524133624,
    0.06947285943110916,
    0.08040267039836237,
    0.0072256307356028055,
    0.0032195994980715073,
    0.09351266097274667,
    0.035841626525879966,
    0.05109023436822353,
    0.03680392117178329,
    0.01771003799159212,
    0.03138505953172616,
    0.0167332868798899,
    0.03858965610959158,
    0.07123857216378597,
    0.030570076272313555,
    0.020744161033463826,
    0.04390688879508249,
    0.04275918997530836,
    0.03427107608148821,
    0.03157017457628099,
    0.060817484227995815,
    0.023026620136122083,
    0.02787553561205785,
    0.04677794290274268,
    0.04491356479098842,
    0.0031708812083292375,
    0.023767658572973346,
    0.076998317267381,
    0.07275042935703423,
    0.062363169551213474,
    0.045581814922542256,
    0.022111453568723148,
    0.0465008124533779,
    0.04333340079684039,
    0.040662713305152864,
    0.07443352338767037,
    0.05117480469314706,
    0.0482692719145565,
    0.0681518275864063,
    0.09366329734637113,
    0.04739378834577553,
    0.001346041530534947,
    0.0038543829113009084,
    0.02032318874940006,
    0.04898067459652004,
    0.06218795718573089,
    0.021431638264530192,
    0.03221225850473883,
    0.024517009477658978,
    0.008565600550502218,
    0.016358647568711582,
    0.004437990435602227,
    0.04627717092746902,
    0.07766533859934194,
    0.08303728900788167,
    0.01667683438094522,
    0.02372674677476248,
    0.021130437799610255,
    0.05933425083702937,
    0.06834286978193867,
    0.056562368084749584,
    0.026624689908808615,
    0.04288770795626052,
    0.07485377284844419,
    0.046770280975869265,
    0.026999401502315924,
    0.08284639137700728,
    0.06230331978280606,
    0.03071695396483031,
    0.04944161900851775,
    0.05882552780556632,
    0.035457373664945384,
    0.07766468805838099,
    0.07760274210243273,
    0.07475684224526262,
    0.0835330735024547,
    0.09023682582271747,
    0.04918732977511522,
    0.01583532350679165,
    0.02205565161073942,
    0.05921780400501928,
    0.06615784725876496,
    0.03375281178259788,
    0.034562807561309875,
    0.02386285440025906,
    0.03905558800228991,
    0.027483765388907844,
    0.08134841239092597,
    0.04061681402624138,
    0.0417699340206901,
    0.004911295125857991,
    0.016729528198782186,
    0.049784164965622525,
    0.062021563264385626,
    0.10100472437302307,
    0.016066916088889917,
    0.07415530870337067,
    0.024022309218020853,
    0.06216179098263489,
    0.0634679326675649,
    0.008367836098373358,
    0.016757501460103047,
    0.019053188228967288,
    0.035615382836127286,
    0.05193066100744219,
    0.021729947436290354,
    0.028871369258614606,
    0.08524363481810875,
    0.03132889616209746,
    0.018752782869666286,
    0.07140091827470754,
    0.037107579235889046,
    0.024828690880283114,
    0.0010960892368720833,
    0.023457061405284127,
    0.0008071767678812026,
    0.026882087282357907,
    0.09000870279241094,
    0.03470245702092718,
    0.062290598092903035,
    0.013134783413229401,
    0.03906296079984734,
    0.03293139539590477,
    0.04666706181006517,
    0.06969375422851624,
    0.06300257903349853,
    0.03193491120838706,
    0.009622368200401311,
    0.0533346006835017,
    0.04227605488830934,
    0.036239757593981486,
    0.046410170412818835,
    0.09092365251282289,
    0.04317929487142419,
    0.029291763284046424,
    0.054086553752031134,
    0.0435892802414808,
    0.05986169499170199,
    0.005149176270578779,
    0.020798806474183643,
    0.06686708147085865,
    0.07254030462664732,
    0.07360046954600914,
    0.014216922160605553,
    0.03392585567821064,
    0.025383385472986648,
    0.03303468684403786,
    0.04071678048724072,
    0.01094997773704267,
    0.019758157783650317,
    0.0521826372063169,
    0.018808078851347054,
    0.045027987717786655,
    0.06208799072473154,
    0.06003090792387803,
    0.025789684444264542,
    0.05527646545193803,
    0.050585342300197185,
    0.015273762092833642,
    0.041006488061850546,
    0.036449520912723424,
    0.06049720122822133,
    0.025159310253103803,
    0.03277938565802941,
    0.05818676886424222,
    0.02865228151943238,
    0.01657404890911509,
    0.06860272475467377,
    0.032443345110534136,
