{
  "config": {
    "mf": 0.25,
    "mf1": 0.01,
    "mf2": 0.0001,
    "T_coh": 20,
    "tStack": 1728000.0,
    "nStacks": 6,
    "gamma1": 1,
    "gamma2": 37,
    "gamma1_upper": 13.2664991614216,
    "gamma2_upper": 100.0
  },
  "mismatch_list": [
    0.10311177606037367,
    0.044413191973668706,
    0.1257525539425874,
    0.2357983921445875,
    0.21929839588519817,
    0.21123754254673568,
    0.0024846328666533017,
    0.22178595618628155,
    0.137127588326389,
    0.2882904357572888,
    0.28107024400599667,
    0.14082602224655005,
    0.10237314098426634,
    0.11442078053425245,
    0.2742268239082052,
    0.03141484098664082,
    0.20413461080789275,
    0.13962262984879367,
    0.09559759399585367,
    0.2729699787262256,
    0.06403123117158203,
    0.1683700901638962,
    0.022387392168765945,
    0.15466996808988048,
    0.28767751772642863,
    0.06320320092185995,
    0.008394147169501598,
    0.04579461575417271,
    0.05501809425536531,
    0.037287057606379986,
    0.089424881653042,
    0.1980381743955092,
    0.027968491697958592,
    0.06069124533385926,
    0.11752993274598879,
    0.04362159201907646,
    0.2698357806865875,
    0.0684988213823714,
    0.12913726447299187,
    0.07265642881406487,
    0.17828368422610505,
    0.1639590428070063,
    0.1132536015846311,
    0.10854758810303658,
    0.24133417065186266,
    0.18215895687054223,
    0.053342192255895066,
    0.13160135108688592,
    0.002219645838982649,
    0.0189365975166899,
    0.10418229546205378,
    0.1986388947829107,
    0.2921014132677617,
    0.2706849535183045,
    0.29357000954018353,
    0.2188313074583548,
    0.0697564255288329,
    0.05475408303917135,
    0.004294221038430383,
    0.09899840541562359,
    0.07263431042059318,
    0.26802077133993985,
    0.08960085298933883,
    0.014279591455924818,
    0.1745154797853605,
    0.08813962951474089,
    0.09620341028763345,
    0.040573807506874324,
    0.14992231998528044,
    0.1306216363642869,
    0.058438313481171664,
    0.17474994559851018,
    0.15797384890296562,
    0.2815863940654182,
    0.242042284513449,
    0.06061610785015396,
    0.09029205278532917,
    0.2718176537957494,
    0.2112823214511661,
    0.27367310510693105,
    0.24139093035275694,
    0.030662598761608498,
    0.09174069913422753,
    0.19126951229918207,
    0.2943161258376122,
    0.08720772955449978,
    0.08604944133166607,
    0.2819998128610435,
    0.27373761708789013,
    0.006878169828711474,
    0.17700065476950086,
    0.31415567424073465,
    0.22324815547235619,
    0.20890898530460444,
    0.10613690006161708,
    0.2849195492228041,
    0.2646707021169579,
    0.04147209618291825,
    0.02408595467919493,
    0.0032683179059345927,
    0.061026924481841396,
    0.22515391528633616,
    0.11736014154904434,
    0.25547888327700913,
    0.013795046845998409,
    0.08681881446928921,
    0.13083387536046748,
    0.14621195948040425,
    0.17911512981599556,
    0.005555511583803828,
    0.01967680473350968,
    0.2915749087643375,
    0.12264567862429665,
    0.24487913111143952,
    0.043170333422855,
    0.09102255609913074,
    0.2964970102762707,
    0.1830596850752779,
    0.2826516549274739,
    0.11968837352068336,
    0.1518564867555819,
    0.00758595841980559,
    0.24700005735603012,
    0.07971230475503174,
    0.11576729194859035,
    0.28220549223563074,
    0.06017200520476157,
    0.22265778952895737,
    0.0073195618866686045,
    0.28115226638178753,
    0.04877355134551934,
    0.06267593745395389,
    0.18019150408653584,
    0.14612175113055892,
    0.23752102467144157,
    0.28147385047510637,
    0.2035088445925895,
    0.07076270400829743,
    0.2613625927874738,
    0.26604735526357587,
    0.18372779066631986,
    0.2580815893323422,
    0.2664413662531647,
    0.2392432777160547,
    0.07022264656769697,
    0.20303958769579794,
    0.27216260315276014,
    0.16638230797412537,
    0.0281409934823383,
    0.20880050759544547,
    0.13922265556684726,
    0.12850900451724817,
    0.23887599311857746,
    0.01842082693950934,
    0.2051663688092487,
    0.2112802071929666,
    0.022940677276050453,
    0.1677891028530234,
    0.2009885946070369,
    0.21216380448511143,
    0.2432901305451436,
    0.2160324090844579,
    0.22184092689946855,
    0.11662302440190075,
    0.17854352113764874,
    0.051330285837950455,
    0.043639373472651746,
    0.16165038127664982,
    0.05513725167901917,
    0.23388872908470076,
    0.14035329579784137,
    0.034889271961152296,
    0.2614182140416452,
    0.28354734143958,
    0.017795114935954783,
    0.19075764496790826,
    0.023428366167401758,
    0.13143687264131457,
    0.21514550487564205,
    0.1360815726351236,
    0.023582327533724315,
    0.16372067374794985,
    0.04866566996559614,
    0.18718525336348663,
    0.2539253914061151,
    0.09129361484265636,
    0.07239491133831134,
    0.13281254997645583,
    0.008817432503391216,
    0.057309082755643906,
    0.24156999175872995,
    0.15295178092642023,
    0.31189932704787865,
    0.2877704366637092,
    0.2405348184172056,
    0.10672460962932934,
    0.056989341861781076,
    0.10776135511156615,
    0.2951953861898606,
    0.0024141575933366386,
    0.13380386601327776,
    0.0608513868395342,
    0.13193437385918153,
    0.051992644983629675,
    0.26601179235642536,
    0.0425557890395337,
    0.0808055388794193,
    0.198649682920903,
    0.18519465216278314,
    0.07428256442822381,
    0.1547621280626792,
    0.28605626116965316,
    0.2537525643512431,
    0.10510969584715237,
    0.22533774732619524,
    0.0014002894690533858,
    0.2950632179465175,
    0.01685562533089496,
    0.015849021580938195,
    0.23415382453586883,
    0.11967769380618845,
    0.2826326808154271,
    0.049185994329667936,
    0.30687422321340574,
    0.2844467685623467,
    0.21953730706174165,
    0.24537424701236343,
    0.09544992119238091,
    0.01180558409201772,
    0.07705115843459455,
    0.07876630974012731,
    0.03256380478869724,
    0.15752280715373898,
    0.04951419225632876,
    0.2792201596579369,
    0.13947804711499712,
    0.1776292399957368,
    0.016290413638895326,
    0.11653102706434815,
    0.22792662938560848,
    0.05397028957639265,
    0.04122337267985913,
    0.014427697953387221,
    0.1183486927866823,
    0.32123269276369654,
    0.005618614059296594,
    0.2824123642686895,
    0.08224648716000153,
    0.07286677039904076,
    0.03512444252703513,
    0.08423204666807545,
    0.27603635786823355,
    0.27557637118047057,
    0.2955664113979985,
    0.03699019407047072,
    0.14663622062577056,
    0.08726801301905987,
    0.25271614413949856,
    0.03296096005971099,
    0.11172450500065434,
    0.0413584683576323,
    0.2629633573032387,
    0.10707286590301106,
    0.10380975232495217,
    0.05687050970861944,
    0.32566423216159696,
    0.1875527548079587,
    0.04778462062564044,
    0.23215427839662897,
    0.30782759102613405,
    0.023586881320615545,
    0.06254962407947096,
    0.2869363889098809,
    0.0899316530799375,
    0.317517615836683,
    0.2847438489452508,
    0.3101885126822423,
    0.01766815102048738,
    0.10060648851746372,
    0.04389286760959691,
    0.06632883350520265,
    0.2791877410322112,
    0.035951171694788286,
    0.27116277587139154,
    0.1164362649276116,
    0.2986803342436209,
    0.05754295223955781,
    0.18402291942627055,
    0.0964345149723634,
    0.08394819395185542,
    0.057300192028856264,
    0.05116797586232731,
    0.2509248253270351,
    0.26613973208336944,
    0.22967528355184103,
    0.07039091983567769,
    0.0866060875673703,
    0.018898432445601493,
    0.30223727549966156,
    0.13808312460906552,
    0.24533434716531646,
    0.21084803113228937,
    0.14364047939232533,
    0.28108135741448126,
    0.02157584229065022,
    0.14937261285341047,
    0.0790369347896633,
    0.05223323672438302,
    0.0719142699742917,
    0.21541488305495782,
    0.27554427782523716,
