{
  "config": {
    "mf": 0.05,
    "mf1": 0.25,
    "mf2": 0.01,
    "T_coh": 20,
    "tStack": 1728000.0,
    "nStacks": 6,
    "gamma1": 13,
    "gamma2": 23,
    "gamma1_upper": 13.2664991614216,
    "gamma2_upper": 100.0
  },
  "mismatch_list": [
    0.051465171152406224,
    0.09948876261217741,
    0.10714387951789425,
    0.025604440010983123,
    0.05240644736191623,
    0.04285459104319594,
    0.08866821893584233,
    0.044723820024388024,
    0.05888632602256137,
    0.034096651244305484,
    0.0899040911595476,
    0.035766953896816715,
    0.05249551701109922,
    0.064845973782092,
    0.10402033522081842,
    0.0770735588486717,
    0.016406888446353626,
    0.008285019438581596,
    0.05329251766005589,
    0.11827937446066171,
    0.03899005388210677,
    0.06766628650341742,
    0.071035635891902,
    0.0329540430853957,
    0.05148256564068157,
    0.09732567780778051,
    0.03411712986170767,
    0.0516962341065887,
    0.04446358120866569,
    0.06101375829425207,
    0.031348877240043226,
    0.06798598732870513,
    0.011516569937679176,
    0.03256815684904612,
    0.050524141673226365,
    0.014945257970564042,
    0.053728243423095116,
    0.06457358349760996,
    0.051907188538864196,
    0.009698290769662408,
    0.09965863644448347,
    0.07097216451447173,
    0.05374674819785613,
    0.04698140254523115,
    0.025332851600074046,
    0.04296802531248093,
    0.06122236878839118,
    0.04677661637120931,
    0.07158979221341168,
    0.07212476525175246,
    0.01786383104587042,
    0.053761552017664936,
    0.02300741823844055,
    0.023599262617880163,
    0.0786290085324996,
    0.03905864491388758,
    0.0645186859991523,
    0.03299228628656845,
    0.00906752468064214,
    0.03215852281841992,
    0.05584537470350218,
    0.08093001559144856,
    0.021717265342102984,
    0.05808062812946703,
    0.14265188993322192,
    0.013190265132229926,
    0.08092853520946768,
    0.12106471315768882,
    0.060611032712869974,
    0.03325110640289244,
    0.029877562598795378,
    0.025492486123679017,
    0.055299915626130174,
    0.05613244544262798,
    0.12060820036433473,
    0.10250121657810464,
    0.009309628817098677,
    0.06548229130354058,
    0.033919745597590235,
    0.040439841302049306,
    0.08357305257056351,
    0.09927367544687195,
    0.0678607100035731,
    0.02791698171286645,
    0.09136177395005483,
    0.1046469068942262,
    0.06889259792682952,
    0.006291931831655826,
    0.07456610018597241,
    0.07929147946894373,
    0.08021122845714843,
    0.0829556716019537,
    0.0996272400099723,
    0.10061292767890873,
    0.07963042525998289,
    0.028243159209320506,
    0.021263034804302746,
    0.11740662760034998,
    0.05605669923127291,
    0.03563334942304223,
    0.06450696630847032,
    0.0496244395243461,
    0.13205914003419486,
    0.05892074490361685,
    0.07414968107126717,
    0.07864387403489094,
    0.08065065517513986,
    0.06715018833533289,
    0.07511112748526667,
    0.06815524433518583,
    0.08331768667886158,
    0.08444764990835134,
    0.13077182453665398,
    0.10403156145084011,
    0.033990803932672516,
    0.06360948473256137,
    0.04228680287094564,
    0.05813392188077874,
    0.08428030506192928,
    0.019792768766958024,
    0.03424734179344264,
    0.05807396641055307,
    0.03253706882744763,
    0.028886385180013185,
    0.02718012158188306,
    0.08445209105429399,
    0.07899416942111685,
    0.04079982085373347,
    0.0641894243735714,
    0.03217011914393681,
    0.06203491344814709,
    0.06281007846288578,
    0.07338247310967572,
    0.09218739531730853,
    0.03455427432414524,
    0.03228756278108669,
    0.019001627963342343,
    0.07146587190509546,
    0.05650469982823694,
    0.021417611356139708,
    0.07058960913757913,
    0.10265505293895116,
    0.02859777237632398,
    0.05063202451008305,
    0.0412079745023788,
    0.029026528007536564,
    0.042016263063939685,
    0.0688406611923336,
    0.03227627486848247,
    0.02474538668399454,
    0.02457927548922321,
    0.061755121253760634,
    0.020700427968985528,
    0.05784129970922464,
    0.12545515601748589,
    0.07502162605800591,
    0.09196823710155565,
    0.048076885211082894,
    0.11066774377563325,
    0.07824139518383899,
    0.077095086069977,
    0.0872791271771159,
    0.04561901934474311,
    0.04470926293490936,
    0.0699510093605767,
    0.016330587091755732,
    0.08787072482622538,
    0.004278612337658021,
    0.07651397445989878,
    0.019344829852576528,
    0.032917033535873684,
    0.040835658434187294,
    0.024096177502795798,
    0.05920078382833346,
    0.047048513195031075,
    0.08206892279540615,
    0.006753070818700177,
    0.016006383437942848,
    0.06922963155781002,
    0.048926192690030686,
    0.061830929147698235,
    0.0626712926521782,
    0.06946501229277006,
    0.06754211946477105,
    0.24099551540060554,
    0.0835893367723532,
    0.04680276978620487,
    0.09590833542625227,
    0.043502936668239164,
    0.053859997419393506,
    0.08393932374566641,
    0.04583009714218369,
    0.08832230301297653,
    0.028317918499354982,
    0.08747817687096182,
    0.07004526034669277,
    0.06383055510837289,
    0.08918912834536474,
    0.06693306564480371,
    0.060414326957160445,
    0.0629214155243645,
    0.06403102350161716,
    0.0374627314559156,
    0.013361125885856577,
    0.08768154434558532,
    0.016334041316377786,
    0.023802568409921118,
    0.099285518502719,
    0.05363226532466802,
    0.03345663276790471,
    0.08446806684317099,
    0.02549612539604868,
    0.05065373677913597,
    0.08864755527069254,
    0.022070706540038263,
    0.07309799303901647,
    0.16852915200676485,
    0.06621057755555136,
    0.04435545164147886,
    0.05165367312463837,
    0.011736653392170112,
    0.07130747103314122,
    0.045736216251562836,
    0.030745498217669247,
    0.06400258783106774,
    0.07287951333167149,
    0.042566841795662246,
    0.06110498683382384,
    0.06973314647905708,
    0.0820227842236687,
    0.03605100218939821,
    0.030812608867469175,
    0.009316475583760251,
    0.05905940734915935,
    0.06900899296007626,
    0.04846344995584038,
    0.08607650186539792,
    0.0786644760174582,
    0.07763369838068744,
    0.0960867214549484,
    0.02331854518475565,
    0.04885476425945319,
    0.04886056242221164,
    0.05759950398568079,
    0.08148639248592957,
    0.11451069203283457,
    0.0865719980509152,
    0.047480846416030786,
    0.08554849895888378,
    0.03865869504871963,
    0.07145230173693738,
    0.11774162570610679,
    0.018404108786309353,
    0.03907005619165687,
    0.07313537268403371,
    0.043721107962671465,
    0.09385578580976113,
    0.00683387500182325,
    0.08252759447914902,
    0.07550392217086035,
    0.022061084057162537,
    0.031492659339936266,
    0.07069669010086284,
    0.007665356214417932,
    0.0901019072017428,
    0.11226106656513868,
    0.01466830317497427,
    0.05245986447839301,
    0.099920047229274,
    0.10360928249079387,
    0.060666053576492705,
    0.04291824746837381,
    0.06418424303663832,
    0.043215372468453084,
    0.10417349307325705,
    0.05649797642674045,
    0.09942615479090267,
    0.04882268931653411,
    0.07358386674165804,
    0.033966686042900665,
    0.08105739012438684,
    0.10304747752904964,
    0.04413462799599749,
    0.08943006051275308,
    0.031814148960117535,
    0.07209195011784293,
    0.03361817945156832,
    0.07700940896283354,
    0.02084063247909144,
    0.14003944751504516,
    0.0570068577326682,
    0.07545093683246133,
    0.0744847408596065,
    0.062368677902253165,
    0.06157210903137426,
    0.011664361405437104,
    0.12356261102009493,
    0.031636256392081695,
    0.03835934947566904,
    0.08675482522555397,
    0.038312470712941145,
    0.026908409805808907,
    0.013832257451271873,
    0.07638622983146527,
    0.08258508264607323,
    0.023293810469158436,
    0.08596312927869547,
    0.04851982783627892,
