{
  "config": {
    "mf": 0.005,
    "mf1": 0.7,
    "mf2": 0.03,
    "T_coh": 40,
    "tStack": 3456000.0,
    "nStacks": 3,
    "gamma1": 3,
    "gamma2": 15,
    "gamma1_upper": 6.4031242374328485,
    "gamma2_upper": 23.685438564654024
  },
  "mismatch_list": [
    0.2750652410723899,
    0.0013238497550877952,
    0.16280364922817173,
    0.3223060768823848,
    0.1564262930656403,
    0.214302597358524,
    0.073845878951125,
    0.13980688273933028,
    0.30550847269264425,
    0.30647360361769865,
    0.022901299682178477,
    0.32754899897550727,
    0.014253123759568501,
    0.05667139501128742,
    0.20095990491701218,
    0.14091578309724678,
    0.09481783838212332,
    0.08499375643831722,
    0.2366931685991512,
    0.21056659793707128,
    0.07266623232251279,
    0.16821701291138413,
    0.15954926656446677,
    0.1758842823037501,
    0.32344495631133174,
    0.21253388637942922,
    0.3213232187308802,
    0.3180692697607887,
    0.15756517249458724,
    0.04066040261296065,
    0.17647134082127042,
    0.3184337350312005,
    0.3199350196858952,
    0.1379801652394352,
    0.02285261757406755,
    0.331873466418724,
    0.30747478532437195,
    0.11548561595498087,
    0.12951647173765093,
    0.3313628464005761,
    0.2888023236436422,
    0.01845995181013414,
    0.2630943215302532,
    0.01771985365876401,
    0.15996734720784256,
    0.18386457006163112,
    0.28719722358022537,
    0.3198444319323837,
    0.32045024769868613,
    0.3035264386674287,
    0.32025177865882637,
    0.0030346626367856104,
    0.08154806067937453,
    0.0036913831909679835,
    0.0833662127304038,
    0.3207843544161557,
    0.16400888377997813,
    0.3240165102821708,
    0.23622580951894595,
    0.12572338739432648,
    0.325297424369526,
    0.057351751867403385,
    0.004130931668210074,
    0.09315993612126768,
    0.20468419461090148,
    0.31980127941784436,
    0.2938182071301182,
    0.2841875525379154,
    0.32239433353272395,
    0.008248960951419701,
    0.04980624195701641,
    0.30397753423712914,
    0.3220211401783413,
    0.10386474137060843,
    0.16302786882633075,
    0.2679751094561363,
    0.32295726784299555,
    0.016292784823672645,
    0.12353773421759125,
    0.2894297156672143,
    0.08198598280556615,
    0.016934109254577175,
    0.025830900041103312,
    0.2722453651976705,
    0.3237068530421601,
    0.2584088041538307,
    0.1322452719535436,
    0.015089501893126835,
    0.1622282462265132,
    0.32647381829603733,
    0.3173992131279924,
    0.14250098746614615,
    0.32335984393969014,
    0.011499928277918674,
    0.1830296556440182,
    0.24035858438501323,
    0.32069035132543816,
    0.33332747846955163,
    0.22968061392800534,
    0.3258273979651746,
    0.26545486165661636,
    0.3213803578644536,
    0.24399526796898352,
    0.12698619477331974,
    0.032650298419154254,
    0.24709227406270406,
    0.09058786193493923,
    0.32581183920679174,
    0.08744998021815005,
    0.22619734945979666,
    0.3242756964279151,
    0.2239200785072179,
    0.18486271591301018,
    0.032056029745310174,
    0.03898406837353294,
    0.16369754597721525,
    0.25987479699073013,
    0.03872504486289373,
    0.045978895818228595,
    0.29156901783901096,
    0.29899038295254493,
    0.32423688084951036,
    0.31831517403962073,
    0.028986237925834272,
    0.010285260890019528,
    0.24774330238820977,
    0.2352637686608875,
    0.32369194482419744,
    0.2504358891873785,
    0.32187704547526913,
    0.32234781989268035,
    0.029791715389433555,
    0.05411336165569476,
    0.25275197571836194,
    0.21224743174773864,
    0.08816340621229238,
    0.3192888162018393,
    0.1357188325271511,
    0.32233914602041114,
    0.1192451974666655,
    0.33113109137588326,
    0.31960481621094683,
    0.15459339543175338,
    0.0320062634031656,
    0.31987901899805715,
    0.31484155925431156,
    0.017986358384235412,
    0.3236124704695308,
    0.018479684869546587,
    0.24952784318419585,
    0.038059325166232054,
    0.1653901979388494,
    0.32867345809180665,
    0.32223722802124793,
    0.15864024475065383,
    0.3228362673248401,
    0.33235790218495925,
    0.08026324334949818,
    0.07522795207381985,
    0.09640179588188398,
    0.29406112976535764,
    0.03378982838852139,
    0.1715792768614374,
    0.32220426730662494,
    0.09330630771581055,
    0.31977471568401994,
    0.016985610371175595,
    0.3107996974119659,
    0.08760632676580252,
    0.07744553594284612,
    0.017110080438238723,
    0.31966900286573896,
    0.3034631193998635,
    0.0459512478503705,
    0.08339180065359796,
    0.13128572483376252,
    0.04789593001312682,
    0.33089727630652643,
    0.14955474303057073,
    0.12620516678717927,
    0.31865199134217437,
    0.32559119758094374,
    0.17817900942427065,
    0.0794099511650149,
    0.04918139788342337,
    0.001139855239577231,
    0.31893172372285633,
    0.16953311039313135,
    0.3231142107193665,
    0.32744816521037773,
    0.32111992484957064,
    0.04220283394923248,
    0.009880407901854267,
    0.06173303317398346,
    0.1853055170923532,
    0.30129096493684715,
    0.245332833284597,
    0.3232647566149389,
    0.03677212252148166,
    0.00831217179558155,
    0.27724785839383087,
    0.2931900561427225,
    0.15466116005885655,
    0.022129867167235834,
    0.31990428165104123,
    0.325207270309628,
    0.10578172135380497,
    0.0007181966238903814,
    0.31937463332560273,
    0.3176657720651655,
    0.16154615459594338,
    0.32592454533458975,
    0.014642038507439092,
    0.32994287929840516,
    0.24595079247207638,
    0.3204035714235375,
    0.19009257298602716,
    0.2629745136695348,
    0.041879515360397766,
    0.32093945409466945,
    0.05346683290142871,
    0.25311232089944585,
    0.16563490956024443,
    0.09915835248903812,
    0.10111420226234105,
    0.016219490602997842,
    0.07422948095223071,
    0.09503208302717275,
    0.197469213445673,
    0.20144385277793228,
    0.0788443062696592,
    0.3230359832338386,
    0.011942621033858352,
    0.18142742880079055,
    0.2725240675560205,
    0.049969419179080876,
    0.028304579988877927,
    0.31907896270462616,
    0.1400864524849072,
    0.1947081030555775,
    0.12195296354230535,
    0.19171268969081007,
    0.32294555811543213,
    0.047556890030804176,
    0.05429648878397841,
    0.32306059534640247,
    0.18590981493100855,
    0.3269141799488046,
    0.1178272361974568,
    0.27484969534650006,
    0.06719236838022266,
    0.32775597925253125,
    0.325127850166663,
    0.32176634518043334,
    0.32112686394738604,
    0.32363941368526705,
    0.32499909737516697,
    0.32100748978028104,
    0.005389727381278813,
    0.06394768961111887,
    0.1994083660148577,
    0.014531880329620156,
    0.18528220606062973,
    0.3216659451089173,
    0.05145525349879612,
    0.3217051943809354,
    0.15093085286608052,
    0.07018257742162859,
    0.06360680643093901,
    0.323688421063588,
    0.057002736931971144,
    0.21285243433851586,
    0.24198401383656104,
    0.32349613215772005,
    0.009505913466631233,
    0.07835553356728936,
    0.047767231433332454,
    0.050933194811593197,
    0.014539578391259078,
    0.025806721622152896,
    0.019046088728725836,
    0.3243333234668036,
    0.14315147367463502,
    0.19836793503616626,
    0.07522090455260112,
    0.04467163484385566,
    0.3231472256456912,
    0.02013704501338541,
    0.32428426187678094,
    0.3260648452185442,
    0.15759596474114293,
    0.1896181121729015,
    0.323741711166342,
    0.020844399296939282,
    0.23598109789755095,
    0.11170830721684605,
    0.3227959338187883,
    0.32068265326379924,
    0.3241326859588765,
    0.14946464318237435,
    0.1527075329653226,
    0.32693857521456177,
    0.10357107658259408,
    0.172169696504462,
    0.024779084605058538,
    0.10318216183472348,
    0.21797950602514274,
    0.20869645686412847,
    0.32128337313014355,
    0.012698549002119785,
    0.10551207234963599,
