{
  "config": {
    "mf": 0.05,
    "mf1": 0.1,
    "mf2": 0.005,
    "T_coh": 30,
    "tStack": 2592000.0,
    "nStacks": 4,
    "gamma1": 1,
    "gamma2": 11,
    "gamma1_upper": 8.717797887081348,
    "gamma2_upper": 47.70744176750625
  },
  "mismatch_list": [
    0.360014242514223,
    0.1901434920297144,
    0.30120178080579785,
    0.21735953154098164,
    0.40174869797803137,
    0.14206633264510898,
    0.039372051422241976,
    0.35602526875300516,
    0.3170665278074537,
    0.10291228479014554,
    0.0464995248158318,
    0.40431898605789124,
    0.15477169041527367,
    0.03334861864092413,
    0.04197696274770077,
    0.3638737585867818,
    0.07172129429353978,
    0.22097596207084885,
    0.37085666728058475,
    0.05086458364354508,
    0.3935596859939069,
    0.2746166939267502,
    0.2985668723051333,
    0.3376236281171402,
    0.04206731568506754,
    0.39106840252248054,
    0.3477142441622606,
    0.2794731281690389,
    0.3458799349690154,
    0.25790046084335,
    0.2369260022453789,
    0.2236953686385388,
    0.3278531505996977,
    0.1328403580694136,
    0.38877018520761947,
    0.34965148342175395,
    0.286203699179364,
    0.13836012743667417,
    0.1017705127912292,
    0.10508740526313812,
    0.2829857612444592,
    0.3844862994588365,
    0.27473921250981953,
    0.12693026401272864,
    0.18368311244329089,
    0.001055177743744035,
    0.42065595365140074,
    0.32009356805629,
    0.3453507558854458,
    0.3411936533783758,
    0.33286564243540634,
    0.40509475637812226,
    0.3505778540179879,
    0.32542468049032874,
    0.3965262981982323,
    0.31613430234087836,
    0.05850287640383166,
    0.4267718355582322,
    0.23401468603872194,
    0.18835146801115693,
    0.3898095331167369,
    0.13982579664546288,
    0.13642050285963433,
    0.2994924477955184,
    0.10933767971922066,
    0.2815033948128451,
    0.180425202368895,
    0.32726296521281806,
    0.12172109190296007,
    0.03899199082650241,
    0.3193513728875845,
    0.3003103948669123,
    0.3026360794747328,
    0.33926017280107695,
    0.05912811873040968,
    0.2986027966330303,
    0.05031458724320611,
    0.022516530250597123,
    0.28149508234260734,
    0.018200478856111573,
    0.08909818805496582,
    0.3479455476819195,
    0.2603463509990433,
    0.0658946140686318,
    0.3613912935620424,
    0.3852984639422389,
    0.4416631561538735,
    0.37917896791791267,
    0.012786024872645728,
    0.30175900544112616,
    0.01772442729971356,
    0.4230465839506005,
    0.07800819624021911,
    0.2891262914326044,
    0.3859096834929376,
    0.03953381932130343,
    0.0601253260295392,
    0.30465160051916074,
    0.23585817509040352,
    0.366426843467367,
    0.2700127419326392,
    0.3519407377252282,
    0.3490854403397386,
    0.18689078628451083,
    0.2745766495049093,
    0.3377803362517091,
    0.07223211366023652,
    0.38572348415961216,
    0.4318125175103993,
    0.36940053934198197,
    0.30506859739569586,
    0.15984374290729442,
    0.3310708716875529,
    0.32604775434641,
    0.32976140463688386,
    0.3219525255308488,
    0.3752166663438055,
    0.26683152343148026,
    0.3062246812998911,
    0.39664419071090845,
    0.3476138439782586,
    0.327494919273626,
    0.16903964802543414,
    0.1791183374828221,
    0.30429062246379307,
    0.3225208816480607,
    0.05439774490633509,
    0.32142204536498103,
    0.3956841365396242,
    0.3072122750464848,
    0.3876595669015072,
    0.3271977665332142,
    0.19725549700042705,
    0.3561863861109176,
    0.1892075801632945,
    0.39321171876152,
    0.42219657965702895,
    0.30788934381793637,
    0.302588517688503,
    0.3422862733793647,
    0.31821653999425786,
    0.322937733959896,
    0.25114791599865727,
    0.0898520929643541,
    0.2769078998536716,
    0.2734781746335791,
    0.11630577053129551,
    0.030788160960649777,
    0.395287523285759,
    0.1090124814270502,
    0.33186467645408235,
    0.27813843457825704,
    0.2494138624247143,
    0.3845415231741551,
    0.3135254877685253,
    0.12605304541442217,
    0.4028956381649651,
    0.4164740221571424,
    0.4236666942303361,
    0.2963808371973068,
    0.1183215084227731,
    0.06380522046261282,
    0.4059381106955037,
    0.3214545001400832,
    0.31683348951139734,
    0.05431360825105915,
    0.2726824182436025,
    0.32007571431586634,
    0.35916600913822383,
    0.16009253875562754,
    0.32608208846260933,
    0.320512010579823,
    0.15097621650472048,
    0.27661024113681054,
    0.26907205943112633,
    0.3197486366825987,
    0.25979252363415994,
    0.4103280346515803,
    0.05085063315001566,
    0.2968978728460944,
    0.29833932746766884,
    0.31323216599265785,
    0.04840524897077162,
    0.4094376245244183,
    0.42700198256029287,
    0.057472563788450955,
    0.23923419452452527,
    0.04403151626107112,
    0.40071426526870674,
    0.34576139191519023,
    0.11160156291788234,
    0.3126170431950649,
    0.3166047881563346,
    0.3100712588318189,
    0.06955817269062951,
    0.323376487823749,
    0.32753626477776504,
    0.39405344672602877,
    0.15822837695187644,
    0.13770040642919698,
    0.31782766095183135,
    0.38344897545551615,
    0.41172062640462675,
    0.12275415124763672,
    0.41765573015437485,
    0.37516115349908735,
    0.05579257741222827,
    0.4164794794745594,
    0.008494332630074257,
    0.3283438031907742,
    0.32573086852447725,
    0.3853713245509314,
    0.10564014839277304,
    0.326996460188761,
    0.32995186862885295,
    0.4002209382306842,
    0.07471566292022429,
    0.2763287013839757,
    0.21619368951955079,
    0.4242264848890856,
    0.4174361725165736,
    0.33928099011784624,
    0.34152398371738873,
    0.35768855790640247,
    0.12693423954197278,
    0.2256474257797603,
    0.30820232639297485,
    0.032683910151304306,
    0.29633797376382004,
    0.277608171259439,
    0.35849949358985667,
    0.3273105269990479,
    0.4230456081388769,
    0.3338270699713386,
    0.318598263084045,
    0.02203816565900252,
    0.27662101120694466,
    0.34954696314380806,
    0.2975100320673417,
    0.28206423356566807,
    0.09672534933336879,
    0.06431842514685605,
    0.08245370532336377,
    0.2881504074266934,
    0.34901836231903755,
    0.3239184608832498,
    0.337614954235153,
    0.3014867178290777,
    0.16135097446727184,
    0.28530609695838766,
    0.23489277202522713,
    0.2868113768949179,
    0.4097705208868524,
    0.03879668391709041,
    0.3274248776765793,
    0.396810656962713,
    0.29358763035037566,
    0.1800797650187544,
    0.3293600207479257,
    0.10925477186389292,
    0.35915668471508755,
    0.29714890944727423,
    0.43545562022737716,
    0.15940788033743714,
    0.12752391895240323,
    0.1681224572876366,
    0.3754231047351011,
    0.03353843209174423,
    0.33765644430399183,
    0.13349711550054516,
    0.3042659741824794,
    0.2856463299793359,
    0.35106207347992385,
    0.42221443339745257,
    0.04459387294324187,
    0.3591649971853253,
    0.34382364667924764,
    0.30272354111810384,
    0.32478201811742646,
    0.38661660487489513,
    0.16420338055876568,
    0.277387782374614,
    0.42346827917987867,
    0.24233250517035648,
    0.28232900381332765,
    0.2979839874355928,
    0.2941388555506628,
    0.033282986267220906,
    0.3303177618840134,
    0.41926838552167184,
    0.33440518420578613,
    0.07302078637992356,
    0.05882655676665436,
    0.2452369545537736,
    0.41313981806243405,
    0.2673715448675339,
    0.10374194160222214,
    0.3856911016668599,
    0.06434979568670979,
    0.17100551109548529,
    0.06580997143690662,
    0.3980933795439215,
    0.2922937762872836,
    0.37145509285535233,
    0.04803834376271266,
    0.4023801204455253,
    0.32089329997551075,
    0.37755210906886166,
    0.30847793899311843,
    0.3479860257978598,
    0.05062995513579107,
    0.2053691184936127,
    0.04117701398143037,
    0.3306189624360193,
    0.20957905939845473,
