{
  "config": {
    "mf": 0.7,
    "mf1": 0.45,
    "mf2": 0.008,
    "T_coh": 30,
    "tStack": 2592000.0,
    "nStacks": 4,
    "gamma1": 5,
    "gamma2": 47,
    "gamma1_upper": 8.717797887081348,
    "gamma2_upper": 47.70744176750625
  },
  "mismatch_list": [
    0.1281266091858145,
    0.2990251424034575,
    0.02742493550245919,
    0.03470044314863072,
    0.12227976218528626,
    0.28779318805352017,
    0.14804032429909975,
    0.15770606469154663,
    0.0466630274912907,
    0.11079048266972835,
    0.18694694967037803,
    0.07442573841480181,
    0.259627719876403,
    0.1861244488109409,
    0.21597142129362853,
    0.03357688630188752,
    0.1220401461953896,
    0.08032650804835054,
    0.20829387921734985,
    0.06628508332275601,
    0.30337798551403883,
    0.32244570800417155,
    0.003131560526782201,
    0.1462183753876864,
    0.2634090987287269,
    0.3394498416871973,
    0.04448689506539962,
    0.38010020646730425,
    0.3337117796232586,
    0.004733337400420221,
    0.06674024528003483,
    0.0015824052038665853,
    0.25447825298764637,
    0.2656346722819451,
    0.17358808717482702,
    0.17769560398987005,
    0.20634370141722558,
    0.26540560951513287,
    0.03887735101957146,
    0.20493817112354817,
    0.09506119279177276,
    0.24791761778192067,
    0.1893534459453794,
    0.33827467524263016,
    0.22439737482070363,
    0.27963742595034663,
    0.05963770929715823,
    0.223411082156408,
    0.4006223944019922,
    0.03868500768650509,
    0.20099820479555805,
    0.247994020225758,
    0.13822734475991996,
    0.09255682621501571,
    0.18691073621308144,
    0.0207238556908906,
    0.2579752730754897,
    0.2540501969115776,
    0.4054172079409968,
    0.3849121147820586,
    0.2269839987116394,
    0.32811886051790595,
    0.09907886264589831,
    0.22316192489632541,
    0.24668823957493352,
    0.3439317087923383,
    0.10756083499414079,
    0.2981354912409694,
    0.10732078531014477,
    0.14140798500227977,
    0.09247615911253465,
    0.18180745774590673,
    0.17498241370427092,
    0.1952337596739083,
    0.021555464126414313,
    0.25320666188832147,
    0.2002744416260753,
    0.3224131086643696,
    0.18101611057927364,
    0.35128622104694335,
    0.2615320706666948,
    0.009572062466985037,
    0.15087588860306841,
    0.051208719911387625,
    0.229021421308085,
    0.128857311460887,
    0.04957427141559778,
    0.009714169566875486,
    0.04404120209595684,
    0.1906547450905105,
    0.20649607261080088,
    0.037414934516527935,
    0.016511601750851992,
    0.01979690683585748,
    0.3710701893421699,
    0.2124715099117895,
    0.18251842693945833,
    0.0645668595834397,
    0.10897222015815956,
    0.1708372377849334,
    0.3156057737984577,
    0.05606949109466993,
    0.22423553463929227,
    0.1622756825694583,
    0.211861519161039,
    0.4353914696418467,
    0.19723547478950657,
    0.1557566097149213,
    0.18529876752810845,
    0.31753086962316895,
    0.2790673350567373,
    0.09107539945395021,
    0.2624077713356535,
    0.38963750112399054,
    0.4013848286286679,
    0.19371264990275133,
    0.382602043161815,
    0.13739219448925147,
    0.05909082103786468,
    0.05697330959773716,
    0.06379661886297551,
    0.01973799672069435,
    0.21073875742014464,
    0.3642109557490345,
    0.16868083844056322,
    0.10605150724601645,
    0.025441724668433634,
    0.1799993870456729,
    0.17161803172848206,
    0.09749096398343983,
    0.2970675918036441,
    0.05726829386765218,
    0.01828656713483463,
    0.2485539193080324,
    0.16670239824163063,
    0.08870461065979618,
    0.11915904401098808,
    0.26850782340785834,
    0.361243042462411,
    0.2784647893880258,
    0.21543284550457273,
    0.25490645362841496,
    0.044956730339706805,
    0.15918091375877183,
    0.21629459568000198,
    0.3802947905532173,
    0.0915889655499429,
    0.029816180201633062,
    0.021518600127968673,
    0.09452370123796534,
    0.22450232879274887,
    0.10454080613324412,
    0.24313520066592284,
    0.1745931732500949,
    0.29921828084237273,
    0.2086630974606054,
    0.26857388947566097,
    0.19076555393289713,
    0.06359155383632789,
    0.030952025047858146,
    0.10313231226322109,
    0.32366706287032054,
    0.05281194243202351,
    0.00563397548009214,
    0.19056113944739855,
    0.050964405568747886,
    0.26965523343006637,
    0.21084306085104082,
    0.009906657464641642,
    0.12682755079353009,
    0.114277094099187,
    0.20565405551689253,
    0.18096269392270242,
    0.055023493209362354,
    0.04536049954621141,
    0.4155346407379276,
    0.0744345568614888,
    0.48061633135848314,
    0.32648853211606,
    0.3390731783619027,
    0.12110437889366948,
    0.05718365123592699,
    0.3206721882671868,
    0.2516197751787615,
    0.16346754623685075,
    0.038779047023716415,
    0.24035529377137207,
    0.15693914895917754,
    0.26757205610613827,
    0.16069725289483583,
    0.4036815280141812,
    0.11979968247809339,
    0.21058284439142455,
    0.3825605530929762,
    0.2355897907252493,
    0.24407407610868836,
    0.29667314702027575,
    0.3137044588668614,
    0.03783214824011272,
    0.017024228176296074,
    0.29359493086771493,
    0.025366478742194592,
    0.014264488057365587,
    0.26585918126071406,
    0.27493379659573264,
    0.25595440313716966,
    0.18771032356760237,
    0.2319633129487469,
    0.2127033194078977,
    0.04645463747654799,
    0.23240250050669928,
    0.009224673493397296,
    0.35305345221948736,
    0.11007495968813347,
    0.09412636516060126,
    0.3388535845829265,
    0.09034440804947813,
    0.3714423711617711,
    0.2591839785304073,
    0.17384447266989894,
    0.18273643050673685,
    0.3701611665099103,
    0.2414149530208095,
    0.12468025902524649,
    0.11019791196530215,
    0.28250334884127054,
    0.2137872655268993,
    0.3283474173082689,
    0.07344183106805267,
    0.2694518308974663,
    0.1467742989407166,
    0.3525912788742689,
    0.0925238654634643,
    0.040980622836769974,
    0.1746042324496286,
    0.1607438750105171,
    0.36860087970511113,
    0.02342497482405753,
    0.2114709776245649,
    0.04494870699886864,
    0.28101570579811425,
    0.17237800835526138,
    0.06817656785476683,
    0.24857842302464625,
    0.17572540397882533,
    0.09241197238582931,
    0.06956800309021502,
    0.23951717992435798,
    0.03309866627499271,
    0.37593204476070063,
    0.2660178410187301,
    0.3498504767310105,
    0.19744082894555376,
    0.21572999824498454,
    0.04248850493789645,
    0.2533622135052921,
    0.11626500328595563,
    0.17165829299737267,
    0.15704945182511487,
    0.35430364774324385,
    0.26697204031967303,
    0.20675773471741504,
    0.36288226159329384,
    0.1956122300579502,
    0.034184708582141225,
    0.19337140492890453,
    0.37305564092904214,
    0.32881096401813537,
    0.3709393582888628,
    0.16089812554518962,
    0.03616531725157062,
    0.20446407119059729,
    0.05156767406095831,
    0.109261494122433,
    0.288195439330677,
    0.23442590032726557,
    0.02340459120138759,
    0.17595996020422944,
    0.2036245116965853,
    0.2719253329108189,
    0.0073370199259308305,
    0.24030708144399318,
    0.047124983989459496,
    0.3136027576005614,
    0.09024176711262949,
    0.08956867387042203,
    0.35111267112484923,
    0.022328307011474677,
    0.13301354657975822,
    0.25334038423562427,
    0.3428719049782011,
    0.3099737499418127,
    0.2060825452870607,
    0.06996158048538466,
    0.4297458928445967,
    0.1350052867310712,
    0.30532194703207227,
    0.39926995549431155,
    0.051923881481233045,
    0.36258669906457963,
    0.13869696318717745,
    0.1170520135115951,
    0.2845724311069695,
    0.18420217199787547,
    0.18645557425580261,
    0.43316072790061116,
    0.1710425919409806,
    0.13179934766624868,
    0.504989795177842,
    0.07343785553880854,
    0.3400148728163141,
    0.19383654185046864,
