{
  "config": {
    "mf": 0.65,
    "mf1": 0.75,
    "mf2": 0.005,
    "T_coh": 8,
    "tStack": 691200.0,
    "nStacks": 15,
    "gamma1": 1,
    "gamma2": 69,
    "gamma1_upper": 33.481338085566414,
    "gamma2_upper": 100.0
  },
  "mismatch_list": [
    0.7716467708395239,
    0.8308879370509361,
    0.7132732807131448,
    0.8133324935028905,
    0.850089740784459,
    0.6635777373192436,
    0.6987788192232445,
    0.6910188808023774,
    0.5040421301235276,
    0.23863553890923372,
    0.8483984356655886,
    0.8001299320245576,
    0.8566515655304583,
    0.5085413331090773,
    0.8210024912334509,
    0.8327836543697013,
    0.8290093811409637,
    0.8535114512507228,
    0.783848634138213,
    0.6326785614937832,
    0.7446312065768075,
    0.6566279596992521,
    0.5245703260979389,
    0.7649294600028042,
    0.8488506294696322,
    0.700419944586099,
    0.8170095074543535,
    0.7433008501013116,
    0.7576789426701878,
    0.7655711916563772,
    0.7378443013991987,
    0.6349261131045602,
    0.7763046617975927,
    0.6606696154699208,
    0.8624310299413558,
    0.6728241281885745,
    0.6885777593427692,
    0.5475298176513069,
    0.7775896498103572,
    0.7666427547649253,
    0.21647404439414195,
    0.5853869706247505,
    0.8431194812856616,
    0.3072572531432145,
    0.06298836744483802,
    0.8017749707984991,
    0.7520958942252757,
    0.8608038641054956,
    0.4760020145088276,
    0.8518050007227105,
    0.5881301870908664,
    0.683157972987231,
    0.5361074346882184,
    0.8633798373064564,
    0.6667493621817575,
    0.8527204000935966,
    0.7736151827339354,
    0.801866334547383,
    0.8167229136216319,
    0.7807315937368345,
    0.5523132596464567,
    0.7751062262404277,
    0.6581597128457533,
    0.7339289251360732,
    0.8594410314003296,
    0.6296837686006462,
    0.4115191306169223,
    0.5372420867270175,
    0.8058826632636141,
    0.8272866840275296,
    0.8042480771937448,
    0.2966112163986223,
    0.729229613008707,
    0.8295067062313092,
    0.34679646135477754,
    0.8410455258801159,
    0.5072631554480748,
    0.6751260948487515,
    0.8245108388611818,
    0.5807614203669634,
    0.8419885393638671,
    0.8078245791626141,
    0.6534016826109086,
    0.5992611479867753,
    0.6807383329356675,
    0.8518806430625522,
    0.5919080349072203,
    0.6358021073057998,
    0.7906603242527062,
    0.7921886213998058,
    0.8341092503754334,
    0.8390004212931035,
    0.8254219182328161,
    0.6866071281546244,
    0.5068834698667685,
    0.5577821076405574,
    0.8324548600736995,
    0.8601752872726317,
    0.7664097289229269,
    0.7429006318176788,
    0.5885306764332758,
    0.6795894503110975,
    0.5273527105572717,
    0.8587362785811997,
    0.44750055685637413,
    0.4720127408467348,
    0.5520625980428066,
    0.8283016636164648,
    0.734815592276641,
    0.6600445878134549,
    0.8233815232920468,
    0.7877473233454048,
    0.6051935742535364,
    0.8414381375768307,
    0.8393682988764546,
    0.4961124072614749,
    0.5869724272913632,
    0.6114877284576545,
    0.5962134647498565,
    0.7855884587780928,
    0.8518034760170922,
    0.7363601868326829,
    0.6116209199640007,
    0.8218576647324138,
    0.6113936371798313,
    0.8301728501159488,
    0.8162555066437522,
    0.8546228599994294,
    0.8665562141676053,
    0.1604505322137431,
    0.8153167284533854,
    0.5723294594742395,
    0.6667954082914305,
    0.5893626574656669,
    0.16748172911375234,
    0.8508650027678489,
    0.804378558112325,
    0.4089240138898649,
    0.6278141406891277,
    0.7606267915714544,
    0.5012627273107371,
    0.8563023740615183,
    0.37269084181165657,
    0.7870461281727176,
    0.6256306267143197,
    0.604969544174686,
    0.6544797511300948,
    0.7852024033155367,
    0.8108476468743839,
    0.5665584487089369,
    0.8225534387295692,
    0.5287339922004193,
    0.6872188061663432,
    0.564341797798691,
    0.8638808640426776,
    0.42595097752943073,
    0.6520826089569882,
    0.7103722741567073,
    0.6652697200850556,
    0.8308896650506369,
    0.6240558768693822,
    0.22416357529779024,
    0.8096164470875988,
    0.6654823995776362,
    0.44576496750987854,
    0.6051410904979194,
    0.8217180525212973,
    0.6396221386442602,
    0.7729654379052795,
    0.856633912827633,
    0.6119741095498954,
    0.8587787755155589,
    0.6180352209708417,
    0.8269058295052493,
    0.7515656016112275,
    0.8052110812622693,
    0.7321658063825803,
    0.8519582336373506,
    0.8285482254561191,
    0.8077742638772099,
    0.8424045129388891,
    0.4798459329019749,
    0.8328404750657437,
    0.583398076851533,
    0.5820738530808575,
    0.8257237930040678,
    0.5736944437084446,
    0.8270730558292309,
    0.5634630252449914,
    0.8422469939073441,
    0.05841811317747499,
    0.8511817349482925,
    0.8199011624829987,
    0.8427014578286417,
    0.6372674510520367,
    0.6096102059592678,
    0.8467338128950386,
    0.7263977094991261,
    0.7705029875081885,
    0.720326602785793,
    0.5720116769410366,
    0.6549855468072089,
    0.852625444815923,
    0.8089709883758477,
    0.7056971540251517,
    0.7684889022099218,
    0.8523929780326513,
    0.7470425285121645,
    0.7240839348409939,
    0.6272246894970891,
    0.8117583535402004,
    0.8325014483009257,
    0.8573293310601441,
    0.8048292441519238,
    0.6833254195464685,
    0.8540646991549132,
    0.7426080069271781,
    0.5604654201170473,
    0.794715905668022,
    0.8548160232600958,
    0.8315278559989407,
    0.6264967611525609,
    0.8241238516340812,
    0.6531593899469856,
    0.5605604939829356,
    0.7505421683766974,
    0.8591000140481632,
    0.819063607804514,
    0.660198007081004,
    0.5808993892842469,
    0.2782433249912736,
    0.5712667735406246,
    0.8014600513236241,
    0.7060120226765062,
    0.802649457235294,
    0.5979698917398023,
    0.788788595635669,
    0.8241113998715317,
    0.8560387863424596,
    0.6482721324404025,
    0.3590605157015201,
    0.5050348828927826,
    0.49309223649037975,
    0.6537777088987309,
    0.7512190021418387,
    0.7800657717344922,
    0.86554401293113,
    0.6735299652428107,
    0.8354668482579763,
    0.4242236554756211,
    0.7279832000480858,
    0.3770671535243706,
    0.6841793224574162,
    0.050672879695237774,
    0.8436326463732641,
    0.5145424050110093,
    0.7649679672902532,
    0.8561142084470453,
    0.8134303287800654,
    0.8499126716386526,
    0.5689549471174492,
    0.7218646919311968,
    0.6656839317780296,
    0.47133573766985815,
    0.571367370229086,
    0.8403104314191817,
    0.7959889840357901,
    0.5076113304466026,
    0.8274766115240504,
    0.8521870411271383,
    0.7983895652671247,
    0.7635840767063811,
    0.6975342528505388,
    0.6378796372989617,
    0.80224496977593,
    0.6492751176784738,
    0.6195518964728951,
    0.44734320723656457,
    0.594037980891305,
    0.829553633282006,
    0.8110067583762414,
    0.8354239701477548,
    0.8503691346184276,
    0.7900511874170179,
    0.8297595193639985,
    0.6401774364304487,
    0.7197484174741564,
    0.8523180980456188,
    0.6051220147365169,
    0.8032117686673267,
    0.8117060222551453,
    0.8277031827789312,
    0.7595779804589662,
    0.5609847687329906,
    0.19684844026342305,
    0.7969699796306106,
    0.7661512574382764,
    0.7722640394385099,
    0.6898836866460251,
    0.6788851040801326,
    0.8340046555700172,
    0.8117900674170613,
    0.33103405467269076,
    0.8339311308768677,
    0.8228220918595154,
    0.8555302970187533,
    0.7645041687823368,
    0.7875125356213586,
    0.6802977607766701,
    0.8541612638440729,
    0.7971035099604274,
    0.7817713921450012,
    0.5233388044288565,
    0.7064528997766273,
    0.6522615416318837,
    0.5844182743219176,
    0.6191313487810182,
    0.653924690520336,
    0.8432835734925388,
    0.8368784884841017,
    0.5703241666450385,
    0.8520875456149568,
    0.8197079314576382,
