{
  "config": {
    "mf": 1.4,
    "mf1": 0.55,
    "mf2": 0.0001,
    "T_coh": 60,
    "tStack": 5184000.0,
    "nStacks": 2,
    "gamma1": 3,
    "gamma2": 5,
    "gamma1_upper": 4.0,
    "gamma2_upper": 6.000000000000001
  },
  "mismatch_list": [
    0.5380515864525568,
    0.6921394051453453,
    0.2848310472842083,
    0.49319270324345266,
    0.1784027629197435,
    0.12027100090786605,
    0.05198255971966022,
    0.12432004013114906,
    0.4811504310918101,
    0.1578458131183753,
    0.6259271292928476,
    0.3860215372427472,
    0.08862435162750892,
    0.10241856672815483,
    0.14746028808845044,
    0.3193360289823226,
    0.23266178230875542,
    0.2138946875379482,
    0.1500248651211741,
    0.17422600082112727,
    0.020939757015722853,
    0.4480811571533484,
    0.5076076067031741,
    0.3380342386935981,
    0.32359439783037364,
    0.044933586996119886,
    0.6022545219825018,
    0.5845041504513309,
    0.4862278671508619,
    0.04321384582468355,
    0.4931335401571707,
    0.06130018562102086,
    0.08224095458934963,
    0.49485552208080585,
    0.43660742166041183,
    0.19016107394193127,
    0.6867830677198684,
    0.4946145327959383,
    0.5009939904471674,
    0.48924005250588376,
    0.6244161033463828,
    0.543554114888425,
    0.471342803282196,
    0.33460950194584027,
    0.1768196353501067,
    0.6796720044757218,
    0.5194267433052107,
    0.16504151896977443,
    0.10644743918164838,
    0.6270929348360348,
    0.5171351043467701,
    0.2852720417734036,
    0.4798864661458484,
    0.22578325131698404,
    0.5132872268450788,
    0.6322326782626798,
    0.11891361105167897,
    0.4613861654513598,
    0.6833665350164515,
    0.04937678175940971,
    0.34461380997264834,
    0.5284912726315972,
    0.21284681061451544,
    0.6533452984681929,
    0.4681457558707708,
    0.4843470448092614,
    0.5485480287163237,
    0.2596554735070808,
    0.3043768395852729,
    0.48570045913735377,
    0.20931119277408014,
    0.3093614289927313,
    0.046135786691955845,
    0.5061747902366812,
    0.49514335031486184,
    0.038937550959041944,
    0.016332192236299607,
    0.44233445901013685,
    0.0816929099709136,
    0.14266558435926052,
    0.14948585579386237,
    0.47398981831113784,
    0.04726527036482337,
    0.27386538428177387,
    0.09153299254624624,
    0.36650776601342716,
    0.27491420087548357,
    0.1677051227932205,
    0.07909754066603829,
    0.0920376677672856,
    0.36005917031451484,
    0.474458135520693,
    0.530817896237271,
    0.6216018270081477,
    0.011415837347412004,
    0.4930358144483702,
    0.5357446236403693,
    0.3218584654172425,
    0.47788735377284847,
    0.5124643648118057,
    0.19986728964396616,
    0.26657462716774705,
    0.4995964116160594,
    0.4812375312982485,
    0.6918488301827875,
    0.14578088045659301,
    0.11282548732746209,
    0.6883182359642174,
    0.42394185898585,
    0.6137105121636703,
    0.527045264640063,
    0.3753888066476612,
    0.04883473657428021,
    0.3225335823700508,
    0.17761047631163515,
    0.14648151307153637,
    0.3630842580652623,
    0.29446779966807957,
    0.20079908114703382,
    0.6831441584312999,
    0.49286530043427224,
    0.3476568960233154,
    0.1981166116357202,
    0.5437004504634743,
    0.2965897920003701,
    0.49784201106787024,
    0.1293050632325814,
    0.09968868000902084,
    0.049622686242648886,
    0.2468898359480261,
    0.04975886615047446,
    0.06763096112367217,
    0.08628045254520537,
    0.07358861524405405,
    0.35910612780672285,
    0.4914533374196943,
    0.06885419497724553,
    0.16701822382078607,
    0.10726856643902552,
    0.48398982553937075,
    0.06579954375393939,
    0.5039270627931048,
    0.11625745230811933,
    0.296551626930661,
    0.5003889873534837,
    0.31586235709783556,
    0.48865879415727476,
    0.5304366792341543,
    0.6465110042617661,
    0.5369694115640161,
    0.17189663048695158,
    0.5118722279726831,
    0.20494584607911734,
    0.02549947089335176,
    0.3658623570978356,
    0.6524315775473738,
    0.6196016665413773,
    0.08555307546853405,
    0.20275641433387498,
    0.3438007783361186,
    0.06743377493017527,
    0.5352876547564663,
    0.1397636656971197,
    0.49537422007367016,
    0.3634104682160143,
    0.1320374075509012,
    0.49071258811215906,
    0.47672353599370854,
    0.20104910572302567,
    0.03145958261291945,
    0.3260816327710732,
    0.08331001023517778,
    0.36673292546824493,
    0.3175064186708147,
    0.4550586065123487,
    0.38987816090624694,
    0.5221586539295565,
    0.005086362926682588,
    0.08134060589939457,
    0.18816781643757988,
    0.4728723335048834,
    0.35901866618863953,
    0.31733453129246586,
    0.2205040391365442,
    0.48773397789895506,
    0.13624279345179927,
    0.5121333478861756,
    0.4583397905547235,
    0.11163593703920015,
    0.025285948893502108,
    0.2902014797638392,
    0.10663905963581272,
    0.5516100888783517,
    0.2561627190877392,
    0.05531650986220097,
    0.21034967299474364,
    0.30888161889286603,
    0.5595427492150139,
    0.10765816819230568,
    0.4516137752771304,
    0.19452367390839226,
    0.6269678141245454,
    0.46682342294414597,
    0.3076915626283011,
    0.3087891697940821,
    0.4973834519727293,
    0.13773079747647932,
    0.016416473431907153,
    0.21982884990140691,
    0.4727622836589893,
    0.4801636327363777,
    0.12009672821266039,
    0.19500427911387647,
    0.5405485072253416,
    0.04078053350141384,
    0.4911454146981779,
    0.5033256738158709,
    0.006199004816894404,
    0.1550246338177213,
    0.4746902340790942,
    0.6114874691354455,
    0.3030534947060422,
    0.42138794359665305,
    0.014284867549860351,
    0.4758385834398293,
    0.6716511235565219,
    0.5272705325183742,
    0.1961310160582422,
    0.4813980703509452,
    0.04538448416438736,
    0.08963673792740541,
    0.539067008610271,
    0.2735557267843616,
    0.3654838868232205,
    0.040167868480856746,
    0.027599561679956978,
    0.5358441564073948,
    0.32779674787345386,
    0.1594802611415982,
    0.5024827534363019,
    0.6149034235802305,
    0.1629532824851243,
    0.6761535536884227,
    0.20477388641843952,
    0.5000402612572499,
    0.040442179919390746,
    0.3927614307275072,
    0.1709730068870603,
    0.056500855822775295,
    0.3797949928585059,
    0.1724360012259083,
    0.12019409250981594,
    0.3468675007083668,
    0.5109690964130617,
    0.13980132479052582,
    0.2552598405162693,
    0.20708280085350975,
    0.6436718266611925,
    0.4980753384258644,
    0.4114591706036442,
    0.5382056562368085,
    0.16513534143280925,
    0.4753549785176918,
    0.5837547995466452,
    0.2075325415045133,
    0.6278961722169858,
    0.1629533547674533,
    0.48650239543638285,
    0.5397260427448781,
    0.275365676302383,
    0.09955228325420827,
    0.013741593565137943,
    0.3673941642138863,
    0.057495243822752166,
    0.4851854114021037,
    0.2500743062342063,
    0.48369816634187807,
    0.18163255422620322,
    0.45070966790606765,
    0.570318020562877,
    0.6059101646302325,
    0.4339235065025183,
    0.08210210023535126,
    0.14603357947875767,
    0.13520467464278074,
    0.5443154285185592,
    0.4889642954207699,
    0.4530382792757889,
    0.314864138134422,
    0.00595794324969786,
    0.2178372548906224,
    0.4892735192242082,
    0.4861058907206837,
    0.2315371415519305,
    0.3022488478196758,
    0.3335401571706962,
    0.3751841753742779,
    0.33581921900389167,
    0.4950158804276801,
    0.4967380791983022,
    0.48701068477387194,
    0.5250198776404735,
    0.1454202639172396,
    0.23215089080742252,
    0.17612225543996807,
    0.47886312907310924,
    0.3478201095221849,
    0.19627709864514004,
    0.17465579154932837,
    0.6486962797730913,
    0.6782015289158229,
    0.12836264622715154,
    0.4616096262714462,
    0.3734144148311774,
    0.40035873719879955,
    0.2678967432473848,
