{
  "config": {
    "mf": 0.05,
    "mf1": 0.1,
    "mf2": 0.001,
    "T_coh": 30,
    "tStack": 2592000.0,
    "nStacks": 4,
    "gamma1": 5,
    "gamma2": 41,
    "gamma1_upper": 8.717797887081348,
    "gamma2_upper": 47.70744176750625
  },
  "mismatch_list": [
    0.03452747148533579,
    0.03705757057865491,
    0.04405356237778862,
    0.001464223561790856,
    0.04852769527149106,
    0.012112859348088378,
    0.007326538985196285,
    0.016086147839379367,
    0.00186994439174258,
    0.04527368844398942,
    0.02078609079414883,
    0.03124831040007124,
    0.004107589097392949,
    0.003188663583197997,
    0.02396000877796857,
    0.023598741593201297,
    0.027939802680749967,
    0.02571256663348425,
    0.008039242955145333,
    0.013981647222232663,
    0.03092253384910163,
    0.02018961684282839,
    0.039423371890666296,
    0.021109409745222064,
    0.0495784637918916,
    0.023023880064498986,
    0.049494616266015236,
    0.06108075413043032,
    0.04363475844250619,
    0.05081839522196319,
    0.024548531670800736,
    0.016286080819184545,
    0.014506561647158625,
    0.015457146830606892,
    0.04281963038275817,
    0.06747817579009668,
    0.019428628263150546,
    0.06442294542480193,
    0.0328595562615453,
    0.06216419427298268,
    0.02499277899324565,
    0.008141016503795256,
    0.014346889936244077,
    0.04692512329200421,
    0.04320026923729688,
    0.04298804825800982,
    0.005627180939202159,
    0.0017025384693894368,
    0.019631307972251672,
    0.056653460199458806,
    0.018064515755962064,
    0.0067925892665336475,
    0.03678651176655461,
    0.02399745103521336,
    0.07692518979176612,
    0.06439533356714264,
    0.0050956165380860036,
    0.008203685301152846,
    0.04202878919257435,
    0.004815594714598924,
    0.007875740279686433,
    0.029950119395985554,
    0.03168402840522873,
    0.06701874917417415,
    0.07202141061029722,
    0.008974865692165664,
    0.08183865480812072,
    0.007684192052468891,
    0.00414148951949296,
    0.055098233159152146,
    0.012165047204711421,
    0.017978933453688263,
    0.01855646942933663,
    0.08812743609589728,
    0.015201122747284425,
    0.02834639089890041,
    0.015651297222420597,
    0.024252174036237743,
    0.0831095230839467,
    0.0058791572109305945,
    0.04928210615732861,
    0.05355334249488024,
    0.058975169278035214,
    0.02068822049239315,
    0.031977277898746305,
    0.030492164737836253,
    0.02949611395630503,
    0.014431966262068623,
    0.027627036952761173,
    0.009648681757872054,
    0.055506845283099605,
    0.01877360560841644,
    0.03401968797733457,
    0.010081074774934447,
    0.06931306324214095,
    0.013486657690162574,
    0.0025916836554283032,
    0.06745837042622589,
    0.07063561339814073,
    0.04066301419133832,
    0.006320730086429451,
    0.02635522900638658,
    0.003897608870952586,
    0.03782267925227668,
    0.01599810793720919,
    0.015898791988455643,
    0.050246063575507156,
    0.020461037066678154,
    0.06106275582530686,
    0.0007844080610433119,
    0.027415683361672834,
    0.036309881951357446,
    0.07609162973279528,
    0.022505543333413324,
    0.014776174812261053,
    0.015918958764075904,
    0.018549530323746864,
    0.011016480664905098,
    0.0555880906443798,
    0.009538812586034067,
    0.04111607996047023,
    0.0627542350951626,
    0.04969715141041658,
    0.012603150527415395,
    0.06789134170208742,
    0.01775088263977455,
    0.0012553998529487875,
    0.08783476486117886,
    0.06542044185333101,
    0.04033022625242905,
    0.0004694738625577138,
    0.010844159542759203,
    0.030540521629914948,
    0.037998469927217456,
    0.0018479705573749825,
    0.021672272403842067,
    0.05584635548054896,
    0.006424744387926072,
    0.0036918933031559343,
    0.07826718389988721,
    0.0051378294304237565,
    0.0007567239210341349,
    0.026704569603421442,
    0.019883790220429364,
    0.016186186611631848,
    0.0188947508268378,
    0.040582925347656416,
    0.003664136880796864,
    0.0710593325332159,
    0.061626919566224944,
    0.06470708734223293,
    0.06750882350645149,
    0.06309468496316058,
    0.07225799074149837,
    0.007237920824226962,
    0.049485653254628455,
    0.007953371523471957,
    0.007529869235446455,
    0.021081581040513102,
    0.008980792844856924,
    0.0056651291728962005,
    0.02727856374392503,
    0.016650239297947556,
    0.04277163490242895,
    0.06467369289658217,
    0.05889948965769681,
    0.0011669262566792505,
    0.010014864142432082,
    0.07271785105152026,
    0.02690536997142534,
    0.0626708935457355,
    0.011598281299197174,
    0.011982823400630128,
    0.042804451089280555,
    0.04757602585279439,
    0.045088067369463136,
    0.0754913248169305,
    0.02849760557487743,
    0.015992759043317078,
    0.05755178524393414,
    0.045572937372548146,
    0.07043018695974365,
    0.05529035964516883,
    0.05982651079507983,
    0.03637385183101312,
    0.017164311370389505,
    0.021424560790757344,
    0.03255748832134073,
    0.0626961200858483,
    0.027695054644010873,
    0.022489279804687307,
    0.06976374369372638,
    0.02249990531012164,
    0.07557488321340727,
    0.013482609878568544,
    0.01907545670157133,
    0.03668856918244904,
    0.006216860349632617,
    0.02748319507647328,
    0.019443952121327948,
    0.020524573252234463,
    0.022305754918307934,
    0.02832687466442919,
    0.024320842268636487,
    0.030448506198500633,
    0.015290246884703002,
    0.014767934624373204,
    0.016353447969285204,
    0.05505573113741482,
    0.03222766395877709,
    0.05445622132739886,
    0.060209607249514914,
    0.06660984792082712,
    0.021617193253223286,
    0.0016981292460459387,
    0.01538110579851902,
    0.0367471178858627,
    0.06962850341707581,
    0.01110061732018103,
    0.013399268329141439,
    0.03361346117093359,
    0.047685389048183126,
    0.04262649194384297,
    0.016315282888541484,
    0.0024578167434257036,
    0.003378693881067778,
    0.037666983070606265,
    0.01980789375304128,
    0.05585394512728777,
    0.018660556013183144,
    0.023782555608980245,
    0.031304473785938425,
    0.01987836904418736,
    0.01652128758573771,
    0.06652607267730065,
    0.07003335685882882,
    0.045224247316662324,
    0.05836987688002778,
    0.023082428767912652,
    0.008741610549059621,
    0.01890450894407341,
    0.008263896498614058,
    0.03435681285723744,
    0.019428050004351397,
    0.005191968910493922,
    0.013158134409897016,
    0.03299551936169481,
    0.012404012653459043,
    0.04645629997059554,
    0.04876904603778517,
    0.004364697415963817,
    0.0018071310296852046,
    0.0019004475433976001,
    0.05513957866329118,
    0.012384857830737289,
    0.003302436001930228,
    0.01347661044352739,
    0.054426296434542984,
    0.012381821972041766,
    0.030968505423633844,
    0.014144860768291988,
    0.06548058076844233,
    0.04315024985117064,
    0.00227176197480006,
    0.05994259624900865,
    0.024131462511915745,
    0.044090281811534474,
    0.011022841511695717,
    0.021861073901763662,
    0.018791748478239688,
    0.012937167266272854,
    0.007537892576284623,
    0.06672868010405189,
    0.06004689967990484,
    0.02457296310506471,
    0.07463195995904771,
    0.005543622542725374,
    0.08177070939922092,
    0.05172018981923341,
    0.07004521116421134,
    0.04924885627637764,
    0.06745967150852397,
    0.019642150324735687,
    0.00426964612585398,
    0.01033890591700425,
    0.006520301654485163,
    0.014720589685193018,
    0.005453052758308929,
    0.06921540978743496,
    0.00967506481558315,
    0.08342583064708027,
    0.07439877709829157,
    0.004182401329532631,
    0.012829972541380923,
    0.033960705579821546,
    0.03861091827786434,
    0.06020931812011534,
    0.0605191925541084,
    0.06613336267032974,
    0.02582207439357277,
    0.07782040669519603,
    0.010552789390338857,
