{
  "config": {
    "mf": 2.0,
    "mf1": 0.001,
    "mf2": 0.07,
    "T_coh": 15,
    "tStack": 1296000.0,
    "nStacks": 8,
    "gamma1": 1,
    "gamma2": 75,
    "gamma1_upper": 17.776388834631177,
    "gamma2_upper": 100.0
  },
  "mismatch_list": [
    0.7535556199189166,
    0.15747809413004218,
    0.16549897041110118,
    0.7341746606057487,
    0.1835493754521257,
    0.7075275243721416,
    0.6508140286619508,
    0.6799279605812883,
    0.43994223777865543,
    0.5779171974595957,
    0.005019932563517337,
    0.6662504170687972,
    0.33193031004475143,
    0.4302654465802093,
    0.6989284801463688,
    0.3936232421670577,
    0.3286811489529766,
    0.49201844528317595,
    0.15397139124898587,
    0.5144348450354501,
    0.6535087123286404,
    0.7054261156481899,
    0.19164542531186915,
    0.5008797477174699,
    0.6491718112379874,
    0.13662465427382034,
    0.12074944010140337,
    0.5339711570543754,
    0.44056451598913104,
    0.4269763133836148,
    0.11274974253049301,
    0.39286644662010917,
    0.7192220033353939,
    0.28192773679532723,
    0.43744528230859214,
    0.08795612291689676,
    0.7093133847713364,
    0.2650833617161781,
    0.5268570620661979,
    0.5164518099773843,
    0.6801032451277401,
    0.5348988279282566,
    0.7464150154019098,
    0.18092458875715522,
    0.544144635989293,
    0.16907253440781436,
    0.3249524671679395,
    0.3744929397553158,
    0.6441564324585635,
    0.25682099031359523,
    0.743645483426828,
    0.3862833373136779,
    0.8049162689213343,
    0.29966646061395996,
    0.6963717833659374,
    0.33245464575607564,
    0.5773689001700658,
    0.6432244246474503,
    0.7077567134342703,
    0.46099524902982714,
    0.19731698269446393,
    0.13737566723779313,
    0.8240530405977803,
    0.4462167740010443,
    0.3788501883098146,
    0.684663823756123,
    0.38584516208869213,
    0.8040758789092429,
    0.745253366764373,
    0.6959044422380678,
    0.3308025617999099,
    0.17319580519865774,
    0.22731861338286308,
    0.17951971022320193,
    0.3716980728385717,
    0.46294159417717023,
    0.15616523094769016,
    0.412189562032948,
    0.16088150562269454,
    0.3526065137327672,
    0.7877373714170393,
    0.2234424757319449,
    0.1310381008609688,
    0.7350893929502218,
    0.5459584515630611,
    0.12179753326575421,
    0.22264476841044312,
    0.172487077372695,
    0.2199520363655078,
    0.3288350379424182,
    0.28640013103333023,
    0.5059728660967738,
    0.12904123039487525,
    0.024112286774481,
    0.1969253572624327,
    0.06534246480286307,
    0.022788436684475093,
    0.6387796061020129,
    0.37627520411072257,
    0.2913406253632185,
    0.39156811217748366,
    0.40518504699216057,
    0.3771512654315455,
    0.6989210170002157,
    0.08198726848706234,
    0.04146646882522779,
    0.5024682232609027,
    0.3473442186602796,
    0.5234237257066461,
    0.6419271744391328,
    0.604128850983415,
    0.6286642421260014,
    0.4292248346325834,
    0.7030989151296079,
    0.03965095461771055,
    0.7727732754747356,
    0.21639574783543464,
    0.5279272374692873,
    0.08078434666353636,
    0.24126837198893678,
    0.07511365666838794,
    0.4127865775840484,
    0.14084008498083941,
    0.49488454639395235,
    0.47666182038025107,
    0.4081808225261676,
    0.7366855123455255,
    0.34622181930469065,
    0.5313818248212748,
    0.6980883792634262,
    0.6922901471725194,
    0.07830340172008714,
    0.4666093419941006,
    0.22693385476811553,
    0.27155985464899435,
    0.1603263053747374,
    0.5722217146399388,
    0.5192387258425368,
    0.5834161085992213,
    0.13683557398786003,
    0.8299368187755843,
    0.6421946550429039,
    0.19887090730461665,
    0.5799774956327042,
    0.7129509547333622,
    0.35005350334898294,
    0.5907392439619714,
    0.719153877279711,
    0.5615854122201013,
    0.7486889438748279,
    0.6274958712357553,
    0.59557839852521,
    0.7419322667262658,
    0.49854033149235166,
    0.042049497753755646,
    0.7397439566225321,
    0.29700560505767837,
    0.47338945667428617,
    0.2556091777687441,
    0.6875953764779559,
    0.7001880170713415,
    0.6995543724712042,
    0.43133970593252535,
    0.8024467987909776,
    0.3341968657243755,
    0.5610670036563272,
    0.22499141286428104,
    0.12585842444274695,
    0.2593823131604071,
    0.33816364536343824,
    0.5443105599795528,
    0.7433255439531241,
    0.45028391759587955,
    0.11622890586012741,
    0.5389960770957093,
    0.5210838035055174,
    0.7235300818640272,
    0.37440562275238226,
    0.5337020500991424,
    0.7016322171695297,
    0.45942216961356735,
    0.5736154617016638,
    0.27089659238167824,
    0.5001315537626978,
    0.7346506394669383,
    0.6184658258020009,
    0.5192546640868636,
    0.6156979201783811,
    0.5807437963004191,
    0.4936730591193936,
    0.546387085526137,
    0.22843674808350745,
    0.700853303242699,
    0.5123176968434614,
    0.31976028591403266,
    0.6159192124006335,
    0.329977604056135,
    0.24367168575593684,
    0.49948975933467915,
    0.16996558206612847,
    0.6885101449635727,
    0.45209607067704216,
    0.42775793789621536,
    0.13245179783396008,
    0.7116998206242761,
    0.4635116845762899,
    0.23769191670073572,
    0.7298847972134889,
    0.3096562341159674,
    0.58213971183076,
    0.2646187311740783,
    0.3579680523855757,
    0.37724400360601873,
    0.4109939407204289,
    0.6940424143787395,
    0.17531317023750803,
    0.06358239110962563,
    0.739215464679694,
    0.6636429419816102,
    0.6734493714621435,
    0.37382830412454293,
    0.23615758059041328,
    0.7695821751301515,
    0.4735964731448173,
    0.03154861619898099,
    0.7334444468699167,
    0.7348838221254347,
    0.08273885970933269,
    0.6782695157838493,
    0.12345026776250469,
    0.6087239082627907,
    0.06318772982153215,
    0.7353911714992676,
    0.24383562198329875,
    0.5122329097205798,
    0.7070430342716345,
    0.413298553024262,
    0.7583591393145673,
    0.1825453022006776,
    0.29046232329149246,
    0.5528184020294553,
    0.3408271030820589,
    0.3723048103573,
    0.22659853723781045,
    0.004931459043988687,
    0.2949019013711083,
    0.6397291785089148,
    0.2253719791063712,
    0.16733385627158712,
    0.04284207303286647,
    0.15455557669410888,
    0.4958788615366289,
    0.20417751141915574,
    0.1231450196636734,
    0.5788204007792609,
    0.6975081512735272,
    0.1649418185413897,
    0.6823429840788143,
    0.2940752811347278,
    0.3511988884719004,
    0.6697584571721665,
    0.11127063008758878,
    0.7753577286534504,
    0.6650593495403714,
    0.6416126742075404,
    0.561005130018487,
    0.6450331804611147,
    0.5028933515330495,
    0.563461426702002,
    0.27725157878971696,
    0.16623155139183882,
    0.6392499469448012,
    0.44077120718936974,
    0.2690956069138875,
    0.4419492639061001,
    0.48561658381189027,
    0.41263774835471057,
    0.0714905070226579,
    0.20889494261075525,
    0.43272192396944253,
    0.22221367684960253,
    0.6949555203717507,
    0.2280749752360884,
    0.708092338164296,
    0.5836570977447348,
    0.2971159801102276,
    0.11481275128937143,
    0.5021837924607839,
    0.7104832735896136,
    0.6872793221771888,
    0.7900172631786512,
    0.04404101933059663,
    0.4281339864953557,
    0.7394704043066365,
    0.35577139367767074,
    0.17796976113884502,
    0.43886168986735336,
    0.09232457522591106,
    0.5361409990337304,
    0.7310687630071976,
    0.27234361148906716,
    0.15408588639190532,
    0.37670188645204417,
    0.7078452230949425,
    0.7364366805718512,
    0.07677622155619716,
    0.2984061466543999,
    0.5024027716498461,
    0.09599044370337431,
    0.04572656998573437,
    0.7370269557996705,
    0.5734933769185887,
    0.2362620284954124,
    0.6772109778289986,
    0.3582188719221479,
    0.19013118367738738,
    0.6422034011996547,
    0.28362196132492856,
