{
  "config": {
    "mf": 2.0,
    "mf1": 0.25,
    "mf2": 0.002,
    "T_coh": 15,
    "tStack": 1296000.0,
    "nStacks": 8,
    "gamma1": 5,
    "gamma2": 49,
    "gamma1_upper": 17.776388834631177,
    "gamma2_upper": 100.0
  },
  "mismatch_list": [
    0.4815889786281516,
    0.01395973356170681,
    0.2043404356944969,
    0.46917160451064605,
    0.3116798490283237,
    0.426708182239259,
    0.5364668475844127,
    0.2924645426468386,
    0.5624465833897617,
    0.30414384232977953,
    0.11749095459458021,
    0.3601697708535844,
    0.2827718493452092,
    0.5847259720666547,
    0.2671238906837384,
    0.30231401622939735,
    0.1518579294536442,
    0.28831286491712693,
    0.19647258101543313,
    0.27378014966481257,
    0.40283793270345586,
    0.5886776085665497,
    0.3520422059166233,
    0.15305788770339512,
    0.5879241380048122,
    0.3070704798560831,
    0.24361422133761554,
    0.1269679575512149,
    0.23340001133386262,
    0.4522869681975284,
    0.2625784190533796,
    0.2762808276726665,
    0.4575765859745763,
    0.23993570345989287,
    0.32714478893861265,
    0.4724329451678134,
    0.4586371839746122,
    0.3221894044575619,
    0.4494252401651274,
    0.49216026313065575,
    0.3782918076412208,
    0.08722954136599645,
    0.25944136778904675,
    0.518526311619927,
    0.023154474186838726,
    0.02883369349187634,
    0.32459698287950656,
    0.3153071910467111,
    0.44821364446713785,
    0.27215589438921756,
    0.32853513873283946,
    0.23699786217907387,
    0.1546786011469175,
    0.46447329198401,
    0.291389343624789,
    0.10843311662139868,
    0.5241680164179096,
    0.5667949412229354,
    0.3619546373713303,
    0.3264301339650998,
    0.3689700670374844,
    0.2328331736376668,
    0.5239012586370105,
    0.2987886645182443,
    0.3986453793403345,
    0.12273011933516487,
    0.03468530605187786,
    0.3768078522850744,
    0.5668470206108605,
    0.10340089606905792,
    0.5753601392677283,
    0.30457847572269275,
    0.3122063532082638,
    0.4590671551600012,
    0.04701868815166096,
    0.43658252092861344,
    0.20269514627332766,
    0.47284213519563345,
    0.5331192741586197,
    0.4275256949074526,
    0.11199764533221228,
    0.459735657893139,
    0.053172657519005906,
    0.38664380907992746,
    0.34032575313806324,
    0.3231487349732353,
    0.5021786965595366,
    0.6587854638585673,
    0.2426851771002775,
    0.2842811035018744,
    0.12112154931589152,
    0.40625056018772576,
    0.052946269395506125,
    0.05246747152511578,
    0.4200004221285572,
    0.48856743590440466,
    0.3586959350176456,
    0.07063894939719463,
    0.28461916775909296,
    0.18593787135025047,
    0.3622801245105766,
    0.5282050544401274,
    0.31549808856719735,
    0.1287198633459991,
    0.26235195864759264,
    0.3810412812816054,
    0.10262053649648332,
    0.4825330575812265,
    0.3183056048842009,
    0.47270129315903087,
    0.1159860373751468,
    0.35216927817751487,
    0.5311170909444173,
    0.26282620273388957,
    0.2858700127390303,
    0.2854096468518751,
    0.39437139998068615,
    0.23451200204009529,
    0.5059507115757481,
    0.5492939899880358,
    0.12751390566641088,
    0.41923650677631985,
    0.31076988731480554,
    0.5142680897988875,
    0.45353550014427546,
    0.3233772192830638,
    0.42043230879455695,
    0.31496160943162416,
    0.13258515865383783,
    0.37406336612250635,
    0.34254077154691615,
    0.31061216736414254,
    0.3650190449370306,
    0.5416578000394372,
    0.06306434395728754,
    0.488108009686983,
    0.4779216283638008,
    0.6014979202940328,
    0.10188535335340661,
    0.5036600136122004,
    0.45620304181212273,
    0.443866298585985,
    0.4024274777356099,
    0.5782733322886133,
    0.1480377382930162,
    0.539100199730416,
    0.02560932522460998,
    0.3421231244914941,
    0.33410636830080537,
    0.17826373320087363,
    0.16787611799013608,
    0.25995551169787623,
    0.253854380682472,
    0.12212974265770983,
    0.6213938728329047,
    0.10037212367094558,
    0.31392443089264,
    0.3162073223691705,
    0.4284280308396715,
    0.4922138965877556,
    0.33566217225042516,
    0.5441280472043813,
    0.4436296463777033,
    0.5940001509254157,
    0.406424182241572,
    0.1882162813249748,
    0.366984617172768,
    0.4254204732928514,
    0.3111971479144247,
    0.31115826004391295,
    0.580710691012883,
    0.4258023044749675,
    0.025032873984217018,
    0.3096839182319637,
    0.2337633743916,
    0.3654101643930514,
    0.6061477675471034,
    0.39003298096200206,
    0.17279897544194836,
    0.09753482705161708,
    0.12833828515188822,
    0.46383012419253455,
    0.31449415988032364,
    0.4555661625796334,
    0.612035376686129,
    0.3684025788007039,
    0.2526327377465621,
    0.47149240804681114,
    0.311191726742885,
    0.47183592961671306,
    0.598146552048162,
    0.40937637155639955,
    0.4285378999162104,
    0.11009517553319752,
    0.2878973140480336,
    0.5468941457708212,
    0.4427570546066658,
    0.07077353901595472,
    0.2335456601425638,
    0.4968181698587488
  ],
  "statistics": {
    "mean_mismatch": 0.33723941566854465,
    "std_mismatch": 0.1556511601454281,
    "min_mismatch": 0.01395973356170681,
    "max_mismatch": 0.6587854638585673,
    "valid_samples": 200,
    "total_runs": 200
  },
  "perfect_2F": 1729335.0
}