{
  "config": {
    "mf": 1.2,
    "mf1": 0.05,
    "mf2": 0.002,
    "T_coh": 30,
    "tStack": 2592000.0,
    "nStacks": 4,
    "gamma1": 3,
    "gamma2": 5,
    "gamma1_upper": 8.717797887081348,
    "gamma2_upper": 47.70744176750625
  },
  "mismatch_list": [
    0.11210096167329592,
    0.3643401965906439,
    0.37508258258475324,
    0.24418481266872508,
    0.2017229799179393,
    0.30754939992638763,
    0.06314672825508383,
    0.3134686738415091,
    0.1872809664092355,
    0.05369479905362165,
    0.1251101944424125,
    0.19989416418328607,
    0.014139222745000303,
    0.09966102469193985,
    0.21208487162220965,
    0.33469221741721283,
    0.26238001491329443,
    0.4271265250491592,
    0.33782833173203836,
    0.4333751173503951,
    0.29157406092939486,
    0.34312098995593376,
    0.12733020225468888,
    0.13841759190483943,
    0.042013754463796515,
    0.3098805057104502,
    0.3756170382798651,
    0.3002837949621515,
    0.19421819265790585,
    0.3731725214888198,
    0.31906629129960484,
    0.11966494817789207,
    0.0372726828519377,
    0.155600841250901,
    0.17560187344285746,
    0.15342319089566217,
    0.24145427461915153,
    0.2819182232188834,
    0.0742732949388766,
    0.290591310100244,
    0.07972389009728915,
    0.07904486970239044,
    0.3438416449843711,
    0.032977015080122095,
    0.3670841068749478,
    0.06569981313566906,
    0.25015417825232267,
    0.0769726070132962,
    0.04521853701102074,
    0.0630351965891983,
    0.17358577413963042,
    0.3750091437172615,
    0.3999545054889771,
    0.1660762885268539,
    0.3008465853384216,
    0.03853372072817818,
    0.1605833359114038,
    0.11556675578598526,
    0.20818849155120525,
    0.2446135915682928,
    0.23714096995396192,
    0.41469959889078395,
    0.4312186095825,
    0.3490886930454838,
    0.19021953306180228,
    0.3474398603620652,
    0.1126190815573319,
    0.32102470928761695,
    0.12223039334030907,
    0.3356096972844099,
    0.14896965847167934,
    0.1254776779092706,
    0.09656097926971118,
    0.06312966962050899,
    0.2319391706438825,
    0.12698924641024165,
    0.31972767480112957,
    0.26641358688439654,
    0.19759428437437745,
    0.22819819762514892,
    0.3738901406585616,
    0.11562183493660404,
    0.1304690632988103,
    0.05858021851821761,
    0.07079709216780261,
    0.25014528752328574,
    0.32085889357696146,
    0.33596619383408427,
    0.2169988426150135,
    0.12182561218090596,
    0.09972694619504265,
    0.020348927141993472,
    0.35438763983382,
    0.2004269573843504,
    0.16590230491066046,
    0.25658824706338496,
    0.24323473346172605,
    0.33577638038326413,
    0.3160657063908295,
    0.0610963671180073,
    0.08707673985784664,
    0.04377867260114397,
    0.3634647850510848,
    0.09999381263084912,
    0.15405609515132887,
    0.266437656906911,
    0.052488189786850915,
    0.08001236895571376,
    0.22657827788168766,
    0.1295113221627226,
    0.2349225523533832,
    0.029266834342443124,
    0.2554887602391563,
    0.22900204963831358,
    0.17135709244536684,
    0.22848103846028187,
    0.3653960971578869,
    0.1465705349963671,
    0.059582846993589136,
    0.3500589390281031,
    0.13660547339301157,
    0.38404067877174364,
    0.13561195249372662,
    0.33001106787341566,
    0.22042213470596553,
    0.36270430244785623,
    0.13345750477280358,
    0.04754508900704001,
    0.08044295491402882,
    0.10872436398037505,
    0.10114389710000321,
    0.1851741527568922,
    0.31331854340078047,
    0.1355878101888622,
    0.03575598230412423,
    0.22976303821799143,
    0.09597448028267604,
    0.12152636325234722,
    0.034970923701931875,
    0.14685323126680022,
    0.1005338340669028,
    0.27342432428290847,
    0.183676245620051,
    0.09635743217241133,
    0.1935856498139886,
    0.1038651830087904,
    0.429873182062759,
    0.3345048615662891,
    0.2946272673888926,
    0.1840713409445684,
    0.11863673175065828,
    0.029758282039368436,
    0.1412232313159522,
    0.08904036217505108,
    0.10912921742212806,
    0.18652351966470243,
    0.06142640832762062,
    0.15549798346700267,
    0.1892964874536634,
    0.26460717867821026,
    0.0875106508042568,
    0.06593661011391988,
    0.05576301393112186,
    0.09326215738527563,
    0.09007342151972773,
    0.10688839229308238,
    0.1927242610503088,
    0.09301986694843291,
    0.16855752475164507,
    0.12029633450421102,
    0.16887159156193196,
    0.12084474069285235,
    0.11326376783603125,
    0.26531489516601664,
    0.3628865985342874,
    0.28088140519201227,
    0.39784501738968775,
    0.12886482882527592,
    0.06770094999246817,
    0.150056279037627,
    0.3703921809001697,
    0.18479459813760188,
    0.2354352510611772,
    0.167714640269538,
    0.2588588525205867,
    0.12264059567595417,
    0.0702517941202067,
    0.3231354984692044,
    0.30070281574448365,
    0.09903361389486504,
    0.28344273026048533,
    0.0707071729245352,
    0.5044551949180304,
    0.10073868224650073,
    0.3875958861512511,
    0.43568847781755876,
    0.054789876654506846,
    0.29389381838452416,
    0.28668047355926096,
    0.1237267102654526,
    0.10772231376380267,
    0.2842310415684229,
    0.14718970560555406,
    0.1619048018321552,
    0.2452106437784124,
    0.15831179078365343,
    0.08122158038708066,
    0.42120219136954523,
    0.3106819724060684,
    0.11493999553005949,
    0.0467968221209434,
    0.12771243132092525,
    0.3543676899052494,
    0.30213111497837747,
    0.2776881155384211,
    0.1375760085050304,
    0.07111166495453874,
    0.0952121906207001,
    0.32339932904631535,
    0.39157539092463295,
    0.029740500581294658,
    0.3584066107702436,
    0.09742157292754215,
    0.2830592723943008,
    0.37524579613081255,
    0.17483293380469137,
    0.08120936466994867,
    0.33287872554073705,
    0.12466746504931536,
    0.11500042357457038,
    0.355111908979752,
    0.05722694836351314,
    0.12446919456355772,
    0.08926653364786757,
    0.08421313000211932,
    0.12649584708986922,
    0.32540292350301087,
    0.2044201235218621,
    0.18681503438182254,
    0.35009580302654875,
    0.28778364678333423,
    0.09334087286430955,
    0.20789784422228383,
    0.20185720824169137,
    0.26795059877253,
    0.12119885192498017,
    0.41232346120273783,
    0.33447385243818484,
    0.2037814366782039,
    0.27328315685356663,
    0.36313763513546726,
    0.12142907120939068,
    0.06457430466547873,
    0.04514025522608618,
    0.1020920246835551,
    0.3933997251535928,
    0.14320037043258674,
    0.054646902166417675,
    0.4203209972419947,
    0.09807724612342529,
    0.2067460249767323,
    0.2074812087574982,
    0.16786332506326873,
    0.13651569871444394,
    0.07062838516315138,
    0.09134045883100936,
    0.23214582588222776,
    0.26205358782117577,
    0.17855012593030997,
    0.1360379123816485,
    0.08075116685397433,
    0.3020349794530192,
    0.07854402529997898,
    0.23450649514739672,
    0.03328370909071984,
    0.1650821893687698,
    0.1060739147744834,
    0.3237994841353253,
    0.02710298991603393,
    0.13161994287381323,
    0.37721823689470396,
    0.1653005543477978,
    0.3544415624668405,
    0.24928534440660383,
    0.28735016953102344,
    0.2981406955701617,
    0.3468534336573799,
    0.1076320331087858,
    0.20715608274767763,
    0.13486122800773365,
    0.09944533415985791,
    0.1077243376695997,
    0.14255409394218974,
    0.24889892296407365,
    0.3161065459185193,
    0.25169784011664637,
    0.25205224047817376,
    0.19947521568330384,
    0.37524897655420786,
    0.23196259012524797,
    0.14726459012004364,
    0.36149957252218273,
    0.25733470689073423,
    0.09860006436020434,
    0.37513252968852956,
    0.24310997412581004,
    0.20884141801779244,
    0.30428310509940415,
    0.1862440038176646,
    0.13476567074117454,
    0.06265275067591225,
    0.1948112693387813,
    0.4632803494070968,
