{
  "config": {
    "mf": 0.75,
    "mf1": 0.005,
    "mf2": 0.07,
    "T_coh": 40,
    "tStack": 3456000.0,
    "nStacks": 3,
    "gamma1": 5,
    "gamma2": 7,
    "gamma1_upper": 6.4031242374328485,
    "gamma2_upper": 23.685438564654024
  },
  "mismatch_list": [
    0.43017142499035843,
    0.5847831710831314,
    0.3425901440307333,
    0.48470481891068956,
    0.2814178224872524,
    0.6309148083708506,
    0.1853353877399803,
    0.464590000694994,
    0.34990368206962064,
    0.021558367408098425,
    0.3402912968208849,
    0.40472494012588606,
    0.09431995811387081,
    0.15069676673821528,
    0.5099877470711857,
    0.10311396351400684,
    0.5732536432160941,
    0.2036708694830513,
    0.01646550330523324,
    0.06709077565126957,
    0.257955865386273,
    0.33292761295794115,
    0.32368598153701233,
    0.25027021822703666,
    0.2793534950988827,
    0.41754036955683344,
    0.3352927610789473,
    0.26644498417614637,
    0.3685457309857064,
    0.24513333422240524,
    0.6631222785048109,
    0.3086949823058427,
    0.10204707722489431,
    0.3225781112014278,
    0.27767791982327855,
    0.3242297249048883,
    0.06772299251629144,
    0.3334437625696607,
    0.21914023276986774,
    0.42686461961112643,
    0.479015517665913,
    0.43424516331329344,
    0.019781849943961365,
    0.004766726505542984,
    0.4768239012019927,
    0.3313457697145461,
    0.15613821208289924,
    0.11267679926740475,
    0.3246785977948198,
    0.34851044133637915,
    0.32204802918237585,
    0.1591888671716812,
    0.23378590346131958,
    0.4264096750106065,
    0.47128238105600273,
    0.14823837449031513,
    0.4208053777140682,
    0.5005473755518887,
    0.28645148741188026,
    0.07962137680157683,
    0.6357584341752303,
    0.13675644449735508,
    0.4116832288836477,
    0.16432678119864458,
    0.3168365498762293,
    0.3237278329707113,
    0.2532817324672038,
    0.4954705581127215,
    0.13985334216767223,
    0.20175150418498072,
    0.4051912149720577,
    0.5958207819691013,
    0.13683478040628635,
    0.3434593744555112,
    0.43879742832698027,
    0.23607759472654588,
    0.22104458142657227,
    0.5274111711451496,
    0.4599161930461349,
    0.3773603368324818,
    0.37503882913133013,
    0.15774141473675718,
    0.3193528402215264,
    0.00468703530406964,
    0.03200897398824972,
    0.16681081558144056,
    0.445925616557815,
    0.5545220636746795,
    0.549004206936474,
    0.3893875823326666,
    0.2621361839147159,
    0.2714373939957938,
    0.11167626810115167,
    0.040488768365433705,
    0.26039192241307996,
    0.26129633623224985,
    0.23505960739235102,
    0.17934418152853362,
    0.09669800861987742,
    0.39041863468696697,
    0.33103903990642625,
    0.40612891477606067,
    0.3587003438431391,
    0.3327006285629963,
    0.5680753143655263,
    0.42519316442485017,
    0.1712382310461525,
    0.04588890439343557,
    0.1452683864136368,
    0.3597660374748146,
    0.2519734956822006,
    0.13579630104885548,
    0.04107609794146242,
    0.42884356356934616,
    0.1783915735065679,
    0.09573889519370979,
    0.3492929872501667,
    0.4116318904021543,
    0.5239832026126571,
    0.3691151707001799,
    0.48080894918097505,
    0.28725094737659274,
    0.5399224187179561,
    0.2942973843612902,
    0.03112326320616027,
    0.05129261839374848,
    0.44293329326004344,
    0.4017739261447966,
    0.33233361534260547,
    0.1160303351334871,
    0.14299859667589024,
    0.10221155552779916,
    0.620464418637506,
    0.5719271370876238,
    0.09066679417258902,
    0.17162584471318268,
    0.43222789168198417,
    0.14666813255108016,
    0.31743515548620793,
    0.18824221918419845,
    0.3491902560754783,
    0.3565940023859654,
    0.15543779689716072,
    0.3790088062572447,
    0.17925868967498024,
    0.12369234599078986,
    0.19402059025483945,
    0.16940300230909322,
    0.07849030385767217,
    0.32379863345310866,
    0.09658676620802482,
    0.06472476014303649,
    0.5150769247783364,
    0.33032892082608656,
    0.3161857383975303,
    0.4461364458656584,
    0.4299850451599739,
    0.0834379890234315,
    0.2569038873151232,
    0.46727380519849016,
    0.4127249067314778,
    0.3250471289428577,
    0.33110290129100833,
    0.03393262201075321,
    0.4616344871426649,
    0.031377082393437956,
    0.3816697876343325,
    0.4275139131621783,
    0.19701670837172877,
    0.22191961250343026,
    0.5210063838615667,
    0.16115485453319875,
    0.11979978317487795,
    0.2759435790630505,
    0.6230564156242028,
    0.5544949849296891,
    0.29075497492654584,
    0.5932889599712722,
    0.018809942556196665,
    0.3893255641459418,
    0.48478657015682686,
    0.17018321711970844,
    0.4716210415564136,
    0.43100259880055525,
    0.06073293570134383,
    0.248609930651307,
    0.36527681958595054,
    0.2251249877888142,
    0.17978980171636416,
    0.1295522514607614,
    0.04836431911566403,
    0.21425467421423663,
    0.4833174330412298,
    0.6279927705443105,
    0.36661460174837074,
    0.4078326259248381,
    0.14644093130932861,
    0.024843054413043943,
    0.34421248341528515,
    0.05794276783914651,
    0.25408292720637016,
    0.2914630339622216,
    0.1803819561338426,
    0.32851787050797776,
    0.011346075468543606,
    0.3237538545875189,
    0.20893070562709873,
    0.04628269819445759,
    0.011830728081585576,
    0.2435890596882762,
    0.37327505141708844,
    0.22138920521416822,
    0.417742470780706,
    0.4982732488780075,
    0.4122329897504104,
    0.30809133500760755,
    0.3538816825273842,
    0.41534842782270304,
    0.42195878587906605,
    0.3767886202265377,
    0.09526248275932357,
    0.43651077875001043,
    0.0673686648340943,
    0.11453208633408656,
    0.16290773569540223,
    0.10705477474441623,
    0.1211706886870262,
    0.35825450680850185,
    0.26514189750280304,
    0.49633924642048266,
    0.14413758452824055,
    0.4478145690912417,
    0.005335407256192901,
    0.44399329466304227,
    0.1070343369328819,
    0.17785308867375518,
    0.06461189138013343,
    0.2593262829931061,
    0.3928543122318621,
    0.0939615645540475,
    0.5883993084321639,
    0.3722881815996594,
    0.2166657938582696,
    0.4508180599995598,
    0.33848826983462504,
    0.44021538959618894,
    0.19813710161040196,
    0.48925719234777976,
    0.10283276741737947,
    0.06353307851665074,
    0.2704018420702538,
    0.336557032173886,
    0.33569094602780564,
    0.2961576046928251,
    0.0386254037552012,
    0.35584251977724196,
    0.48463011518577104,
    0.3113374774926568,
    0.24858358376428927,
    0.22636047247015945,
    0.3975200965488722,
    0.3664797230345846,
    0.2166206897224697,
    0.5041945219942837,
    0.25502762031989024,
    0.18934710787619044,
    0.12209245025073454,
    0.32360927197913153,
    0.11852635030235492,
    0.49404110396275613,
    0.14362728978030273,
    0.3386011928092298,
    0.12041172486347054,
    0.26153660249410693,
    0.13267809817977705,
    0.0999380793943382,
    0.3121157948937131,
    0.4084438086496071,
    0.24019247973105792,
    0.22809606009952618,
    0.41104244656976,
    0.18364945802935476,
    0.30469876671631374,
    0.4744949122860088,
    0.13564391195542583,
    0.17029559797729635,
    0.12435204818856478,
    0.445947301238488,
    0.30013560515058874,
    0.2795833527140167,
    0.025562877387984802,
    0.33334048927795545,
    0.42254465173914935,
    0.18740708791977884,
    0.46611345793567693,
    0.022453619449684006,
    0.265797316976145,
    0.18913362219496457,
    0.20941833988373323,
    0.31447655186688295,
    0.4276827284012178,
    0.09847550189464477,
    0.1520723344567082,
    0.09255341560284334,
    0.44411890317584074,
    0.4361874601611757,
    0.27416988060740094,
    0.6630829479152403,
    0.3619421493920537,
    0.2815594776637489,
    0.16377235812553717,
    0.2052236552543445,
    0.15295495517180177,
    0.04674479873959962,
