{
  "config": {
    "mf": 1.4,
    "mf1": 0.6,
    "mf2": 0.0005,
    "T_coh": 15,
    "tStack": 1296000.0,
    "nStacks": 8,
    "gamma1": 3,
    "gamma2": 51,
    "gamma1_upper": 17.776388834631177,
    "gamma2_upper": 100.0
  },
  "mismatch_list": [
    0.1397547664385823,
    0.41685082988739575,
    0.5807257618697635,
    0.48348985821684803,
    0.6846098288875871,
    0.2506923920290563,
    0.2870892703594627,
    0.39449073803684775,
    0.44564057574865656,
    0.49774569616805575,
    0.4589898131127008,
    0.4854934509356508,
    0.4037064043841231,
    0.3293914669892577,
    0.4164362548291796,
    0.2893875579631661,
    0.4751357244506691,
    0.4733607967474127,
    0.4972153971680378,
    0.40919331666407416,
    0.36564833452936424,
    0.5537516024983071,
    0.013697999399767888,
    0.5284489348771287,
    0.5546486979647043,
    0.5061263936747794,
    0.5252763207274952,
    0.5604419787189381,
    0.2442416315904821,
    0.4783951134860822,
    0.4811495384631398,
    0.3460350418745746,
    0.32820517009178696,
    0.43158691135473776,
    0.31664585900559233,
    0.3979265681353078,
    0.5204652839739761,
    0.32291996153425806,
    0.14122339794984304,
    0.45777543454665415,
    0.47639397836504405,
    0.38786342811179586,
    0.33825457648073154,
    0.49467319298618945,
    0.6263104417257309,
    0.4775816486259715,
    0.47595883899612046,
    0.20461575892642878,
    0.0727139570157477,
    0.4730513924170676,
    0.39952140452001383,
    0.3479239948858836,
    0.44065833839791224,
    0.42460538208127885,
    0.5141361023424665,
    0.04314992329403683,
    0.5393276359470801,
    0.4435626768386156,
    0.5532321458413687,
    0.4662009470714398,
    0.49790453649417027,
    0.700579967773665,
    0.45932198636351285,
    0.2649959001486702,
    0.5403836801630226,
    0.531096418210279,
    0.42615880071542117,
    0.5527945127335369,
    0.5200614428354086,
    0.5476935517260721,
    0.23336719517547538,
    0.45438792515718507,
    0.29417271765786884,
    0.5426904609354716,
    0.4543911778601089,
    0.5688206523216204,
    0.4785017298596972,
    0.42639642873458,
    0.4583143351388485,
    0.22112821374277106,
    0.567894065682047,
    0.5221162836958338,
    0.3467109535421501,
    0.40937601014496355,
    0.5382775188786878,
    0.47932545880458977,
    0.40556192683760367,
    0.4182357946512264,
    0.4801385622532644,
    0.36896045349328727,
    0.3237816386799288,
    0.5132470663510919,
    0.49765172919470013,
    0.41017588593508125,
    0.36534727880319035,
    0.22887130919413345,
    0.5202396909556355,
    0.419761926721952,
    0.5673466719211071,
    0.4857292357564862,
    0.4384236592069419,
    0.3945026646142352,
    0.5391987927701521,
    0.35889210914509717,
    0.48681693961422073,
    0.5572820501107075,
    0.5320736385920336,
    0.46510128049517413,
    0.32088752818286376,
    0.48405626221932063,
    0.498554607244073,
    0.11017136106390274,
    0.537962151259649,
    0.5141507756467675,
    0.5533864685245334,
    0.17614369371739708,
    0.561566365837425,
    0.39996373597651347,
    0.5481241011697587,
    0.4984632424330565,
    0.3938886265845,
    0.5494668530778666,
    0.5375201812145853,
    0.2661939067766668,
    0.37532736647871345,
    0.23537035420055502,
    0.3967821588232675,
    0.578182220465602,
    0.6111041278390313,
    0.24825741862026413,
    0.5665578553209305,
    0.3081524734131291,
    0.6543115878336767,
    0.4956992039118017,
    0.46550627815033674,
    0.49681336308665025,
    0.05218029399808365,
    0.4657936002419433,
    0.419792068435713,
    0.35734758123228,
    0.3596854072470799,
    0.557745271148207,
    0.3569600036083318,
    0.3993557696589028,
    0.6212821244168988,
    0.29505991045092006,
    0.43218790243163396,
    0.6174365983146084,
    0.31208181082742403,
    0.2963119119474525,
    0.47913745257559137,
    0.4570990169030683,
    0.5487107080715028,
    0.4798970671317405,
    0.5230019585608539,
    0.4424885259097304,
    0.4003274965868304,
    0.2096425583072298,
    0.6079896647894475,
    0.07522728442386102,
    0.07582108341318117,
    0.4824651122312617,
    0.558001692562037,
    0.5025209531894126,
    0.5340278263675375,
    0.40785164899027426,
    0.5384111688277143,
    0.3041998611023569,
    0.5493758858194296,
    0.5240512805240871,
    0.5192353285750385,
    0.3775243143157672,
    0.4921273024076941,
    0.526060077567568,
    0.5123523562001722,
    0.3939744256594024,
    0.46013783653910095,
    0.5556545421321887,
    0.3151033549968167,
    0.5312700041229816,
    0.44396734922348585,
    0.4187731773153896,
    0.16671909541897995,
    0.45081721631081617,
    0.4935149777572946,
    0.5554660660683235,
    0.029068683207552515,
    0.4126520602475755,
    0.29189358486027256,
    0.13161303417333062,
    0.3825294290104092,
    0.47267447643048094,
    0.21050857239013238,
    0.3396209285556091,
    0.5067171206668938,
    0.3968972683656281,
    0.44299981466821564,
    0.08753804216775157,
    0.3656194938967728,
    0.3072587029319431,
    0.2856714532961012,
    0.16529658000695066,
    0.16000696222990277,
    0.2993336729637068,
    0.04991532852877789,
    0.12705440716670205,
    0.5057011931203453,
    0.07694955448089463,
    0.47658968265762885,
    0.5570034018935647,
    0.3302303752144615,
    0.5449577394379677,
    0.3329966183454758,
    0.3926621768764915,
    0.09007262056830069,
    0.4499673211779584,
    0.2753424590202801,
    0.23539333996788353,
    0.5119782953639298,
    0.3273317832155903,
    0.27593683626789783,
    0.47976941661255135,
    0.4625524624840473,
    0.48147672423613525,
    0.5025514924557531,
    0.2252011760617256,
    0.32893211305412323,
    0.3825600044178934,
    0.3968756198206127,
    0.6952299762162362,
    0.42922111209479274,
    0.2407327602408099,
    0.40248414704877206,
    0.3151207750280311,
    0.5534309221311594,
    0.491284093386402,
    0.4593242993967031,
    0.5455193728094853,
    0.4823115485121125,
    0.4171891471326195,
    0.3028221607083895,
    0.4380651752035903,
    0.4722288922710574,
    0.335171664649509,
    0.4626887507365565,
    0.44174756018367795,
    0.33160344954204835,
    0.4046620846442931,
    0.4081982786985256,
    0.4457821044669875,
    0.5315414241114049,
    0.46482570427523706,
    0.2931189141928295,
    0.5226741583884172,
    0.5384593811132744,
    0.3521495451131102,
    0.3642404201393487,
    0.5047899303256578,
    0.16539257088434775,
    0.5131383899322918,
    0.6114019308622815,
    0.40952993527554876,
    0.15802715038358764,
    0.4749815101909351,
    0.5003873607770867,
    0.5883440980934246,
    0.519037528096125,
    0.4569182389027896,
    0.5157767295561115,
    0.5957240834750548,
    0.5258862386668602,
    0.5428020647869032,
    0.48498335483490435,
    0.17983861967431336,
    0.690788012821143,
    0.41890136995173277,
    0.21105271344814844,
    0.43358678153575,
    0.41409626034576374,
    0.4540210564085187,
    0.4831425779680119,
    0.3615218833178842,
    0.48286118302395553,
    0.42432189095089373,
    0.4715238869828853,
    0.5763546712572666,
    0.22492035937596677,
    0.3465363918185703,
    0.5474561044126313,
    0.2585415255957362,
    0.5202390404150506,
    0.6322422876245207,
    0.5437982231279033,
    0.3443530330515095,
    0.36260655131955655,
    0.38956820585532786,
    0.4955055958055456,
    0.36530745126294506,
    0.503963960629862,
    0.167480517032309,
    0.3751893073101679,
    0.25969544002854283,
    0.4693725492690526,
    0.4177478530715057,
    0.5989120937518613,
    0.346299161351991,
    0.5326932062167393,
    0.4907193157353913,
    0.3192218551567051,
    0.4028324753907725,
    0.5707209897931628,
    0.5522083756666596,
    0.5216623147910955,
    0.5495939253387582,
    0.4600877449140737,
    0.5960448722656334,
    0.5768075920688405,
    0.4087321556717598,
    0.5378836165546098,
