{
  "config": {
    "mf": 1.6,
    "mf1": 0.25,
    "mf2": 0.05,
    "T_coh": 30,
    "tStack": 2592000.0,
    "nStacks": 4,
    "gamma1": 5,
    "gamma2": 47,
    "gamma1_upper": 8.717797887081348,
    "gamma2_upper": 47.70744176750625
  },
  "mismatch_list": [
    0.29912388009341195,
    0.22516118241202732,
    0.3775310026226928,
    0.02434802043219641,
    0.3849297516754326,
    0.24957722053547343,
    0.5019008089551471,
    0.4608279538399131,
    0.30525111032917673,
    0.05396694210097035,
    0.41021372011522383,
    0.09874419536589181,
    0.5002914424347702,
    0.5487586012382256,
    0.49085646344435807,
    0.357056159627185,
    0.2433791535968131,
    0.27692582587644515,
    0.021388636462860315,
    0.4660927110767497,
    0.37998151884877923,
    0.34163038333643186,
    0.11477887817214706,
    0.19828494222760903,
    0.24933695400442774,
    0.41696774674808934,
    0.4240158541214962,
    0.35184033754122623,
    0.40563018788495775,
    0.32798260828835685,
    0.5366429228784914,
    0.043240602788537405,
    0.10579794076259036,
    0.5356072975103935,
    0.21141524793279706,
    0.1361573228236724,
    0.5875736087310139,
    0.29715396921176673,
    0.07119103097472171,
    0.5609292864662286,
    0.29449419558273887,
    0.02409705611336648,
    0.5534814938390862,
    0.20789372412833992,
    0.430023746197587,
    0.5251565346569291,
    0.061631401071918335,
    0.5456269322879185,
    0.1376266061499558,
    0.12486443445277491,
    0.1958556770123912,
    0.13169128555315804,
    0.4954100707817683,
    0.49873563713566443,
    0.5477813438676666,
    0.38958083176167413,
    0.4960467337196295,
    0.3769034472609182,
    0.12790752138328756,
    0.12397565067848551,
    0.05364853834968986,
    0.15328317998391863,
    0.11765831786250104,
    0.5713085620756484,
    0.5138950891082353,
    0.11962815646179632,
    0.38357293968558337,
    0.3492884814605892,
    0.26078120161600205,
    0.3525309953944578,
    0.47655138884752735,
    0.230938566074308,
    0.321238303631552,
    0.05788818730033808,
    0.31605218959139947,
    0.5026740855343068,
    0.13106972962642457,
    0.5065618640056738,
    0.2428676836889673,
    0.14251780820254323,
    0.366737440724859,
    0.19918998953062445,
    0.16392473209992658,
    0.4178155464299892,
    0.31531172919909134,
    0.2521268358632638,
    0.3817444853626796,
    0.5150942894341419,
    0.5984401758022401,
    0.41551067913893797,
    0.00584706384757792,
    0.450351928305161,
    0.40118406440183896,
    0.09454581963703274,
    0.3926968515832292,
    0.07342498928052751,
    0.15731436663747422,
    0.022340450446256772,
    0.47387614679562223,
    0.6129523754726904,
    0.4433486359886881,
    0.5618755347086833,
    0.41908681225873956,
    0.5295854910819482,
    0.39709010052740096,
    0.2903755472858122,
    0.20269994815909867,
    0.21086799826175404,
    0.31724253532944413,
    0.5182512933480866,
    0.051891860400230264,
    0.31631529734501146,
    0.5429333305191405,
    0.16412061726813773,
    0.02713689033813394,
    0.5727766166019836,
    0.4891896685969909,
    0.09583193948868622,
    0.07370472197461501,
    0.10666171484381663,
    0.5226228575872903,
    0.5079867659691227,
    0.1816101269306977,
    0.07718049105158965,
    0.1055801540423615,
    0.09459591130550887,
    0.5006283866087984,
    0.030072348849655314,
    0.5170722959389752,
    0.48063689568702783,
    0.16054321920721296,
    0.42477568618357575,
    0.35775194952725897,
    0.35413682007968983,
    0.510802922462145,
    0.5029253389825363,
    0.15106823193613478,
    0.3025989986292375,
    0.5326056283663697,
    0.5018129497588516,
    0.25830133875585887,
    0.15342470882500991,
    0.4436573900462578,
    0.39211056944324374,
    0.19771550187514872,
    0.5543440752615393,
    0.39881407071353375,
    0.4422061411662728,
    0.4847774816771471,
    0.48908966596591336,
    0.4401940896746398,
    0.13222407875422237,
    0.08654141677453603,
    0.017209632403772678,
    0.05736486308710977,
    0.11259226480552145,
    0.5186741450949631,
    0.11103682091816511,
    0.06367482310340511,
    0.209425603969631,
    0.05044252700251745,
    0.4102525357371166,
    0.36930050056972946,
    0.4020732457290528,
    0.14681441564490746,
    0.10941776856290256,
    0.3246103475364296,
    0.5122047663559779,
    0.03922611335780717,
    0.5863337134421173,
    0.7086067895100384,
    0.06685828235741077,
    0.5332704091383395,
    0.0384654139075289,
    0.03870625869737375,
    0.11083761076185886,
    0.23148241847490603,
    0.5057505307692952,
    0.1352193147691056,
    0.44981754489239906,
    0.43201873905464516,
    0.10533800817021857,
    0.4788541599504317,
    0.16428390309654695,
    0.30609912685812624,
    0.04578588117533414,
    0.18000849462175947,
    0.03941079476178484,
    0.5144444349674252,
    0.511276950112746,
    0.23820185800334753,
    0.20139416750827416,
    0.29144590432303386,
    0.3209056602573425,
    0.4976468842403949,
    0.406746950190811,
    0.3946511494772974,
    0.3906287812704288,
    0.3077488992120935,
    0.0632096138994911,
    0.1477006695369506,
    0.24888027411780114,
    0.42329021161091623,
    0.511901469615825,
    0.358396852653008,
    0.4217161550184624,
    0.5114833523628667,
    0.21570050704622803,
    0.14273393242872454,
    0.5654978562500669,
    0.4959759331579089,
    0.41834689398405567,
    0.24156132477934367,
    0.4750703234982113,
    0.29046980347007323,
    0.575863976471806,
    0.3518748162221254,
    0.19288183657307645,
    0.2528586946559346,
    0.1576109411190869,
    0.25929305259639646,
    0.6103826656516297,
    0.45909910459516245,
    0.12167273501088138,
    0.5127615211560319,
    0.1961618650465397,
    0.1616181300324779,
    0.35123193700217337,
    0.25273393532001853,
    0.3791341528609788,
    0.3156938137006279,
    0.14406609613726012,
    0.2727259322182383,
    0.565920274302844,
    0.3580710038196885,
    0.2000025154257763,
    0.5292085024860791,
    0.5282233663393818,
    0.5511195234916192,
    0.022494339569179848,
    0.438502646545959,
    0.425876835501852,
    0.19081369397792614,
    0.14000382807325035,
    0.5284369606833168,
    0.518362319037523,
    0.44584899089502605,
    0.04965913089437265,
    0.29123534583779437,
    0.3173274670905689,
    0.6190681850971721,
    0.5545272387361692,
    0.173807825518503,
    0.3224220716757564,
    0.49398126557142524,
    0.34761015757841407,
    0.4107762936444443,
    0.28830682643186273,
    0.02954859094232765,
    0.2690913588185479,
    0.3058140452701466,
    0.2078926398930915,
    0.49282792839652595,
    0.4514881345631356,
    0.38499589002558504,
    0.4046460636911589,
    0.36004438425412855,
    0.47591147320392096,
    0.5206911840687388,
    0.1765729145313256,
    0.04211148020085241,
    0.09997342900817918,
    0.16703684867458746,
    0.3739844691251725,
    0.19681240619558044,
    0.11195487904416133,
    0.3859644012318069,
    0.4262730873439677,
    0.41867975420531484,
    0.07843769796328577,
    0.5083886558345301,
    0.05820630192221899,
    0.6128324590542172,
    0.47989329101249933,
    0.3410743152187018,
    0.46855992452566153,
    0.47298891709185553,
    0.6182041580277211,
    0.15511445331846824,
    0.4915040771582281,
    0.425116642028023,
    0.49273251569466664,
    0.27929314511780434,
    0.5433040666917438,
    0.23670257750185839,
    0.511873785475816,
    0.36824727444943256,
    0.46372224755317015,
    0.36825074400222746,
    0.32566798288007,
    0.4513905533907795,
    0.5924814357240769,
    0.36883803809511145,
    0.3658067331876314,
    0.04418822439564005,
    0.45842803525875203,
    0.1227697642352137,
    0.12200537838509087,
    0.34013124739964246,
    0.2214974792253298,
    0.1250718125146191,
    0.5036440785287014,
    0.4961328581395275,
    0.4416549521071606,
    0.07541174194969784,
    0.23744188137656821,
