{
  "config": {
    "mf": 0.3,
    "mf1": 0.3,
    "mf2": 0.05,
    "T_coh": 15,
    "tStack": 1296000.0,
    "nStacks": 8,
    "gamma1": 17,
    "gamma2": 93,
    "gamma1_upper": 17.776388834631177,
    "gamma2_upper": 100.0
  },
  "mismatch_list": [
    0.5117288853319578,
    0.03481440221681101,
    0.07521991163056696,
    0.4436346338555199,
    0.12386834851164988,
    0.031409617360701914,
    0.093532629091828,
    0.183956830705053,
    0.6543730277777938,
    0.6951841492461536,
    0.6458631618238498,
    0.2277790515523055,
    0.6607029683733189,
    0.10398515379646811,
    0.628899629394257,
    0.08227104874659623,
    0.10000789322576187,
    0.021111921315236933,
    0.12717092621366297,
    0.2838827558171339,
    0.6590239231240289,
    0.4269274866986135,
    0.14375775950353056,
    0.34983311465532047,
    0.5755010174454745,
    0.31375427838857917,
    0.08001649192664678,
    0.351484764917763,
    0.3666747430075561,
    0.02405988211626346,
    0.2893619700334985,
    0.11165437675031559,
    0.04110310576749043,
    0.12344238899320026,
    0.35789258967774246,
    0.6417330242157228,
    0.04296531433253668,
    0.36706383855953545,
    0.111735043782827,
    0.17313862990948523,
    0.17515906440120485,
    0.5779817455420622,
    0.1414012123763467,
    0.5634697753061733,
    0.6832734378207527,
    0.49804021034723833,
    0.3961599890362227,
    0.27468548531195014,
    0.5702601179299972,
    0.4072410082280373,
    0.036565729753297666,
    0.019236340527059307,
    0.09525533284258479,
    0.37489222710978987,
    0.06910164971309715,
    0.6562601737319229,
    0.1189773675484913,
    0.6403226160867989,
    0.3062473291694881,
    0.5888396654544445,
    0.5610590887458792,
    0.6316283580182163,
    0.09829183944542716,
    0.10551674317987707,
    0.0045133060125563005,
    0.11051383454064029,
    0.06547864463194149,
    0.07073385604028379,
    0.16718531617139806,
    0.03860900544777142,
    0.2838015828086121,
    0.36938113640477155,
    0.13645826044869375,
    0.11737739912139435,
    0.5102720719746537,
    0.36168928909503156,
    0.5602155544542947,
    0.5281408316279532,
    0.6303063149853904,
    0.6362589059006055,
    0.05996668653947683,
    0.18037119556637798,
    0.49375300332903305,
    0.12279835381427846,
    0.6497081458089863,
    0.06879119728958771,
    0.06519139482262216,
    0.311694305485763,
    0.08648048002377798,
    0.059065976958719874,
    0.19182475766640394,
    0.1782922847043163,
    0.09782092034434126,
    0.10524937099953681,
    0.0871963637961732,
    0.40839448896712083,
    0.2497741178525106,
    0.5015352034977688,
    0.46429912781300975,
    0.3867278733799371,
    0.49204721363348025,
    0.49115915345298267,
    0.09975627858403047,
    0.0843951360381558,
    0.4825294073257231,
    0.6043308438349859,
    0.6885119520207525,
    0.3784984627003159,
    0.6296945177065582,
    0.16327816941927253,
    0.11706962114251118,
    0.16830843834985898,
    0.19527146624908706,
    0.07309394499954028,
    0.2978257921704983,
    0.42081641686871973,
    0.17348601858175214,
    0.1317735731331943,
    0.6040008029116462,
    0.06575779882509479,
    0.4960672653182069,
    0.10607165429868544,
    0.11255392981447739,
    0.6710698024264875,
    0.6983532396342863,
    0.057766485999499226,
    0.012422289313034926,
    0.1016168246564712,
    0.0631758755264319,
    0.5308463937788659,
    0.06281359670300249,
    0.6203807281544135,
    0.6052464435669054,
    0.6824812600942214,
    0.02959388630632308,
    0.3633195438004639,
    0.6166913317924677,
    0.2936003142255589,
    0.060744733078861135,
    0.0838107337461712,
    0.5945950702901873,
    0.47648071710968,
    0.11549502379822024,
    0.09951839757686642,
    0.5894290552242457,
    0.49251169961100566,
    0.6304098232206559,
    0.4504743814226426,
    0.0266535151454522,
    0.1897769281878368,
    0.5455178910225977,
    0.5216464488290559,
    0.2339101074346091,
    0.20980092879847756,
    0.12183497549052205,
    0.09895488486588166,
    0.40234822020769884,
    0.13683969407823024,
    0.08587612782052713,
    0.49482704583448744,
    0.6201501115171126,
    0.4203012610078695,
    0.12724956934213288,
    0.6101924674917641,
    0.06920421827862913,
    0.6478561651875783,
    0.11795862099274228,
    0.2204001142638396,
    0.6471248491468666,
    0.04142960485875752,
    0.4566041723649203,
    0.13500003758678933,
    0.22147126547780616,
    0.4046015843699095,
    0.6165808844576313,
    0.04900124672488957,
    0.5545504301952605,
    0.13770527446740966,
    0.21998290090214076,
    0.1540623223662792,
    0.0868872847361205,
    0.003506486034194726,
    0.4055478317916003,
    0.38705025238083396,
    0.5339363892742338,
    0.08569556666710999,
    0.11130474732714558,
    0.02883369349187634,
    0.20098386312394792,
    0.09414406495922412,
    0.28434651897178737,
    0.09827239551017128,
    0.06169098050055195,
    0.04716809563929635,
    0.6130582433322481,
    0.17803308042242924,
    0.32136242280974553,
    0.7054574861608333,
    0.13022376861341178,
    0.1803072980244962,
    0.10767400804125989,
    0.13507022368765725,
    0.1388148798581648,
    0.16572376832428262,
    0.6479113165727093,
    0.6053543248805463,
    0.13504882813064706,
    0.45278434261572825,
    0.677457279722621,
    0.582497617575814,
    0.6591994967996294,
    0.16160100350944961,
    0.5350282132223386,
    0.5119462381695581,
    0.39837786259541985,
    0.008688981461617238,
    0.1283108178827535,
    0.44260793624817923,
    0.18009052344519355,
    0.033155017749638444,
    0.6554516240673417,
    0.15948356618831214,
    0.6650310510249339,
    0.20698011254062987,
    0.30930060526296005,
    0.5094965553153213,
    0.12459160507733916,
    0.46980020742125134,
    0.6675077313134385,
    0.4929411286792407,
    0.15339400033885936,
    0.6368581260614654,
    0.14147840985907267,
    0.3654571478797292,
    0.12818352877500028,
    0.14600631689364268,
    0.17500206727341383,
    0.23220439002134352,
    0.35916497477926435,
    0.29291572868351984,
    0.4577526656261872,
    0.22598739049956312,
    0.665668038680854,
    0.6060768947645072,
    0.5134512276712787,
    0.18426070544042755,
    0.1159842303179669,
    0.06346890791872695,
    0.12423734958778858,
    0.7108525457243292,
    0.7017741434404403,
    0.6753007376841103,
    0.13094962734144014,
    0.09268598666189411,
    0.48180495810229507,
    0.17958577623369962,
    0.011451176784548475,
    0.015016645165095635,
    0.5807530122920367,
    0.14555925094733166,
    0.48429302285103315,
    0.6240622818881983,
    0.4456571645335682,
    0.547734680347487,
    0.12714562741314417,
    0.5221634840293732,
    0.552666645367486,
    0.5573776795766686,
    0.6828357324306336,
    0.06369862102743777,
    0.22522806507256274,
    0.12818526354989299,
    0.17153569790861323,
    0.03782575458370896,
    0.20142413453526248,
    0.07704337688967583,
    0.1037616569644562,
    0.12588495204214808,
    0.12888098056416036,
    0.0941890968241476,
    0.7189462102685952,
    0.606933981984941,
    0.13503827491671636,
    0.10918478012595623,
    0.3901067811772298,
    0.6532211372490286,
    0.5878750583318058,
    0.6498504334913328,
    0.4215889338131335,
    0.627783627021085,
    0.0775322942802737,
    0.6441106416296244,
    0.14698610329659273,
    0.471662018433718,
    0.010629110332261436,
    0.16767546236087827,
    0.04135616605496576,
    0.1510244423999801,
    0.08554485809830507,
    0.11034801897381126,
    0.24059976083236811,
    0.22476813287913072,
    0.13286785467906376,
    0.5587356469062313,
    0.2857589148636091,
    0.09335662172250425,
    0.24824137195250648,
    0.15166695965087076,
    0.07015856131648597,
    0.13615474712475517,
    0.21230175137090587,
    0.12905597598146334,
    0.407831156961854,
    0.5843282026402117,
    0.13987873056112451,
