{
  "config": {
    "mf": 0.35,
    "mf1": 0.4,
    "mf2": 0.002,
    "T_coh": 15,
    "tStack": 1296000.0,
    "nStacks": 8,
    "gamma1": 13,
    "gamma2": 7,
    "gamma1_upper": 17.776388834631177,
    "gamma2_upper": 100.0
  },
  "mismatch_list": [
    0.2985723959149521,
    0.10583015917716157,
    0.34019665697313006,
    0.29118753147893606,
    0.24498295872797052,
    0.2419987122187713,
    0.050826229912029564,
    0.31192134414984757,
    0.33949096500322956,
    0.29950115102314134,
    0.15711906800953662,
    0.340982654564106,
    0.05526248300643428,
    0.29788441310541475,
    0.30220197868424264,
    0.17298069311196063,
    0.24245546399156667,
    0.29272931266483976,
    0.162683864453942,
    0.16155705587883407,
    0.11299102080515529,
    0.19643564476667566,
    0.11546119568781223,
    0.23305587536451958,
    0.25102987802797727,
    0.34534836014620685,
    0.2864455965919769,
    0.20709092128690226,
    0.30475997654584347,
    0.31873040788605533,
    0.26312812584750983,
    0.3106504769763567,
    0.01775397538123124,
    0.3316505053110133,
    0.3606199449382449,
    0.2421418311474206,
    0.030531676700411892,
    0.27065827768079104,
    0.2442690988596168,
    0.3312058246801798,
    0.09494314564418263,
    0.11317656943638899,
    0.3258240469869562,
    0.20325012967442324,
    0.30124373240287716,
    0.12920552803367313,
    0.07064668360192468,
    0.25542905030905017,
    0.11811077520729114,
    0.2026258998421933,
    0.17491894264313773,
    0.2415123247082253,
    0.3155404459874946,
    0.25073706248254385,
    0.20270244678433452,
    0.23885493870172916,
    0.07188097593809398,
    0.2752615028586199,
    0.0604598685850193,
    0.21465540720660187,
    0.3081273914594719,
    0.12872550136440045,
    0.32449658278259047,
    0.31427977061649853,
    0.07853557242656264,
    0.266019345053087,
    0.2394573392832257,
    0.21297737390933258,
    0.32391181907916994,
    0.20796091089560068,
    0.25496796159902296,
    0.07384604219782101,
    0.2153193200145027,
    0.1808289592911941,
    0.04651191703612553,
    0.2857308693361768,
    0.175449928324884,
    0.21930951911461716,
    0.0821414466056527,
    0.31977315216115365,
    0.23450144882616458,
    0.2892387287338283,
    0.020168131491310803,
    0.3053347652936309,
    0.2913539975863499,
    0.08923978405522136,
    0.29773645126352327,
    0.264629645799445,
    0.08362381175148077,
    0.16850996136656313,
    0.23725663276723774,
    0.19872092155868368,
    0.19107229905668724,
    0.3205813404142989,
    0.13079479868226498,
    0.36129057999885505,
    0.2804670563356581,
    0.18673846996324012,
    0.27643681284843674,
    0.1744457105088615,
    0.27285298476694164,
    0.20935357372301774,
    0.11118526470640959,
    0.3021696685018658,
    0.2702569664222754,
    0.17687280514834927,
    0.316810084362103,
    0.1763903208813119,
    0.2847160260239364,
    0.344730418872963,
    0.22604312014299172,
    0.3095452808051206,
    0.1781817650871927,
    0.10081485268002482,
    0.25333149061689175,
    0.14122896368595717,
    0.03833108005350046,
    0.21294701534871,
    0.3294056343175482,
    0.06731136202381152,
    0.18302576256367348,
    0.18732923309649802,
    0.2110898665437675,
    0.2272240681512099,
    0.21556211621719612,
    0.08323630640981976,
    0.2112991960474889,
    0.3115340556550481,
    0.0531897161387843,
    0.27978051917186475,
    0.02044490036898662,
    0.2322220991817067,
    0.32594381873684103,
    0.17294823836500936,
    0.12662259278298948,
    0.17002087801583388,
    0.29247516814305646,
    0.08094618670456957,
    0.3315830659370589,
    0.33057133076316797,
    0.10614039475380942,
    0.16720468782436676,
    0.19723523142764457,
    0.36156575866621254,
    0.03686230397766535,
    0.11473562608893266,
    0.3602654003195455,
    0.12464950318938364,
    0.08077205867471293,
    0.029387592658663957,
    0.2205342701888765,
    0.07930530650291934,
    0.34081134554345005,
    0.27472957750714005,
    0.35001671166479986,
    0.27736470056917967,
    0.22116283695833822,
    0.20323422757124,
    0.12030403664769787,
    0.197409287175214,
    0.01977737344672593,
    0.16430703549522907,
    0.17048825528484715,
    0.19506741335233105,
    0.34329742252929024,
    0.1729704290271787,
    0.32416899945701544,
    0.2631953483746027,
    0.26644212415089996,
    0.3216103510548299,
    0.2956022444517562,
    0.25991806947310836,
    0.30735050143668274,
    0.28722899202061375,
    0.08858772554242074,
    0.3030879426784115,
    0.21722215122495347,
    0.30127438009264856,
    0.2745051410053946,
    0.2986126571489206,
    0.37292239021910784,
    0.18882937968497646,
    0.27570358132711437,
    0.18832275313401542,
    0.31565616992929635,
    0.14208427999035464,
    0.2813605376876954,
    0.3149306003304168,
    0.15351377208874414,
    0.23517367409709303,
    0.24256569447954152,
    0.11294967533687883,
    0.2555600980957376,
    0.23650800511874245,
    0.33570532477588155,
    0.25455573571514073,
    0.12350780446311319,
    0.1564336873623384,
    0.26091007158259466,
    0.31655138605622635,
    0.18818375429573633,
    0.17051948123291608,
    0.1406867742496954,
    0.279437612001404,
    0.26613955049669497,
    0.17565145134158816,
    0.27243931323731546,
    0.23470492346462302,
    0.3265795414527352,
    0.18730610276459508,
    0.3343330455534539,
    0.16772114476638653,
    0.1704002154590417,
    0.1576702204494108,
    0.08732900179317898,
    0.2426978987828241,
    0.20615587761972692,
    0.32869134075547135,
    0.21688574946034045,
    0.3435744082538276,
    0.2002450658665114,
    0.2173919423175783,
    0.22461641235830504,
    0.2685589109314527,
    0.10512678024045137,
    0.061725675998406324,
    0.06612513740862797,
    0.06424044905226356,
    0.09742235581273914,
    0.16540637680120232,
    0.17276970111563372,
    0.05170988087300812,
    0.26795896794772084,
    0.03856621433375103,
    0.18583992885109907,
    0.1580216569297607,
    0.31710434555328043,
    0.2051822352111886,
    0.2899753575226489,
    0.134389252259978,
    0.16078992396481645,
    0.3315334080057548,
    0.20027867713005781,
    0.13243473921418167,
    0.14311618192237344,
    0.19228447301297438,
    0.31018389481250264,
    0.2558155436986904,
    0.09312257167656163,
    0.14887151447582908,
    0.17497221468880161,
    0.2483304237303327,
    0.17353712215880013,
    0.0889020089271516,
    0.20004390426124322,
    0.1409002961260742,
    0.24041247742624172,
    0.321342400616192,
    0.2247022837154946,
    0.2623306353728696,
    0.11977427976483392,
    0.31551572544527334,
    0.16558939555238414,
    0.18501497110732415,
    0.3130190952455025,
    0.1569241226809674,
    0.2703497045967487,
    0.36267652057356287,
    0.3381033619359163,
    0.13804651914526483,
    0.19934601877835995,
    0.2942441325576191,
    0.19315720934858624,
    0.3430553491494688,
    0.321884300923305,
    0.20467430757905802,
    0.18216256748997156,
    0.3153311887660604,
    0.3386688985509425,
    0.1988869539723743,
    0.275878070768407,
    0.1950192733490581,
    0.28007680426708365,
    0.15274382116552587,
    0.16089032406173254,
    0.30171197705933683,
    0.286477617645205,
    0.26925723010805913,
    0.31251601052661404,
    0.32063005867586947,
    0.21201370645642736,
    0.13488048268376615,
    0.08068300689688672,
    0.2663266170559598,
    0.16808992899566363,
    0.2095037763158123,
    0.061338170656745294,
    0.24931317370705783,
    0.35009998085965033,
    0.32300720625490437,
    0.2507276657852083,
    0.26423173180842763,
    0.1903739075977936,
    0.255922376919167,
    0.2987724010036251,
    0.3131218083756088,
    0.16100077139656896,
    0.24638429542985119,
    0.3471567906895788,
    0.190386918409489,
    0.13676452049954577,
    0.33601223536731833,
    0.11144540865803018,
    0.12865871253103078,
