{
  "config": {
    "mf": 0.2,
    "mf1": 0.65,
    "mf2": 0.001,
    "T_coh": 60,
    "tStack": 5184000.0,
    "nStacks": 2,
    "gamma1": 3,
    "gamma2": 5,
    "gamma1_upper": 4.0,
    "gamma2_upper": 6.000000000000001
  },
  "mismatch_list": [
    0.2563138614376666,
    0.021883547385403594,
    0.03360448844350124,
    0.22434909762740482,
    0.06653819687393384,
    0.010803461456170888,
    0.24233908507919252,
    0.03985531969028468,
    0.053257330873806616,
    0.16026184996501536,
    0.0010167232396361596,
    0.07326110401138013,
    0.06118438932997172,
    0.029156523046497778,
    0.04862569607882822,
    0.12457317284728768,
    0.0462408851983138,
    0.018682235316567687,
    0.05682699369119833,
    0.15771064516315567,
    0.08552936686462387,
    0.035617479023668124,
    0.1988975499181764,
    0.07511926584284087,
    0.04099998265224104,
    0.026695092897249223,
    0.15847756067378696,
    0.029700158442865155,
    0.11345513869533287,
    0.21264470922264692,
    0.12649371432867065,
    0.04066199048186292,
    0.05329766441338553,
    0.1503431964980657,
    0.02459782112147479,
    0.024662441523595844,
    0.003111898827869753,
    0.1443497626248316,
    0.02785254983143761,
    0.06226963621749464,
    0.04109438337390781,
    0.050865797736695716,
    0.013595294131253145,
    0.005015815373583989,
    0.2007797817651923,
    0.018571498788548167,
    0.19159168579738975,
    0.2271905882625063,
    0.021251004724373024,
    0.02127427963430924,
    0.001695454308894196,
    0.09774421307674071,
    0.2054443050198632,
    0.0302925844113038,
    0.24027195503460877,
    0.04832651951912012,
    0.020323477878716033,
    0.008533507196428675,
    0.2725559898920391,
    0.05758603042796921,
    0.048898417306124334,
    0.09215172928243887,
    0.05157242978494561,
    0.206779070507075,
    0.17013727859922628,
    0.09319736545367281,
    0.05306708378389319,
    0.12740945915470153,
    0.027876547564663772,
    0.00889694274661285,
    0.0827482319742328,
    0.042921752933216914,
    0.0768325016046677,
    0.06042173847675111,
    0.016611635720192214,
    0.0021238716728443964,
    0.1417722470552179,
    0.01780183654941509,
    0.1699100229568677,
    0.007060031919876484,
    0.23976164179190784,
    0.11789493618915996,
    0.14246529002561686,
    0.1445844633470766,
    0.23746400340016074,
    0.14163585030040535,
    0.2399572377741669,
    0.10012230170065864,
    0.13804002127991766,
    0.25387722412726316,
    0.05405446039795759,
    0.03491952085489756,
    0.1505564293685994,
    0.012869290418832727,
    0.019504880502853705,
    0.013111074809319216,
    0.08758536543054246,
    0.03537670658578756,
    0.04210199904009067,
    0.16101148999901696,
    0.02680619083691372,
    0.005145128460155089,
    0.24433169204258295,
    0.15564987596352345,
    0.25899821028953407,
    0.031989990343080844,
    0.023491323229227503,
    0.002636859361718122,
    0.08768453678592288,
    0.17257348221565577,
    0.027046023604517355,
    0.24505400935622468,
    0.015246800784118705,
    0.26652865560650657,
    0.1321228452637727,
    0.04275037153117103,
    0.13377709864514004,
    0.017804655560245877,
    0.007680575714293975,
    0.18147591841927221,
    0.09356867977771738,
    0.08984664581080534,
    0.20084707661348614,
    0.11190612838498147,
    0.18576732029167364,
    0.24690848478890667,
    0.08546799916730757,
    0.21187497470118485,
    0.13027762196920195,
    0.10045031890963553,
    0.026119219582150313,
    0.004372936339507208,
    0.02744198620274904,
    0.0799176559708095,
    0.056432259892559546,
    0.15153426471523654,
    0.04251017735192242,
    0.04402933506039911,
    0.22726518362602857,
    0.04179638935310207,
    0.03505700184464504,
    0.1502181480689053,
    0.15642994685803172,
    0.041211408464549855,
    0.021686867168209653,
    0.022740743524948967,
    0.1284624681234929,
    0.20590561084350587,
    0.15276306430814246,
    0.06762315463214078,
    0.04176140470586875,
    0.044352581635662365,
    0.01278761138706898,
    0.0026020192791427893,
    0.0612121457443056,
    0.13376076283878727,
    0.03406680621974985,
    0.04483528302868741,
    0.035916366454060246,
    0.10448208265628885,
    0.17009622223635742,
    0.007996449491999793,
    0.038064163577801804,
    0.1337877964298312,
    0.05594746231199366,
    0.11628058265339755,
    0.06223884394534299,
    0.03290378354622889,
    0.01750967137561946,
    0.09383865427651171,
    0.08006908745005291,
    0.19804895537578138,
    0.18119416190085177,
    0.025817802270243388,
    0.022833120341403897,
    0.0435448988914782,
    0.1045403422134584,
    0.10652507040298843,
    0.07205492878744947,
    0.10299465689024073,
    0.21086562425910613,
    0.04241613804190062,
    0.018181897035267992,
    0.05265492994396674,
    0.01789197261367119,
    0.004378285231852798,
    0.20859487489374498,
    0.02826694442356288,
    0.0016561327219212065,
    0.07300081534467105,
    0.008613451452296554,
    0.03673915620500425,
    0.12777795446791532,
    0.1272020088704874,
    0.07409697686387214,
    0.09099738048839724,
    0.047065626572140654,
    0.19696804542799812,
    0.15259869429200904,
    0.17655522659064493,
    0.13351182249773033,
    0.21455368553139076,
    0.08163580693100796,
    0.18427685866780777,
    0.1314471500523324,
    0.05294608316515645,
    0.17910975637963836,
    0.026409577697721082,
    0.017587736290933482,
    0.014207525457836271,
    0.06338314549565438,
    0.23962343797887042,
    0.10292989192346169,
    0.02401175599798766,
    0.01382262205594074,
    0.0048792017717844485,
    0.08018452232945707,
    0.07843196498065724,
    0.04246102536820619,
    0.1674305945076995,
    0.028646209803796847,
    0.06963274794284492,
    0.2580398188893965,
    0.2046684265004366,
    0.03754467047931858,
    0.008422770668409152,
    0.0043162669935755465,
    0.23884886054136573,
    0.002212056114217645,
    0.0007022228261812379,
    0.17835491201794915,
    0.012728773571267485,
    0.24413067488564935,
    0.0238492653224081,
    0.02406206449896781,
    0.08927438661215616,
    0.028443819282612342,
    0.07176435382489173,
    0.1006451920686046,
    0.2598236744866509,
    0.2196881162068547,
    0.07540123920824827,
    0.21100484002474948,
    0.24561101698345603,
    0.1606612098327098,
    0.26323836399067846,
    0.16248272452337031,
    0.01780523381887783,
    0.2398551028432977,
    0.2774236987735134,
    0.013049851676660904,
    0.09720440864381003,
    0.09952539422782233,
    0.18223820786084785,
    0.06504260320470934,
    0.04794342317544945,
    0.04449483325912348,
    0.18726949165283666,
    0.009569963511880324,
    0.007008639183961419,
    0.07347361405862386,
    0.0293612988845391,
    0.0021477971237415646,
    0.011908080007864317,
    0.019410985757489896,
    0.03955072195590199,
    0.06508980356554273,
    0.059163447693615444,
    0.13295785072831676,
    0.04054445941491792,
    0.04422767777115993,
    0.03163898735348372,
    0.1678865514389966,
    0.20025609629162738,
    0.01453265137365338,
    0.03401707597740165,
    0.027042554052725622,
    0.2431114940468274,
    0.010655427246390221,
    0.02807026420636894,
    0.08230767117901153,
    0.029488154371924386,
    0.07989944082390289,
    0.05332860125019516,
    0.010934726165624837,
    0.02807626363967548,
    0.1340228585637212,
    0.12654322772403184,
    0.1529034365910497,
    0.11845685901476294,
    0.017793451799251733,
    0.08333155036921813,
    0.009221779533113981,
    0.12988744195728982,
    0.11494350413165792,
    0.1171355380407441,
    0.15070569237797296,
    0.12151714825973065,
    0.030892310894970885,
    0.13453179844217125,
    0.05923797077480874,
    0.2268859905281236,
    0.18516824434896753,
    0.04997021968045428,
    0.23599688896856008,
    0.028686543343375757,
    0.05935174316064603,
    0.15969855377516148,
