{
  "config": {
    "mf": 0.2,
    "mf1": 0.9,
    "mf2": 0.0008,
    "T_coh": 15,
    "tStack": 1296000.0,
    "nStacks": 8,
    "gamma1": 9,
    "gamma2": 59,
    "gamma1_upper": 17.776388834631177,
    "gamma2_upper": 100.0
  },
  "mismatch_list": [
    0.38136452766994866,
    0.23877694611384404,
    0.05620323697429815,
    0.22217435528536758,
    0.31476319455326945,
    0.10260550178074643,
    0.341806166662137,
    0.11582210114778489,
    0.29130658040594887,
    0.07569234865968401,
    0.2755528004760222,
    0.32848974545647996,
    0.27270415553760385,
    0.02865819209856297,
    0.033246165713793366,
    0.020208609572140903,
    0.05917671342270508,
    0.3401091954056222,
    0.05630819085530763,
    0.26403194356661625,
    0.29733586282787966,
    0.02909333146748656,
    0.32105818666293495,
    0.1878818311821161,
    0.13466132278898604,
    0.26413046432406523,
    0.3186203942449421,
    0.24117028492521098,
    0.33320623697834595,
    0.2424656557940614,
    0.35685143561296245,
    0.1311075641389647,
    0.3574325852020232,
    0.021854404969320507,
    0.16394352787291733,
    0.24027702042003526,
    0.1910943451542822,
    0.019477763366295985,
    0.09533968627174323,
    0.16546326296122604,
    0.0925563845209506,
    0.2784609337368034,
    0.09074542409752673,
    0.3782868201634042,
    0.25683154352752596,
    0.32385355955568945,
    0.3407890825989935,
    0.22193611286676757,
    0.3305383700402063,
    0.037166612406763076,
    0.294851448334645,
    0.31802478819844204,
    0.18476379015931593,
    0.32898227696143767,
    0.09119538133532562,
    0.24542590458391136,
    0.10707500472726159,
    0.14336497755490418,
    0.1156406003246342,
    0.31105106541200034,
    0.039477549410725885,
    0.3511563864870288,
    0.33437258396455044,
    0.12398392788887726,
    0.14587989517333583,
    0.28740854122201015,
    0.2064981342496029,
    0.10228160485181842,
    0.33602336683954664,
    0.15567074782097817,
    0.0721108336113792,
    0.3324099753025881,
    0.039636498160271226,
    0.03390574158446243,
    0.03463853941206166,
    0.005608093534436149,
    0.09564160938536348,
    0.3382500226966382,
    0.025499745277219918,
    0.11956531167254851,
    0.381096649513598,
    0.18985376425912678,
    0.013225779217512437,
    0.03555370545025793,
    0.32218362187458616,
    0.028338704389153955,
    0.08914220296750593,
    0.30931578454327135,
    0.12625286888397882,
    0.1212286716655169,
    0.1031283195640395,
    0.30364133586918873,
    0.057321154828080915,
    0.11956242038106066,
    0.31053106663790797,
    0.36468661869821334,
    0.022081226786543468,
    0.0672563552032549,
    0.05416718950854406,
    0.3168126142421549,
    0.3514846203531886,
    0.07149455483074091,
    0.3269392903961127,
    0.08839588835220094,
    0.027218112090744918,
    0.07747988962205615,
    0.27435479384802564,
    0.30687481170464187,
    0.38229227082611716,
    0.3400666934207506,
    0.24530049481562524,
    0.22423801458483078,
    0.2423680024240588,
    0.14705975894724607,
    0.35790538364257624,
    0.037649385802949235,
    0.060217289229187475,
    0.13941424458359908,
    0.10048669109615221,
    0.319710411135867,
    0.316529195394057,
    0.01905614078507816,
    0.027823187116867737,
    0.38897679218148523,
    0.0014735467067900825,
    0.3433064578151898,
    0.21591514290786437,
    0.3468559518102665,
    0.3026781021100067,
    0.3371128054721739,
    0.3329750782238912,
    0.07453496467709189,
    0.1978291026992519,
    0.19022522293303018,
    0.04442570566305699,
    0.24451760536299874,
    0.37397323011037215,
    0.31290409412657266,
    0.3180844933676665,
    0.37055637411230125,
    0.006057544796224668,
    0.26573679359243546,
    0.2847124841918638,
    0.11350581525456954,
    0.15115823691358105,
    0.0141070448630135,
    0.014484069273031017,
    0.24751305562671344,
    0.3118715416539691,
    0.04435096577809569,
    0.005991984761737342,
    0.3038169095447893,
    0.2553878494053481,
    0.2760631857059175,
    0.28769810406451973,
    0.3335843456226714,
    0.1590771951696928,
    0.33354509634072366,
    0.0859427720893224,
    0.3231943450964564,
    0.34621076011474955,
    0.02418558101369836,
    0.057035061535356736,
    0.08403733871653257,
    0.28141279778133854,
    0.14924203347999893,
    0.31661947597076556,
    0.3035009636674529,
    0.021218682253426324,
    0.008485289976297192,
    0.35757924596274515,
    0.031197902541503043,
    0.009958981247661668,
    0.32148465215739497,
    0.2427769756050172,
    0.29878432758101253,
    0.26166072313513145,
    0.24870470141343676,
    0.0817597961292546,
    0.12017443450675434,
    0.07053703137224741,
    0.006341180491184163,
    0.2886435563810514,
    0.010933418761359162,
    0.22950761016832522,
    0.13468618789578166,
    0.38770578044342,
    0.06688713728025462,
    0.34234430829031576,
    0.07759221629635969,
    0.015308882452231528,
    0.2506720084240669,
    0.30930530361162784,
    0.16004548868897858,
    0.01587738264103286,
    0.04945236047928361,
    0.04220461554207957,
    0.21206668937294249,
    0.006119852127788145,
    0.10035802862494225,
    0.06250054211715397,
    0.023714372783463663,
    0.3670643445355458,
    0.14981674994549915,
    0.3030583069406609,
    0.22665968805277878,
    0.032248308739044176,
    0.2854048762209201,
    0.3902776565041626,
    0.26863820460050736,
    0.30684091131194663,
    0.2287936780176843,
    0.24054974148962807,
    0.34857916153703367,
    0.07903504303109121,
    0.2075058216154108,
    0.21549048447058428,
    0.0663096018055537,
    0.07645470994274664,
    0.30458353548279654,
    0.015681425360442855,
    0.35698588066714815,
    0.24618956694814353,
    0.27484269928660277,
    0.26591533084181107,
    0.19831476738692594,
    0.15388262860030844,
    0.2817421881640935,
    0.24617142409405718,
    0.08582451826746874,
    0.02614139514066422,
    0.15593855369504162,
    0.1401730640345891,
    0.08816046494280158,
    0.13228359695165356,
    0.22708947853244985,
    0.06581374531538496,
    0.239148260223173,
    0.2523702807617512,
    0.2505793425318808,
    0.11830904552107144,
    0.1655622174123982,
    0.33382215434754825,
    0.30122515585506765,
    0.19322920250663406,
    0.2704686089591871,
    0.3284895286096184,
    0.3090656155472839,
    0.09710041050556545,
    0.07330493699586718,
    0.2412312911756049,
    0.2854752068863624,
    0.34072381169365495,
    0.3101403808756103,
    0.10934148812459847,
    0.23828210157569604,
    0.32594128885678914,
    0.12006261380846119,
    0.3092287566694866,
    0.0093485573322863,
    0.09176207446694705,
    0.03998048956503989,
    0.28502821322233857,
    0.044505071614398865,
    0.010492063115736663,
    0.17794525744348538,
    0.22985167385538108,
    0.16000399865612772,
    0.24817371573169048,
    0.31598180163311707,
    0.09349540371392175,
    0.3333867981317631,
    0.02974314922938408,
    0.3503585346009526,
    0.23160661550622755,
    0.10331625351075069,
    0.028453633225796564,
    0.06660523636018784,
    0.3417182714009059,
    0.2760985317443566,
    0.34492572561296825,
    0.130760247748985,
    0.3268693211421064,
    0.2903854872202025,
    0.12005343395798722,
    0.35685642309077903,
    0.331124290260222,
    0.11474719125488411,
    0.14331040442807075,
    0.06863405559722228,
    0.25036979618129784,
    0.00853523703675005,
    0.21148525065473295,
    0.010203006249237421,
    0.07119299312855665,
    0.004177699353102442,
    0.38594903173539363,
    0.2741823283107745,
    0.21093445962629478,
    0.2985786844739382,
    0.08785384348051356,
    0.0394303490771865,
    0.054507711363527285,
    0.32420499603603936,
    0.3266439449706274,
    0.3403860365655852,
    0.0495505921075838,
    0.2100836248237035,
    0.030145689286781997,
    0.12945302258503433,
    0.3570705232254554,
    0.09578010224763217,
