{
  "config": {
    "mf": 0.4,
    "mf1": 0.35,
    "mf2": 0.03,
    "T_coh": 20,
    "tStack": 1728000.0,
    "nStacks": 6,
    "gamma1": 13,
    "gamma2": 69,
    "gamma1_upper": 13.2664991614216,
    "gamma2_upper": 100.0
  },
  "mismatch_list": [
    0.10595474858596786,
    0.1453464147005782,
    0.14422634576058163,
    0.011940462922796073,
    0.23936433255091324,
    0.0811228944563391,
    0.18130653133390284,
    0.022643596893146368,
    0.039900280740961844,
    0.16286217649545548,
    0.03784554704154019,
    0.10057347356250229,
    0.033250776068288586,
    0.149523267303062,
    0.15792305249442892,
    0.010634068202499965,
    0.27829118713212586,
    0.18098088135943116,
    0.06421446688220535,
    0.1459481651112051,
    0.05277600475241874,
    0.21510565924034378,
    0.06903519242405991,
    0.09216967670173119,
    0.08528473040443157,
    0.04429370927952261,
    0.020582683054372324,
    0.10852633709754418,
    0.3168840973413149,
    0.07056873437143049,
    0.12850152329592687,
    0.029527079473230942,
    0.035757635751910995,
    0.03227355508613,
    0.06816932237374165,
    0.08475486477258767,
    0.17972110874302147,
    0.07585882523357403,
    0.14520275356650963,
    0.0923949807293497,
    0.159138263053403,
    0.33342014441359313,
    0.4937369166720969,
    0.40960429435114665,
    0.43119889390684885,
    0.01930859853630447,
    0.02464813051326708,
    0.4205989791060331,
    0.058031833789380635,
    0.05733586335950423,
    0.23987863941087875,
    0.3022076216731199,
    0.14550530933603292,
    0.07493072009574228,
    0.5225822291936122,
    0.18566466802405657,
    0.13183034151341638,
    0.0522784493228031,
    0.3836550818689565,
    0.1728993191329633,
    0.5062681792322814,
    0.16000386204497774,
    0.06588874252921444,
    0.3846318691571255,
    0.15602862293592834,
    0.2176687907191221,
    0.08469783401294989,
    0.11920805742715594,
    0.14634651304069035,
    0.18768698309775256,
    0.12608638989111354,
    0.29490941921544106,
    0.1294962004611685,
    0.18101487212586928,
    0.18248070359910715,
    0.137451340889656,
    0.14718722883960944,
    0.2757883391179076,
    0.4968540922226416,
    0.24142367424897482,
    0.0706523288879338,
    0.027359802183497445,
    0.02598672701229403,
    0.07242255933015096,
    0.15992352023339676,
    0.40476307676828155,
    0.2640441227254241,
    0.16406134037681286,
    0.06303763824131449,
    0.5140539079460654,
    0.027925555992984134,
    0.07181939941405774,
    0.08353997948410583,
    0.35200713036288367,
    0.009832926980135622,
    0.1617072494010415,
    0.05633088596200862,
    0.27910121908127783,
    0.08957493977345778,
    0.340387221510181,
    0.15409396825988853,
    0.11009912835097727,
    0.4119944903515556,
    0.06787863897718477,
    0.04915119038699924,
    0.33323170437509414,
    0.07143514653923581,
    0.14279271606607458,
    0.18418967476528753,
    0.17161450068865183,
    0.1515022129777939,
    0.3266408568145198,
    0.11799853910179589,
    0.2873217802314256,
    0.24213905248488765,
    0.20375588753143875,
    0.2648149595802623,
    0.07476450687421238,
    0.24416006647661473,
    0.10145284233824814,
    0.33812469417797264,
    0.1694055345641641,
    0.13128236915750496,
    0.12889721484972558,
    0.4887446651573393,
    0.1431663434381503,
    0.03881821423680754,
    0.3927518675134253,
    0.24969725448935623,
    0.14467635748658286,
    0.0572074899385705,
    0.0425611017909068,
    0.07346006377686964,
    0.07853688561960721,
    0.09739612297089491,
    0.439331686235843,
    0.42598242259944685,
    0.14080601811127785,
    0.12745951927406565,
    0.1671778653863731,
    0.5589656040549521,
    0.018212220130492018,
    0.3567402497188308,
    0.17762062032769269,
    0.1651438405749568,
    0.11930157269367228,
    0.294449269892432,
    0.15777841554888367,
    0.2797691620370737,
    0.16777251405791963,
    0.2041339602669083,
    0.11008053372117141,
    0.1421381092004602,
    0.10680202400648026,
    0.33371836324322,
    0.0677129678731419,
    0.23429781094042965,
    0.008608175153389432,
    0.25339623052700433,
    0.18179503340148473,
    0.04806782280087602,
    0.4170863830604332,
    0.03578452477926873,
    0.09788186023929282,
    0.05762145085168283,
    0.13788124005688765,
    0.06932620109110903,
    0.15814315219417174,
    0.08192848104209727,
    0.45190767348870925,
    0.5347080962969798,
    0.5130611824037772,
    0.028965120486153614,
    0.31067576787960394,
    0.06844211589322584,
    0.40764692495239935,
    0.09536898305156416,
    0.21047380743097788,
    0.14350635952602886,
    0.048715219503912624,
    0.07520882636659958,
    0.08976262084747492,
    0.03501179051322588,
    0.03997249079023707,
    0.185920872748437,
    0.08314542637702992,
    0.11502155513340265,
    0.12081364678855563,
    0.4317965242245741,
    0.1496047475613658,
    0.22717655563052438,
    0.3355035561280798,
    0.26893629935207203,
    0.05364317588470592,
    0.13594582641636596,
    0.12521190017275116,
    0.23303478561909763,
    0.056764254681157394,
    0.04505690227779336,
    0.20342801487527015,
    0.3518317011440739,
    0.2459852676320189,
    0.08174448636699207,
    0.2665195395947975,
    0.09226227036851954,
    0.017868734490696342,
    0.12294389745392353,
    0.19511860066899467,
    0.4850150052699241,
    0.23269151682629677,
    0.025628604200347974,
    0.09745521377698349,
    0.06336995626087691,
    0.0732322660088107,
    0.06736742218689544,
    0.19628377378391393,
    0.07046800894233637,
    0.1930743298370731,
    0.313279395534665,
    0.41699709631031584,
    0.04898107391956256,
    0.1507250875601059,
    0.3380015250849146,
    0.058128547549070576,
    0.3913127082205503,
    0.02283550648356251,
    0.08376951202812331,
    0.07353476756658531,
    0.4694528722631334,
    0.08469132860310527,
    0.4712124772026044,
    0.0733832999407032,
    0.06410105590391423,
    0.31289573898907885,
    0.07578737414878067,
    0.04995721066674704,
    0.09270805357812179,
    0.03030393383217539,
    0.05835428527067872,
    0.42430695429396625,
    0.1550106347187435,
    0.08847639289769711,
    0.02724519854673481,
    0.039597345489197605,
    0.18989925613891132,
    0.1409068519638694,
    0.059300930826567615,
    0.1580760922610235,
    0.09060881203301321,
    0.14439261319386024,
    0.3505582129552418,
    0.07437960345840598,
    0.1623250464892851,
    0.06297063251991496,
    0.04934624425884028,
    0.052679941533713255,
    0.19039176987589737,
    0.032132062422009625,
    0.12623455060032465,
    0.08562637284477127,
    0.3286408366477493,
    0.2656234193887018,
    0.04371060771045028,
    0.07921594198388762,
    0.3494472515890277,
    0.03061120602383604,
    0.14416405646131944,
    0.04051265665433494,
    0.0828162526388924,
    0.21185642386995338,
    0.03769754896757519,
    0.300658683589117,
    0.13769952227522805,
    0.3713615920385927,
    0.38707985488165414,
    0.4724088762847778,
    0.1118415481661087,
    0.034977094994054596,
    0.07339967188881213,
    0.03965990584720332,
    0.22761187597262653,
    0.1470744141905541,
    0.026358619608411193,
    0.04117263048307113,
    0.07609139363551902,
    0.060156392221134496,
    0.09605226793224356,
    0.36810444175289136,
    0.16729366168160725,
    0.07354973000922792,
    0.10588541175937399,
    0.2576980412102534,
    0.07749699585594551,
    0.08016605709169364,
    0.04213315424662854,
    0.2900335603251534,
    0.003537750296999065,
    0.11642563942486539,
    0.3113900618805427,
    0.11104382228391278,
    0.305968182257297,
    0.16425276206149064,
    0.08507612359541425,
    0.026785157647223116,
    0.1414379644659335,
    0.5263900624226602,
    0.35367587641152487,
    0.4472688825755091,
    0.22399893398017345,
    0.0636532668596099,
    0.45537679171184764,
    0.1322631681150781,
    0.40822113579468405,
