{
  "config": {
    "mf": 0.35,
    "mf1": 0.65,
    "mf2": 0.0002,
    "T_coh": 60,
    "tStack": 5184000.0,
    "nStacks": 2,
    "gamma1": 1,
    "gamma2": 5,
    "gamma1_upper": 4.0,
    "gamma2_upper": 6.000000000000001
  },
  "mismatch_list": [
    0.4849189787374301,
    0.11266545425106833,
    0.4918382046804254,
    0.46654303978997647,
    0.010097118537236965,
    0.49442750226966514,
    0.021663447693615445,
    0.37253061879456206,
    0.48598814280675173,
    0.511292487552983,
    0.5011968508034904,
    0.299333556926671,
    0.3722128656763024,
    0.5143532104919246,
    0.3605452689770027,
    0.4862319149612856,
    0.4840247379042751,
    0.37540839515881874,
    0.011182582271746861,
    0.4665141268583787,
    0.4645557817189316,
    0.5221085622755633,
    0.03103644185898585,
    0.4804520030879011,
    0.03612909334829096,
    0.4818272466793498,
    0.33808310154799837,
    0.23015575396251728,
    0.04539821780689631,
    0.5119857835115333,
    0.5027509931592004,
    0.5192042221554012,
    0.04317669270758039,
    0.2965842985433665,
    0.0920755437076787,
    0.2086000792214326,
    0.1547495272735684,
    0.12039373630249865,
    0.0029106648239491596,
    0.462950427333129,
    0.1746041819664263,
    0.5139545734475202,
    0.4599356036730988,
    0.4720715537231182,
    0.4977050721955902,
    0.11886178462178994,
    0.07401869510157112,
    0.2885856082991679,
    0.4989575803924063,
    0.13939083344416625,
    0.5540017665801206,
    0.5490997958747029,
    0.5090338454777283,
    0.05335708048781898,
    0.47418693222230573,
    0.482020385062423,
    0.012047295773507658,
    0.44192472662823173,
    0.5174947450746821,
    0.5233010399981496,
    0.3810188049707112,
    0.40223164462537514,
    0.4912460678413027,
    0.4512697475322813,
    0.4683878655317377,
    0.46455773334181444,
    0.4933679156089352,
    0.5273862565270943,
    0.24542676932684912,
    0.15227848357456356,
    0.03961664343994495,
    0.47139455742975606,
    0.36821890558771314,
    0.512441270607692,
    0.2872833698600036,
    0.3598533825238676,
    0.11332278975094401,
    0.485789077272701,
    0.49066177363487595,
    0.4723168799477254,
    0.4895900796840395,
    0.5303464708875691,
    0.47914127147507996,
    0.4630477554891201,
    0.2609374728941266,
    0.3280853712131288,
    0.20724818282224908,
    0.34122029919101615,
    0.4637542068315475,
    0.4927297710674076,
    0.4932480353662979,
    0.4762188969138337,
    0.4631643468857881,
    0.49983902725332935,
    0.31933422192409777,
    0.4860489322454361,
    0.46475679887586524,
    0.46974839966923604,
    0.566972938941671,
    0.10877001497689857,
    0.07465839371317215,
    0.46920675203691603,
    0.3295116461288476,
    0.45988786119479796,
    0.4680265623102589,
    0.06606749434752188,
    0.24864615197793366,
    0.47895998739396184,
    0.18696496620078296,
    0.47713037708245387,
    0.06855472928822146,
    0.05130050366326843,
    0.4819891590962974,
    0.4842012513516796,
    0.15122706481701007,
    0.4785189206224376,
    0.07983894051453454,
    0.45844084125065776,
    0.12729944544997196,
    0.45810964361920514,
    0.48180682692140886,
    0.5605760612491543,
    0.2007615666182857,
    0.5643011672150486,
    0.47339710321338324,
    0.08100167405873951,
    0.49046422602973405,
    0.4676176611751372,
    0.03910936605506179,
    0.47496530448208263,
    0.5181039044022829,
    0.13683999005395153,
    0.06794871424193184,
    0.48898410077891435,
    0.47140630330821764,
    0.055795018880144334,
    0.05981998808787218,
    0.5247675038887893,
    0.0082497267727964,
    0.5228529256995483,
    0.4653375512481713,
    0.49948480770009196,
    0.4684340177988007,
    0.11361003972636802,
    0.14147256451920687,
    0.46929363539636737,
    0.08290898787391648,
    0.10700227833900991,
    0.528657991823423,
    0.5247306760421666,
    0.49457774109048014,
    0.48781551236606085,
    0.4942898044329307,
    0.32767314509087336,
    0.22643451510122417,
    0.48296182625641143,
    0.47457906385710075,
    0.5400092087687139,
    0.4173940919315573,
    0.07685230696281219,
    0.4890358549264744,
    0.0469057380604049,
    0.41022794955271696,
    0.49360717011790695,
    0.17371886800090208,
    0.48891745647158147,
    0.3106379349227736,
    0.4410747948627503,
    0.3985392464133508,
    0.05710578663412998,
    0.4829038196873934,
    0.11492015693939271,
    0.4864247642150428,
    0.46816122428917556,
    0.1296066251091463,
    0.01072192698906513,
    0.47293829113009084,
    0.462440909196047,
    0.4823105263310068,
    0.4665664954057352,
    0.46606680766539643,
    0.4811819823284162,
    0.4692385562616736,
    0.23618120890749597,
    0.4869004903633199,
    0.4740858815263715,
    0.4724845388098281,
    0.49908924265466975,
    0.3684779654548293,
    0.5135013271035603,
    0.026546841840481575,
    0.3340034868995507,
    0.012561801391290268,
    0.29820363955982954,
    0.48707725679887587,
    0.479271162820283,
    0.09025533009894005,
    0.455145779001116,
    0.5015360356322969,
    0.5028755717532224
  ],
  "statistics": {
    "mean_mismatch": 0.35528601123701087,
    "std_mismatch": 0.17719077457225244,
    "min_mismatch": 0.0029106648239491596,
    "max_mismatch": 0.566972938941671,
    "valid_samples": 200,
    "total_runs": 200
  },
  "perfect_2F": 6917324.0
}