{
  "config": {
    "mf": 1.2,
    "mf1": 0.6,
    "mf2": 0.008,
    "T_coh": 30,
    "tStack": 2592000.0,
    "nStacks": 4,
    "gamma1": 3,
    "gamma2": 15,
    "gamma1_upper": 8.717797887081348,
    "gamma2_upper": 47.70744176750625
  },
  "mismatch_list": [
    0.028865378171135114,
    0.32177572290300954,
    0.5346482914331826,
    0.4218821514349926,
    0.4452291336035151,
    0.3101452036757599,
    0.4768180384362841,
    0.13149648462019528,
    0.3205428751432275,
    0.3693506645205555,
    0.0007489897095955398,
    0.46985450141225255,
    0.32023495233268157,
    0.33685808574941906,
    0.49506868124322173,
    0.5015024609248845,
    0.48450483265334915,
    0.3180438574603625,
    0.3332896506998811,
    0.537198557302122,
    0.3514921534617897,
    0.5031006959633777,
    0.3462358532598906,
    0.351850673917261,
    0.5073441035962204,
    0.3879537560655734,
    0.5206812091044535,
    0.31412767202548736,
    0.3323908196789565,
    0.361891342858605,
    0.2566003182158172,
    0.2898873522946321,
    0.3486019437013016,
    0.3155982564340688,
    0.29406613950667004,
    0.43696097244625737,
    0.27041282473929923,
    0.5060811502377077,
    0.34720776173655743,
    0.3969614018034157,
    0.347861121897244,
    0.307985913037394,
    0.4032194630924876,
    0.1669861064649623,
    0.3672627888438843,
    0.46335335458048915,
    0.33347758480960393,
    0.09926390546162545,
    0.4265768900605697,
    0.22080060509000743,
    0.21820436764653584,
    0.4683149957830477,
    0.20311224668289068,
    0.5134515284681144,
    0.3612603179440355,
    0.37312271894974325,
    0.4889906752877344,
    0.36865675396157876,
    0.3776331375830922,
    0.38495418310969653,
    0.33262270145741457,
    0.5366497535605562,
    0.46021033730124883,
    0.38107428341446786,
    0.39053242889802087,
    0.043995302803774526,
    0.44854392988727715,
    0.5044774578817975,
    0.19779414507183277,
    0.2260064522116809,
    0.25354653349752027,
    0.04240631990606764,
    0.5051347574305532,
    0.5130729135193727,
    0.042073387402458584,
    0.3215094347260022,
    0.49363127443324134,
    0.3854058755141805,
    0.136850004582701,
    0.49680920408748014,
    0.3544497303723784,
    0.45307610550794397,
    0.09531504840459842,
    0.5497979491473429,
    0.06412131117869671,
    0.4529246017025674,
    0.22258250957957984,
    0.261835728818597,
    0.30551638655328556,
    0.2806012388038254,
    0.171951036514441,
    0.44769107044088474,
    0.43422830206736196,
    0.09643050962815357,
    0.3266972112602023,
    0.07120837873869612,
    0.24790352272369146,
    0.5396197630353267,
    0.3497507270881576,
    0.35433516284779737,
    0.2632987958627896,
    0.3300238618493468,
    0.05913816597704486,
    0.49919282299874024,
    0.29366562300591065,
    0.3125206185403071,
    0.4117334203805579,
    0.15716965737298763,
    0.1495242809424115,
    0.4501040359862016,
    0.3734518927711578,
    0.038704596203326204,
    0.1622679483580197,
    0.43516482833375597,
    0.36803714965829243,
    0.3259279102102867,
    0.480966394779017,
    0.5067307155750249,
    0.46978464052108054,
    0.4280850251499208,
    0.23203545073394052,
    0.3374459581011022,
    0.20253536124839136,
    0.02923575293198896,
    0.3130470508945808,
    0.31125097906442933,
    0.06594897039575165,
    0.5031246214211924,
    0.08582199054604689,
    0.028985656001357753,
    0.09899060589667845,
    0.4998199446664155,
    0.14663544454657138,
    0.47837579535883706,
    0.271116927109611,
    0.4905252295759715,
    0.5162390611505788,
    0.3248301581624555,
    0.05806383341057907,
    0.551106078974539,
    0.22070844509389334,
    0.05452134772465282,
    0.43996567744897663,
    0.15660563819676931,
    0.2515756106629766,
    0.4458590381416613,
    0.3298722134792704,
    0.19460490322983562,
    0.07108867916727263,
    0.5104857113696377,
    0.47383089804458894,
    0.4828246294300768,
    0.34087387626244736,
    0.2597882589755162,
    0.3693650487081843,
    0.342583064708027,
    0.4018469296915365,
    0.4776544175069008,
    0.36861721551618704,
    0.21585215541630443,
    0.2683110708514485,
    0.4706247782738917,
    0.3499281802571459,
    0.40166203144050916,
    0.18919962910480623,
    0.32542027126698525,
    0.341169800202911,
    0.09010544260073051,
    0.2966684486675327,
    0.4982976060953104,
    0.4583284301805989,
    0.325023079754321,
    0.44599655531233345,
    0.46132344934843245,
    0.35031214409977973,
    0.3534727621312191,
    0.17398144772294696,
    0.3481253861684543,
    0.47563015029813577,
    0.4278608053005515,
    0.13253706132926085,
    0.3233242276847761,
    0.31454640367841985,
    0.29830571617496837,
    0.2535651100614429,
    0.11796667436714635,
    0.4894938327253424,
    0.3935728413815875,
    0.145099010917237,
    0.2815602810222112,
    0.23708697503859155,
    0.14384324965253875,
    0.39815753012945193,
    0.4551949180303696,
    0.3154151652417888,
    0.15699892646253938,
    0.2473742713577719,
    0.2073440168574005,
    0.37626606149955805,
    0.21525842819427993,
    0.27239357797342845,
    0.04553419403300528,
    0.2806529929663491,
    0.06032908997388872,
    0.12703557939652332,
    0.2157392503857709,
    0.27121342404671867,
    0.0628047604577381,
    0.18214718479040576,
    0.37238160801628606,
    0.10449591879396032,
    0.42577997715299487,
    0.41826022744653346,
    0.4910786955291054,
    0.48473678671415715,
    0.4288225942482332,
    0.34346715012957335,
    0.39787356891789566,
    0.12675469018483754,
    0.5331363253792871,
    0.4740284095656727,
    0.3085494985195129,
    0.34929339666038195,
    0.37023250918925515,
    0.20222620963789723,
    0.13519878658173587,
    0.500790696625484,
    0.3639104780205276,
    0.057616839358838205,
    0.2049631085342614,
    0.49117479491328864,
    0.49084576565657384,
    0.36902170754619057,
    0.4475926580215049,
    0.032615241918905566,
    0.2271901479735354,
    0.34291961132913074,
    0.5160677158401565,
    0.44807037207195044,
    0.09156128140993373,
    0.5215216721278392,
    0.33159477415958033,
    0.4857216698726298,
    0.4997008233537912,
    0.4813104226233347,
    0.3393751017374075,
    0.21371997065914852,
    0.04982176618163282,
    0.10261173477928874,
    0.35897576199330433,
    0.054893818673653574,
    0.02784113727314546,
    0.511647939273574,
    0.4584380825053872,
    0.4471238347000962,
    0.3090575711569137,
    0.4890034692636655,
    0.3592822391568524,
    0.05100719671988479,
    0.20987028498617527,
    0.014669558346168269,
    0.3188781403428323,
    0.474399145738276,
    0.35241411483468016,
    0.39683877479682156,
    0.4276528128387332,
    0.36858302596468745,
    0.3873817858308668,
    0.0925766315788865,
    0.36362778175009447,
    0.35514855613114793,
    0.052568423195232604,
    0.5767784204803076,
    0.35418062318372523,
    0.34048384070242255,
    0.30203346152367144,
    0.38746165782749903,
    0.31745641880277875,
    0.07224143808337277,
    0.5115538999363626,
    0.17728431741897654,
    0.5243909561480331,
    0.3593783746822106,
    0.351733359663384,
    0.25600290459394814,
    0.35474095596009897,
    0.31207825055895944,
    0.2141504120527638,
    0.1962134023620137,
    0.05467032164778314,
    0.25930295527833186,
    0.331427512801927,
    0.4104465777054055,
    0.04401539729704489,
    0.33427175098788287,
    0.4930230546000632,
    0.38580581375614076,
    0.23269025654162495,
    0.3014511549129301,
    0.5069029282736459,
    0.35878623767188383,
    0.35780746237197714,
    0.09608622879561125,
    0.34921901812234163,
    0.5055683431063889,
    0.1690598870834043,
    0.41310186982874,
    0.3880311704623092,
    0.5133409726139524,
    0.27128281510261637,
    0.2943694362468228,
    0.43986589166494877,
    0.4383069420836226,
    0.38634901561558976,
    0.3231679532443065,
    0.07483825378564352,
