{
  "config": {
    "mf": 0.3,
    "mf1": 0.9,
    "mf2": 0.001,
    "T_coh": 10,
    "tStack": 864000.0,
    "nStacks": 12,
    "gamma1": 17,
    "gamma2": 89,
    "gamma1_upper": 26.758176320519304,
    "gamma2_upper": 100.0
  },
  "mismatch_list": [
    0.2868106718646337,
    0.2752344034696387,
    0.2909881750081019,
    0.1820399620821345,
    0.007621412903458742,
    0.1976281167283036,
    0.038710766550873986,
    0.07635876598013269,
    0.10767792323030896,
    0.2608085487157074,
    0.2574965361403165,
    0.06779829716560377,
    0.29522986486203706,
    0.02031216642833375,
    0.2339949299004141,
    0.26019226955642755,
    0.15255289087944793,
    0.29836791193583323,
    0.2859944055643806,
    0.1387552960812604,
    0.3136888568726348,
    0.25389237645115365,
    0.0244505829009856,
    0.02138252319476774,
    0.12130578104330077,
    0.08759556040473625,
    0.25121231023041835,
    0.023066448533046343,
    0.22049750555480682,
    0.23765796354867072,
    0.07388410807524114,
    0.2871464594361132,
    0.08060126901029839,
    0.31580484984809326,
    0.3015999621818841,
    0.27214156899426256,
    0.20367760576630856,
    0.13173552516493112,
    0.05228712320259592,
    0.28476200988106704,
    0.25015962649406226,
    0.10271017542596611,
    0.057041818834527636,
    0.2763646642183918,
    0.29277277156372594,
    0.30069484282550335,
    0.02331105194320387,
    0.3002744307142951,
    0.03578257315631535,
    0.038181551460014555,
    0.1566712490050789,
    0.19952650374445968,
    0.033262377382511484,
    0.24746118249051594,
    0.0940622088490271,
    0.301372923378307,
    0.1314200127874673,
    0.13579040133282838,
    0.033214454196656154,
    0.27047526247431314,
    0.2380079003865623,
    0.20462002280579844,
    0.232177806295567,
    0.11710328628367946,
    0.10204543096334386,
    0.23461787710478468,
    0.3059313182681775,
    0.3274594000082185,
    0.14129587547257735,
    0.05496095507223011,
    0.06611209493387955,
    0.11236572156433856,
    0.2019825128077967,
    0.15272344104087424,
    0.08254584443635123,
    0.022101479406095113,
    0.2416563510744172,
    0.12452736842185154,
    0.09745337057752752,
    0.10463160243532187,
    0.26179558202438163,
    0.3259681432248379,
    0.33069784724061657,
    0.09784082194552304,
    0.29876864518226154,
    0.08007769194130429,
    0.2963601798225389,
    0.06332485208595424,
    0.2514636358974153,
    0.19027754572137567,
    0.143874023605747,
    0.084491720944373,
    0.25910320973669027,
    0.2808528006819404,
    0.2726980525947207,
    0.2835813322060181,
    0.22274187195119902,
    0.16825228803395997,
    0.22220192293409596,
    0.352460991123043,
    0.1159720497234496,
    0.1270708752475986,
    0.20748663165382805,
    0.3154349088749295,
    0.2652978236259788,
    0.01196518348020561,
    0.1646931783079711,
    0.03885562034341408,
    0.06209478750783495,
    0.18110860423938044,
    0.06678041737191634,
    0.25444685421690966,
    0.31174737151625814,
    0.1895013961151644,
    0.043367664188141655,
    0.05491368242735924,
    0.01740511561577011,
    0.1257032212512657,
    0.04461160697392946,
    0.13786101907462062,
    0.005891299155283374,
    0.09539625156116284,
    0.24556301232135466,
    0.28699184752880624,
    0.21069455767170514,
    0.10264197704609505,
    0.05569259683275448,
    0.11899863744190804,
    0.17569187473226172,
    0.15557286476456433,
    0.058195878540962344,
    0.2847627688455489,
    0.16551340206587964,
    0.2987270647710047,
    0.30729273791340933,
    0.12569129466655057,
    0.1473272577865148,
    0.19832115972374995,
    0.32821120853926117,
    0.20232290837791617,
    0.2160464499273725,
    0.223737037022179,
    0.3078106769605381,
    0.103163927762628,
    0.23076634920628036,
    0.04598641692109144,
    0.07269687077859889,
    0.2653353923678315,
    0.028687122638793732,
    0.3563396248958999,
    0.14231402632500834,
    0.16481894956496698,
    0.1983702755680768,
    0.05518517486487451,
    0.036362205173470545,
    0.27730984605706566,
    0.27654350877737,
    0.28032553721403436,
    0.10006350364243319,
    0.213042305872878,
    0.19360630972711648,
    0.294540996171241,
    0.1702937940666976,
    0.2180367258575838,
    0.1206080758374658,
    0.11590526084904489,
    0.29504500279895257,
    0.01868201914477063,
    0.19020338404914708,
    0.31882655850916825,
    0.25884705922405854,
    0.2910518738128305,
    0.08062880857864059,
    0.22248582986206472,
    0.07535194538318112,
    0.12140813282485605,
    0.02382985837831192,
    0.05228853270806225,
    0.1125776895017756,
    0.15672914715269595,
    0.264717757914834,
    0.22431872908578498,
    0.11944599279222273,
    0.04211342117009988,
    0.07984956890275312,
    0.13182513718554068,
    0.2944546368555538,
    0.3031283540131277,
    0.3040211673025524,
    0.2825825891596236,
    0.1715516692719026,
    0.26140455268097157,
    0.04736708173711357,
    0.18374600581388478,
    0.15373156271979477,
    0.2605946833670657,
    0.2317693749808226,
    0.31430269650322296,
    0.14436951898891184,
    0.22950126383849756,
    0.24825549303254343,
    0.19247697057809132,
    0.04324883203498002,
    0.029907429102146103,
    0.20857390248585805,
    0.20586618827328315,
    0.277270813597998,
    0.3456136677793447,
    0.10106902315741585,
    0.2877278804409757,
    0.0372004272319492,
    0.11637365035785717,
    0.18419097584725644,
    0.024569415054147236,
    0.11265998293630998,
    0.295879592670268,
    0.2194880285821687,
    0.26389227561730105,
    0.30083102273825063,
    0.34725969910527843,
    0.0957893951627724,
    0.35858198545759,
    0.3092385059979337,
    0.08645418624749854,
    0.16984248125872742,
    0.036866157589433395,
    0.15687503096846145,
    0.3128731869016175,
    0.01718436537504284,
    0.13507383043844404,
    0.1986593326121725,
    0.16272247281904237,
    0.24984736682152073,
    0.04312262708399449,
    0.11812360560605861,
    0.20752224877272732,
    0.2677156676182274,
    0.06597526448014782,
    0.34473044996944086,
    0.024588931283681083,
    0.26668228326441035,
    0.12517113293772492,
    0.11083001114701976,
    0.32134832642368455,
    0.12219837748573066,
    0.07070036049728654,
    0.18184756458598,
    0.30907131696492707,
    0.19345045094958926,
    0.023395839118178684,
    0.23785908913636672,
    0.34707434913645563,
    0.2876526887455217,
    0.08095397064737393,
    0.061955680160657604,
    0.09106045011147562,
    0.2627683576431464,
    0.30033986429498216,
    0.2451266077442784,
    0.02246805925083917,
    0.11520750143146122,
    0.00688077199264932,
    0.29521820933606546,
    0.01963332691104817,
    0.07814536837045881,
    0.1295290527808838,
    0.2437228487233079,
    0.05186318732772184,
    0.10903408433591638,
    0.21983980861951624,
    0.2933866654060628,
    0.29283245869905034,
    0.1366232564281852,
    0.06462148869148343,
    0.2927795480323141,
    0.10318680512058157,
    0.015225911741321485,
    0.20645031986558088,
    0.19941385173065043,
    0.28722604228321236,
    0.17103671187095262,
    0.06816888867975202,
    0.18807492237148643,
    0.042099976656421005,
    0.2749766266045458,
    0.02409918234587898,
    0.10604018630192713,
    0.1274377803628349,
    0.2007979860985897,
    0.17539696281930583,
    0.23312819246211655,
    0.06568013572019712,
    0.3172794094128727,
    0.18585646919097532,
    0.2345346078587736,
    0.11506253921542373,
    0.2866709681882206,
    0.10152722085747157,
    0.3359634886040941,
    0.057676855258859475,
    0.16174470971939672,
    0.1096561641523077,
    0.040069963514408884,
    0.09463663653830662,
    0.2946999992301932,
    0.286600113432663,
    0.27991461215884955,
    0.18306673260260956,
    0.056605956374938426,
    0.04957968004876455,
    0.18530345514243432,
    0.2884597390484949,
    0.28785278430999234,
