{
  "config": {
    "mf": 0.3,
    "mf1": 0.15,
    "mf2": 0.008,
    "T_coh": 10,
    "tStack": 864000.0,
    "nStacks": 12,
    "gamma1": 7,
    "gamma2": 9,
    "gamma1_upper": 26.758176320519304,
    "gamma2_upper": 100.0
  },
  "mismatch_list": [
    0.5034575169089155,
    0.6124022602829658,
    0.5843533183499288,
    0.5313672430712777,
    0.5513550606071087,
    0.49488284461622584,
    0.6210317948653451,
    0.48240091474736296,
    0.15771178930972507,
    0.43621049901589415,
    0.2795259139206338,
    0.364108602179334,
    0.5810909366304774,
    0.33168661532524935,
    0.5531364857754335,
    0.5459718610665641,
    0.5864709647837227,
    0.5230053518922557,
    0.5392611784354772,
    0.36752155703081385,
    0.597761320416047,
    0.17950735181787714,
    0.4903229860091403,
    0.39161445081384305,
    0.6034662124734078,
    0.6135876543801521,
    0.28524395232705557,
    0.5627208789936304,
    0.14122057535362595,
    0.5848886864742663,
    0.5538102836000894,
    0.6095541918529933,
    0.5547774754087376,
    0.2351857993842196,
    0.6284207748962306,
    0.4285059795016704,
    0.5931280319953404,
    0.41704051992102864,
    0.6165555036688886,
    0.6366272138858406,
    0.4999799958647278,
    0.4359263752409306,
    0.49670576887818435,
    0.378237213915115,
    0.2044204151470662,
    0.26835829368737796,
    0.5122935982538612,
    0.20937948907161621,
    0.41503923900583023,
    0.565282492543445,
    0.5368494061590835,
    0.6040939845234131,
    0.34599331265552674,
    0.5428573147858317,
    0.6155771171341328,
    0.21139144970130952,
    0.48282506746923187,
    0.00950288585401882,
    0.5057212911113441,
    0.6068683249751466,
    0.44817270084992095,
    0.5974778742879422,
    0.5884491243880985,
    0.3676214692836774,
    0.38690897944973557,
    0.5938402659498283,
    0.3862958987836293,
    0.4848563816932129,
    0.557589330390575,
    0.27019238556956976,
    0.4878202464184195,
    0.07686033307915252,
    0.572870863386068,
    0.4550177473001736,
    0.2894846121577653,
    0.20150848527711906,
    0.602018840100604,
    0.3298129488665028,
    0.2829604450480983,
    0.20474595669804044,
    0.5215950874614406,
    0.6112257569125672,
    0.5780165070437867,
    0.3362552020238764,
    0.5375650554537399,
    0.22319941911027028,
    0.3533459979206542,
    0.5443156108259994,
    0.605419353355756,
    0.06824782098586667,
    0.497717902226509,
    0.6032914066897082,
    0.4604452107335359,
    0.42585215176730845,
    0.5276741761142385,
    0.32269142249785404,
    0.37168924784776647,
    0.6190170423305934,
    0.5842181955662813,
    0.289908060126901,
    0.47899603744644015,
    0.31593246430454514,
    0.5042504179454766,
    0.574170102155535,
    0.4794681133541644,
    0.5374309355874434,
    0.4027285098393782,
    0.5701916916591864,
    0.6004140639154348,
    0.6102758586517559,
    0.45125453034030993,
    0.05590662481664231,
    0.5924693321426988,
    0.4107411147214931,
    0.11625568559267482,
    0.42940209970776616,
    0.5224470793040903,
    0.5741825708577372,
    0.24650000818597406,
    0.43309402821808257,
    0.4186901834341256,
    0.17517718839005528,
    0.2953188805534109,
    0.620061377457649,
    0.3051083839228337,
    0.6062137994271553,
    0.21624578652736126,
    0.543074378627647,
    0.2733745610068119,
    0.14185810551839823,
    0.36902582463388367,
    0.39046234273036173,
    0.585425301468824,
    0.27867522315995297,
    0.28495554582394433,
    0.5396942760958824,
    0.5884828169899187,
    0.21934604801230997,
    0.6007631875770959,
    0.31053113093405865,
    0.5428153548923338,
    0.21721731527590582,
    0.5252771494334927,
    0.5364918796763732,
    0.5974191900699689,
    0.6000558868917402,
    0.47002431830623415,
    0.6197243159100748,
    0.31621805179672374,
    0.48690460998278995,
    0.409963826668559,
    0.5413335309532279,
    0.2964804756929156,
    0.17301928973284775,
    0.5952210662952222,
    0.3413435167573394,
    0.08091797404623373,
    0.40511892268678196,
    0.6035081452610312,
    0.6065721932978448,
    0.253431956069401,
    0.5220101868212756,
    0.6133928173553058,
    0.31402540340859625,
    0.37933229123895856,
    0.5155207152307799,
    0.5684637192750849,
    0.6005229753185835,
    0.5187030533032683,
    0.5417786636218457,
    0.621585188396127,
    0.5894091331400432,
    0.539295223413664,
    0.27075835622605127,
    0.5290357041829676,
    0.34028161702370346,
    0.22059546618471698,
    0.34939607569825004,
    0.2763379378262802,
    0.5724136957092377,
    0.6251248089984563,
    0.46269310089359394,
    0.5595534762579104,
    0.475709992298679,
    0.5448943212434267,
    0.6176178642023885,
    0.5491922015748947,
    0.12866817021144641,
    0.4170335266054457,
    0.3890853643132515,
    0.25711884288708786,
    0.39593968097253274,
    0.6122353694145771,
    0.3002091055571054,
    0.4454738773641337,
    0.36789724444934035,
    0.426183331340148,
    0.6179264645818924,
    0.24375694791324343,
    0.6215307869063014,
    0.613960604105369,
    0.6245912298618261,
    0.5621200230768572,
    0.30658966574445257,
    0.3777394958502533,
    0.6116967485853173,
    0.24966976913276273,
    0.5466245705209738,
    0.603939128663237,
    0.2871148539866182,
    0.5458041028101961,
    0.31659607032044457,
    0.6004933757037905,
    0.25938863459362277,
    0.47778917549676664,
    0.4014546421683051,
    0.49044062550383044,
    0.4987287344928648,
    0.1552656467846524,
    0.3307638229387907,
    0.42987954257861216,
    0.046223972803917296,
    0.22076227573548265,
    0.2397628431156446,
    0.5089583830500245,
    0.37907624914982424,
    0.5052157123429201,
    0.5367921043407022,
    0.54857570556862,
    0.37610056626339994,
    0.6185825080588475,
    0.42921165383456505,
    0.4638963306561042,
    0.5632635385981688,
    0.20054340772667043,
    0.4898354055412864,
    0.5303384667161005,
    0.4663536950131588,
    0.28423143949648993,
    0.5504343011612265,
    0.5183595676634726,
    0.41351171456256597,
    0.5602995654494647,
    0.5269680680873542,
    0.6264735430944912,
    0.6288939892506776,
    0.606863201964894,
    0.2063531724119013,
    0.5043417647420447,
    0.09235611090552812,
    0.5730450457346575,
    0.2526468615246534,
    0.3863917993670887,
    0.5806694944960438,
    0.6251704552908661,
    0.1734035426076697,
    0.07771199965131004,
    0.4635498633701297,
    0.3818643593857288,
    0.4351259387712994,
    0.519969981870507,
    0.6094649322087503,
    0.5763833510081705,
    0.32128793453562704,
    0.4618275561137679,
    0.44560967779464006,
    0.5726511431685661,
    0.22394060213856676,
    0.6220123769759234,
    0.6255488261909535,
    0.34277237581796044,
    0.3823263519081939,
    0.3654985914161334,
    0.5251153273636079,
    0.3822429742386854,
    0.500697705205835,
    0.46074673647983383,
    0.44844419328743623,
    0.5838490406634738,
    0.5956839804174153,
    0.6139365611948183,
    0.46863259429347615,
    0.36209013613979607,
    0.6142904825962396,
    0.5088904015171483,
    0.44104255481322807,
    0.49633962272742993,
    0.21797600869903405,
    0.6262300239193077,
    0.6015764180194215,
    0.4501610793689275,
    0.6030271244147706,
    0.5510754364072876,
    0.10706836632786854,
    0.29117113965998176,
    0.4671594984459118,
    0.381730673213422,
    0.245261811845549,
    0.5841038629882622,
    0.4554674337556826,
    0.09515533454991726,
    0.34050475258137375,
    0.43748821572112523,
    0.3449900700339897,
    0.3748405225882467,
    0.5114078867035169,
    0.5963204263472135,
    0.29909440358023065,
    0.5019413227211306,
    0.6124832526355313,
    0.3120079673922837,
    0.6069980807956723,
    0.5497670629581638,
    0.15349633794216322,
    0.5965762515893529,
    0.5913561480947878,
    0.5109145055785516,
    0.2761380048970557,
    0.2982492424179177,
