{
  "config": {
    "mf": 0.45,
    "mf1": 0.55,
    "mf2": 0.0008,
    "T_coh": 60,
    "tStack": 5184000.0,
    "nStacks": 2,
    "gamma1": 1,
    "gamma2": 5,
    "gamma1_upper": 4.0,
    "gamma2_upper": 6.000000000000001
  },
  "mismatch_list": [
    0.503821819722089,
    0.46932955971387763,
    0.3678240995067454,
    0.4487002191600215,
    0.16771365210804184,
    0.05760120971705805,
    0.49688022239826984,
    0.10552222537051922,
    0.40199813656155853,
    0.47090296531026465,
    0.443083267797355,
    0.01779923438557129,
    0.22510220721319818,
    0.4447212937958631,
    0.1358204478034846,
    0.44021918893444284,
    0.45545138868810464,
    0.48561726217668116,
    0.078500633193202,
    0.4373078374283682,
    0.1615959649112662,
    0.2746161808330394,
    0.45698456916840624,
    0.1132406770252063,
    0.4538153504536439,
    0.20455870192502298,
    0.009689446201708175,
    0.3899119890362163,
    0.4388558357861137,
    0.4601147915666761,
    0.43210401571706963,
    0.32244308489414975,
    0.4583671132750834,
    0.4670818684114657,
    0.4375259132149445,
    0.10144405636865145,
    0.2496106873760358,
    0.4441043641178954,
    0.2126474559511487,
    0.1982864751088572,
    0.43791750273227203,
    0.43951371340345685,
    0.19194124314040698,
    0.4528460082806636,
    0.3653331058849381,
    0.2762357386964894,
    0.16153250102640906,
    0.44991438158130603,
    0.446231669201367,
    0.43611626323489444,
    0.30621028086021757,
    0.39796416820387087,
    0.48265213261783463,
    0.3024982941370357,
    0.455237794405926,
    0.14966620020470356,
    0.39812756240856284,
    0.5045850488339415,
    0.44120616799569773,
    0.4949336231372844,
    0.18074087941572747,
    0.059024231927972105,
    0.5150438320043023,
    0.4488651312936224,
    0.45152233813095244,
    0.38099083170939035,
    0.003597852925699548,
    0.46231633060202504,
    0.44557126170250905,
    0.11335401571706961,
    0.4492315665604598,
    0.45606137926248896,
    0.4653844624796887,
    0.17053743357253964,
    0.32328560772090925,
    0.1910368466400282,
    0.47003073444628846,
    0.18622616851613052,
    0.10562414345440141,
    0.44195819334655617,
    0.4228778631030515,
    0.4361951593969919,
    0.06615741356479099,
    0.012343725604713965,
    0.09309884463925336,
    0.4419656745676071,
    0.025839197839625752,
    0.45378087178271354,
    0.1122531558464839,
    0.4560068783864271,
    0.46596178144136746,
    0.44550085871406847,
    0.4605068147779776,
    0.056261818160790594,
    0.46532295021771436,
    0.10537072160894682,
    0.4536235131524926,
    0.48565517425823873,
    0.45483080875252263,
    0.44859345816009666,
    0.4242255309859888,
    0.45197583746306375,
    0.43995499702196805,
    0.47271092706423873,
    0.4559764113847559,
    0.46505930042270704,
    0.23983110511007152,
    0.34912437186656103,
    0.4364558817576749,
    0.21101900736123239,
    0.43883765678037157,
    0.45516652402953744,
    0.26522142968664164,
    0.10027380546223104,
    0.3638779180376215,
    0.11114130906189103,
    0.03690085177496487,
    0.07875730774346135,
    0.21508814107197585,
    0.06733850682056057,
    0.5175399938126326,
    0.36270867908380705,
    0.46379497406510034,
    0.30161377527713046,
    0.4553463986052402,
    0.48513336812522767,
    0.4637521467851711,
    0.45402742680691366,
    0.47462319221895183,
    0.3889287325149046,
    0.038299948534981754,
    0.488545130194931,
    0.1140242174715063,
    0.03440725598931378,
    0.46019249507034515,
    0.11581667466591107,
    0.4394357930528008,
    0.016898018307668287,
    0.38501789710465906,
    0.5110585819363569,
    0.16990568601712802,
    0.109221562686127,
    0.4105773261899117,
    0.25200778625247927,
    0.3726710633597983,
    0.31720023072519415,
    0.4456207028155413,
    0.44081689151289805,
    0.3997868394117953,
    0.015411387647239105,
    0.314433046324299,
    0.4540774461785778,
    0.4520583477416109,
    0.4445439852428397,
    0.46914928758536545,
    0.020939178757090896,
    0.3724477109632054,
    0.0688192826123412,
    0.24213987498048378,
    0.44060271897208747,
    0.17509309963974487,
    0.46130390816096406,
    0.0038950055801957985,
    0.35839935119381494,
    0.5100801321899233,
    0.3215305927729236,
    0.4345255821618777,
    0.43831303163652974,
    0.4490846165856141,
    0.2492826701670589,
    0.500496579600192,
    0.4184225971908196,
    0.2282823405596387,
    0.46271908773918224,
    0.06945356004926763,
    0.5174795296444288,
    0.41757262928417366,
    0.44067908525267013,
    0.4455141948037679,
    0.44452920350656033,
    0.48403915822890947,
    0.48125187934055386,
    0.45377295686768865,
    0.03731806537792093,
    0.30285970578200805,
    0.445337139238896,
    0.4401462922056519,
    0.46463905096193325,
    0.4009256113639386,
    0.0312277731838342,
    0.47396708551866906,
    0.4886208097933882,
    0.44437162802935243,
    0.09454362383119475,
    0.12890367945967512,
    0.35543042681269627,
    0.12211709159038471,
    0.45571297843673564,
    0.44847007222450314,
    0.1321266762272094,
    0.4436813317874553,
    0.4632665540989863,
    0.4484165110187182,
    0.4541055278633922,
    0.4524544549045006,
    0.4451461693256926,
    0.44463795227053254,
    0.004322194144553093,
    0.43943872048712507,
    0.1362893432716717,
    0.382575549490265,
    0.45094776589777547,
    0.0420506785865046,
    0.45072650968872335,
    0.030057739124400778,
    0.4944996400340016,
    0.44801050117675634,
    0.45540295952767834,
    0.17391164497233033,
    0.4456868411465712,
    0.4515412399599845,
    0.43837989279084966,
    0.10708135520692985,
    0.45166722805942183,
    0.14382376411673886,
    0.45573036233685876,
    0.4462955667801981,
    0.010771223537439355,
    0.47144114339079296,
    0.4131544080655514,
    0.4387702173674198,
    0.44713639097222624,
    0.1599557343017238,
    0.4540612549368831,
    0.44373218240590284,
    0.45101404879346335,
    0.4583949419717463,
    0.37410073554497986,
    0.517084506716474,
    0.21079478757669154,
    0.217097806665009,
    0.47296438505085786,
    0.055787284670941927,
    0.42990782557406626,
    0.44110023824255634,
    0.44180593062052936,
    0.08145018591015017,
    0.48351507520253506,
    0.09706013311513707,
    0.0026387387022719783,
    0.4510077240896764,
    0.4492135321193757,
    0.030961485083818588,
    0.03379777139123244,
    0.4390376981258638,
    0.45244838318886504,
    0.1572191253259933,
    0.2688635193976858,
    0.4621241680303933,
    0.3656361134080829,
    0.3207828320794759,
    0.040002631076775395,
    0.20984803363152205,
    0.4596804831929129,
    0.04778259499343676,
    0.45294615544748545,
    0.37154345902748465,
    0.2799984676146253,
    0.43706739026096814,
    0.13353350719642867,
    0.022270546974839968,
    0.37590815518148646,
    0.43507651807347353,
    0.016334216141511454,
    0.4039814552456732,
    0.19900546743536515,
    0.48029316266993577,
    0.45432790444854365,
    0.05241307327115125,
    0.5142007670600753,
    0.4646884197926365,
    0.4444535600492676,
    0.44549930464399506,
    0.2744797117958978,
    0.4835096540278605,
    0.267555426089873,
    0.46544846848201327,
    0.1454334193011166,
    0.4429741214805734,
    0.029681365037326594,
    0.44987668634673544,
    0.4521144026877461,
    0.06111926295154771,
    0.36271099211833485,
    0.4478674544476763,
    0.04775693476664373,
    0.4458777749186101,
    0.3023193953727744,
    0.06907892073808931,
    0.31080100385698506,
    0.22087969040032845,
    0.44765208924843725,
    0.19652958082031768,
    0.28086050667021334,
    0.4532102027953022,
    0.43428520727680664,
    0.4443812054379442,
    0.0714093030248709,
    0.5028712709546471,
    0.025939453429941077,
    0.4487353845130773,
    0.46580619372820686,
    0.5033777170927469,
    0.35791556556585497,
