{
  "config": {
    "mf": 0.3,
    "mf1": 0.25,
    "mf2": 0.0002,
    "T_coh": 40,
    "tStack": 3456000.0,
    "nStacks": 3,
    "gamma1": 1,
    "gamma2": 23,
    "gamma1_upper": 6.4031242374328485,
    "gamma2_upper": 23.685438564654024
  },
  "mismatch_list": [
    0.09124984102418482,
    0.057235630402399366,
    0.36683090643808414,
    0.41134126146943417,
    0.3222579368912907,
    0.3734992168035458,
    0.3902558369468143,
    0.2969971813167827,
    0.3810412029533234,
    0.330856021201546,
    0.3179404085458893,
    0.2826531445334926,
    0.3877386250025886,
    0.3189277662686335,
    0.33231046694598704,
    0.06174170704625267,
    0.20894935445247753,
    0.36668827545095733,
    0.4004224826335524,
    0.32234283241612555,
    0.17410743956940297,
    0.017734273971411568,
    0.38080169565528993,
    0.3804867256685143,
    0.3570276959994258,
    0.32897839891377095,
    0.4412610248982419,
    0.410557631321613,
    0.3805495570307644,
    0.3423033641288326,
    0.23698244223932927,
    0.215819549195005,
    0.354223433094791,
    0.06295539862352152,
    0.3266836717932505,
    0.0210453078633748,
    0.11548680861241789,
    0.33249082927748486,
    0.42100032299331863,
    0.02881525421872752,
    0.09476628305382322,
    0.15771729052950845,
    0.22995600937255267,
    0.37007764525185183,
    0.32220339991939806,
    0.3443011737592378,
    0.05206611095335506,
    0.3771259254344065,
    0.4016939638848149,
    0.3764357020485843,
    0.3401583697283593,
    0.10075336917594202,
    0.33018883778893887,
    0.358901523468083,
    0.3703768938451395,
    0.35861566516511095,
    0.03662922047584646,
    0.3340047452586717,
    0.2796531773857838,
    0.04866573617701899,
    0.21292589119429572,
    0.3896006885319807,
    0.3624981446045099,
    0.15042847302658835,
    0.12307975376177709,
    0.32230716111641844,
    0.13351225363356642,
    0.3478449384865242,
    0.4194923702993169,
    0.3295628552696105,
    0.3836709041785404,
    0.3201839598200215,
    0.38860839754438337,
    0.18252098724713087,
    0.358053815088873,
    0.39867453473620207,
    0.3698442096644068,
    0.33856232301912337,
    0.33811540175045246,
    0.43309620050783354,
    0.10980244063249443,
    0.3269592840846045,
    0.4025334862970708,
    0.3221831247429688,
    0.07828917844442991,
    0.2715928731562194,
    0.3690909922812295,
    0.34074884358308555,
    0.3181171386933744,
    0.4234328020478145,
    0.320622586698335,
    0.33027302856165186,
    0.337062176810164,
    0.33031227783367006,
    0.39307224327262597,
    0.32894278182576553,
    0.3686362103158146,
    0.4083180917134053,
    0.021759492821340674,
    0.033618085717591076,
    0.18437383478723696,
    0.014730403581181644,
    0.38832866516370146,
    0.32558257792037626,
    0.22560449029019633,
    0.05738395361820282,
    0.37095142945957116,
    0.033926983993778234,
    0.12258382511478515,
    0.3344819708685831,
    0.3230229182137331,
    0.13066792828138823,
    0.3455417543405412,
    0.18657482987554835,
    0.3286568693110918,
    0.33803159045965125,
    0.37719976177209813,
    0.3605493423524257,
    0.3677111418383036,
    0.32030105709565576,
    0.43844516068944706,
    0.022512818627921347,
    0.013069465465031772,
    0.40969756267441937,
    0.49254686682928006,
    0.09417011697042026,
    0.40936681708245415,
    0.45642203202588805,
    0.3751311516592955,
    0.3523963361129841,
    0.16080611065627493,
    0.1399516821945244,
    0.1464337753647065,
    0.14213760642976803,
    0.360817744487456,
    0.07315760718656339,
    0.3826756857590522,
    0.31980426106143695,
    0.3255710850396195,
    0.36588252692884965,
    0.09849003063069568,
    0.31843460241842736,
    0.04535220854677836,
    0.3385837908529897,
    0.4008319978280624,
    0.39114252353953405,
    0.1303076915237077,
    0.16760620966852688,
    0.3517639566128572,
    0.39041868889866865,
    0.405211652783592,
    0.3485407998893214,
    0.4425190074357854,
    0.3619515280164448,
    0.340864043449161,
    0.39932008767983784,
    0.3214860706827346,
    0.3565409291300182,
    0.3619549975653525,
    0.3729006654052688,
    0.3292286401287376,
    0.0028233454236270424,
    0.1509280880692947,
    0.2191049951637741,
    0.31949135111932525,
    0.3205324326384369,
    0.17597259316579097,
    0.32538584365497025,
    0.3074961989465365,
    0.37849558407741607,
    0.055884241102856835,
    0.42757994301482766,
    0.44700903741594067,
    0.30190816516050295,
    0.16310918637885458,
    0.3202740054565162,
    0.38685063732902847,
    0.3577502295594508,
    0.4048271291835577,
    0.3958922817824504,
    0.03308236568156415,
    0.348356425891899,
    0.33782417648901386,
    0.320111804045082,
    0.33835024684214127,
    0.0874119236035689,
    0.18764193301146762,
    0.36865941292413473,
    0.2377424360852169,
    0.41309257049228887,
    0.2883531796952023,
    0.3780785334563722,
    0.16876184051329374,
    0.34900219568234153,
    0.27780054669248444,
    0.1167568803594366,
    0.2218607928071047,
    0.35273499661339497,
    0.40858801177608267,
    0.012035865160752333,
    0.2840943626227231,
    0.32469887297124905,
    0.41546796462491303,
    0.34269699529474956,
    0.27042818895727155,
    0.43979427309751895,
    0.1814983377065913,
    0.41691341122687475,
    0.0937987668138948,
    0.3438980555455264,
    0.029472516889926716,
    0.37031249034354063,
    0.34021437041619734,
    0.3583277468174749,
    0.42579182424653056,
    0.1346329721424497,
    0.37301261256924323,
    0.35960345658146864,
    0.036536626889372675,
    0.18449071521606453,
    0.370886050147342,
    0.3239583411262654,
    0.21583960752462755,
    0.32010302174940947,
    0.3130719808879898,
    0.1566723057678757,
    0.23915139821194628,
    0.08593725689440027,
    0.37569977819824374,
    0.031829424832277124,
    0.38472472544754743,
    0.3806325551460404,
    0.01135594199824983,
    0.36946434827071717,
    0.26554534098672455,
    0.34605573548419344,
    0.44921984482225663,
    0.38945740700443376,
    0.35597148941554474,
    0.10487351271551726,
    0.35938942878322594,
    0.36993918856575464,
    0.3987689715205331,
    0.38134516796465745,
    0.27374274660984416,
    0.4251330978593859,
    0.14539085064773768,
    0.004725959305877709,
    0.38383521984634017,
    0.3335040459819317,
    0.4145800311630546,
    0.10984033461197053,
    0.37928799652090983,
    0.04324966190872246,
    0.32786743851119055,
    0.13290529942152862,
    0.41990519240762947,
    0.3380050809375285,
    0.36812114493812875,
    0.3456797231213233,
    0.38046455308252614,
    0.42746322522110514,
    0.20151541222415326,
    0.39470141333158987,
    0.06511465070153737,
    0.3701638960692288,
    0.21475320502290932,
    0.33100065802163503,
    0.38905174084074323,
    0.2427152754805569,
    0.3242281527655395,
    0.37394738494135543,
    0.028164713798536956,
    0.32129763080768603,
    0.10800310004194902,
    0.05917185553969321,
    0.05782317682523481,
    0.19650793155143806,
    0.06875941182905836,
    0.09826559418572994,
    0.06333108571618158,
    0.33883208044669577,
    0.43354903085198787,
    0.286401666858034,
    0.09465693805152953,
    0.08485389024797625,
    0.2875517681092292,
    0.32569810305666175,
    0.34738332584669734,
    0.3400348212602247,
    0.32690724085098927,
    0.06823193197168718,
    0.037493029730456165,
    0.33271288040757657,
    0.01921360288692491,
    0.33234516243506385,
    0.36259025028566855,
    0.027082106115936495,
    0.3435153751433493,
    0.09723643924098847,
    0.32284786862900017,
    0.37307782924636734,
    0.34219656707651797,
    0.4153991699754779,
    0.40236309891868255,
    0.3930035028348925,
    0.34034729750872295,
    0.33404052498178216,
    0.33469442652747705,
    0.0015758257445082733,
    0.07302858333655893,
    0.22395759300478224,
    0.36689758683115364,
