{
  "config": {
    "mf": 1.2,
    "mf1": 0.35,
    "mf2": 0.008,
    "T_coh": 30,
    "tStack": 2592000.0,
    "nStacks": 4,
    "gamma1": 1,
    "gamma2": 5,
    "gamma1_upper": 8.717797887081348,
    "gamma2_upper": 47.70744176750625
  },
  "mismatch_list": [
    0.49603950548464015,
    0.5034175456441354,
    0.5320129492384187,
    0.41939274730466347,
    0.23560092220713288,
    0.3411261416635754,
    0.32237349793662806,
    0.5070624915610357,
    0.5173507275507646,
    0.4261006939394719,
    0.33661348227737975,
    0.41275549280805074,
    0.3992684737061387,
    0.6324341674041876,
    0.5451688067542941,
    0.5603328847972582,
    0.2978873459337853,
    0.30502233669176404,
    0.49070926043880014,
    0.3284961743843495,
    0.5446186657892553,
    0.5907068678930186,
    0.4849718127748356,
    0.5258894776848484,
    0.11872462708812867,
    0.5242184181788375,
    0.5640163210654765,
    0.5076046453264111,
    0.501862210180304,
    0.49174383771282454,
    0.4992735985247462,
    0.5351676039759918,
    0.5141592810970957,
    0.6009973807767692,
    0.5793242409847285,
    0.5046539713802373,
    0.21501425841633998,
    0.5545188901247564,
    0.4281333459008246,
    0.5255594003340601,
    0.5520703255221171,
    0.5360853006902386,
    0.3855738596953328,
    0.22848147215438122,
    0.555769736189662,
    0.5322332658408938,
    0.41745167708062575,
    0.5140182943736287,
    0.5248547197049492,
    0.35261592715558254,
    0.2683946292479253,
    0.23139047532584162,
    0.4910080756732595,
    0.4998111985020784,
    0.3809411393259642,
    0.5628336011153455,
    0.5021635191558347,
    0.3935658299936478,
    0.42844408772301634,
    0.5401256672022307,
    0.4938738901406586,
    0.22547069543427092,
    0.4443495658288371,
    0.515406838315081,
    0.39435117772523975,
    0.5014997141955885,
    0.4317859176056385,
    0.39966678559522634,
    0.350268557842794,
    0.5076344256545673,
    0.30015968616738453,
    0.35448876284132086,
    0.527582366460527,
    0.41400904946107725,
    0.3944847555078428,
    0.539216066111172,
    0.11935203788520349,
    0.5429766276467267,
    0.41250687766559235,
    0.47903081801357117,
    0.5759639791028835,
    0.5646302150631213,
    0.5906009019680749,
    0.5052667811426336,
    0.5807972107108564,
    0.5181856609743835,
    0.5220539593524542,
    0.4901451689802319,
    0.4747790979104907,
    0.5031313436797326,
    0.6038610267736715,
    0.4977868951521384,
    0.29491148158867353,
    0.2684964027965752,
    0.2821514060796395,
    0.39543085918559767,
    0.5919167298655346,
    0.49783333656194495,
    0.07964748765345181,
    0.3425910157665153,
    0.5437302434267154,
    0.5453106608659599,
    0.5335334807507766,
    0.44495113568582506,
    0.5377103163393674,
    0.2806185865677998,
    0.39633514752393917,
    0.49753199144523935,
    0.38435091461748616,
    0.3680278975175061,
    0.39371256316393144,
    0.5869331871109583,
    0.5247239247928172,
    0.4916117778595693,
    0.3853497121283133,
    0.41217181283266147,
    0.5938804244650889,
    0.5842503554123144,
    0.2853107230287808,
    0.5475320420428843,
    0.6065329076963065,
    0.2723882290795363,
    0.40414211114770204,
    0.2885695727737253,
    0.37192268737681283,
    0.5421278882942783,
    0.5176241355392365,
    0.5273513520702677,
    0.5450958738632516,
    0.41163681501992533,
    0.4457111123126044,
    0.47947896858291034,
    0.531335266066993,
    0.5224147567019471,
    0.59791135813042,
    0.5058930715632851,
    0.3940321957151601,
    0.34957565923671574,
    0.4943929858364181,
    0.5110975814614855,
    0.5259533391409792,
    0.5244814897912746,
    0.3852510467207088,
    0.24104667444810257,
    0.5510964292808282,
    0.5003121874691896,
    0.5038485652965499,
    0.4499102831473123,
    0.5175312165784485,
    0.5343291287172283,
    0.5122803375527915,
    0.3781738818426448,
    0.5084236404918785,
    0.6038561838562286,
    0.5265008779414218,
    0.5525262464440698,
    0.510535730755764,
    0.48540388052132344,
    0.33349189671488283,
    0.49909469970875997,
    0.2527395733433102,
    0.3555693116898775,
    0.5265479337512025,
    0.07362860866017726,
    0.5017375954090877,
    0.5539895303353121,
    0.46403725403400564,
    0.5181857693979083,
    0.5243122045278242,
    0.11518633377849623,
    0.31189320774323226,
    0.5363236878801871,
    0.5252229621364812,
    0.38476371911772744,
    0.3181647135493843,
    0.3501952635400021,
    0.5216010020068471,
    0.5110527664045516,
    0.5553828810530324,
    0.24367695687837396,
    0.5229262988921429,
    0.5389362611347346,
    0.5206071196958127,
    0.2934062739344931,
    0.5288721727120251,
    0.6113672235395279,
    0.38434252986489853,
    0.5225411785319107,
    0.29252789881858837,
    0.533268674361942,
    0.5456292453231151,
    0.585039353402576,
    0.47785709721600195,
    0.27342042103601427,
    0.34814822739102064,
    0.5354624436812071,
    0.33572397567959145,
    0.1563194723735413,
    0.4936591754203002,
    0.24776568028244472,
    0.46413544960633585,
    0.5096458988874012,
    0.5850477742963386,
    0.4929454594974526,
    0.5913718293708631,
    0.49387479367003223,
    0.49278220981021836,
    0.5389786185917721,
    0.05457447525182448,
    0.5471970494923032,
    0.4622552049797335,
    0.329860286891538,
    0.5113847592376121,
    0.5544288985991391,
    0.5581083231969385,
    0.4675792698846576,
    0.5250887699539041,
    0.494858267322682,
    0.31612244803549583,
    0.5158243050268905,
    0.5026039716549102,
    0.39828022941839597,
    0.5125526974471898,
    0.5062425928661947,
    0.5923844328105199,
    0.5347814716628613,
    0.5129826328643559,
    0.5466035391173284,
    0.5411656656524971,
    0.5559157465364466,
    0.3121568937556434,
    0.53790855068395,
    0.5056270725156773,
    0.4969478416345757,
    0.5269883501091029,
    0.38876736619597363,
    0.4937394088286819,
    0.5214016834270161,
    0.24530938146836678,
    0.4089606694386466,
    0.38804562693228795,
    0.4972298873638598,
    0.4986242500344787,
    0.3279822468766074,
    0.4846841651634347,
    0.4476004283741184,
    0.4241648280446265,
    0.5121793591099904,
    0.5589361729502678,
    0.5241384377586804,
    0.4994040681663038,
    0.22692754619637265,
    0.5262357462820128,
    0.5167005478134734,
    0.5174491761113195,
    0.5671618320857882,
    0.40520621576165794,
    0.4279849502364934,
    0.1685912806090453,
    0.5792842327040625,
    0.49361255330461895,
    0.5235830563232744,
    0.5097246143664351,
    0.2607991999211255,
    0.539838561708454,
    0.3743176184758312,
    0.4601409823865261,
    0.4757728717980003,
    0.30686163336715183,
    0.1795197213717802,
    0.44776613566124907,
    0.5017462331499,
    0.4068212203053264,
    0.5271011105749367,
    0.513567758486743,
    0.526576051585311,
    0.5402076715281847,
    0.49106113091808123,
    0.29813505754687003,
    0.22686798554006046,
    0.5825589845659835,
    0.5836178125683972,
    0.5846404632546892,
    0.5087805345944773,
    0.5290805627267678,
    0.493372431338273,
    0.3380288429706427,
    0.5060490568743551,
    0.4534895244081594,
    0.46298431704310833,
    0.4397154720948206,
    0.4727741662303222,
    0.3077724632581587,
    0.5686535229405385,
    0.4180937973359039,
    0.3465135620481811,
    0.5455875022660517,
    0.48151595748525655,
    0.4967880253589614,
    0.5737491033374496,
    0.5010583581671394,
    0.5370684852134888,
    0.3889262428010394,
    0.5035679290730888,
    0.5142887749269298,
    0.4429611303109095,
    0.41399495440284806,
    0.4917629202531964,
    0.24735656218204802,
    0.42621540602875274,
    0.3386912384250659,
    0.45400413859822547,
    0.5123229118568786,
    0.3995981535040026,
    0.2625592028586802,
    0.4999718460247165,
    0.19279784448250029,
    0.4494786490949238,
    0.5383826867580759,
