{
  "config": {
    "mf": 0.08,
    "mf1": 0.2,
    "mf2": 0.0001,
    "T_coh": 60,
    "tStack": 5184000.0,
    "nStacks": 2,
    "gamma1": 3,
    "gamma2": 5,
    "gamma1_upper": 4.0,
    "gamma2_upper": 6.000000000000001
  },
  "mismatch_list": [
    0.04188847704024102,
    0.06892467024801513,
    0.004674425933743126,
    0.023973446363620594,
    0.0008446912966293304,
    0.05211866734515679,
    0.06099493734567723,
    0.08763813153070843,
    0.0477259979298341,
    0.05481725581583619,
    0.08609085599625288,
    0.004121682963922444,
    0.017067737216147294,
    0.0023884972792931366,
    0.008949925693765794,
    0.05456838775710825,
    0.029560003006944887,
    0.008203538364568937,
    0.03528129391151486,
    0.016590962974099795,
    0.033717827135364566,
    0.0030406284514812093,
    0.07841577373896248,
    0.07156405949124806,
    0.03369686525995617,
    0.02922988961042716,
    0.02903292026391724,
    0.06594634916412714,
    0.04346640028219021,
    0.00851240075636229,
    0.0714198562449041,
    0.07051300214533952,
    0.04076766724685283,
    0.031141684930001794,
    0.025102207213198176,
    0.002087802790676158,
    0.027145194959897763,
    0.03873031752181481,
    0.07177100379915921,
    0.03684345960574326,
    0.024984965275569152,
    0.08427302770437106,
    0.0012533755847640416,
    0.02466836867457339,
    0.012961161258984694,
    0.010269439609559772,
    0.04893701606980738,
    0.007739558094753459,
    0.0045773507659035585,
    0.029597878947337987,
    0.07998516766609033,
    0.010440531882289673,
    0.04711391116790896,
    0.018154574314908085,
    0.01290463647771102,
    0.023822376296022157,
    0.00123732890772727,
    0.0193142720012953,
    0.01567239913723812,
    0.031610797245175876,
    0.07209468406839643,
    0.07748362082424985,
    0.03328991574771732,
    0.011116949917019886,
    0.006757674937692633,
    0.05889600307633592,
    0.010483756715028363,
    0.08308701925022986,
    0.0072652414518917735,
    0.008896364487980894,
    0.020967224300740748,
    0.030319401155360748,
    0.05205758877715647,
    0.04229275210630707,
    0.0007761676487425766,
    0.0017917343711148248,
    0.022188289684444265,
    0.06355431005071328,
    0.05220822515078094,
    0.07811023633430288,
    0.005314413674660129,
    0.010678774438655433,
    0.03489075248795776,
    0.07539907073837844,
    0.014252629631128819,
    0.015802796458744137,
    0.011650899481302008,
    0.0033172529245430312,
    0.044143396575552385,
    0.010037413333487536,
    0.006816368188836139,
    0.009958047336251613,
    0.04793265310842928,
    0.01909048591072843,
    0.08077579178063181,
    0.0067365684976262484,
    0.06212044549045006,
    0.0332510278547183,
    0.045079452736030715,
    0.008112679477022893,
    0.07086176438273782,
    0.02442831905998277,
    0.0012024888251519375,
    0.06995729560003007,
    0.013820453586070905,
    0.0009721973249755685,
    0.02764640062914539,
    0.009084298543366506,
    0.06482286492456617,
    0.006875206004637634,
    0.05602964732006037,
    0.015554578940977141,
    0.04668426500436585,
    0.07143734856852076,
    0.0412722701855632,
    0.0716378597491514,
    0.007219848149283248,
    0.032702404977650305,
    0.06343699583075527,
    0.010016668305066125,
    0.05421203587516553,
    0.0032855209821144606,
    0.0034834299989013086,
    0.018037332377279062,
    0.003084720672167834,
    0.03137009708962431,
    0.015387462196341935,
    0.001002989597127211,
    0.010512235952652183,
    0.055169632169684214,
    0.041998779874286574,
    0.06669129084674412,
    0.04608634557892363,
    0.048479613491930404,
    0.017874552572383524,
    0.006427778388161889,
    0.03048369888916517,
    0.08237409863935743,
    0.00912015057854776,
    0.06173799968774034,
    0.015021930458616922,
    0.002087802790676158,
    0.06032813286070328,
    0.032121905593495745,
    0.03676741859564109,
    0.03462554862287707,
    0.04285575916684496,
    0.011758961563148734,
    0.009195902459333962,
    0.027284121596225126,
    0.08872142679534849,
    0.019283335164485667,
    0.05199296837503542,
    0.008367691533715369,
    0.045746763197307624,
    0.061138923745034206,
    0.01161403549351483,
    0.05096749897359093,
    0.09420989631822729,
    0.054310845818900964,
    0.011725205715508318,
    0.02745376822237514,
    0.005544488327849514,
    0.04026017301498268,
    0.03747903812459161,
    0.07802956925514505,
    0.04860943255480446,
    0.06287131432404457,
    0.047249801946418556,
    0.07096512811319991,
    0.028152521496764643,
    0.025861171667640067,
    0.025417647296930024,
    0.004647320060370201,
    0.05157192380864265,
    0.009896896485922294,
    0.0007886002093296248,
    0.012576113292431173,
    0.00946421446456142,
    0.024471543892721458,
    0.01305014080597688,
    0.017487408418289163,
    0.03745598006164237,
    0.0005824510070374075,
    0.06460948748937449,
    0.07861773056617302,
    0.08826265085322062,
    0.01795153325276263,
    0.023834447444964234,
    0.058245028421411764,
    0.07701580959099767,
    0.04433277627751788,
    0.044126843922212645,
    0.0008079718735001417,
    0.0009322974793706233,
    0.04697324975568573,
    0.09103641294605425,
    0.004549738916227672,
    0.0014856909901522556,
    0.011031078510174461,
    0.015356019383229343,
    0.003486899550693043,
    0.024471471610392464,
    0.02119216690857153,
    0.0032256712137070428,
    0.016951073537150224,
    0.031663635627670834,
    0.08215595057045214,
    0.0824987133745439,
    0.014005279501309757,
    0.020466452325467087,
    0.08734423158101692,
    0.011204122405787213,
    0.04581788900903818,
    0.00038728871875234915,
    0.05436975591703145,
    0.059730213435261054,
    0.08600006939103584,
    0.029947147161039245,
    0.005044728305181776,
    0.04845185707759653,
    0.01033059045988909,
    0.015680205628769525,
    0.017645851283445032,
    0.00877377365800628,
    0.011136827557493364,
    0.04499488241110719,
    0.010924317510249634,
    0.07983684432699369,
    0.06999625577535809,
    0.008303649390226273,
    0.0043626722487899935,
    0.017150934176819923,
    0.008890871030977314,
    0.08515769112893433,
    0.056947054639658136,
    0.055465845153903535,
    0.04024007852752222,
    0.06754812557464451,
    0.027178878525209185,
    0.02637603869706765,
    0.004683605789525423,
    0.03427259401039709,
    0.040016509283942334,
    0.04221938554237768,
    0.009418965726610884,
    0.07330208809191999,
    0.07812216291858697,
    0.04452916736539585,
    0.01781282346342225,
    0.07277363198464146,
    0.0014667530199557054,
    0.04327152712322113,
    0.007247821410604107,
    0.005208447780354241,
    0.027334574661863266,
    0.0018771720839862837,
    0.03355808318828679,
    0.018230904454326242,
    0.003385270596126824,
    0.08535834687422296,
    0.07356028057108822,
    0.00869317886117745,
    0.02523824255636576,
    0.041596745560419354,
    0.033632100293177127,
    0.004374237421429108,
    0.001155866722950507,
    0.013280143176837272,
    0.007690839805011189,
    0.00767725072716023,
    0.008287458148531513,
    0.0012466533281675562,
    0.0899791393198522,
    0.0856020828875923,
    0.006559332226931817,
    0.05388344040755668,
    0.009015919460137741,
    0.004721481729918524,
    0.028148184557024974,
    0.06985870250328162,
    0.0011365673411089844,
    0.019375422851624618,
    0.054867202905171365,
    0.07777123221131883,
    0.0023883527146351478,
    0.020614052841273788,
    0.01080237722123597,
    0.061299535080059905,
    0.060120248882515194,
    0.010480214880907635,
    0.05089283132773965,
    0.07154548293269648,
    0.01865896040663147,
    0.002048336639045179,
    0.0593299138972897,
    0.02181495145518785,
    0.014190611392851566,
    0.05294073427281086,
    0.044587932898868345,
    0.023951111123961304,
    0.05847524763925913,
