{
  "config": {
    "mf": 0.3,
    "mf1": 0.7,
    "mf2": 0.1,
    "T_coh": 40,
    "tStack": 3456000.0,
    "nStacks": 3,
    "gamma1": 1,
    "gamma2": 21,
    "gamma1_upper": 6.4031242374328485,
    "gamma2_upper": 23.685438564654024
  },
  "mismatch_list": [
    0.3838751738704802,
    0.4053638250302149,
    0.4252716629688865,
    0.4281498706346163,
    0.3841810905030748,
    0.45918493140213906,
    0.35708505197980595,
    0.176850009557523,
    0.39232569392875566,
    0.4486269314409546,
    0.400401556916703,
    0.39952912800152574,
    0.4084295509720646,
    0.35897872093127897,
    0.3539746013840681,
    0.37303408040310954,
    0.37506978401299085,
    0.3816372064016213,
    0.3645970048468514,
    0.3520973043665032,
    0.424227654017884,
    0.37604174561245723,
    0.448716868654046,
    0.46977019984926977,
    0.45037905363933456,
    0.3575731199300539,
    0.41115038206780996,
    0.07757672826091788,
    0.44310416854374685,
    0.3318682620953625,
    0.3934351906153906,
    0.3536569208122084,
    0.38717661229124567,
    0.3892277120244048,
    0.43429194801184545,
    0.425098077100099,
    0.4136267726006687,
    0.3980140193629019,
    0.41707062516175414,
    0.4515609771594174,
    0.2185803885265921,
    0.38593077317487906,
    0.36682076884986947,
    0.10642261209109605,
    0.41165628566791146,
    0.32780878144997,
    0.4034021203931302,
    0.4294687329131493,
    0.025378449178860774,
    0.34070672109087824,
    0.08416410055576752,
    0.41697532099019624,
    0.3533502452157902,
    0.16896990502435136,
    0.09636330557368937,
    0.4409483860146387,
    0.4644241128878454,
    0.3869270216166992,
    0.10059512521873067,
    0.2760715186790213,
    0.40903124664903917,
    0.35078944706341175,
    0.44344613595796034,
    0.4029785101561828,
    0.15714600761717779,
    0.4268924844257913,
    0.3718591501925437,
    0.36934394408128024,
    0.17658019791824897,
    0.3684027205166679,
    0.3708797073782451,
    0.17817960575298916,
    0.2674448105902776,
    0.3317125660881302,
    0.3266449646382491,
    0.4975604192125837,
    0.35164496192766403,
    0.25311568202495016,
    0.3778173414776657,
    0.4553187154732448,
    0.3756137442276735,
    0.4161748310031518,
    0.433119348904452,
    0.2195904609523413,
    0.44276621279545786,
    0.09052698219394974,
    0.32772849391977815,
    0.43416498420650496,
    0.3816092873752548,
    0.3623401174941053,
    0.48576997042534825,
    0.3343162999082413,
    0.37699912426417104,
    0.10696483753132488,
    0.4454803216401946,
    0.3485720800411922,
    0.07491536740191829,
    0.4058880521854851,
    0.40031622769825465,
    0.4268706371100132,
    0.09820129910753445,
    0.39537146996438616,
    0.42418775420544563,
    0.3909588542942336,
    0.41835815307671465,
    0.3252395262721291,
    0.438155887049269,
    0.40226746947691455,
    0.43566090190273316,
    0.019594385879543118,
    0.334368939470575,
    0.40991099414394355,
    0.3703412767571341,
    0.4818555602936583,
    0.3715498182227431,
    0.39926256906435265,
    0.4128439556283727,
    0.450870970620402,
    0.258276744448532,
    0.42617450464870765,
    0.3860821864576784,
    0.16108242769975087,
    0.41248485731642753,
    0.3733248719709347,
    0.3368824108073846,
    0.07513243105545521,
    0.4714335774919954,
    0.19384798019668223,
    0.36247841154509747,
    0.012954645080868138,
    0.044051995093624154,
    0.3624109179765027,
    0.45441457271258334,
    0.3611243658721725,
    0.38313583468293366,
    0.08223665771414625,
    0.37054229374697295,
    0.42741345887896054,
    0.35208445619320444,
    0.38221239255647316,
    0.40698139378501874,
    0.3658163886527969,
    0.20157873149171845,
    0.32412146413662823,
    0.45587958973885245,
    0.3703860014110222,
    0.11438511841082516,
    0.4302936181659509,
    0.39700367587864427,
    0.4278769689283463,
    0.32602586700503444,
    0.4197762769810284,
    0.329017160280474,
    0.41184841193867444,
    0.38231084100672863,
    0.45820841601973133,
    0.4720304483275202,
    0.3927142834064161,
    0.2686288483667261,
    0.36961115355887353,
    0.45345095971517607,
    0.33163303752176193,
    0.473746899226193,
    0.44109004119113515,
    0.43357770884217794,
    0.4039187579101649,
    0.4090747244337886,
    0.4085276199404083,
    0.14374812766335313,
    0.3811229541994607,
    0.3883480187412021,
    0.42709946470281523,
    0.04844661247881813,
    0.12203455215333758,
    0.47802582883999645,
    0.3253583583222172,
    0.37849899941462206,
    0.39009173812582126,
    0.26270746682704654,
    0.4823064932282537,
    0.32931646308546336,
    0.3718653303265355,
    0.4537151875491768,
    0.369664009968014,
    0.40347302929893103,
    0.43170529087776444,
    0.3717687792858389,
    0.4022778239119359,
    0.4447220625687608,
    0.10400661339391165,
    0.11567080312792845,
    0.44497864655282426,
    0.3763022328390419,
    0.28862082286640905,
    0.12898519706116196,
    0.5155415190617559,
    0.4347326891465246,
    0.4423413556893717,
    0.3275021058535519,
    0.39900479242285214,
    0.4013122050815664,
    0.2615073823869,
    0.3701200388025676,
    0.3898782524445954,
    0.20852720793147556,
    0.40913565838647975,
    0.1708788074639972,
    0.3197686439734315,
    0.465326032968738,
    0.36474099112652025,
    0.42680346881162856,
    0.43509113691804957,
    0.23402004380088648,
    0.3261498491667824,
    0.3354260676533847,
    0.39190972754174547,
    0.4072426941871286,
    0.3884961251101988,
    0.3725983809566869,
    0.4277795505004228,
    0.17360310810865023,
    0.04178052479312543,
    0.36455986983119887,
    0.3379382921210556,
    0.37739443599284017,
    0.4695596958116365,
    0.4452481871335899,
    0.09498941841794858,
    0.40286379819542256,
    0.476936390482984,
    0.41093949854826484,
    0.39348647488518235,
    0.327158837358498,
    0.3757862458624274,
    0.43637649636494275,
    0.4874120428693126,
    0.41104510294314245,
    0.3479108057040685,
    0.4277403554401063,
    0.4190373172753936,
    0.0851975924366436,
    0.33807295398803505,
    0.4112398313755862,
    0.12823355181733345,
    0.3658716303768114,
    0.322963502188689,
    0.4303898981481391,
    0.34859831850480655,
    0.4264805839164073,
    0.3446330035852367,
    0.2755918535425341,
    0.452489189915626,
    0.4641027459202713,
    0.41736103724766754,
    0.14223486222258652,
    0.4083475286674189,
    0.06458218336761139,
    0.43317155477317226,
    0.4349944232422479,
    0.3596776181893704,
    0.3583953488094731,
    0.25430508675986524,
    0.4157047071261607,
    0.4686227007597553,
    0.43436719385378086,
    0.4069576490596818,
    0.41583443572828704,
    0.38666181797206817,
    0.4016504318883638,
    0.4434448890888216,
    0.45294662825442333,
    0.4320654734237433,
    0.3479559640515701,
    0.3880265975619263,
    0.4562987546162619,
    0.36822512298195587,
    0.1438135069755823,
    0.35148888643852,
    0.4439891203620127,
    0.31108463411600934,
    0.34148959227487585,
    0.07839619234355126,
    0.39794939901449633,
    0.003383243878604387,
    0.3408398650302106,
    0.4143554862946855,
    0.32421064238589603,
    0.38536014080296854,
    0.4678636285127963,
    0.32697348755044536,
    0.489012101244473,
    0.44317247528786685,
    0.14200402879682225,
    0.44452137084913196,
    0.3713146478608442,
    0.3821958037757583,
    0.33611699579132875,
    0.42365555793002807,
    0.32252086364445104,
    0.3969857318053874,
    0.37542172638031396,
    0.06648262878179476,
    0.41511043845231665,
    0.33031075990602293,
    0.39175094146751727,
    0.40531985934015036,
    0.41062170955300176,
    0.3763400726068163,
    0.46109144852691086,
    0.12765267343380496,
    0.41871654663653796,
    0.35794593380252476,
    0.33423243440573835,
    0.4400432674433469,
    0.3486021133239243,
    0.4247485200476499,
