{
  "config": {
    "mf": 0.45,
    "mf1": 0.01,
    "mf2": 0.002,
    "T_coh": 8,
    "tStack": 691200.0,
    "nStacks": 15,
    "gamma1": 21,
    "gamma2": 73,
    "gamma1_upper": 33.481338085566414,
    "gamma2_upper": 100.0
  },
  "mismatch_list": [
    0.03350259372755083,
    0.1853942417764325,
    0.08222283376093985,
    0.07586379486217576,
    0.21029376875853792,
    0.02400300007853928,
    0.1705120984713166,
    0.012533486770671468,
    0.11680857835973796,
    0.007124441119155609,
    0.06599413821842688,
    0.07053484707914177,
    0.20610469089575234,
    0.043122198649896894,
    0.031068756972563498,
    0.10026735204781856,
    0.09893496263149823,
    0.19488211213335657,
    0.012929977996126163,
    0.2561376008194649,
    0.07868998919627482,
    0.26527140064947036,
    0.09482483063739404,
    0.07207479975363468,
    0.06981240767483952,
    0.1093823810575453,
    0.07770082795580956,
    0.005418193885225717,
    0.14916750734416814,
    0.05910700905817443,
    0.26605848757198897,
    0.05737548559332767,
    0.149954255443216,
    0.16810834924053059,
    0.05239376410310344,
    0.12663540771678586,
    0.19989615738268898,
    0.07089840466324097,
    0.09031888506477662,
    0.044589236513487514,
    0.06541054867243204,
    0.13008286876682554,
    0.06367902520758528,
    0.1405656603632174,
    0.10254621094729147,
    0.029168228360513866,
    0.05135371157733371,
    0.08607125850624794,
    0.10604198822425803,
    0.16157359648984307,
    0.04842708996650866,
    0.03867636036098795,
    0.16738448677765122,
    0.17044501142411098,
    0.1201752638943543,
    0.1778579268462508,
    0.09227884331359325,
    0.08342619919960409,
    0.2555027811646948,
    0.06500518027204408,
    0.0876974756363901,
    0.030768559377491834,
    0.17486774195231575,
    0.08500952127835114,
    0.1518485497034041,
    0.1011737725967302,
    0.17423746253205355,
    0.04543954789564535,
    0.05511343233800325,
    0.20911540849201396,
    0.19332582816757424,
    0.10619479760955976,
    0.1191251821938508,
    0.18698766079460744,
    0.13627710392942388,
    0.10169630615329851,
    0.17462406011216278,
    0.11088323350351532,
    0.0012267442581449944,
    0.06861480223517778,
    0.09778838400652927,
    0.10043879672401074,
    0.14724556508876802,
    0.11873451873209276,
    0.17401045080666075,
    0.20855892482367797,
    0.07573632947248506,
    0.07407622999526935,
    0.046561798995415515,
    0.09359998379068515,
    0.010979981157349146,
    0.016293207531341003,
    0.05682381321827611,
    0.12170864339351493,
    0.11014337857281727,
    0.006968446793228979,
    0.09173943634818232,
    0.02400584619569346,
    0.02237861259513909,
    0.08373635820471538,
    0.18106868581963464,
    0.03368447416664165,
    0.0022861097217466457,
    0.40720346830546994,
    0.07367702818204877,
    0.10482940678718979,
    0.03064827704538073,
    0.30969874730864044,
    0.19451665713782126,
    0.10751702232175801,
    0.0762077006849723,
    0.1102218500886396,
    0.10216625430720866,
    0.12024052129481796,
    0.10570343581229912,
    0.006621559323889962,
    0.0239207337398447,
    0.1867515008355048,
    0.05634857941822248,
    0.1273486311226841,
    0.19675926192592547,
    0.04049306404637761,
    0.11491150574708983,
    0.10817969326582252,
    0.16784176293375588,
    0.060607183857202984,
    0.14121457507437005,
    0.1441217482179749,
    0.03600751564669847,
    0.1253235510027921,
    0.12035727986283341,
    0.08377491631568508,
    0.057141358575049435,
    0.09456197138879742,
    0.14450997215074365,
    0.07802406554689123,
    0.006661676022825047,
    0.0713537834079095,
    0.28364728829072844,
    0.03884245162634249,
    0.11626097186633523,
    0.16086775943560683,
    0.08225170152064651,
    0.010353970912818214,
    0.030854213950893772,
    0.21739625411678987,
    0.03791678590429308,
    0.14033356628576357,
    0.022117447463896156,
    0.30154143672129474,
    0.09570096036802192,
    0.11729526439310245,
    0.12034589539421671,
    0.07645287334839652,
    0.07138373540272253,
    0.18810435518945756,
    0.02741014113556144,
    0.10658878154133102,
    0.06215404853049889,
    0.08698438775988014,
    0.06073566571730589,
    0.09413701899180095,
    0.06905927086408863,
    0.14113156332403987,
    0.20433271190849978,
    0.02534894243368903,
    0.07576628146729808,
    0.108328707828252,
    0.20543537901166142,
    0.09472433559597389,
    0.11082197422000635,
    0.33042722183660345,
    0.12837065823981073,
    0.19379211702800045,
    0.09321860409202527,
    0.06973847639352503,
    0.07064787858897914,
    0.021279537020767236,
    0.1815104438607796,
    0.049488894959099604,
    0.003721365943782274,
    0.10795749283371418,
    0.09243605740401453,
    0.027619127452311105,
    0.03560113077589829,
    0.06007631524325458,
    0.11152726915668938,
    0.1951065488003718,
    0.15524335758609148,
    0.13598124327477765,
    0.2039309350369016,
    0.20018585145016785,
    0.0983649260243328,
    0.07191304542870554,
    0.11785777911921755,
    0.058316262842171895,
    0.054039497465159965,
    0.11538599413550783,
    0.13140739747862482,
    0.11994777781610248,
    0.09885411935138075,
    0.15228170162839239,
    0.03984387827644837,
    0.10188564070874552,
    0.19407862615485438,
    0.09640476448143373,
    0.0763001994924831,
    0.11227634008579146,
    0.05279174615182937,
    0.20601117561782936,
    0.11283356916576308,
    0.2047781292431287,
    0.0939040439733232,
    0.13802685609699622,
    0.18551919987243973,
    0.16373861070314882,
    0.024437100709245617,
    0.10775833239761586,
    0.27367042790083884,
    0.043026718195843625,
    0.069870210958947,
    0.17232168686382082,
    0.04777573572636671,
    0.15458685322919435,
    0.17041018037131936,
    0.25204007305847204,
    0.11778926901343482,
    0.1513366552038169,
    0.08008411224896315,
    0.13015354734282097,
    0.08759142389004988,
    0.03825052702296756,
    0.018416275398969718,
    0.10325489411868187,
    0.035863718965718314,
    0.17498057016807067,
    0.09776602165746072,
    0.07622457409381493,
    0.1047426679786815,
    0.3328217550689855,
    0.10899124324292823,
    0.05860385620413219,
    0.3214338304528708,
    0.12510833033418092,
    0.11764357492101855,
    0.03305263615841407,
    0.19215634507598353,
    0.18724204945643566,
    0.1232599127719304,
    0.07492606702456815,
    0.12342173486155368,
    0.040855130807205584,
    0.14151856749231395,
    0.14077559538568513,
    0.26467954381078956,
    0.08632896763808937,
    0.013109622200310133,
    0.07124122625093117,
    0.3061132495766231,
    0.14410717880873328,
    0.20121926303591114,
    0.03208793797253592,
    0.08971774446299767,
    0.10752861008445717,
    0.2939252272167136,
    0.19436432210537857,
    0.1827033735365452,
    0.11935829274171683,
    0.038582641788982505,
    0.06372740919920632,
    0.04943041402805065,
    0.21228516982543882,
    0.24631890322571465,
    0.15591903935143225,
    0.1572714871172201,
    0.09919212964578648,
    0.12875413864398916,
    0.15792656841554015,
    0.0343381324063846,
    0.09638877201361501,
    0.18470507483695645,
    0.12308535091980746,
    0.08839978892653066,
    0.04356029739755791,
    0.2238549071159502,
    0.19556612895607745,
    0.16674560124123236,
    0.038954466665767656,
    0.15804929027664055,
    0.007492674467150963,
    0.05292693671665284,
    0.05966457696161679,
    0.18305276829956765,
    0.03572168416678599,
    0.3315220959999382,
    0.12489026354841554,
    0.03323336459770439,
    0.08327332204960823,
    0.12470912852096033,
    0.04274034459837797,
    0.05566673106571434,
    0.18699145561747968,
    0.04809910884683668,
    0.01770793105105006,
    0.15939109898544732,
    0.05321737619576732,
    0.1305430588047785,
    0.0710932281589139,
    0.3291458592349759,
    0.059795159527238254,
