{
  "config": {
    "mf": 0.01,
    "mf1": 0.2,
    "mf2": 0.002,
    "T_coh": 60,
    "tStack": 5184000.0,
    "nStacks": 2,
    "gamma1": 3,
    "gamma2": 5,
    "gamma1_upper": 4.0,
    "gamma2_upper": 6.000000000000001
  },
  "mismatch_list": [
    0.003927098934269341,
    0.07375067222565965,
    0.029335349528430085,
    0.003694422117236155,
    0.07614394013866642,
    0.0129636911404995,
    0.000443090676736077,
    0.03862015925242724,
    0.021999705088097704,
    0.054023595843476956,
    0.0575561055437655,
    0.05002168469869834,
    0.04241151197284498,
    0.016691435411402104,
    0.042329832941081225,
    0.041681894143974836,
    0.07508008882052587,
    0.04262431114940468,
    0.025986581508445468,
    0.026698417884382968,
    0.027967261887551827,
    0.004040365343803669,
    0.06302845610727854,
    0.0025916106237675865,
    0.015065227573684606,
    0.0012412321534929713,
    0.06417673318568463,
    0.06537727038795371,
    0.030001069778469117,
    0.061879167076266534,
    0.02585632875159744,
    0.011770960429761815,
    0.02398457784228574,
    0.006258131762011877,
    0.05412717642092602,
    0.0453591853492393,
    0.009753632909855262,
    0.002165217165029231,
    0.047066927654062556,
    0.013369339570816444,
    0.08374175258626174,
    0.0030532055767262464,
    0.027974706967438256,
    0.03383347886175571,
    0.06712657503194878,
    0.004408137833727513,
    0.02167609710118948,
    0.016352720417734036,
    0.014914591200060138,
    0.035719324825221326,
    0.01283372751296745,
    0.07442376527325612,
    0.0465008124533779,
    0.038329873419185465,
    0.018811476120809793,
    0.061680173824544764,
    0.005108987295657856,
    0.0186363360376562,
    0.015202274869458113,
    0.01343208063238364,
    0.015282508254641971,
    0.010709060734504115,
    0.035573892779284466,
    0.07822408100246916,
    0.022803340021858177,
    0.03825925358375787,
    0.034869573765562385,
    0.008493824197810713,
    0.0022391619875905696,
    0.003138571007268711,
    0.017179774826088717,
    0.01276737233495053,
    0.048947713854498566,
    0.07147255006274106,
    0.036880034464214465,
    0.05574239734463636,
    0.06721808446045578,
    0.003021618198955665,
    0.08015647678580722,
    0.0007563622905980929,
    0.007838368038488894,
    0.046280495914602766,
    0.03766039448803872,
    0.031355568341496415,
    0.034555290199094445,
    0.018713099871048324,
    0.0648470795047793,
    0.04824802090983213,
    0.052334285532547285,
    0.0015855128864936132,
    0.011903020244834705,
    0.05936612734411593,
    0.08080268080701775,
    0.01916486442726374,
    0.0017610866636211713,
    0.0014281542562726605,
    0.057805335014138426,
    0.025274745132507964,
    0.039549131744664116,
    0.08326403867393731,
    0.06576730583520786,
    0.009394606581739748,
    0.03485164774797176,
    0.06430416693170188,
    0.010708771605188136,
    0.015808217633418723,
    0.03535082951200754,
    0.017374503420399808,
    0.013152637148491034,
    0.027215308819022396,
    0.020096800494989388,
    0.0040878548339530335,
    0.004047954988348089,
    0.04522502934662557,
    0.01795543649852833,
    0.05626948008766401,
    0.05352867873685185,
    0.06491986781007673,
    0.00045783627185094804,
    0.07076324356831837,
    0.02102049637720967,
    0.04503348117479024,
    0.06677607801865462,
    0.011199568619060562,
    0.01156517263911457,
    0.052768702329804025,
    0.03688321488669022,
    0.07204003862767662,
    0.007102967623299197,
    0.0157471390654184,
    0.07885474432294588,
    0.012249252600718198,
    0.003941555400068235,
    0.06944278998224745,
    0.0019349979471818565,
    0.06096031411008888,
    0.01850196318805549,
    0.05128474611554764,
    0.001974319534154846,
    0.011418800922900776,
    0.017598289510966675,
    0.05491780053546749,
    0.030539500847148897,
    0.008476693285839025,
    0.01958894485147427,
    0.05608516014872812,
    0.024553006077498222,
    0.04875797274088809,
    0.00438074283103861,
    0.03071796591743623,
    0.0037270214476126592,
    0.05051797516957434,
    0.004733625161189594,
    0.05812764191912475,
    0.029134838347799438,
    0.0033092295860246454,
    0.005984254017451845,
    0.04885468649708268,
    0.023943521479416884,
    0.04510735371502258,
    0.07186525995616799,
    0.07018643058294252,
    0.03671197804930233,
    0.028917919078487044,
    0.023569532709199516,
    0.07240730514129749,
    0.06454262633505461,
    0.013051008193924815,
    0.0665152110933136,
    0.032767314509087334,
    0.005104144379615227,
    0.006314945672601528,
    0.006294417491167099,
    0.08218486350204993,
    0.0028357080487818984,
    0.00987304331735412,
    0.025601533541891947,
    0.045265507450862476,
    0.027253329324073487,
    0.07437576980680378,
    0.003362357097835578,
    0.006070775965258221,
    0.026290311854880212,
    0.02171462358254353,
    0.00540960950194584,
    0.06012328474033296,
    0.0874516431219027,
    0.020262977569347668,
    0.016707915782412843,
    0.06126736944365737,
    0.010169834560205397,
    0.015389992077856742,
    0.007331596629908693,
    0.002779689243811187,
    0.019009385137596643,
    0.0023906657491629705,
    0.013228389029277235,
    0.03403955578171893,
    0.009116319615111055,
    0.018525816356623665,
    0.015454395632990812,
    0.05707788565513812,
    0.08715846599550114,
    0.006748205952594358,
    0.07226165624837365,
    0.01976538601654976,
    0.02298903332504496,
    0.08277873511706846,
    0.022845191490345973,
    0.012224821173518068,
    0.0014392857349378083,
    0.0313466776150301,
    0.0004432352413940659,
    0.0681620916771235,
    0.025037153117103157,
    0.02178632765290604,
    0.051341704590795276,
    0.0018372722383813384,
    0.04240240439939167,
    0.001799974556620194,
    0.0717581375445982,
    0.04477340935506815,
    0.004687219905975147,
    0.06885426725957451,
    0.004598601770627931,
    0.046871693083448504,
    0.057401493642046345,
    0.04766687098471663,
    0.019290274268069136,
    0.05480214880907635,
    0.054091758079718735,
    0.0007076440008558228,
    0.03262730363782505,
    0.022133138267421488,
    0.03207644000855823,
    0.004450350713860281,
    0.004541860142367275,
    0.08215927555758588,
    0.06310507537601268,
    0.0034332660625791492,
    0.048596710864901436,
    0.06484968166862311,
    0.04081016925630157,
    0.046202430999288745,
    0.029669583017700497,
    0.00881425176224318,
    0.0018576558551577779,
    0.06454363828766053,
    0.08651312936223855,
    0.06589835369767483,
    0.008535675666298509,
    0.033416409823457636,
    0.0324660417618384,
    0.056987677308553024,
    0.06267781452932639,
    0.009303964541180688,
    0.007433153302145918,
    0.0776737233495053,
    0.011447858419156551,
    0.004254248755298295,
    0.004857300226099125,
    0.04584015196636848,
    0.01057157974475664,
    0.07089682131230014,
    0.0639994969149902,
    0.020901302816697796,
    0.08123225468823186,
    0.0774582497267728,
    0.032328127078116956,
    0.0113296768112506,
    0.08147693037187813,
    0.010997178097876056,
    0.031120072513632448,
    0.015870597283340948,
    0.004180520779723939,
    0.005674596520039553,
    0.047399354085108106,
    0.01805287307801287,
    0.004873491467793886,
    0.0003949506456257626,
    0.027371149520334464,
    0.006587811464555637,
    0.03358750209618754,
    0.021188552792121805,
    0.05365473911861819,
    0.08617875130831015,
    0.0018223820786084784,
    0.0075052187841534,
    0.008249582208138413,
    0.08032850872881404,
    0.06365832432213632,
    0.03247507705296271,
    0.0847466938062718,
    0.02191549617481915,
    0.006478086889142038,
    0.0036645695153614405,
    0.0193769407805335,
    0.007861715230754107,
    0.009736140586238602,
    0.006415345827574841,
    0.07880060485852902,
    0.07055369709656341,
    0.00042914018724014505,
