{
  "config": {
    "mf": 1.2,
    "mf1": 0.3,
    "mf2": 0.005,
    "T_coh": 60,
    "tStack": 5184000.0,
    "nStacks": 2,
    "gamma1": 1,
    "gamma2": 5,
    "gamma1_upper": 4.0,
    "gamma2_upper": 6.000000000000001
  },
  "mismatch_list": [
    0.40983057744906987,
    0.09587296814373196,
    0.05259681495145519,
    0.3034245921830998,
    0.43105436787657647,
    0.032749677620812684,
    0.37311357577790244,
    0.11885123140175675,
    0.37811601892062247,
    0.20367931511047632,
    0.4402774484916124,
    0.45533595380870046,
    0.14510381188090185,
    0.17581462184776764,
    0.4368897925786287,
    0.33358873089578045,
    0.14790467984710842,
    0.398491142523405,
    0.11283257099570354,
    0.444710668293501,
    0.4388207065742224,
    0.34327933361475255,
    0.08014389966056218,
    0.05781053934182603,
    0.46853344214233256,
    0.14133262593027357,
    0.4342629804606408,
    0.49131704908837526,
    0.45751013398252505,
    0.1189106474761902,
    0.43768576558551575,
    0.23891854070651639,
    0.4472345503750007,
    0.46914954057351693,
    0.0697869984329191,
    0.46719379759791363,
    0.4427458900267734,
    0.46396205466857104,
    0.014569515361440558,
    0.02877140279761526,
    0.4811797054350529,
    0.13197054639658135,
    0.009224526261615771,
    0.43832886146657957,
    0.43731535479058364,
    0.3003098020620703,
    0.0894018203581734,
    0.2669493387612544,
    0.2904921270087259,
    0.4588063729883828,
    0.45577528580432886,
    0.48240554145247005,
    0.4446593839810794,
    0.45527462225254867,
    0.43903693916140935,
    0.4580840195335766,
    0.44712305488252674,
    0.4443872048712507,
    0.4415803736129021,
    0.4394653565253595,
    0.2615585226648471,
    0.17261808041264537,
    0.02107420214765256,
    0.07687030526273181,
    0.2508279217963026,
    0.2264917627057878,
    0.08847682339403122,
    0.43019055790392813,
    0.46032090462780384,
    0.4429093926549589,
    0.21393357543094724,
    0.23770701659024016,
    0.4340338816188929,
    0.11807361810643428,
    0.010518741362261686,
    0.24697787582474137,
    0.3353237236386346,
    0.4521499655936114,
    0.16649352639461526,
    0.34323321748885405,
    0.03827949263587632,
    0.4304864817588315,
    0.4831816368188836,
    0.47386935980986855,
    0.1888532697634344,
    0.44159425182006906,
    0.21610132247749128,
    0.43816926208415974,
    0.2266902499812066,
    0.3015592021187396,
    0.2639723187592883,
    0.006600027178155702,
    0.01735028884018666,
    0.43863432658891016,
    0.41275537346833746,
    0.10787790647244887,
    0.43703193577859634,
    0.041722878224514696,
    0.0652089248437256,
    0.4366861732578513,
    0.3690244198620275,
    0.46505402381269045,
    0.43956619037430683,
    0.43451217378984924,
    0.4481584269630435,
    0.28537338159865383,
    0.1617190617175438,
    0.40358397471853263,
    0.20698970121376487,
    0.001616666570290228,
    0.11215282797383958,
    0.21226219113760822,
    0.042081687705643224,
    0.4354992251334332,
    0.13581690596936385,
    0.4767520875136614,
    0.10289013664251473,
    0.4204416956277865,
    0.1826191357346487,
    0.4373784934049603,
    0.43391927798627217,
    0.44432294588077464,
    0.3912530430860507,
    0.22244481967004562,
    0.4314014314792434,
    0.11854114021037049,
    0.3628902522942411,
    0.29575529251212895,
    0.27923429883249584,
    0.0242567930932789,
    0.1440634523196845,
    0.1374269948477156,
    0.37128541111297436,
    0.3341390162664153,
    0.13748915765065084,
    0.45841225358954046,
    0.21582636049799633,
    0.445278120717272,
    0.06496200840788051,
    0.2468064221403665,
    0.4522440049036332,
    0.43425951090884907,
    0.40000585486864854,
    0.35953534027629197,
    0.10847618730953607,
    0.20433151856499338,
    0.4440547422990407,
    0.4773849554451724,
    0.49624934223080613,
    0.025964679962760143,
    0.06464237594906698,
    0.4591149101096957,
    0.4309774594785264,
    0.4311855603037014,
    0.44529503478225674,
    0.43320487558765536,
    0.25783786206218595,
    0.38501457211752527,
    0.041190374306812466,
    0.4332798685039871,
    0.16871252161241637,
    0.4335280137394251,
    0.45089955358433614,
    0.285919402311878,
    0.3715178710830206,
    0.3241577663025565,
    0.4443372577819155,
    0.439707502327491,
    0.4394146143304054,
    0.24311062665887945,
    0.3617437099917309,
    0.17131215557470234,
    0.442581447728311,
    0.4413087004793764,
    0.181648528620911,
    0.06508792422498887,
    0.4575523830038223,
    0.1668897781221629,
    0.47752062937669504,
    0.29998482071091115,
    0.1447937206895156,
    0.1396981056247217,
    0.4846009364898545,
    0.39221454262633504,
    0.4391208228042074,
    0.009529846819288396,
    0.05939453429941075,
    0.4581781672670919,
    0.04525003903245766,
    0.07495207681587666,
    0.00665582913613943,
    0.11082427876692129,
    0.4329113009084443,
    0.4897665569902795,
    0.12902077683264618,
    0.07540637125360689,
    0.2267229938762411,
    0.49369727004099856,
    0.4535230768563548,
    0.04151752412784142,
    0.27055203460299654,
    0.44485194410552065,
    0.48556583329960157,
    0.43121523219975366,
    0.12900371820300346,
    0.013303779498418463,
    0.3669058247991997,
    0.1326476872546015,
    0.4368977797759826,
    0.4068034296519461,
    0.083986500552237,
    0.31381221340056553,
    0.0546930024922947,
    0.16130943775913215,
    0.29874835919113185,
    0.4455997409401329,
    0.18619017191629128,
    0.2920259580299885,
    0.4366274077243788,
    0.1642529187604448,
    0.32900133288614664,
    0.38608463971595935,
    0.024468218905587712,
    0.1330954762827222,
    0.405172306615857,
    0.4646146918170621,
    0.46354910572302566,
    0.3796528857997028,
    0.15710303990562818,
    0.2605302342525718,
    0.2374793995362366,
    0.2548308448936871,
    0.26544254133103573,
    0.46632275939236584,
    0.24865207912891119,
    0.4679846747006066,
    0.16756583474524817,
    0.362813633025507,
    0.3535294738424708,
    0.43277082020204355,
    0.4768524876686347,
    0.18919494833259123,
    0.3848239636159669,
    0.1294880098072664,
    0.29497898029872843,
    0.1182693586533513,
    0.33487159767077423,
    0.42197028618019694,
    0.4523425980003816,
    0.13739576888158997,
    0.10299104277379101,
    0.11887551826429889,
    0.4604675293321691,
    0.09748992384333817,
    0.3686102421168892,
    0.2681714883798928,
    0.4129168883324756,
    0.3509457419925636,
    0.2891245453441506,
    0.43607701393025045,
    0.2522145137134035,
    0.1912538381916696,
    0.279323639791133,
    0.4595323044184742,
    0.48746295530639033,
    0.45929514609704336,
    0.3479980686161693,
    0.33678086310883404,
    0.43633795313792045,
    0.4471587262118855,
    0.29846342225023564,
    0.38880802102548384,
    0.47853250970028854,
    0.2411545945539602,
    0.11851013109123186,
    0.2792087831703608,
    0.07400965981044683,
    0.46388449572956,
    0.005784827071756113,
    0.17902005400935622,
    0.315112789346163,
    0.16282136723470939,
    0.43376387097893404,
    0.011075532142506058,
    0.4596827600862762,
    0.28848593096748454,
    0.14878977696564566,
    0.28349686005562846,
    0.2894043502396882,
    0.43865283086513274,
    0.3963146854562172,
    0.23011195087114664,
    0.026567948280547957,
    0.46305436932222305,
    0.16018226712079245,
    0.0821002931771264,
    0.4742932233870921,
    0.3651761809486911,
    0.45316365297542976,
    0.45051432491196014,
    0.47879879780030415,
    0.047226960730456305,
    0.44694310802449505,
    0.06665825782239364,
    0.19163317585423256,
    0.4532172503223792,
    0.42071228452637727,
    0.11594743339906206,
    0.43297902945071215,
    0.14993436764527301,
    0.29894250952681095,
    0.23212747133282832,
    0.4353342407175033,
    0.4336687474339773,
    0.48351811106035286,
