{
  "config": {
    "mf": 0.2,
    "mf1": 0.75,
    "mf2": 0.1,
    "T_coh": 15,
    "tStack": 1296000.0,
    "nStacks": 8,
    "gamma1": 11,
    "gamma2": 59,
    "gamma1_upper": 17.776388834631177,
    "gamma2_upper": 100.0
  },
  "mismatch_list": [
    0.7092312901636528,
    0.6009328535138733,
    0.24739241648938232,
    0.45628287759833136,
    0.08709140991516373,
    0.19307878306697793,
    0.4142571607170634,
    0.6779198502195357,
    0.39851494595308823,
    0.624890058641174,
    0.7470601890268549,
    0.12573915866887253,
    0.5732996242477583,
    0.20215657095142572,
    0.20612985599633615,
    0.7647966540240128,
    0.36065254424977056,
    0.06813154913663146,
    0.25982511445177353,
    0.2683955529623884,
    0.13107323005254634,
    0.41946907503537495,
    0.19464730869914434,
    0.2711291244995897,
    0.3566421783915283,
    0.43470394042551713,
    0.13849336824471428,
    0.27134192355309655,
    0.08674553917092795,
    0.13935345518006675,
    0.33800715421165756,
    0.06437511095331085,
    0.27638961251489735,
    0.17869547530229898,
    0.4090325969984925,
    0.4397932639847432,
    0.7072081270155915,
    0.29824018652299644,
    0.3221176281463757,
    0.6934405559143969,
    0.3486772486007595,
    0.3158654271507305,
    0.6400492444766213,
    0.6290187867447007,
    0.6827158161161744,
    0.14124450437770444,
    0.10040255451385535,
    0.7101083634364965,
    0.7550443639765898,
    0.1426377454634191,
    0.37408844807616354,
    0.4864792367684382,
    0.09205662478727322,
    0.4806182275111011,
    0.5294707895712273,
    0.34308353924147544,
    0.35804149118936746,
    0.20603400968351346,
    0.08952479311363759,
    0.6243988643585294,
    0.4521882667343614,
    0.3373373142562066,
    0.4963098446740387,
    0.6245828589205884,
    0.7533564099354028,
    0.3014082468885367,
    0.05771668350362076,
    0.22008583087910874,
    0.5432704901490808,
    0.6230649308894596,
    0.7206388265173064,
    0.6924166411751134,
    0.19947395842669796,
    0.14732662515157596,
    0.6350593813445777,
    0.2564215583945468,
    0.16934829133346943,
    0.18145629726177348,
    0.09784144851390508,
    0.31495654967152037,
    0.29314211680701957,
    0.3269830934621539,
    0.2669353784787296,
    0.47255372886971897,
    0.4165431241907998,
    0.16301296570754817,
    0.23532004572866616,
    0.7314115978953711,
    0.24559258753818672,
    0.22811039355681476,
    0.16258411489761068,
    0.04013820951570289,
    0.14541728853527752,
    0.2799843552217592,
    0.1852530689613498,
    0.6258841207958453,
    0.3666811761311166,
    0.30156011197393673,
    0.08667954544271744,
    0.053117144722438905,
    0.37817579457027023,
    0.3168726808228153,
    0.29456701753452635,
    0.6494172457441635,
    0.20447379651437464,
    0.4508060486974443,
    0.3159606229229685,
    0.2877283180605679,
    0.3488197892711112,
    0.23598525961773656,
    0.3142246915136547,
    0.5219673821842088,
    0.3696152587330014,
    0.14648684953892574,
    0.29289585105454075,
    0.3379660978725299,
    0.6958022350839718,
    0.7021567877982873,
    0.48844560410933474,
    0.15722886480378828,
    0.6699778700549519,
    0.21428590015445279,
    0.19533825508245675,
    0.28535724219365755,
    0.7178756915246416,
    0.31452422931179747,
    0.6006819255538702,
    0.18066018015059002,
    0.3354185809425726,
    0.28433639945157985,
    0.1612087275368336,
    0.7209463153670408,
    0.34379176109142784,
    0.6939322561730519,
    0.39756136187924696,
    0.08896034073291927,
    0.30699205357447473,
    0.33887497535174005,
    0.23234020843898595,
    0.6147648642741037,
    0.3048607380541955,
    0.14841729258308559,
    0.14934380694037175,
    0.7062498265225108,
    0.6678090400276177,
    0.32804860665771907,
    0.2613667510731028,
    0.669452703097325,
    0.34259541695603674,
    0.6590733642084714,
    0.28901190691660533,
    0.32121793051763947,
    0.5688958620414484,
    0.39448932853224744,
    0.3337153211270717,
    0.7298438854389356,
    0.7178239735481524,
    0.6688744086586085,
    0.33897920640987755,
    0.2494304878591779,
    0.2855237083010713,
    0.6791042316363958,
    0.6731967087272477,
    0.142622638465395,
    0.1940321864351012,
    0.10615376697694079,
    0.41536221232372517,
    0.270790987960084,
    0.7363139813893349,
    0.15046851932915098,
    0.4158970289666929,
    0.6195034380347082,
    0.6659106180366858,
    0.6368356824112908,
    0.6471541596143249,
    0.609243545625447,
    0.18207958742426986,
    0.2968460780498355,
    0.1649975481848183,
    0.4222527743387472,
    0.5031399786969644,
    0.2965805129266751,
    0.6034916103394896,
    0.18278470113587278,
    0.3013648775162187,
    0.09107915141751348,
    0.7355577821712558,
    0.09786971088819896,
    0.21789249715641482,
    0.5415253066070058,
    0.0725949080887349,
    0.2983231665886982,
    0.6934979119092874,
    0.5708522544267118,
    0.30202813978353477,
    0.6396636184744274,
    0.18221200857441402,
    0.5634234785012239,
    0.06922395134303382,
    0.1551304377241835,
    0.048692962769996025,
    0.04530133329015671,
    0.5148638765511055,
    0.30449094187289766,
    0.3164385534059125,
    0.12194592880136886,
    0.1273341396181529,
    0.4099980715085776,
    0.5401195245444625,
    0.49009967582839836,
    0.6814089885048032,
    0.07888563554345582,
    0.2511275313979799,
    0.5875362351105716,
    0.22461850854463372,
    0.285791947868858,
    0.22921240930741427,
    0.16292853999610254,
    0.6267257034656755,
    0.058666472757384215,
    0.19040665147389366,
    0.16361681193478866,
    0.7421037925937833,
    0.20723599183730587,
    0.13411725401325714,
    0.15787976679999374,
    0.6993506267741687,
    0.1952792004538171,
    0.30041306435841375,
    0.718892612952639,
    0.7521852019653843,
    0.16593880812869255,
    0.19463834569553198,
    0.26880438157877234,
    0.22969388162243087,
    0.4664573323441261,
    0.08696766263948313,
    0.1339644492581235,
    0.2577027619351067,
    0.4382869734018531,
    0.22506434569206243,
    0.23428995085382728,
    0.13351405832660143,
    0.25836732528359235,
    0.4672574249811054,
    0.21417856095796584,
    0.7493348583932168,
    0.29296545889711106,
    0.014794015720530077,
    0.20652386674384487,
    0.722673753607609,
    0.7451804339365916,
    0.148447217449985,
    0.2957834561457581,
    0.658138139835578,
    0.32054122374490485,
    0.6555479763561747,
    0.5998835676917837,
    0.1658672486643679,
    0.2398071132709701,
    0.7285582726788568,
    0.4435355348397733,
    0.33548233391988,
    0.3341800239514587,
    0.3247102492235437,
    0.3660860037783397,
    0.050226937468882474,
    0.6670493531891812,
    0.3784096277693513,
    0.2947026191053072,
    0.4175251152035093,
    0.7544589858737281,
    0.3789442998477446,
    0.4357158924462697,
    0.7735176023271427,
    0.3190209826805857,
    0.1617417371226214,
    0.7436513021509474,
    0.13808244344200157,
    0.6622980938871738,
    0.6419789646979092,
    0.3310712350614197,
    0.2992159974001507,
    0.18158459832154747,
    0.13681641918175294,
    0.6400147296844849,
    0.7985669747434123,
    0.7136012965418419,
    0.6500016118950045,
    0.3315404916699001,
    0.5257458664651243,
    0.6450575395919,
    0.08205037092378498,
    0.5004929651986809,
    0.6444570183498706,
    0.014703807426108708,
    0.6873780597814994,
    0.29614840941381376,
    0.6534577894573104,
    0.6864572195837582,
    0.6222439486714805,
    0.2854647259547189,
    0.28613290341756437,
    0.24367002326333131,
    0.23877354884634577,
    0.4401944306786844,
    0.7786250145287398,
    0.06632666042533211,
    0.3581480352806953,
    0.39546582609113,
    0.44929975811455414,
    0.29877818358660085,
    0.32118424697180586,
    0.4122540016919838,
    0.3271653893904637,
    0.5471080651997796,
    0.1205292682546025,
