{
  "config": {
    "mf": 0.9,
    "mf1": 0.005,
    "mf2": 0.001,
    "T_coh": 10,
    "tStack": 864000.0,
    "nStacks": 12,
    "gamma1": 3,
    "gamma2": 89,
    "gamma1_upper": 26.758176320519304,
    "gamma2_upper": 100.0
  },
  "mismatch_list": [
    0.08570409784757499,
    0.2517285777063694,
    0.13062917436990326,
    0.06490152989759064,
    0.0025279981878896457,
    0.24003035614845297,
    0.3375448144546272,
    0.044173227754219085,
    0.02886238180950974,
    0.08588532121952551,
    0.06428273041923545,
    0.07028290179652819,
    0.1757311564847278,
    0.21859029890333298,
    0.09593920899614283,
    0.3020559365167064,
    0.05099630621292495,
    0.17047216279203595,
    0.05725455743645353,
    0.056760603466889305,
    0.11858756598024807,
    0.12304746206108871,
    0.08110208514012646,
    0.321108385088763,
    0.057327774639484595,
    0.13486497769706923,
    0.154480588075085,
    0.3275972057351476,
    0.07428998617774707,
    0.027594805126874268,
    0.015324169378453836,
    0.15177173661062662,
    0.025244205991989958,
    0.3517706641050515,
    0.04267101059952788,
    0.10933148048164568,
    0.09867594097936282,
    0.35834719735692067,
    0.1187939558381604,
    0.07760980343497938,
    0.06764961147251888,
    0.23361407419689947,
    0.11367707877207642,
    0.28715515625502197,
    0.09066312923332494,
    0.15543895006623376,
    0.11245058267681979,
    0.24577257104463712,
    0.06091202504700684,
    0.06775194284558421,
    0.175791111936578,
    0.1926966371988628,
    0.20050558807209726,
    0.3591626408481343,
    0.14799404968355476,
    0.34568833155300105,
    0.07004733608601797,
    0.003113489081883607,
    0.3170468966864208,
    0.020218804167772084,
    0.2936552648105512,
    0.047613017597715426,
    0.11779260110016018,
    0.2598544535915446,
    0.3047665150929465,
    0.04510784195836958,
    0.046039680447156645,
    0.14199949141955254,
    0.10535184484124298,
    0.27251307266520963,
    0.047393674401440405,
    0.13806914014749172,
    0.14335965363019948,
    0.11332406946041107,
    0.015492932872550704,
    0.03934662883258682,
    0.06416793916831649,
    0.04217273885050942,
    0.24212232029402875,
    0.3353062308552984,
    0.07471608932731622,
    0.16363280013653128,
    0.22245841246868922,
    0.2757880466986815,
    0.15149595386862844,
    0.29532476507781213,
    0.2097287350817202,
    0.13944435290366486,
    0.017999588893423714,
    0.14403988894193204,
    0.03468928686556048,
    0.06681486133888843,
    0.07847187894429876,
    0.07766038313715753,
    0.23607403651710315,
    0.07691075494133909,
    0.03263538086174558,
    0.14018768947799284,
    0.21479830162149852,
    0.2936552648105512,
    0.06403637026008965,
    0.004764361214927685,
    0.10106416647806259,
    0.05081853706453782,
    0.34690600704165836,
    0.3112517581506405,
    0.2265944750904624,
    0.23583637359942944,
    0.268086855264112,
    0.28486994063758747,
    0.17850452791074514,
    0.054889462899115726,
    0.2693897143731449,
    0.030853680011238255,
    0.5334500244072121,
    0.1407557858890426,
    0.02917418716866898,
    0.13614809838573994,
    0.08007445363001907,
    0.12147085573465743,
    0.26642080922041445,
    0.013988248415314222,
    0.4005273381150659,
    0.06013457801499041,
    0.19252929240372946,
    0.1839180364253349,
    0.14059066166620002,
    0.007659123926172587,
    0.06820025171806082,
    0.13236399647205035,
    0.1381561125622127,
    0.2420831518661225,
    0.10407378212279009,
    0.3311184165626381,
    0.21110666187069313,
    0.31393840389219135,
    0.33526835776122843,
    0.084591776177601,
    0.2122442733917562,
    0.11762137030351803,
    0.09787172371473016,
    0.2743374578497502,
    0.3345610438040615,
    0.09094483350143182,
    0.12850205116305732,
    0.015055973591782349,
    0.325274302071334,
    0.08365691524319598,
    0.22863110997646036,
    0.1733627927715175,
    0.13188015844292175,
    0.022523573157877896,
    0.11072618492792649,
    0.20195969282715556,
    0.06276700478310886,
    0.15530565404622523,
    0.13833930977619943,
    0.22243478804681818,
    0.25916058643324935,
    0.22452033720577624,
    0.13529157430714742,
    0.1423476894912546,
    0.04450483321630416,
    0.21416346467659902,
    0.11252355314959632,
    0.2200645121741353,
    0.19522858307082488,
    0.01627371076300325,
    0.033339487325603684,
    0.10551400830103123,
    0.19713957057470466,
    0.31730892421672907,
    0.2336479379243334,
    0.10700395062555969,
    0.20609507694072882,
    0.22806054626286532,
    0.06722486533934965,
    0.2897854858159769,
    0.12588276278099247,
    0.23398725370687246,
    0.08328429087629569,
    0.016352602761888445,
    0.24574444379562096,
    0.1649434312485818,
    0.22660693496831605,
    0.0664316892536071,
    0.0072598526917833205,
    0.17339344900564257,
    0.07502481055829385,
    0.015493179602805232,
    0.08640252951557896,
    0.1293947212239381,
    0.05472285829474598,
    0.03335299580703907,
    0.3690647895182172,
    0.34783858572120896,
    0.06759397380012291,
    0.05363002831487967,
    0.22378761003239295,
    0.06264678546659029,
    0.29617530594773234,
    0.07242458208839125,
    0.019035609232185047,
    0.21517937649961635,
    0.11619674981387576,
    0.038986834438921966,
    0.11936180551895563,
    0.15487369105311108,
    0.17389955444024227,
    0.06128298398468906,
    0.3137603880135497,
    0.11429779040990419,
    0.018608889256979587,
    0.1987159301708814,
    0.07833821282890845,
    0.15619604185225167,
    0.09552075448446405,
    0.021332051076200554,
    0.36100176816538293,
    0.02821835416262911,
    0.04487165942222305,
    0.1563782521452203,
    0.2488736002486671,
    0.039323374506097596,
    0.1803616665365743,
    0.0451428776545125,
    0.037172256781998834,
    0.33444995350696044,
    0.2991790000663512,
    0.16823851379779772,
    0.35694317884353144,
    0.0778119371960011,
    0.2821170478226959,
    0.3271138611665281,
    0.039683415630016976,
    0.043966406118361334,
    0.024793738229786217,
    0.057532930846124285,
    0.08265105767805064,
    0.21816333219787298,
    0.06198240257371113,
    0.3138058480629464,
    0.0724656626757701,
    0.5638307842030846,
    0.20152001951358742,
    0.2668218075665854,
    0.016442906035045543,
    0.34610327015855286,
    0.22314580295780306,
    0.10570997380568976,
    0.08264859037550537,
    0.19234751388870625,
    0.34521029168485384,
    0.051814155324120266,
    0.07026365683667503,
    0.11455068892079497,
    0.05909621373881107,
    0.07303474600783798,
    0.01260945807045044,
    0.09368557485128787,
    0.22911667511737063,
    0.19928384153424028,
    0.14940090559487107,
    0.06366238887678947,
    0.1075875910426447,
    0.08044596771077397,
    0.010572391406507058,
    0.40656408725259235,
    0.2512200666517881,
    0.2497819376807104,
    0.20865792577707049,
    0.04359063594071583,
    0.2646066016588731,
    0.16984127353120893,
    0.13201178903371222,
    0.005969391778040414,
    0.2854168799293115,
    0.07293136603119092,
    0.0418944271234023,
    0.0668708691066662,
    0.3276725818279058,
    0.18348280425634825,
    0.030152410945307222,
    0.11980369940481453,
    0.027714592665447412,
    0.2553753125508508,
    0.4324903790332238,
    0.06640757137122702,
    0.07812257058645133,
    0.23619838856538505,
    0.13495614452611718,
    0.3042765088074547,
    0.29782068833261316,
    0.02561633689838119,
    0.2326587963339323,
    0.09490911018349017,
    0.07094093138535325,
    0.001366392149573771,
    0.04801524959515902,
    0.11235509806831762,
    0.1079886510713793,
    0.047235026847779166,
    0.11006692168782878,
    0.11834934791950168,
    0.31270962554208037,
    0.21992276564290922,
    0.1619767466681421,
    0.11111965800133436,
    0.02431606845702081,
    0.19025894228413023,
    0.1796117916105013,
