{
  "config": {
    "mf": 0.9,
    "mf1": 0.01,
    "mf2": 0.001,
    "T_coh": 10,
    "tStack": 864000.0,
    "nStacks": 12,
    "gamma1": 7,
    "gamma2": 77,
    "gamma1_upper": 26.758176320519304,
    "gamma2_upper": 100.0
  },
  "mismatch_list": [
    0.06250332724607678,
    0.05342958159480773,
    0.06844851287957304,
    0.018491627483318233,
    0.030796501780910156,
    0.2018209075849067,
    0.1094183372107383,
    0.08859457450987429,
    0.2632038406204947,
    0.025832331951981834,
    0.2563630768983897,
    0.019133060893997272,
    0.30732998138476975,
    0.018283888062280193,
    0.150133637381733,
    0.23423535900592132,
    0.05252587174389329,
    0.09472803754662346,
    0.20661496094639836,
    0.14894081627497413,
    0.17492233895939246,
    0.0800693433320037,
    0.2774462970285565,
    0.06426347430303478,
    0.11085484012792672,
    0.30277229124763244,
    0.1743694333343489,
    0.23120741599374525,
    0.1756723585027279,
    0.035184509144600404,
    0.23896078029355228,
    0.056780951899758576,
    0.22397464711675358,
    0.015370006569379709,
    0.23492319767349196,
    0.07907173873233199,
    0.3316334878115183,
    0.06479019565345379,
    0.25929127029294835,
    0.1063856235646762,
    0.30861301084137394,
    0.03478518540363845,
    0.03485013107858719,
    0.01699484110156972,
    0.1096732408531498,
    0.014103836966622802,
    0.029852133118466875,
    0.29209561261065026,
    0.05429989700851981,
    0.26274683557891043,
    0.11321662917201421,
    0.010878346342165258,
    0.01002266810060356,
    0.004601493230091034,
    0.07386697716265031,
    0.2758802280319628,
    0.19159890288431441,
    0.018039609922614896,
    0.02599887044400398,
    0.11842149916519328,
    0.16858601555898872,
    0.015187312976243436,
    0.008055649010586795,
    0.0009336347361996676,
    0.02341448795973325,
    0.021268027981502517,
    0.06841978065275933,
    0.1402311567280087,
    0.025948453517708213,
    0.10569594169764958,
    0.04170726674880108,
    0.0153878964464524,
    0.26442745400051804,
    0.2772127528151348,
    0.034244260575058715,
    0.03127128827606964,
    0.04112416517972875,
    0.007615666458095999,
    0.009939724125084719,
    0.03209855956130986,
    0.15153208365133042,
    0.09310005873300854,
    0.1610619127444557,
    0.24804341667160898,
    0.08303754499710672,
    0.11400112738752607,
    0.20897268410933295,
    0.04705287044161866,
    0.05235586369995402,
    0.02642172208390396,
    0.2502333544723012,
    0.05285244331809297,
    0.07639302780531433,
    0.15917106116136961,
    0.25147447824715635,
    0.12294731279409196,
    0.004013837874127475,
    0.10426746211926953,
    0.02589500073348496,
    0.25415275548018434,
    0.20355682199019354,
    0.24048667838435545,
    0.04372372695363692,
    0.25448501928799805,
    0.026657326343776433,
    0.02509505216959213,
    0.06041671703841651,
    0.15991809905852625,
    0.04788729767768795,
    0.09277760725171046,
    0.2568371044290673,
    0.2799135821356241,
    0.31228965163855554,
    0.044070790568847135,
    0.051044698345771855,
    0.07435987038187732,
    0.30220567005016646,
    0.10544461603065262,
    0.03179822647348346,
    0.15530717298416052,
    0.0913478265913615,
    0.053783692737349606,
    0.03290989259243076,
    0.11201914585486669,
    0.0745343237892104,
    0.011453641419424048,
    0.04458883803947331,
    0.16877125710431415,
    0.16281127166342138,
    0.012287960231995926,
    0.3287303402448615,
    0.06325166622520233,
    0.28522758037894663,
    0.039472224773186175,
    0.07125234452260212,
    0.07653809844484925,
    0.0043772734374466354,
    0.05816541153819006,
    0.008587357841886665,
    0.07897838610106175,
    0.050248002486801335,
    0.025559538432497645,
    0.039844117369303336,
    0.0746982601172947,
    0.09682733330348073,
    0.24954161255882382,
    0.032836489884684024,
    0.14340037555731033,
    0.017113781678228766,
    0.21359488622742934,
    0.026190780034420123,
    0.04153433127043173,
    0.028661751540399735,
    0.0728577712487557,
    0.2886585877427453,
    0.15846077882983506,
    0.02987652840538418,
    0.18344117315091585,
    0.027844346793423853,
    0.2511438950035525,
    0.27666581048244876,
    0.3125251474749306,
    0.25535435889023345,
    0.163992003550219,
    0.055254023785730015,
    0.13075667783031136,
    0.028599950146875892,
    0.05289819803400009,
    0.13018512336371324,
    0.010014211067805562,
    0.2620795973758478,
    0.016355793007833706,
    0.00922152687823922,
    0.22899557664657616,
    0.007808226589496604,
    0.28516323103323366,
    0.14341403691798402,
    0.023508599555485347,
    0.32088915291215214,
    0.07004483203194417,
    0.12037127891912182,
    0.06405432537653041,
    0.18888387008566432,
    0.1368326764134331,
    0.05677965081778965,
    0.2835303731622353,
    0.16938688572260954,
    0.04554112161722754,
    0.14613026237510562,
    0.12005424861269424,
    0.09671820505333731,
    0.07509021106043276,
    0.06280994889675297,
    0.1175554664796289,
    0.1429538875949749,
    0.03653589961632177,
    0.2842519857492492,
    0.3139309665423519,
    0.14811874931760963,
    0.27015698529766535
  ],
  "statistics": {
    "mean_mismatch": 0.11866086788889584,
    "std_mismatch": 0.09656214876349219,
    "min_mismatch": 0.0009336347361996676,
    "max_mismatch": 0.3316334878115183,
    "valid_samples": 200,
    "total_runs": 200
  },
  "perfect_2F": 1152890.625
}