{
  "config": {
    "mf": 0.6,
    "mf1": 0.03,
    "mf2": 0.0001,
    "T_coh": 40,
    "tStack": 3456000.0,
    "nStacks": 3,
    "gamma1": 5,
    "gamma2": 13,
    "gamma1_upper": 6.4031242374328485,
    "gamma2_upper": 23.685438564654024
  },
  "mismatch_list": [
    0.012624929511234888,
    0.09424070060601093,
    0.07589291280665798,
    0.1371390164761288,
    0.3074437762310095,
    0.13846302886632164,
    0.06559399056781445,
    0.08604502975734517,
    0.2445848744364829,
    0.024527650732654886,
    0.18253763023954742,
    0.09021640335501042,
    0.15458482998288753,
    0.04821718855729759,
    0.012979582463642109,
    0.2761001424575097,
    0.1642245379292713,
    0.10542012930358238,
    0.09972855116733514,
    0.14883334791628108,
    0.09264617182442218,
    0.08327090855884588,
    0.09119590038101068,
    0.07857682573355751,
    0.11870308044984003,
    0.06885319807296916,
    0.029602733397368197,
    0.07752316709965552,
    0.08486353993087574,
    0.30053070003245114,
    0.06049462106074736,
    0.06930738370966555,
    0.13406082184289211,
    0.0755514875094613,
    0.06195074736794057,
    0.22314018896681279,
    0.10417120012021987,
    0.11556216287775663,
    0.2560214292351347,
    0.020628419877436015,
    0.16571991350848267,
    0.026488704829319337,
    0.07002341186548862,
    0.17793288829863188,
    0.012202728778531211,
    0.050458300304854084,
    0.2846846196306427,
    0.05225661087306753,
    0.0808160942832568,
    0.016574468825615158,
    0.0461786117272271,
    0.13459150019066254,
    0.03003902917250933,
    0.028554279086827738,
    0.036785024906482104,
    0.05375242014589236,
    0.015251486457754284,
    0.014695274398491354,
    0.03185945811500926,
    0.17611598311674131,
    0.11513735998337218,
    0.10328169451901265,
    0.046418335872067326,
    0.02777460639322935,
    0.32214685711454316,
    0.08982033266251774,
    0.09522887150428039,
    0.1547467603358133,
    0.13568804028059542,
    0.053964930016487944,
    0.1518822682306092,
    0.012349534066687548,
    0.006316964326857095,
    0.08304950796917436,
    0.24443964128767537,
    0.02173303751091959,
    0.1679009044788732,
    0.06560212232306684,
    0.1442359245550927,
    0.11838225559928271,
    0.05815820514163295,
    0.1671078957066609,
    0.0805945852701819,
    0.049561747182428124,
    0.21587007450097315,
    0.13501695362546717,
    0.14487475524771984,
    0.20090390422917412,
    0.16435638078776324,
    0.03657891201668506,
    0.08536879299055708,
    0.12845663296975712,
    0.1483444125788062,
    0.0585500473213944,
    0.04537508588488839,
    0.0029735118372876974,
    0.1711061171291521,
    0.028702060185614362,
    0.2007170364934744,
    0.023143517565296097,
    0.025529808249958447,
    0.019539848907650474,
    0.19118293294196823,
    0.018579000707029013,
    0.08025034096449774,
    0.0648002228317786,
    0.05018691652623125,
    0.010275285936909939,
    0.008836290527448415,
    0.1490547485059526,
    0.017890078402047208,
    0.09206892562490641,
    0.19736751229331653,
    0.07696120860001425,
    0.07496979595040756,
    0.15309465872703767,
    0.1723321689744046,
    0.009198424694687828,
    0.18505354110293273,
    0.11419722065279346,
    0.02248354430901277,
    0.14571666297484978,
    0.056687875368598914,
    0.06970995980636013,
    0.12497369377175854,
    0.2311080080333068,
    0.0004585225728309817,
    0.27774964190460455,
    0.17825599004065987,
    0.03827703936018916,
    0.07470372491854962,
    0.007600805846103171,
    0.28928865681943633,
    0.015128100624724809,
    0.09185554836708391,
    0.1762750402494779,
    0.1341450126156051,
    0.14286073631851154,
    0.22257926048950347,
    0.14703281466829865,
    0.1090937310563985,
    0.14232799792607714,
    0.19738990172611143,
    0.24502079072971228,
    0.021133889783924085,
    0.25232863653992293,
    0.03045873616693561,
    0.0927933565944903,
    0.017855166066163646,
    0.058312491644621475,
    0.020416235277050526,
    0.1604065162031729,
    0.17044690283669234,
    0.032963967325089466,
    0.17301501956879795,
    0.0022221376519675974,
    0.006499657761527278,
    0.1776023595534734,
    0.1825656034776156,
    0.2720227177388603,
    0.05763842334590069,
    0.04649412383101952,
    0.09210465113631522,
    0.028329951065265358,
    0.02680269900546465,
    0.1304297762758968,
    0.31958248098985365,
    0.05041861733922246,
    0.21554588852491152,
    0.2893201538181139,
    0.14244764315169053,
    0.002950959769387758,
    0.05287375688502164,
    0.008718651134797287,
    0.28154185886070204,
    0.24868929658257022,
    0.05253417478568217,
    0.0998877709351768,
    0.14322503895381825,
    0.15934927959695985,
    0.07743827157482067,
    0.22801045982256943,
    0.09927816034975655,
    0.05512787944098194,
    0.15924356677867887,
    0.0935061862599141,
    0.0899263707510088,
    0.23424252862459166,
    0.010705510001462632,
    0.1166969222173757,
    0.0694249146789133,
    0.13097606759375183,
    0.05266666818459431,
    0.0787635308341522,
    0.24586990861316602,
    0.017860587236331903,
    0.06948530651458766,
    0.16579380405787597,
    0.007475143121603027,
    0.08972047470801849
  ],
  "statistics": {
    "mean_mismatch": 0.10745563585392809,
    "std_mismatch": 0.0792739116564807,
    "min_mismatch": 0.0004585225728309817,
    "max_mismatch": 0.32214685711454316,
    "valid_samples": 200,
    "total_runs": 200
  },
  "perfect_2F": 4611554.5
}