{
  "config": {
    "mf": 0.8,
    "mf1": 0.6,
    "mf2": 0.01,
    "T_coh": 60,
    "tStack": 5184000.0,
    "nStacks": 2,
    "gamma1": 3,
    "gamma2": 5,
    "gamma1_upper": 4.0,
    "gamma2_upper": 6.000000000000001
  },
  "mismatch_list": [
    0.0301319007939491,
    0.06613717451267254,
    0.04017726518362603,
    0.19515375897023704,
    0.2710971879282728,
    0.18887755662597652,
    0.22511167619829645,
    0.15968727773183833,
    0.028232176623316545,
    0.19125195885111576,
    0.1980552439384039,
    0.05620912434295363,
    0.04207482088438875,
    0.034764330694546444,
    0.12940271665905292,
    0.1914537711136683,
    0.06960217251768026,
    0.11468993772154534,
    0.16966498586157644,
    0.11906858436504311,
    0.16347328155991048,
    0.1656335112442391,
    0.027398038546720405,
    0.009380656092243816,
    0.25355629058652773,
    0.08484152822191253,
    0.2059981322246188,
    0.29526623027415244,
    0.234548061966195,
    0.019503507138602813,
    0.10422446843575257,
    0.013668443848195544,
    0.042284511920801696,
    0.10610272475467378,
    0.1867176883532929,
    0.008125184319938935,
    0.08844769361544644,
    0.24220782036973856,
    0.1638333921229609,
    0.05392782175755929,
    0.0695349499517154,
    0.1540855417994252,
    0.027772171881595763,
    0.2450613821537821,
    0.003763740870741848,
    0.22262870591500755,
    0.18148408632244858,
    0.0049001636471928435,
    0.04441937050765325,
    0.2276842765695385,
    0.15083283699467423,
    0.22354293281212956,
    0.19156241145414699,
    0.32304505213001566,
    0.14276359919737702,
    0.18755153730057306,
    0.16302672133138268,
    0.09751001833079863,
    0.1129087565704637,
    0.027855585689255377,
    0.17365410303412304,
    0.040224971520762376,
    0.23147693037187814,
    0.18172377452539423,
    0.0024737904275066065,
    0.18303902378377754,
    0.10295909398437546,
    0.11714739234269919,
    0.04518628601828454,
    0.17113622038592982,
    0.09992207964934396,
    0.064302432155806,
    0.08088501037974244,
    0.05705706834438771,
    0.058238306164815276,
    0.10944498736504889,
    0.05312136781296803,
    0.039756726593536226,
    0.0067291234177398185,
    0.201410517367998,
    0.0032895687925381507,
    0.178108862970052,
    0.28484644342028415,
    0.13253969745508376,
    0.14413978245910267,
    0.09726136711905767,
    0.13695318418115687,
    0.0968195052419145,
    0.28751322766620596,
    0.186245973874275,
    0.2269136023777995,
    0.16544998641092215,
    0.2281332943972521,
    0.14561708869909157,
    0.238858257244135,
    0.1191196879716422,
    0.06888086715664449,
    0.15374668224109916,
    0.06688500748844928,
    0.05754222733659857,
    0.14036042860529802,
    0.17658226018168885,
    0.2908281675562212,
    0.06870724500239977,
    0.1917515743091255,
    0.03527276459669352,
    0.02527532339113992,
    0.23864668686716822,
    0.24038905240757982,
    0.02332955537693789,
    0.2221710142078146,
    0.21343779093637422,
    0.192855325472871,
    0.22308278350575078,
    0.1173994408239029,
    0.18322681327450516,
    0.03708878583035048,
    0.20342950738147145,
    0.21412179861564884,
    0.24096752788652254,
    0.054368527117438545,
    0.10539255087230315,
    0.08092397055507046,
    0.2640791520415421,
    0.14399753083564154,
    0.06682183273290812,
    0.04325454077590743,
    0.061616203963384665,
    0.2834444553671075,
    0.10388531974811054,
    0.0720127881896457,
    0.2759172627549398,
    0.07624238867075689,
    0.1648589338067344,
    0.2598670438840476,
    0.051688948899284694,
    0.14530728663702128,
    0.18631182307598898,
    0.14205819594872002,
    0.06339897532570417,
    0.09212859893716063,
    0.2367620697032955,
    0.03003851202488825,
    0.029250056380216615,
    0.025420249460773824,
    0.09763665697119693,
    0.022040472321650583,
    0.2433334730791694,
    0.11548504334048447,
    0.1568546778232032,
    0.1858125690296242,
    0.026596066106526806,
    0.1550760265536364,
    0.18969955127130161,
    0.08637796140701891,
    0.1770533964020748,
    0.06153459721394991,
    0.06950076041010102,
    0.018211026813852765,
    0.037840232922576954,
    0.2020234715178711,
    0.1558347741610913,
    0.055160090902256945,
    0.14832319453198636,
    0.11116010246742958,
    0.17548985734359548,
    0.01698981686549126,
    0.11712888806647662,
    0.1517190906304754,
    0.18992919223051702,
    0.2084745248159692,
    0.027603754055038655,
    0.011084928845275338,
    0.11808966478347105,
    0.04374685571868874,
    0.05484927688758074,
    0.020711489420758327,
    0.281818319811719,
    0.13709283364077418,
    0.0063290407267554485,
    0.24545662192872383,
    0.16538507687948512,
    0.12628756512637843,
    0.11700044236785345,
    0.12194780637587968,
    0.16517654236033608,
    0.11224419283768858,
    0.09042403705481314,
    0.1026057779602505,
    0.13120016133415832,
    0.05942113419648072,
    0.025559898920391136,
    0.09589327947817941,
    0.0703226104907681,
    0.15007365569324535,
    0.024850664708297433,
    0.026774169765169168,
    0.20104043184354634,
    0.16823885551051562,
    0.015334623813846981,
    0.10156317764683433,
    0.007193248252213285,
    0.17201763110568832,
    0.24796467418017382,
    0.09490886643960378,
    0.1619998785656873,
    0.005708569214666952,
    0.13473079169389302,
    0.2557296756547333,
    0.03272972769801021,
    0.014291372959469853,
    0.047143113228822725,
    0.09371396725899626,
    0.10853813326548432,
    0.1726426564045035,
    0.01098590205455292,
    0.15748259441517815,
    0.10161811221687012,
    0.09840588551635604,
    0.14961704822098731,
    0.02874400779492636,
    0.2820573574737037,
    0.1517593518877253,
    0.048386802981501505,
    0.1009586805294536,
    0.11191675388734365,
    0.17618224977303348,
    0.01842172980287163,
    0.1042803426760653,
    0.18678953698831338,
    0.21751733330249287,
    0.13057535288233016,
    0.14744467510538764,
    0.01559129836410633,
    0.16511560835699374,
    0.14724069437296525,
    0.12772822422556712,
    0.20224436631527817,
    0.09926431045549433,
    0.26139545373063555,
    0.09880286006719366,
    0.04642419318464376,
    0.16913602377799494,
    0.0591758079718735,
    0.1941900909600828,
    0.08792574291777741,
    0.05614110667136984,
    0.1677076526747353,
    0.1214707430045162,
    0.04146504715699144,
    0.20693267045618824,
    0.10757468210231708,
    0.12013250796551266,
    0.17183302203743647,
    0.06970235582566658,
    0.11576398084807411,
    0.02622959469852486,
    0.06985978673821654,
    0.08458781724714196,
    0.033836514719573475,
    0.1903841372092082,
    0.04177181336124395,
    0.31011200869700983,
    0.09653594166526921,
    0.10421839672011704,
    0.20405742397344637,
    0.16957333186841148,
    0.19566038581415923,
    0.05574752938999497,
    0.18316327710731903,
    0.08195196983802976,
    0.022515222658486236,
    0.21655727940878838,
    0.04150566982588633,
    0.10139541036123817,
    0.04881616001572864,
    0.053095852150832984,
    0.08581199077099223,
    0.09998250767638334,
    0.1819710523728843,
    0.14830360602082887,
    0.01584284086900707,
    0.2355368842268393,
    0.18976568960233153,
    0.17560652102259255,
    0.04173596132606269,
    0.09120887858303504,
    0.1251464439985428,
    0.13013609316903077,
    0.07264959550808694,
    0.1582199464532507,
    0.09591633754112865,
    0.09809189107920409,
    0.08167758611716676,
    0.10861800523902321,
    0.028401317273163595,
    0.039513424274140854,
    0.1344866942688787,
    0.035508694118531456,
    0.22644275528672955,
    0.25543201702393414,
    0.19696623836977326,
    0.17372334950529975,
    0.0639353824891721,
    0.1697728310964362,
    0.06632069934598948,
    0.21472260933425083,
    0.23779534559627138,
    0.08282167082049118,
    0.24523037823897118,
