{
  "config": {
    "mf": 0.15,
    "mf1": 0.03,
    "mf2": 0.0008,
    "T_coh": 15,
    "tStack": 1296000.0,
    "nStacks": 8,
    "gamma1": 13,
    "gamma2": 45,
    "gamma1_upper": 17.776388834631177,
    "gamma2_upper": 100.0
  },
  "mismatch_list": [
    0.044258155321335244,
    0.017369216766483685,
    0.023440422914988514,
    0.013978960650101109,
    0.026777262421132795,
    0.0061171776831618705,
    0.0291883826751501,
    0.014477636149470518,
    0.015058207480233685,
    0.017853652655275363,
    0.07505792702495936,
    0.01980722603133813,
    0.02234744245028858,
    0.03723896697624689,
    0.0640542498804451,
    0.07359789710587504,
    0.0068909595676015754,
    0.06443908077747984,
    0.06023282992093474,
    0.050054182802482576,
    0.00848044706305502,
    0.04836978866393998,
    0.03658083675132175,
    0.04740894022023546,
    0.011397471045161395,
    0.005746514114417656,
    0.06221668957533289,
    0.003908086421859089,
    0.032212167595445866,
    0.013250861171169661,
    0.03634801550426148,
    0.04582378966201381,
    0.06812764589312283,
    0.042300389572615074,
    0.02753723838871795,
    0.011295191608778192,
    0.012540687699462972,
    0.0012884317692795654,
    0.019500965980486097,
    0.04658166944327026,
    0.012618318875912131,
    0.01287586066519365,
    0.020344355707496136,
    0.02103689230112685,
    0.06109848259240134,
    0.009153756568291437,
    0.004702468758149828,
    0.004500512047722501,
    0.024982637794615375,
    0.0016862734780097044,
    0.03959428530454841,
    0.006996853118344608,
    0.02353410075919532,
    0.015434219938230449,
    0.04700206322560574,
    0.06369139279871812,
    0.009718642642732941,
    0.05076240465243496,
    0.017489711339240436,
    0.04751324356066016,
    0.03988413727620681,
    0.0365627661795226,
    0.008030634389830519,
    0.035687355399284464,
    0.0109070357265324,
    0.005916160642468099,
    0.0060166330216713864,
    0.054270408614660814,
    0.009871013704143394,
    0.010941080683802002,
    0.04607699451406353,
    0.02450810457916963,
    0.018089437476110703,
    0.020044022804194223,
    0.05556375557946975,
    0.014808399895682204,
    0.014497080084726405,
    0.012825479911017613,
    0.03430445068063893,
    0.003142327871298207,
    0.06723430910565993,
    0.01223883686812993,
    0.01628635582199128,
    0.01337901766636925,
    0.013282303966100185,
    0.033374539055854545,
    0.030445516214073536,
    0.06191657351889256,
    0.01688839499205184,
    0.03903778397542171,
    0.025594435073447476,
    0.011168047065599356,
    0.008928452679099606,
    0.012502884063259145,
    0.016444581748664658,
    0.009218882909055582,
    0.005989960857695837,
    0.04516414150905755,
    0.06160959064516856,
    0.023432544145684082,
    0.04919265022138619,
    0.01316730284717038,
    0.024693364081254544,
    0.03561666332240618,
    0.03398655318154824,
    0.025397682687698306,
    0.01693227034038018,
    0.035059005476684335,
    0.001045057308288581,
    0.03718808024606047,
    0.02467334188770108,
    0.017882204158718024,
    0.032237827807400664,
    0.021041807496656222,
    0.036575487862069204,
    0.018353773800388704,
    0.017078208278230138,
    0.056649796944598804,
    0.012100777699584406,
    0.031075673193853577,
    0.03319520670131976,
    0.014555917866504446,
    0.03782134536418997,
    0.02312050151185632,
    0.06244474019143819,
    0.00810501286335583,
    0.07348412478582758,
    0.056784314281071696,
    0.049025533573387625,
    0.015461976336513947,
    0.04236847948715428,
    0.028250664563348484,
    0.05846307040121296,
    0.04327923630583156,
    0.03831915347611302,
    0.024682232609026265,
    0.0506250683067614,
    0.05877937768998532,
    0.05491227532496671,
    0.007569184268367363,
    0.058265522910304623,
    0.015607769709789509,
    0.006683509403347306,
    0.049745031460142676,
    0.03871106803729303,
    0.013283171353546544,
    0.060409704677704845,
    0.022444589844280823,
    0.017340737545328222,
    0.028931491426453352,
    0.0169574245763246,
    0.029660530575118357,
    0.010000326715938129,
    0.010742593523160112,
    0.010993196212870758,
    0.03637027844871803,
    0.0019492364388309699,
    0.056545132192738115,
    0.024801787512049457,
    0.004221285572281998,
    0.029054515879261982,
    0.02733383603254669,
    0.02976252088235277,
    0.044597809788872116,
    0.019231931307540313,
    0.004833516544837281,
    0.024806991836727615,
    0.05128919796152385,
    0.05667697508458473,
    0.05866791840312815,
    0.008485289976297192,
    0.02802716773133657,
    0.014304592353921834,
    0.013382704063016277,
    0.032913594910401765,
    0.005043713436005021,
    0.038575683313373785,
    0.042172955900287454,
    0.048221393128325345,
    0.016741878795904313,
    0.008628770316382463,
    0.023034702436953942,
    0.06147348309837735,
    0.007218615175463807,
    0.009698765013753873,
    0.05473568969734539,
    0.020058912955356726,
    0.011568852348104557,
    0.01641082592054384,
    0.030214646588767564,
    0.029022205696885097,
    0.019632592025471123,
    0.03144120472020683,
    0.018131288920397542,
    0.0036238724686020202,
    0.03734572791443628,
    0.026127010965512096,
    0.03196040838914008,
    0.021789423193130753,
    0.04835077842240728,
    0.01975200236391992,
    0.0297853620851069,
    0.028789384449824817,
    0.019485569853313216,
    0.023756151945463305,
    0.041861852936193246,
    0.062095472179704174,
    0.02253566552614855,
    0.01768790937073354,
    0.014511970235888908,
    0.013485489475409855,
    0.012347043452063255,
    0.03412475691466816,
    0.051107191162362786,
    0.016174462841410928,
    0.01532695302403068,
    0.023566338659285008,
    0.034730482481375745,
    0.0011247123887792446,
    0.027852461443182364,
    0.0058527690765966724,
    0.0298450672543313,
    0.014146366427248456,
    0.002574189093932856,
    0.0476574467236174,
    0.020311684113683268,
    0.0031287388013052446,
    0.05361235067202288,
    0.04603861261956213,
    0.038176901934910086,
    0.021153772759523768,
    0.04150564582488835,
    0.03101828105781947,
    0.04312643155069793,
    0.04974842872764092,
    0.04260534854229757,
    0.06388684410329774,
    0.03278001724366243,
    0.025972905129208926,
    0.0006002321128806457,
    0.037334957853643984,
    0.06034081965800648,
    0.019099727004257716,
    0.026181656374632732,
    0.024948086861335397,
    0.054063970402427296,
    0.002285421356582401,
    0.007974687899540343,
    0.007119805288866041,
    0.011693828422667495,
    0.0311327762007389,
    0.017828932113054124,
    0.030476453032993685,
    0.010400626022432953,
    0.022212997396102885,
    0.020737354502984102,
    0.0253466513929375,
    0.020995257703701604,
    0.052475639423569,
    0.0242167346794801,
    0.0687061933198445,
    0.011402241676116372,
    0.009257192521269785,
    0.025570871047821384,
    0.0024218903148095997,
    0.005522222177246577,
    0.05544926043655032,
    0.06254759788611897,
    0.04739043595471312,
    0.021188685104239734,
    0.011156987875658275,
    0.016488023403269818,
    0.01013650654501654,
    0.04731894877267567,
    0.049069842615439146,
    0.02406284569003852,
    0.05876101798903738,
    0.0027340052309245597,
    0.0541705144937551,
    0.03664784243155301,
    0.04709798182071564,
    0.008216183021064215,
    0.0441589840233015,
    0.008549332082753389,
    0.0051081892361843975,
    0.03534488192254693,
    0.03400621396366572,
    0.013942891788790001,
    0.0066154194888081,
    0.031672508039235985,
    0.0537718053975786,
    0.011071333365330293,
    0.05830535045054995,
    0.010556249786767252,
    0.048998283151114506,
    0.05462835050085842,
    0.0051824231451353155,
    0.06295483629218467,
    0.002686226639087601,
    0.046837621022233454,
    0.015490672404531001,
    0.006987528703296246,
