{
  "config": {
    "mf": 0.55,
    "mf1": 0.01,
    "mf2": 0.005,
    "T_coh": 40,
    "tStack": 3456000.0,
    "nStacks": 3,
    "gamma1": 5,
    "gamma2": 5,
    "gamma1_upper": 6.4031242374328485,
    "gamma2_upper": 23.685438564654024
  },
  "mismatch_list": [
    0.14971802867603856,
    0.15079001086510926,
    0.12359807184156392,
    0.0056456066132204346,
    0.026664459166174152,
    0.107427263346677,
    0.05390941723396502,
    0.05114396990773493,
    0.1417112313960348,
    0.09607381508670457,
    0.10074035836753821,
    0.17832044775396041,
    0.024994630330948345,
    0.038739031481927824,
    0.10547049197444547,
    0.010445293833386406,
    0.09778500745031417,
    0.1335887463446405,
    0.019313460841424157,
    0.21518109798428967,
    0.11301475501569375,
    0.1337117526957582,
    0.01966063257899919,
    0.13216324964889792,
    0.11253948102704285,
    0.008343506159154064,
    0.11984098406815669,
    0.14818904184178402,
    0.09987974760332777,
    0.14621324216226192,
    0.011348677630224369,
    0.08885493067895495,
    0.15175731025823094,
    0.052357661485003794,
    0.05513460169199058,
    0.07755211614835401,
    0.023433008052280897,
    0.011717534048472417,
    0.07572962716119015,
    0.137116952313544,
    0.12696689540752074,
    0.021134757171151004,
    0.11251692895914292,
    0.0506915190454924,
    0.04927041349758612,
    0.12750369967758132,
    0.17205650247134885,
    0.053387033276552,
    0.092501047099018,
    0.029922907707505317,
    0.06974194471035285,
    0.09292547051149065,
    0.11795897063254539,
    0.10983794929709649,
    0.15111885904751557,
    0.08161213891076331,
    0.16973981961164689,
    0.029351624795174638,
    0.14627775408726415,
    0.07919657390719238,
    0.11764638596064382,
    0.0210844487119896,
    0.020462640493690787,
    0.06935183730504524,
    0.029480757068582466,
    0.12809514934293792,
    0.04771464608270039,
    0.043986615781395,
    0.1401662521097839,
    0.042063726722715064,
    0.17993888389599116,
    0.07458098962594034,
    0.061236237139764595,
    0.04012891108966496,
    0.11158470453700985,
    0.05344189551865473,
    0.0258706914301383,
    0.14833096807678892,
    0.023766084747418467,
    0.009495287973101455,
    0.09224917953300088,
    0.05600589216143247,
    0.015822986216891693,
    0.040947616208474785,
    0.16380949314118973,
    0.0856103603332545,
    0.05524053135707827,
    0.018685689335940267,
    0.08572496387061142,
    0.011750928456708866,
    0.09001972330130614,
    0.06925826790794115,
    0.08317658019791825,
    0.0632605020805909,
    0.05649444801699559,
    0.013884917881740642,
    0.1560610146197033,
    0.061609647340953984,
    0.0014228403223601259,
    0.00757163995059796,
    0.015638449584364306,
    0.02946091558576665,
    0.06201482559932934,
    0.04872341742760922,
    0.12481799776452628,
    0.01339787995382464,
    0.13483789237480973,
    0.028058242016432436,
    0.17467953565725888,
    0.08433616849690792,
    0.07055978244193574,
    0.13435042075328027,
    0.08497228860445093,
    0.18533061711023224,
    0.03492686461961113,
    0.08559008515682524,
    0.16738648964160752,
    0.06452840535954231,
    0.06860393266863282,
    0.08303302761186286,
    0.005392546389766305,
    0.0067794985656125855,
    0.09223980090860981,
    0.17232018818833275,
    0.038177289829093276,
    0.05543515136611862,
    0.06163870481305583,
    0.09468393547896743,
    0.034225690470049065,
    0.0681138588854226,
    0.009585929938314672,
    0.03758551489352659,
    0.09269924508036939,
    0.10773930590156174,
    0.13014933914309298,
    0.053713387720680926,
    0.014739077453450851,
    0.04893419252375096,
    0.05254317392816147,
    0.08744878756071305,
    0.05932299776398415,
    0.09235126016726912,
    0.04539536106131766,
    0.12047092404170788,
    0.06373062595758194,
    0.19608800771020507,
    0.1400196636684343,
    0.08725438439847942,
    0.1572307405069076,
    0.08757466713201992,
    0.03586039012258459,
    0.1659390914183852,
    0.21697924591739806,
    0.14127385138686002,
    0.07689127550484376,
    0.08065584449308319,
    0.04153516263131023,
    0.03826023373266757,
    0.13062038461901262,
    0.20894219850785545,
    0.1458538727918083,
    0.14740996547690413,
    0.06496350847724643,
    0.030295775791677877,
    0.004742005969575742,
    0.10994951697915918,
    0.06834274068992631,
    0.04137372018369961,
    0.037367475429359386,
    0.1554537351374554,
    0.031974929039593085,
    0.04001517493953498,
    0.09999164055560054,
    0.1449503263598653,
    0.09741197673103656,
    0.037209610954059814,
    0.030850253076486964,
    0.1679108252202811,
    0.10758371831773283,
    0.15241939777087987,
    0.024330862255547238,
    0.0703673309009627,
    0.015044939874343782,
    0.004901605219329161,
    0.0777003309407541,
    0.08558780826535457,
    0.1017231623073411,
    0.13304196712147032,
    0.01082976322171903,
    0.03248104948650134,
    0.1320495677104696,
    0.05797334323889546,
    0.10169068949803325,
    0.12575233644302497,
    0.0841682206450954,
    0.005184156608498595,
    0.1693409841223684,
    0.16959556227346964,
    0.14846411201612125,
    0.15659998735783118,
    0.011033382373238676,
    0.07509166385578993,
    0.02526015924578946,
    0.11300315371153367,
    0.13047032662875535,
    0.05301221357111887,
    0.1601386561851594,
    0.01169823468267343,
    0.17939112886219072,
    0.031616047574454624,
    0.15733265850607078,
    0.14581961099634494,
    0.06686774871054757,
    0.0004289229837123111,
    0.07162374129915741,
    0.022934694090414928,
    0.10074122575476513,
    0.1792504494963245,
    0.14740123739293323,
    0.15620548880468726,
    0.14376764387595886,
    0.11304348721758549,
    0.11441498905845225,
    0.16617572549622953,
    0.10196120588942917,
    0.08299735631215575,
    0.05879324101514231,
    0.1373573269988044,
    0.03890166658697546,
    0.022444728730608068,
    0.21275658804994113,
    0.0344715947488811,
    0.004549662852006066,
    0.10029766561159853,
    0.11869863509030205,
    0.08045190007135344,
    0.05966691679945823,
    0.15540006555278968,
    0.16529245424071579,
    0.11974784836466607,
    0.028316181293037992,
    0.0024568743202530254,
    0.08975571231411214,
    0.12620408255314564,
    0.0034059043699076917,
    0.07803329921248829,
    0.06984288689888575,
    0.05669438077280082,
    0.07366069177817743,
    0.023793841138679928,
    0.05457275161575266,
    0.15265738714126625,
    0.021145057394470687,
    0.07459269935350377,
    0.0775865947906241,
    0.06228035451417045,
    0.11150902500146101,
    0.13888078423948735,
    0.0687083444060734,
    0.04301817794253798,
    0.15089615737700368,
    0.07971592200931119,
    0.039854383032344544,
    0.14140200784963755,
    0.058008255574779025,
    0.07706182551833705,
    0.11622191928723322,
    0.07843782693044346,
    0.1289621028762452,
    0.022036406193535123,
    0.1258944253131349,
    0.06022226147149424,
    0.05394888335278991,
    0.08312442854089964,
    0.024839693287539624,
    0.04314926183720638,
    0.04969543323877728,
    0.034378784315600576,
    0.04665307254035275,
    0.1785552928456492,
    0.002564647183197929,
    0.003426071122933599,
    0.10573249712867722,
    0.0744926245521978,
    0.20652001967667924,
    0.060402678014693754,
    0.05136569576761656,
    0.13523428833751253,
    0.12246938421253328,
    0.022217256430348102,
    0.11321712729807469,
    0.12122197295681789,
    0.07271046907108575,
    0.07888062810978651,
    0.04585377521074528,
    0.08895164435475661,
    0.14839141412416496,
    0.07452872954551837,
    0.12215755850445528,
    0.06149883862271485,
    0.04883812938836948,
    0.03385911094327168,
    0.022704511205070832,
    0.10081625474989377,
    0.043490361864192965,
    0.09709212769110953,
    0.09081235259160667,
    0.10083230141359181,
