{
  "config": {
    "mf": 0.2,
    "mf1": 0.55,
    "mf2": 0.0005,
    "T_coh": 10,
    "tStack": 864000.0,
    "nStacks": 12,
    "gamma1": 17,
    "gamma2": 73,
    "gamma1_upper": 26.758176320519304,
    "gamma2_upper": 100.0
  },
  "mismatch_list": [
    0.029272609524809087,
    0.0808733035653007,
    0.18430807322445952,
    0.1500943880756705,
    0.15391620793588442,
    0.005607771709555569,
    0.04700516410275815,
    0.1471952521784178,
    0.1384433074674624,
    0.0976816020395761,
    0.1975674537815026,
    0.21355476953338756,
    0.15234900049256794,
    0.18045676217295,
    0.08584105136964357,
    0.2605281113396558,
    0.1789303219646598,
    0.16583628724116736,
    0.2464847204728392,
    0.08406062911866985,
    0.13724820946725788,
    0.030423850220311126,
    0.049514842797313226,
    0.10039002100488416,
    0.15514871204269542,
    0.07710840604122716,
    0.29346744091163346,
    0.2561840697041654,
    0.04424112388327864,
    0.2520790476687159,
    0.06297800531773885,
    0.08781219055256193,
    0.08641287689498522,
    0.16771515802778958,
    0.1743789203903723,
    0.21433731612594603,
    0.037909516905012236,
    0.14163979480636268,
    0.16894495154716535,
    0.1566871872591982,
    0.21490220254745343,
    0.08159854833947787,
    0.010371141221280106,
    0.06514116251457076,
    0.17876513876635527,
    0.11991720131196769,
    0.2629605382923061,
    0.049218196108398775,
    0.0023178775276363364,
    0.08234179141422514,
    0.07962556595710354,
    0.018600593098215535,
    0.1393011541789723,
    0.09160956091410984,
    0.14763154833199665,
    0.25559397481951013,
    0.23928702659725973,
    0.07064658244257105,
    0.05144467262771827,
    0.10234083078203808,
    0.07018155406217849,
    0.21400624497660384,
    0.1815992205651618,
    0.13692939017312306,
    0.24626001277445647,
    0.08035362974221337,
    0.03493340032459827,
    0.06368438440336664,
    0.08330220675428514,
    0.07550807521945187,
    0.033412435502927273,
    0.03177263852809464,
    0.10868225008682011,
    0.04723653984623163,
    0.06460652624884082,
    0.13249660390500237,
    0.08865117157552244,
    0.23423872013434105,
    0.04841521168657846,
    0.04022381645723403,
    0.12825773306199992,
    0.11961329024872676,
    0.019072126888452712,
    0.21332312273117054,
    0.2585846743603258,
    0.11434857048497722,
    0.12174229404387443,
    0.09731193212515585,
    0.011283524951987365,
    0.10935756584043986,
    0.03307491315548916,
    0.25721187024786585,
    0.05050919469206263,
    0.03963301681984557,
    0.06898510076825637,
    0.025646277230425844,
    0.09013960934797036,
    0.10250655609782966,
    0.011257394889111495,
    0.11093019445862684,
    0.014131051264472776,
    0.16064583757314385,
    0.058478104904721225,
    0.17363453886890223,
    0.1533860170335483,
    0.021529653880753452,
    0.22246143457514742,
    0.20768439611310435,
    0.04380764674063246,
    0.1440790524393498,
    0.0784245588762902,
    0.22877412165311573,
    0.15319573379559331,
    0.25100484186812383,
    0.044219981301283635,
    0.11954585083333757,
    0.14517721983286952,
    0.04583332294274817,
    0.10696568927582104,
    0.12626333703888706,
    0.20957969305958424,
    0.032742053018439694,
    0.033314420661268405,
    0.009333745198058829,
    0.1443657241665025,
    0.27206984685072566,
    0.1561065252188176,
    0.023764587432870948,
    0.137435348423788,
    0.17399900445544678,
    0.010246020505268677,
    0.11323695857777863,
    0.07911098803839449,
    0.043721558483688715,
    0.06870352494548196,
    0.06707511243787741,
    0.06333417650673152,
    0.013324814137730153,
    0.2862385210687998,
    0.06629500537401065,
    0.1408582782370296,
    0.11991085853736919,
    0.06338177442209462,
    0.04856006547911856,
    0.005952666854817576,
    0.007850294906491782,
    0.03718286262536873,
    0.14322082624559895,
    0.10983446659379885,
    0.22688928757413593,
    0.24322762439888657,
    0.22790711315607465,
    0.20368861075129568,
    0.04062780240858463,
    0.06935103007201597,
    0.2029587037667299,
    0.20275318702738876,
    0.03251121939245327,
    0.0788731068850764,
    0.031567718117989266,
    0.21905509355700956,
    0.2356366242864514,
    0.018673778958967453,
    0.23400203163949448,
    0.1975898432337178,
    0.13542495993480713,
    0.05963563416307306,
    0.13075841260626994,
    0.2528215317789813,
    0.03637174644124265,
    0.10615381412721307,
    0.05963585101006788,
    0.07744538627117822,
    0.21507074687417768,
    0.013431177588689608,
    0.17606712845679862,
    0.04686887576651347,
    0.010962482976155612,
    0.21262070110319825,
    0.22099262145573073,
    0.1975475038579791,
    0.09440618239456113,
    0.18698006189463773,
    0.0731507315387582,
    0.15198973923389908,
    0.21825210913518925,
    0.10781274784933861,
    0.23789183303258463,
    0.13440995336380107,
    0.07371399160780445,
    0.1701764798424997,
    0.19102133091361,
    0.008038518097995976,
    0.1421550774778049,
    0.10398024827462977,
    0.20379491999050645,
    0.2505655640683662,
    0.0711461979186375,
    0.21677966382860933,
    0.04232549753103433,
    0.17562508585785702,
    0.25211032784771875,
    0.15871991098864557,
    0.11726147616640101,
    0.11858619445775945,
    0.06679342819160557,
    0.13519710795499948,
    0.1069146218085408,
    0.04995005471591797,
    0.009553628050806817,
    0.13986034836686564,
    0.08134451208504566,
    0.25065035124334106,
    0.07494405618592374,
    0.06282697138584638,
    0.0928774652928253,
    0.12735667958677202,
    0.03154169647861081,
    0.2304145691689328,
    0.0922406940925349,
    0.09944760396539426,
    0.07241908977823383,
    0.09181534871219449,
    0.05899658606933705,
    0.23654331578354462,
    0.21939527228013422,
    0.12648029245720496,
    0.10539235590490088,
    0.17077714601815247,
    0.17390776608237604,
    0.008923470683858441,
    0.0703635971143303,
    0.06169958385977459,
    0.03186414795990889,
    0.018635613887879043,
    0.09300876614818912,
    0.1136301021793882,
    0.26299696858743593,
    0.12821430945128712,
    0.21069076284929578,
    0.2546935718852667,
    0.019312827052703468,
    0.1240244460291141,
    0.06479279781739163,
    0.08449855162470984,
    0.16507135946693804,
    0.1807848516761134,
    0.030116469605153066,
    0.03750759100011244,
    0.2673893128910226,
    0.13120793642653283,
    0.21313929069131146,
    0.2414603213910995,
    0.0602918131693999,
    0.08841242303422507,
    0.15646779231218855,
    0.2027941168976611,
    0.18676668445173436,
    0.06324570293284476,
    0.14238320051635606,
    0.2273653209395156,
    0.18765575713049842,
    0.08858394900712808,
    0.08705658719910989,
    0.07677077527029165,
    0.021129137481319987,
    0.024718822633578563,
    0.0357070019786204,
    0.028793594513250597,
    0.2613435102519296,
    0.20203943514393707,
    0.03573074672455325,
    0.10165299211446746,
    0.023178450005871133,
    0.2272898581853181,
    0.12905573000293935,
    0.184749031588427,
    0.12110682392555296,
    0.062414419978200374,
    0.03769559734462181,
    0.17987973231973264,
    0.10068634242330637,
    0.09600754323956183,
    0.1509797743555226,
    0.2744848718320416,
    0.1934381990943819,
    0.21735110987171005,
    0.18306543152064064,
    0.19527429681127578,
    0.20550752334385006,
    0.07279575300823704,
    0.09042476314615933,
    0.009089575481890945,
    0.17491599618479398,
    0.21404327160096945,
    0.26309183914766987,
    0.23708494536485752,
    0.21554087115894852,
    0.16537505368318414,
    0.1233147600268153,
    0.02594281549584288,
    0.25262230360249,
    0.053074819911281386,
    0.15470119405713462,
    0.266023068400156,
    0.11415102287269574,
    0.06250603783351204,
    0.08828816970619292,
    0.00985743069055034,
    0.12598490549753755,
