{
  "config": {
    "mf": 0.75,
    "mf1": 0.65,
    "mf2": 0.07,
    "T_coh": 40,
    "tStack": 3456000.0,
    "nStacks": 3,
    "gamma1": 1,
    "gamma2": 15,
    "gamma1_upper": 6.4031242374328485,
    "gamma2_upper": 23.685438564654024
  },
  "mismatch_list": [
    0.3499889570763673,
    0.48469874720010114,
    0.3500801411585973,
    0.3964445905991922,
    0.44629257556650415,
    0.3706546203928592,
    0.4857926309166516,
    0.40963933930681234,
    0.42318077184669234,
    0.42664376113847174,
    0.3704600545955205,
    0.3848450754252827,
    0.4448483758336811,
    0.4995753055290189,
    0.5533736429862364,
    0.4468153390058289,
    0.5586649219172597,
    0.37225500403822964,
    0.38273943872023086,
    0.05897972926893027,
    0.08520821793017337,
    0.4805736703956728,
    0.3515074810521971,
    0.16945569608312866,
    0.40507254555707456,
    0.11486803624941329,
    0.08098827064780056,
    0.4299685105909607,
    0.3965516044983135,
    0.44553100958126773,
    0.44054656888176763,
    0.33353147710298303,
    0.5362643757235229,
    0.2877785356573673,
    0.4921269971997488,
    0.4917406304018572,
    0.3707540988654467,
    0.44941489852491046,
    0.34795379558350276,
    0.4238905656568219,
    0.421769749675299,
    0.37318408418166515,
    0.34236440650492717,
    0.41894407314849963,
    0.4892654867381372,
    0.4895639221558996,
    0.3556566820638742,
    0.5474195717904423,
    0.37213785255089366,
    0.4653156785337166,
    0.501003458598144,
    0.2305880636024695,
    0.3376292312097634,
    0.340290592068763,
    0.3909189544817952,
    0.5065988651756064,
    0.36139222589018594,
    0.08105473419406337,
    0.4251591736878952,
    0.4322577081179096,
    0.39250578520174506,
    0.3497360052763165,
    0.1645913885145571,
    0.17114889016177964,
    0.4667304955242277,
    0.38786743200578633,
    0.5022621458878093,
    0.5343779711400753,
    0.36566914967102715,
    0.4593328751360307,
    0.35534149523029185,
    0.4202899328544705,
    0.17729768979001748,
    0.3403121683260326,
    0.4215810387417421,
    0.33586529086041667,
    0.48104487850669747,
    0.416854971012461,
    0.3987521116813098,
    0.4329337822495926,
    0.43671824693234956,
    0.4715762084791221,
    0.5114073889031465,
    0.4224270123464982,
    0.4310804468041714,
    0.3306472519383665,
    0.4739208103651906,
    0.3820338734228325,
    0.4114664362886192,
    0.5200636423693072,
    0.4300183311448069,
    0.4184272187846582,
    0.34770507229618325,
    0.5042915067285938,
    0.1078208403008923,
    0.36599956999278227,
    0.11464533457890139,
    0.5615907003512159,
    0.3969156902868135,
    0.46292808676821384,
    0.36007623683184214,
    0.48167427636323185,
    0.3957996339842749,
    0.3659910587556181,
    0.4923333269363525,
    0.08765565941433363,
    0.41291838829478283,
    0.4581765937508437,
    0.4277096174052523,
    0.3794590344397183,
    0.3706711007501707,
    0.4466831166654252,
    0.3736181030653356,
    0.349084434833794,
    0.4625095724312246,
    0.47653424807990286,
    0.364619611126453,
    0.5445170230706571,
    0.3909414523379935,
    0.36593706390074227,
    0.027408785830275523,
    0.026524918246043278,
    0.43570871662361715,
    0.5415624853289582,
    0.41909087843665593,
    0.43219536466097463,
    0.44139183773440194,
    0.2928937349813257,
    0.42140880816549664,
    0.4691551680936813,
    0.23196422764968094,
    0.3946935526348459,
    0.3843496346836059,
    0.3638012312778533,
    0.19195507020903274,
    0.13101613004129523,
    0.43857629879581717,
    0.4634900994795568,
    0.3416684908904283,
    0.4160523125573492,
    0.4640094475816756,
    0.32094791112013193,
    0.19358765560520264,
    0.3762757775286208,
    0.3738296913370026,
    0.4419921239071328,
    0.1359912463281059,
    0.45844694750713455,
    0.34612810810593964,
    0.3796257354223921,
    0.4499284459749492,
    0.5015755004742982,
    0.10854120539284998,
    0.5063660801285815,
    0.24493860578996154,
    0.12859611967818632,
    0.24758240205761597,
    0.40776128332542383,
    0.32304698820928013,
    0.3869413335059434,
    0.35857619904628607,
    0.06998557209771421,
    0.3773031976989084,
    0.47747964594554476,
    0.4032580799017597,
    0.12653049120897625,
    0.42614707352765624,
    0.35566183217553404,
    0.24470956135035277,
    0.5488872994017956,
    0.42198605436501235,
    0.5643557410896834,
    0.5213844020573991,
    0.5207334279435951,
    0.415403073217999,
    0.5472752331347125,
    0.4566514559474086,
    0.4573592439245759,
    0.4169434445096069,
    0.4443445864899452,
    0.35037380594661166,
    0.5187631578576446,
    0.38739557335434144,
    0.4184898875118032,
    0.4290968948513087,
    0.048121016998512754,
    0.4032830172845337,
    0.4514051185170801,
    0.431909777416511,
    0.4727362304717253,
    0.469642422868404,
    0.4716953115877187,
    0.35405456364404986,
    0.4038461142299103,
    0.456642673651736,
    0.4125252992458827,
    0.5698884789400007,
    0.577223213754246,
    0.5207262177872714,
    0.4289262906261137,
    0.3279728260592614,
    0.4989751819913931,
    0.4546995094166268,
    0.404241154900071,
    0.42732888862433577,
    0.38242349292282496,
    0.5566466202636184,
    0.3226803002590994,
    0.2304489021642504,
    0.4485125447504045,
    0.32730873271365024,
    0.2327365817635522,
    0.35707626968413336,
    0.3861131413393391,
    0.4323173409897604,
    0.43288493750637663,
    0.5028148341864629,
    0.42352404034174623,
    0.44950179988270755,
    0.41639937587152087,
    0.4026129064400357,
    0.43108738590198675,
    0.39115873283833713,
    0.22346697710455518,
    0.5096441533059217,
    0.36095462903420444,
    0.3904974585012134,
    0.39574032638263423,
    0.4459433437842652,
    0.20963632513619876,
    0.45214830673544615,
    0.444495240808921,
    0.4239813702571402,
    0.46134028023763374,
    0.42230102435178796,
    0.12253980521301892,
    0.42289713622348923,
    0.338639574694021,
    0.32602456592419404,
    0.2487334249077398,
    0.09112049190397026,
    0.43529318393022043,
    0.19994202600622069,
    0.2947103691047078,
    0.4311488619716948,
    0.15085436015500645,
    0.5273099036864065,
    0.4399206947858426,
    0.5300358848938117,
    0.4369800352397746,
    0.40706184395031564,
    0.16936228932112962,
    0.34179252726387793,
    0.3683277999449426,
    0.3976030946641482,
    0.49306599808459217,
    0.4065915574382195,
    0.5320217137381451,
    0.40679962194927716,
    0.51826392229685,
    0.4255263495433911,
    0.4569740697841214,
    0.43990134120834196,
    0.5157242667081278,
    0.4493649695476608,
    0.3263545525523357,
    0.5602973717841754,
    0.4217791825113918,
    0.4361658296922044,
    0.4822316810799318,
    0.36862975912331436,
    0.43841171206950896,
    0.3466655629164204,
    0.3991550672599162,
    0.3911258263354158,
    0.09660232496640772,
    0.3334211020783574,
    0.5182231550971848,
    0.39793378604441176,
    0.3590852469250852,
    0.37529812370047777,
    0.1370172027824481,
    0.3886344733728927,
    0.5546680015756089,
    0.2392833494938416,
    0.3997960122089089,
    0.3478884704829753,
    0.3386233653952179,
    0.3831428822041524,
    0.38725446029486177,
    0.44132765107960975,
    0.4925175925103715,
    0.13039014752196684,
    0.43806378136811036,
    0.34661021276900256,
    0.3969802564235174,
    0.09847777878611542,
    0.06639003519532097,
    0.5453533469925137,
    0.4340671862966696,
    0.3682408443754438,
    0.35655328939800185,
    0.4974988347194723,
    0.29653898401416184,
    0.1257233331826248,
    0.21047525121973618,
    0.37102656687810315,
    0.4981153844027079,
    0.4781253073125839,
    0.473193939869031,
    0.3582800405199943,
    0.4879209823247084,
    0.4124748823633179,
    0.578298882339031,
    0.3580749576525292,
    0.13051564761136195,
    0.4366624630913182,
