{
  "config": {
    "mf": 0.7,
    "mf1": 1.0,
    "mf2": 0.05,
    "T_coh": 40,
    "tStack": 3456000.0,
    "nStacks": 3,
    "gamma1": 1,
    "gamma2": 11,
    "gamma1_upper": 6.4031242374328485,
    "gamma2_upper": 23.685438564654024
  },
  "mismatch_list": [
    0.5700604384577378,
    0.45847703500156833,
    0.41746463580958293,
    0.06957041888622927,
    0.43192609513871744,
    0.4233756629142411,
    0.3073926003846212,
    0.3233690057172745,
    0.4202355043059813,
    0.10611913498507715,
    0.44242641384931164,
    0.4925655156546589,
    0.5227132935007434,
    0.4427704955198908,
    0.048941131621566325,
    0.5501411889558621,
    0.20292713914766844,
    0.5555724967123313,
    0.5679674330791781,
    0.5117835639011218,
    0.38722925185357937,
    0.42813854038896465,
    0.34629551384073537,
    0.3533695987932909,
    0.4509224717370004,
    0.34597024363064005,
    0.4179076538357327,
    0.3827673035348957,
    0.2861585815876894,
    0.47597532543555576,
    0.44636277972018307,
    0.5604267751160916,
    0.594582586702672,
    0.5014528736050923,
    0.49402798473094894,
    0.45072199686417835,
    0.455153044512903,
    0.3290625354747823,
    0.41108424379175723,
    0.4023912890035575,
    0.5679492992649652,
    0.5501916329442776,
    0.36774806000714944,
    0.43012182128331894,
    0.33422809746960375,
    0.3514444328431403,
    0.4227249598589455,
    0.17319982725983377,
    0.4720632464070382,
    0.482755745600097,
    0.5160416220097774,
    0.24128077964233505,
    0.46234444358789956,
    0.48379005065649827,
    0.5194685063082363,
    0.5444590707615584,
    0.514143399275363,
    0.37273748818320435,
    0.3618220704728269,
    0.5207251877649394,
    0.34094574048359655,
    0.5748967727882411,
    0.49404235083189485,
    0.4681570222423022,
    0.4381572423418111,
    0.4084292799135562,
    0.4565784327852422,
    0.3971828455527051,
    0.4061634476300325,
    0.5030194833603145,
    0.41884107091530276,
    0.4201269182675111,
    0.11177287335354996,
    0.11785390835468461,
    0.5230406779672043,
    0.45907764644450927,
    0.40943647911911624,
    0.34980669733531056,
    0.4697061758295827,
    0.4418682501687881,
    0.4684787144800865,
    0.42515071666243276,
    0.5355607078356834,
    0.4563255351968931,
    0.27978870663999017,
    0.4609385173164644,
    0.2064958954694305,
    0.3395139552304588,
    0.46025349825400375,
    0.3873637510854538,
    0.38400587828323685,
    0.1399534711806799,
    0.4708271111852727,
    0.07938718225030822,
    0.5208021683813285,
    0.3690670307090858,
    0.37470266236919664,
    0.24711021813596099,
    0.35428198173260816,
    0.352203559301801,
    0.5881796426169463,
    0.15918989719401316,
    0.35777695592838027,
    0.35651187165791637,
    0.4140253370314388,
    0.2289653989477075,
    0.4247255342861365,
    0.3703843750599717,
    0.17852374163526996,
    0.20581201485270517,
    0.40379065565908906,
    0.3506204149775656,
    0.41545880284732867,
    0.41744273428210316,
    0.48770879772432285,
    0.4304685051155788,
    0.0998246685144183,
    0.18504909574339476,
    0.5158427734880058,
    0.4723614107662922,
    0.40757213869825343,
    0.49605121964944326,
    0.5200678708820384,
    0.44617851414616405,
    0.4513314448144935,
    0.2608414458434316,
    0.2478246199407336,
    0.32436709735695185,
    0.1177613689799125,
    0.3466573227377647,
    0.34084571989399226,
    0.4940796484826524,
    0.4692936789914802,
    0.44226724829317166,
    0.46982099621374634,
    0.4476267797566133,
    0.3747099267372221,
    0.41727511170050074,
    0.42821579206386223,
    0.5449967424188459,
    0.43089482593761036,
    0.5671024311671313,
    0.1418103845984122,
    0.40245910784236233,
    0.5382672270421847,
    0.38650005025424744,
    0.5042199472823728,
    0.39100157311515943,
    0.3628899325725697,
    0.3986716073043112,
    0.2799296028526631,
    0.48145753797990504,
    0.30010698137210035,
    0.5369251621553315,
    0.4436134332693527,
    0.39235767883274836,
    0.4141714917791749,
    0.4732071133125399,
    0.16398557274825462,
    0.5861038223478199,
    0.36768105434386983,
    0.5385838233800107,
    0.43956175910900247,
    0.4704171080854476,
    0.4886566893282422,
    0.33575545795280787,
    0.37851076335388717,
    0.4322175914586645,
    0.38933591858096317,
    0.04471457051158824,
    0.515598712407031,
    0.5196546692918141,
    0.4235402496405493,
    0.18467796243367604,
    0.4319803068404,
    0.48733148428061235,
    0.39699093612874886,
    0.393869914251183,
    0.14459160752983188,
    0.3884012004205527,
    0.39165010770238773,
    0.3785318517058417,
    0.09209185717471813,
    0.46517776396463617,
    0.45420889351639976,
    0.32666724564764066,
    0.46503941570194235,
    0.44582581281501743,
    0.4494864579711314,
    0.454579593132505,
    0.5255935612111371,
    0.36141873541230873,
    0.03492523826856065,
    0.41975746552054455,
    0.4849176540514953,
    0.42402208324510376,
    0.5539016378547735,
    0.4753937965116071,
    0.45721991985125177,
    0.4626323619355356,
    0.49032364494327885,
    0.4427573762880836,
    0.27162160535811114,
    0.341027979635049,
    0.22226895270907257,
    0.4050047809299714,
    0.4148228453748907,
    0.23018906547808596,
    0.42977139684364296,
    0.31235405532260785,
    0.4183859094679761,
    0.4592931921703991,
    0.3824876795776171,
    0.4650972053759359,
    0.17107879443150412,
    0.4710126236284304,
    0.26097149971576805,
    0.4615170645968205,
    0.5312638883603248,
    0.1987603735446462,
    0.40895090490714564,
    0.4395686982068179,
    0.34180895340948775,
    0.1577513896898668,
    0.49005648967738724,
    0.5267130328508817,
    0.4000559573184767,
    0.13947537818354153,
    0.5635915729427662,
    0.40881960416567054,
    0.4261559100350305,
    0.41133421394821545,
    0.4048697937927818,
    0.4677722817954612,
    0.4622234972814458,
    0.5191478983044857,
    0.4375132073258224,
    0.45447312135040047,
    0.5357170543833359,
    0.5737071783123702,
    0.4633464926817998,
    0.42104000595895025,
    0.31306634287101487,
    0.449744559882842,
    0.4952255754328181,
    0.5083162918849095,
    0.45682645132043986,
    0.46978299381086686,
    0.5623540282167571,
    0.4301829178711151,
    0.15090981872582768,
    0.5009448557486251,
    0.40589575024712404,
    0.32585336537028053,
    0.4531833165439693,
    0.495703072101238,
    0.4747116506693356,
    0.3740458333916109,
    0.39771748135469837,
    0.3771588861490295,
    0.5049923013962441,
    0.37234212224283353,
    0.27990352702415383,
    0.38210407757651144,
    0.4980729908519922,
    0.050037183806184056,
    0.49102622859708467,
    0.4242625121420659,
    0.5368585359739636,
    0.27811117974312544,
    0.42649023359930677,
    0.23410488511401967,
    0.3740007834675127,
    0.3324122223100452,
    0.39630607970139325,
    0.5360942051919414,
    0.43032072401679217,
    0.49409558672294707,
    0.4386391843697689,
    0.5053666331963621,
    0.2642205696327081,
    0.40527285779479155,
    0.10739413999694897,
    0.32460546620925,
    0.5424012487773906,
    0.36643819687109574,
    0.4922636648996905,
    0.48146127858732113,
    0.1972918327577677,
    0.41454945576330565,
    0.2898617829296242,
    0.517636692908383,
    0.4196583665298689,
    0.5028413979202874,
    0.025555070902942515,
    0.4025076273153682,
    0.2325691218170548,
    0.3167204284112253,
    0.4187351954619168,
    0.41527404936799456,
    0.4989594605979052,
    0.31814023287829113,
    0.5410347886247803,
    0.16671914359389536,
    0.36674720357068624,
    0.48522807025532955,
    0.4076936813334257,
    0.34103247920628865,
    0.5146285940054218,
    0.3443446515439872,
    0.41326322892918554,
    0.4447671667045606,
    0.40150297605978724,
    0.14250375226293197,
    0.45194371177329623,
    0.43711041438232107,
    0.457185549632385,
