{
  "config": {
    "mf": 1.4,
    "mf1": 0.25,
    "mf2": 0.03,
    "T_coh": 15,
    "tStack": 1296000.0,
    "nStacks": 8,
    "gamma1": 5,
    "gamma2": 51,
    "gamma1_upper": 17.776388834631177,
    "gamma2_upper": 100.0
  },
  "mismatch_list": [
    0.4982494675686725,
    0.1934633248348639,
    0.2946059054050381,
    0.2973691849622773,
    0.4227337045366098,
    0.5633156333287266,
    0.5676881695869674,
    0.38366115278104657,
    0.31103480189738114,
    0.16773639632898502,
    0.4454652189199176,
    0.29042242346895997,
    0.3865298921953056,
    0.6861903533794282,
    0.24742537721234398,
    0.34635655348802513,
    0.5681362474852992,
    0.27129183192806927,
    0.5160534622926438,
    0.21422503846863325,
    0.4295142529105186,
    0.1715549972792947,
    0.2562104218336455,
    0.2685559473576776,
    0.3999414368909133,
    0.3196646564480715,
    0.2971656380415317,
    0.37777527841691383,
    0.64937311740783,
    0.22400692811266323,
    0.5457785770913723,
    0.46970822821079367,
    0.5445299367211945,
    0.24274444857577873,
    0.17462482601653473,
    0.21021423891666777,
    0.1014314205898119,
    0.561318401451197,
    0.15343953817979322,
    0.33390629092984514,
    0.6038607559802027,
    0.504345719529691,
    0.1278592704346363,
    0.39252100956959657,
    0.2442437277768108,
    0.5339339678176127,
    0.4251025035114735,
    0.6626393385650289,
    0.6025552294500012,
    0.6660033562111591,
    0.38750028190092006,
    0.34115989073231207,
    0.2982262360415675,
    0.5401105253997066,
    0.28629308096599204,
    0.4713535537731065,
    0.04405533122346156,
    0.39858050598757555,
    0.3765442387836684,
    0.4767548476838731,
    0.5496239586290883,
    0.5540400811065088,
    0.5846614239841881,
    0.3467689239364818,
    0.5211958771918158,
    0.1528429201812724,
    0.5164814818562785,
    0.6375365314679492,
    0.2905729151909033,
    0.07181975284083846,
    0.4800637862271595,
    0.3176658343602237,
    0.4031347599158287,
    0.41913650423198334,
    0.5096697075343009,
    0.2834570854278331,
    0.6352235705599448,
    0.3863507766876324,
    0.5821585775077183,
    0.3678462220361515,
    0.6004099273071494,
    0.47655158989227625,
    0.30530751487135777,
    0.6044253890666391,
    0.20357807441143425,
    0.26712858903240616,
    0.7332322260747075,
    0.49077833422288736,
    0.2006244033097192,
    0.32812790032677375,
    0.2530300011969947,
    0.4046055237545617,
    0.4123493781699397,
    0.38948797251653966,
    0.41017852423856394,
    0.3483639048857622,
    0.3891027802080689,
    0.5214667189219415,
    0.13835111670351136,
    0.021896690107330523,
    0.5423636727150557,
    0.34539013930820645,
    0.20353803002432733,
    0.46717122835362346,
    0.30074527375036936,
    0.5074875775661224,
    0.17653228329336604,
    0.7510262819841893,
    0.6256458060949581,
    0.565500546164962,
    0.4364489071207305,
    0.2804314211680702,
    0.5158338687041405,
    0.24795376073175118,
    0.10842769544985893,
    0.4825676807967937,
    0.23118911301537995,
    0.21638020714368736,
    0.33428447185645777,
    0.3846156403834778,
    0.3541287787011278,
    0.2924446650178595,
    0.40371927063124413,
    0.5904676071266866,
    0.41549293484012023,
    0.19024278752881896,
    0.3233832187129011,
    0.21705655250498604,
    0.43753288844067445,
    0.29873495877885725,
    0.414889703012321,
    0.31596358649674355,
    0.29712053389432097,
    0.2753962370419544,
    0.4306391098638722,
    0.20147465985401292,
    0.22756473457076754,
    0.6028353594540317,
    0.6532889741755626,
    0.43346252828405896,
    0.2226298782592806,
    0.6537527373302161,
    0.29785072955958114,
    0.18833894436634746,
    0.223679272504801,
    0.29351798470044194,
    0.7151273563302804,
    0.5717679625820621,
    0.6283123719519282,
    0.7296094197698416,
    0.1878564600993101,
    0.26129425193904465,
    0.022646907966144134,
    0.3640290667315858,
    0.45558640162004843,
    0.7105811076653342,
    0.6035308596214374,
    0.5129739115877758,
    0.2976852754041881,
    0.19844458637473103,
    0.5080444764478287,
    0.12626161504072964,
    0.34067494886751004,
    0.5319988625659287,
    0.11226190937420309,
    0.40566073672420144,
    0.23475111184614167,
    0.3506947918009912,
    0.14653571236507065,
    0.3957783385598246,
    0.26164142376444993,
    0.5602372391404538,
    0.356647599563068,
    0.1586078662789252,
    0.5251445862590793,
    0.3773053712678487,
    0.5224735027591595,
    0.3402450861055518,
    0.12923754908690124,
    0.34232977955058924,
    0.4817392535032333,
    0.3579726061696691,
    0.2772321348544611,
    0.4766767828137008,
    0.2918604072904493,
    0.2705431319972868,
    0.061603880344480035,
    0.12200317637282856,
    0.6268439572875291,
    0.4017075822962753,
    0.2770675480865144,
    0.37263723659611725,
    0.2563596124744193,
    0.0996277606773949,
    0.21571455956089378,
    0.564333078803306,
    0.36613869756570605,
    0.1810319279536422,
    0.32278551648007237,
    0.5743880870695084,
    0.5317528859425986,
    0.7189948201067349,
    0.09853723781045966,
    0.02435595036462077,
    0.4400473362242393,
    0.41081609015278164,
    0.2702052123046427,
    0.4183164616837378,
    0.36690980500551945,
    0.4670223991242856,
    0.6283044570414802,
    0.24206412768868424,
    0.5707735751570984,
    0.413537156854298,
    0.3134665948855367,
    0.26270715380687676,
    0.2761592488656018,
    0.13029952045039384,
    0.455637722043958,
    0.3193237008993651,
    0.16544540923628848,
    0.38895048142894567,
    0.16288394182490223,
    0.46268358255302194,
    0.07880005331541504,
    0.23806583297240377,
    0.5739429004626645,
    0.7209887089284815,
    0.2854411619290928,
    0.5418360120185205,
    0.48659756287257905,
    0.5716376376182466,
    0.08556321779925301,
    0.5506063110532339,
    0.5464780889257175,
    0.467210586059002,
    0.4161961330711125,
    0.5032186941077215,
    0.23935831254976636,
    0.42971993215873655,
    0.10974518469859154,
    0.37253040337564064,
    0.43914814457151347,
    0.352563072078162,
    0.5795337908127478,
    0.35835071481399455,
    0.555991811284248,
    0.35092920325836985,
    0.21315309214950753,
    0.25472986374499734,
    0.7401659586857576,
    0.5014147450661557,
    0.3586217011086946,
    0.530969924207685,
    0.580621350105908,
    0.3417082964452728,
    0.584310095927269,
    0.4151888071167405,
    0.46877860571515806,
    0.5404888508908936,
    0.3042401946186126,
    0.47334572589053225,
    0.5017637600898844,
    0.44050961759200524,
    0.24682022990393396,
    0.41843999211255684,
    0.10558353201324674,
    0.5183419917875757,
    0.4613397102694626,
    0.21870560060508948,
    0.4022833468549399,
    0.3301072061970785,
    0.18205219243742232,
    0.6156046037456103,
    0.2898031811145466,
    0.20709648702301642,
    0.6688397493018977,
    0.6065653784613819,
    0.3854652463871867,
    0.14128650038656568,
    0.4862130211046931,
    0.33961724215896205,
    0.3845016512165687,
    0.4324240848050489,
    0.21166761886533,
    0.05633594725359113,
    0.45884109230679376,
    0.5216594234996077,
    0.591489823232221,
    0.32945023248874855,
    0.2835552447738461,
    0.39231247517103435,
    0.5847401393949452,
    0.011997775440329237,
    0.20314098342075634,
    0.6447008987868719,
    0.545585438819983,
    0.6658190725199513,
    0.5685816870801483,
    0.5163179070403526,
    0.6187825667844964,
    0.379966515953279,
    0.30042354529005727,
    0.391927427427138,
    0.2566513437855448,
    0.534208893496965,
    0.6046238400861373,
    0.12002979765007393,
    0.09543191847020611,
    0.5383446329823498,
    0.09176178533779826,
    0.4620480044017022,
    0.5085222985073419,
    0.32783421739389396,
    0.4038250557585563,
    0.5096729963783683,
    0.6545692019052455,
    0.34562491217702107,
