{
  "config": {
    "mf": 0.2,
    "mf1": 0.55,
    "mf2": 0.01,
    "T_coh": 20,
    "tStack": 1728000.0,
    "nStacks": 6,
    "gamma1": 7,
    "gamma2": 51,
    "gamma1_upper": 13.2664991614216,
    "gamma2_upper": 100.0
  },
  "mismatch_list": [
    0.03342306100567348,
    0.06408533449678974,
    0.22927091811824948,
    0.21733717745229283,
    0.28289593306713917,
    0.1303391931535332,
    0.2448353822302345,
    0.09684771692099385,
    0.23681768144374127,
    0.11293212591480971,
    0.061821451870863714,
    0.1638048103819402,
    0.19966561109163705,
    0.2899629766283393,
    0.319436603317347,
    0.03962651141000096,
    0.19939048646695853,
    0.2280251863447544,
    0.1246685358154797,
    0.28998542029230323,
    0.2515702161953696,
    0.11805741306088965,
    0.025075319093063465,
    0.11459295704813992,
    0.1742180199202155,
    0.2966039158447172,
    0.15394309696324215,
    0.31816024190583353,
    0.0405693621434805,
    0.06572968525851361,
    0.07337983038878607,
    0.10764376982862474,
    0.20128253070851612,
    0.2861939590113642,
    0.03567198118895689,
    0.016533065426099464,
    0.1274207036619928,
    0.07819253259183226,
    0.28995576646576154,
    0.29225190508216714,
    0.15821389852623194,
    0.1347067084762129,
    0.0925105059658403,
    0.033621909699923874,
    0.08933163744526917,
    0.03403348529609319,
    0.11432504258603919,
    0.15728666077637946,
    0.03833160958043034,
    0.20551419138894078,
    0.08165048319473739,
    0.030826860360185025,
    0.25190193788569626,
    0.08085259467729534,
    0.2841545130250774,
    0.22378940557142815,
    0.1055681646059516,
    0.005329014897713815,
    0.13576996350356654,
    0.16930578494654666,
    0.1762776868887693,
    0.11952590090981409,
    0.30747396778933056,
    0.011156994730509602,
    0.07179348619817669,
    0.2196299549402787,
    0.08222664565997545,
    0.025563983795891466,
    0.07725716307967403,
    0.09129675912408126,
    0.3096509489820823,
    0.2931861361476025,
    0.05030568378742359,
    0.262299805499088,
    0.22813978998151704,
    0.11304700061031586,
    0.2616737140132925,
    0.28814807570518913,
    0.2398623216745185,
    0.2870975062270325,
    0.06789230033785847,
    0.08683290952395253,
    0.13220364361499987,
    0.1514822630542704,
    0.17447688102028247,
    0.22586446867661422,
    0.07493006955475782,
    0.023187123885663952,
    0.21307477871035238,
    0.19378157631068016,
    0.21941148159299706,
    0.008684505295566249,
    0.2977334176289885,
    0.03386629626308658,
    0.14988361279670498,
    0.2565856161268243,
    0.006544333880185313,
    0.014405145865925888,
    0.06760280959977309,
    0.10404703714903449,
    0.23965089585456853,
    0.3052172953259823,
    0.07493039482525006,
    0.23321390123681937,
    0.09488514319437091,
    0.06944210580984059,
    0.10806900678546774,
    0.09600765166305923,
    0.2235496812186541,
    0.024303343791502483,
    0.04237103539994663,
    0.272709762332441,
    0.3015196203703031,
    0.013041611962494577,
    0.06372276632144987,
    0.052147256890936695,
    0.28149792049153144,
    0.288851310509392,
    0.19013626990425012,
    0.05258333619752072,
    0.008550493852767179,
    0.11661212784041101,
    0.2524779377156882,
    0.08067814126996226,
    0.1464243069000822,
    0.2731911626609425,
    0.0765852626662227,
    0.08382762702273522,
    0.025897602897422805,
    0.08355949571363966,
    0.06603272893377525,
    0.21995078006911564,
    0.10128782177518973,
    0.23306378890465487,
    0.0358264846727665,
    0.07218142547191056,
    0.2702231236310856,
    0.17236571289045877,
    0.039578046106658576,
    0.16485136819069265,
    0.20383167555612852,
    0.10709883333064081,
    0.05082047855312746,
    0.28110141576150216,
    0.06804745436265253,
    0.07082396328433423,
    0.33019210583694647,
    0.09183323858926717,
    0.22007698502010117,
    0.07555025195994446,
    0.26132713830382065,
    0.11072809305945414,
    0.18745235464935678,
    0.16844430604787353,
    0.2323150704432884,
    0.02712842644002397,
    0.0938485061356315,
    0.0455935985899741,
    0.10773397817847007,
    0.14423398961714903,
    0.027432554350259722,
    0.29719406494112116,
    0.29473680900756394,
    0.046733996935735114,
    0.27566901905900765,
    0.2728716386140745,
    0.009423411430417106,
    0.21739854515182705,
    0.06023337290429577,
    0.16458589325728365,
    0.09471491830343681,
    0.1472257191811901,
    0.052449975295706115,
    0.05312664634304349,
    0.2960615815106711,
    0.036478435162694334,
    0.18895320691225817,
    0.018866339090368056,
    0.19571064717660333,
    0.2973372381694514,
    0.15648465216603585,
    0.1369976969764915,
    0.24275468110318307,
    0.1682950068919396,
    0.19035853807394115,
    0.2377160785432826,
    0.16485256084916416,
    0.20941900943642225,
    0.08062111051032446,
    0.03763607284454358,
    0.025207053642416922,
    0.2692145682581754,
    0.30811583489399924,
    0.07035947702142871,
    0.049468654387416454,
    0.27039155953431243,
    0.006138179458886514,
    0.27168011858928454,
    0.10393416828823042,
    0.2228176057641401,
    0.06531951916781062,
    0.12036618301474354,
    0.04177253769424205,
    0.1912644163948038,
    0.07238406898857032,
    0.295727366079904,
    0.13853844908643986,
    0.2571370580346528,
    0.28869583121410575,
    0.05848493558505807,
    0.011833448930852156,
    0.2668173247304348,
    0.17210262327399278,
    0.3021659870501143,
    0.08164831472478917,
    0.03939914733593167,
    0.0928593585687578,
    0.12511865596497834,
    0.20631435679982843,
    0.15412871799080852,
    0.18961724662214727,
    0.11445932508758179,
    0.10049378229190577,
    0.15667336326327838,
    0.29504576176343444,
    0.06486815214809175,
    0.2628716310244297,
    0.20466572330995686,
    0.12748358929049072,
    0.04178728328988984,
    0.10889009793135557,
    0.24465702557699462,
    0.28311332217944674,
    0.2933359232092748,
    0.2913686872722632,
    0.08825444999849834,
    0.023040752164160114,
    0.3056537541148073,
    0.28347057760341354,
    0.0328849551880264,
    0.052260017328243355,
    0.11911221105544528,
    0.2744045300204606,
    0.14758210721717757,
    0.28983124207898586,
    0.2573334672002115,
    0.2585767052332661,
    0.14486566491306116,
    0.2759042438366392,
    0.02669885254328456,
    0.2493776762307395,
    0.3082455636086506,
    0.0989001195152212,
    0.1594429330811258,
    0.23879462128377107,
    0.0742888529910736,
    0.20187430615738125,
    0.30627225595578406,
    0.3051442178887278,
    0.2991307796636118,
    0.2763836925421873,
    0.1303784424595957,
    0.13787202405960777,
    0.024478014045830394,
    0.2716014573419134,
    0.16791883156767476,
    0.028691568002187553,
    0.27690802857566327,
    0.008947649123780927,
    0.20559941225790523,
    0.07608987570655527,
    0.11226391190027034,
    0.2958847969981437,
    0.21486018844220697,
    0.2890953175903138,
    0.30051079393864943,
    0.049872423491772226,
    0.22941750668674815,
    0.021638944766142986,
    0.21050953297337455,
    0.30062610232814524,
    0.22829662457052097,
    0.26685923041218385,
    0.10214718641566338,
    0.023477590435226015,
    0.07882648478119,
    0.10077459915019832,
    0.04819218455240558,
    0.29401140159814065,
    0.07422509997459638,
    0.1726159001107329,
    0.15153495687401178,
    0.07370043867062817,
    0.3104606014489933,
    0.20842579598839564,
    0.03412510315140485,
    0.2631923477297692,
    0.20300180210695046,
    0.24767510205090634,
    0.18376237776199372,
    0.026322839854265808,
    0.25150949903681985,
    0.03837595479087113,
    0.1096245044910639,
    0.2879992102432449,
    0.27795415269042606,
    0.09211785026996909,
    0.28203873689661374,
    0.29692549993803596,
    0.30208770528498413,
    0.10543680953883909,
    0.05402233285514957,
