{
  "config": {
    "mf": 0.6,
    "mf1": 0.4,
    "mf2": 0.05,
    "T_coh": 15,
    "tStack": 1296000.0,
    "nStacks": 8,
    "gamma1": 17,
    "gamma2": 11,
    "gamma1_upper": 17.776388834631177,
    "gamma2_upper": 100.0
  },
  "mismatch_list": [
    0.565169095737022,
    0.3898303014287028,
    0.5447129554723763,
    0.5328488661222172,
    0.14196855604855288,
    0.5341715958367715,
    0.507546993606198,
    0.472770828719314,
    0.5090330451486731,
    0.09877345632501817,
    0.48368715271975116,
    0.5644406348466545,
    0.6355645261086512,
    0.5898707361401606,
    0.6114039547663229,
    0.4761205344725793,
    0.522729779608415,
    0.5379299856418465,
    0.5847215628471357,
    0.576207793649683,
    0.4624631577182159,
    0.509752470753141,
    0.40675837939642556,
    0.520814913397146,
    0.6095973674212745,
    0.143744314998112,
    0.3879706227437084,
    0.566238945869819,
    0.40623903116291793,
    0.5857945211182821,
    0.44579894623990435,
    0.5143126879700879,
    0.49972373709833456,
    0.224237725455682,
    0.4519250146443914,
    0.15173280881450688,
    0.5398942567964143,
    0.16459739344289787,
    0.49801646561589424,
    0.6214826716227257,
    0.4667909512406821,
    0.5316583045698019,
    0.5327418521960227,
    0.2773203192448409,
    0.5384577909029561,
    0.6221903874966678,
    0.27234953863661726,
    0.3733908517224291,
    0.5542534945594568,
    0.5012385208499703,
    0.0854865262925374,
    0.5768715618930095,
    0.5186219049447446,
    0.4882993409011924,
    0.07014446627048262,
    0.5667559449289927,
    0.0641117142987664,
    0.5051883141515419,
    0.5676467518364038,
    0.07842693214890614,
    0.22362441024881877,
    0.5104417907849914,
    0.503259316753126,
    0.6021564119303939,
    0.04987781402172285,
    0.22708904483872666,
    0.16249795441127235,
    0.3706494014159233,
    0.37142549633355326,
    0.41558729936605543,
    0.2808390209855719,
    0.34790151509456546,
    0.5372128369294253,
    0.31661354882321546,
    0.5947519228534041,
    0.3922446743856439,
    0.5082803335509513,
    0.6130196807320287,
    0.5651076196517613,
    0.4539286435043378,
    0.5705167200495451,
    0.35905199756437606,
    0.5459787267446198,
    0.23835178170055357,
    0.43578958423806663,
    0.12182232609026265,
    0.5772082527867713,
    0.4663184780704214,
    0.4498380081661637,
    0.2728219756657343,
    0.4951614598362026,
    0.5891268791226203,
    0.38367336848758277,
    0.5838741614531863,
    0.5843362259740905,
    0.44015395259785434,
    0.624620770980223,
    0.37265010284323824,
    0.5322683309325976,
    0.5877751642109,
    0.6039061492565623,
    0.6700073250869845,
    0.24479206120748428,
    0.5624209593189505,
    0.40924210720793186,
    0.5518702391271538,
    0.5005946663767665,
    0.5029512857862376,
    0.5368655205394456,
    0.2835461372056593,
    0.5338031007366433,
    0.18521931313322898,
    0.6052703690039675,
    0.45227529460814614,
    0.49742111255739935,
    0.5584529508810054,
    0.5377532554496508,
    0.16951844383753023,
    0.26883878794747795,
    0.5988208373642756,
    0.04895339585076541,
    0.2204539645678011,
    0.08430919239867903,
    0.2971586266596736,
    0.0953257357903143,
    0.5058025328869951,
    0.5770211862275064,
    0.5487053591822503,
    0.5858959693083626,
    0.39643292695267707,
    0.5312491506831254,
    0.49570722724568056,
    0.3545809044075426,
    0.5065584971876408,
    0.44680233280962406,
    0.566195395791783,
    0.5354830856556668,
    0.5210779847813981,
    0.3943988311086773,
    0.5184780993343668,
    0.5770294625493905,
    0.4779879835034473,
    0.5858214101291193,
    0.5810211434363924,
    0.5082048347019743,
    0.30778939948454054,
    0.4349925274571496,
    0.0706226858825754,
    0.46218407580734977,
    0.5657414268870448,
    0.4239905489463845,
    0.6617894072910275,
    0.47798852562060123,
    0.7230460073866715,
    0.7040000222629444,
    0.6014990406694843,
    0.5720458518351894,
    0.5606090230846495,
    0.2078575472249095,
    0.5811996806857681,
    0.6062444089650854,
    0.588552524068556,
    0.48959070010310346,
    0.04703516851314179,
    0.2903784758383444,
    0.5593282532378128,
    0.40448546287552817,
    0.6148053423549338,
    0.5114805595342939,
    0.37333468838527734,
    0.23310697894156757,
    0.47710389884874554,
    0.32174465154444115,
    0.18782660751469787,
    0.2749054403118894,
    0.34408768477521073,
    0.4455737146329997,
    0.5374615964208125,
    0.49013390149138597,
    0.591588705401106,
    0.5990709340779758,
    0.6089134324198201,
    0.5469489357445162,
    0.5791000970895681,
    0.7095230756864938,
    0.1727170796105546,
    0.5058009788178203,
    0.6121455348918166,
    0.12444400464688368,
    0.5384411298357573,
    0.501834163037614,
    0.13800336661980847,
    0.4599372170509868,
    0.3975305334837576,
    0.49162421768880565,
    0.4870908172004087,
    0.5593735380907414,
    0.4639621477900992,
    0.524490792971386,
    0.22075986320721713,
    0.406207082391977,
    0.5699652423393786,
    0.4876092257641828,
    0.4894534360397171,
    0.4821407093263233,
    0.552414452467457,
    0.5176129526389106,
    0.45088902876314596,
    0.5252455646142931,
    0.5278669540417653,
    0.40246922075646596,
    0.5140217517641215,
    0.6068662896229814,
    0.4822241230857482,
    0.5632676017488844,
    0.5633709292784319,
    0.5897704083255316,
    0.5535204076027088,
    0.33406307121077455,
    0.4061927343579685,
    0.48148561495746045,
    0.4594396980682125,
    0.599855558305495,
    0.5788389411859268,
    0.49163585513704433,
    0.45255043713436005,
    0.5740339761445322,
    0.48441077069687644,
    0.41060162860666927,
    0.09807072792889274,
    0.3477328082362486,
    0.5981088206942453,
    0.10342489378840719,
    0.5261379255908788,
    0.5198597391129864,
    0.4281561410163815,
    0.5323771157748285,
    0.47914760823694247,
    0.38105581002133193,
    0.1853953927848399,
    0.45326006848891276,
    0.31096519405481077,
    0.14148231310258128,
    0.6055805322983281,
    0.6089761011628196,
    0.5590303779322755,
    0.28644393409937136,
    0.5847481988699677,
    0.1939764567916726,
    0.20883798416844432,
    0.5211852516955979,
    0.5012985151483434,
    0.3660220339541707,
    0.3887191058276293,
    0.46525213362855344,
    0.6635827308363754,
    0.2645309081951344,
    0.030384582245966792,
    0.5608076909510094,
    0.6041416449482487,
    0.5645913434154595,
    0.49765892128227623,
    0.4867917130959891,
    0.3949274676160897,
    0.4550095528270759,
    0.5595211385211969,
    0.5801203977144919,
    0.5508784177233855,
    0.3465174538593248,
    0.5370717780459612,
    0.06401528972764613,
    0.14405382775188788,
    0.3937460497730047,
    0.6013754379583781,
    0.6040594238465626,
    0.6019390952339373,
    0.25032989635876535,
    0.5723999989013092,
    0.23572634446499832,
    0.4888119668819908,
    0.038094500127505954,
    0.12254999187547091,
    0.4818167039739645,
    0.6473426356781901,
    0.536050610033591,
    0.602145244317022,
    0.5836754935868264,
    0.5991065331044202,
    0.05220552051631527,
    0.33090404613113394,
    0.5489393730870493,
    0.42448387555650136,
    0.3227440264472215,
    0.5436738253116379,
    0.11310125129313012,
    0.5327712710869117,
    0.49748526308728636,
    0.18923893112423243,
    0.47437574848308395,
    0.4821330112627369,
    0.09681048625161985,
    0.2728919449197406,
    0.5269985907845288,
    0.47911193692821097,
    0.42412343993139545,
    0.36521941143713954,
    0.7159759323113967,
    0.2238556412855607,
    0.44354514838397047,
    0.41591517182077925,
    0.5062270467597008,
    0.41596627539782727,
    0.33053056355318905,
    0.49773575735356623,
    0.15778572754435097,
    0.5765640007609879,
    0.08920501627507979,
    0.5366608171021048,
    0.5011551070905454,
