{
  "config": {
    "mf": 0.7,
    "mf1": 0.03,
    "mf2": 0.0008,
    "T_coh": 10,
    "tStack": 864000.0,
    "nStacks": 12,
    "gamma1": 1,
    "gamma2": 87,
    "gamma1_upper": 26.758176320519304,
    "gamma2_upper": 100.0
  },
  "mismatch_list": [
    0.406507339294051,
    0.47170142959094774,
    0.039015208418192636,
    0.41161157143459043,
    0.18604374093321732,
    0.520304452334955,
    0.4092036691980921,
    0.4354505252619185,
    0.5131496758903187,
    0.3970394358719367,
    0.24411923160904778,
    0.3119393336874452,
    0.21413607761834647,
    0.46620865898209096,
    0.22630968669417392,
    0.3423310729796442,
    0.44267725441703154,
    0.48566475825055466,
    0.5067479818650641,
    0.029153523509852293,
    0.44463357860518077,
    0.47640898116477043,
    0.44552507669735253,
    0.01695406943986307,
    0.5036111459328458,
    0.17976575128932654,
    0.4438423763614744,
    0.20958162216745813,
    0.0312939084678791,
    0.2950293055980153,
    0.4908698105413504,
    0.49376956954024953,
    0.4855099041745568,
    0.25543718016217354,
    0.38628261360017024,
    0.4225773125493781,
    0.4230376495217629,
    0.5001741318047129,
    0.4774566595080582,
    0.34378419081368444,
    0.49663330592198757,
    0.5079801527561749,
    0.3966389926688384,
    0.4942137456809628,
    0.42206281828612446,
    0.5220402921994021,
    0.47058972474661004,
    0.20194920679133815,
    0.4749348912590954,
    0.4837874802676997,
    0.4865232870124652,
    0.0039897515808383285,
    0.40096725815888856,
    0.5152329119531406,
    0.49220792123549895,
    0.4167097586838939,
    0.06418619720715153,
    0.36391700948775363,
    0.3540561264527405,
    0.47912831866504624,
    0.5111998283713508,
    0.5049219312513055,
    0.508156934983544,
    0.19866769440612125,
    0.366428970209099,
    0.5030079521430896,
    0.2109058234435077,
    0.3961986408470703,
    0.43624882100044254,
    0.43209783119827044,
    0.49416254915314833,
    0.4967121362383091,
    0.4778515512804296,
    0.2187343893719771,
    0.032610461106038297,
    0.14424134419475382,
    0.4645012856207601,
    0.322404027337851,
    0.49294256056835484,
    0.3288650291480376,
    0.27041222623047084,
    0.5374365376534598,
    0.47186513511482675,
    0.4743688920552091,
    0.38877440412320796,
    0.4773870198937178,
    0.4755173597074714,
    0.4729702399248558,
    0.4929764859783524,
    0.022102342930835676,
    0.307217286711169,
    0.49832322311781063,
    0.3831950928775757,
    0.04652826803368489,
    0.341291351687065,
    0.508425531706879,
    0.44427730011764294,
    0.39671955009694165,
    0.47174688964034445,
    0.15695208503468783,
    0.5065772753702129,
    0.37370109773104504,
    0.3856696739653601,
    0.48081120404861527,
    0.4028664642931147,
    0.4404461960904658,
    0.5004797997487909,
    0.18723421441131294,
    0.3727846182006023,
    0.5462680929078657,
    0.22734200607911734,
    0.04456429520764531,
    0.463166783356584,
    0.14278384689869572,
    0.40216618214820177,
    0.4505647271937694,
    0.47017953569845794,
    0.522006613519659,
    0.3467688867027046,
    0.4016481719788211,
    0.4496492345843448,
    0.456423830548036,
    0.4889365556319995,
    0.40561744494853363,
    0.17440263742922402,
    0.4944560964734725,
    0.14475084217035328,
    0.24237756274233754,
    0.4537550110673747,
    0.44466651709416016,
    0.44685341070516543,
    0.4656878114147832,
    0.40415957755709375,
    0.33822523481405065,
    0.06429457347145277,
    0.012526248292111011,
    0.43934651934603636,
    0.4801406528993729,
    0.5028002977926228,
    0.4891696540399645,
    0.5039597140999297,
    0.505373108362991,
    0.4839672540994049,
    0.22404050854328372,
    0.31949180846109826,
    0.5618724861728992,
    0.2586317818152331,
    0.10290169004865679,
    0.2919755252377274,
    0.19575849797498648,
    0.41377730792626993,
    0.4516024746443124,
    0.4980640638267112,
    0.5159895102786494,
    0.4336820861625921,
    0.33365560545250883,
    0.061261888547926954,
    0.5045928856156111,
    0.49196085172687143,
    0.50371736330742,
    0.45052154939922706,
    0.4374302271416842,
    0.4998226645571384,
    0.5042541249761447,
    0.19027343768658372,
    0.47342897315058624,
    0.03749016871495763,
    0.5060914018164844,
    0.3980283924146469,
    0.4857228632254959,
    0.5033794662238444,
    0.3855111497768261,
    0.4660969518593536,
    0.37275519561774995,
    0.4714328637088944,
    0.15861504695020376,
    0.4550207372731012,
    0.3093773484069944,
    0.44716577120739737,
    0.18768190645815322,
    0.46910120112104514,
    0.20786999270923665,
    0.4748315112824483,
    0.3302560326405005,
    0.4137934687579415,
    0.42650852737732975,
    0.4938650541487517,
    0.4192023510802589,
    0.4717903141651413,
    0.0374027028397276,
    0.19952298483344114,
    0.44966403839961644,
    0.511628768918847,
    0.3332458481823022,
    0.45929250153486456,
    0.4335759921531452,
    0.502743796564336,
    0.2690154862595902,
    0.2567964788169297,
    0.43931413600012964,
    0.40503867745397554,
    0.4995917250389006,
    0.41724837082952765,
    0.26054480484371273,
    0.5009090178678234,
    0.44196192172659243,
    0.23552752900332455,
    0.10508278549868065,
    0.5193277397811258,
    0.3379416183864712,
    0.18786812611775794,
    0.47398868073298206,
    0.3418744986436409,
    0.34960011637340865,
    0.36061791757190165,
    0.5360498827817329,
    0.5039111082397878,
    0.2803463881510787,
    0.5015085723863254,
    0.35499524348403616,
    0.25632682777743643,
    0.49917567614720343,
    0.4933681394161331,
    0.5549796755760075,
    0.4871330808365301,
    0.2445917200464681,
    0.41549029440089136,
    0.2770292232440826,
    0.08012059218761572,
    0.5166759446880269,
    0.24248778948354774,
    0.372014696441349,
    0.4284256214550091,
    0.3632781631762181,
    0.39765891385849184,
    0.46476559540592277,
    0.46462014792087875,
    0.3532300118780185,
    0.48569766589825225,
    0.5135519695703259,
    0.5364553222724854,
    0.4237735841884551,
    0.5046218147379545,
    0.4312941073941468,
    0.5093461748103669,
    0.5144225572734266,
    0.4572439619140857,
    0.4097424663914167,
    0.4380410078867673,
    0.46273000912350654,
    0.16719607847241866,
    0.23606879349919443,
    0.2854144126267662,
    0.5086852769823329,
    0.4952021470806003,
    0.31405091288825593,
    0.018127395165269004,
    0.4171757087695693,
    0.5014853180598362,
    0.4406973674895749,
    0.09196746872388502,
    0.4288022551885455,
    0.17085286757477203,
    0.42661067370270417,
    0.42866828066033696,
    0.5095914246833673,
    0.3083666796018858,
    0.23544283884345796,
    0.5046075043831919,
    0.10381434526015433,
    0.28847362105265373,
    0.11552582856925162,
    0.30033597991239463,
    0.46314180191831306,
    0.39935808343885965,
    0.4946342973998051,
    0.46072113139114296,
    0.46132352330757204,
    0.35813001305037273,
    0.310156275820538,
    0.2739322650892523,
    0.0036841761606059135,
    0.267954977943067,
    0.43272440267964324,
    0.11102990987124994,
    0.504510292662908,
    0.2792347449893047,
    0.2275453734914117,
    0.48048323785778446,
    0.4012129398098344,
    0.40622199575468987,
    0.17880597059921421,
    0.16106057555051756,
    0.43815000097670487,
    0.41051201805528825,
    0.3894971387212829,
    0.43444016486962805,
    0.29402529850977893,
    0.48211967627093866,
    0.4885050244168308,
    0.324868122389818,
    0.5118763010467018,
    0.4816009259107944,
    0.4602180484021612,
    0.30868434480459006,
    0.11111281123677122,
    0.08230662224273014,
    0.4919082365000934,
    0.4450301358067702,
    0.49712096827006136,
    0.10124730200948569,
    0.4501281380083828,
    0.49562744835684225,
    0.2512091488380252,
    0.42067841482797014,
    0.33795932128223355,
