{
  "config": {
    "mf": 0.9,
    "mf1": 0.35,
    "mf2": 0.001,
    "T_coh": 40,
    "tStack": 3456000.0,
    "nStacks": 3,
    "gamma1": 1,
    "gamma2": 23,
    "gamma1_upper": 6.4031242374328485,
    "gamma2_upper": 23.685438564654024
  },
  "mismatch_list": [
    0.17478671219148528,
    0.32377884618199454,
    0.42077415177389904,
    0.3392302111838524,
    0.3750305347409727,
    0.4427629058816552,
    0.4957004699395572,
    0.0750784362005794,
    0.5226898198339148,
    0.3851560337461338,
    0.3202652231608436,
    0.4536800041547848,
    0.42339268538856945,
    0.45975008839217957,
    0.060227899488469225,
    0.5230011576366778,
    0.11328711460494686,
    0.3442786216913379,
    0.2527192860622474,
    0.4428728472126674,
    0.36523545605756674,
    0.13448692581811691,
    0.20114888690907753,
    0.4132065234892256,
    0.3734239709616104,
    0.29974349191231886,
    0.3067601124610909,
    0.3587373704353883,
    0.3513207759516024,
    0.18941297509373475,
    0.33259480732131197,
    0.38568009826629895,
    0.39498537422500307,
    0.34685996607865405,
    0.5318755047787073,
    0.13922806440046576,
    0.3359257369077927,
    0.37172286197451376,
    0.10928368885909413,
    0.3769277274530551,
    0.35375634507309417,
    0.40586409061334144,
    0.5242662419071417,
    0.14923912250337495,
    0.369510319793744,
    0.3853427930584301,
    0.35855847181983586,
    0.20622104214189999,
    0.38518959078947523,
    0.5670391118995661,
    0.45226811459616456,
    0.3243284986253539,
    0.36385490086251904,
    0.3363904938263172,
    0.4328472061620056,
    0.36625843086831644,
    0.4032208364627038,
    0.3673887448483975,
    0.3417034032263118,
    0.29799223710116585,
    0.09585696827997438,
    0.1984857912756241,
    0.20954074990613245,
    0.3777750021386516,
    0.09654767957111171,
    0.4430215499103826,
    0.4619361210508266,
    0.13831513934413164,
    0.3662500822662573,
    0.222838229788441,
    0.13165431019350216,
    0.49839316516212934,
    0.3632781967800201,
    0.4076623469698532,
    0.42746783321574816,
    0.333480084409788,
    0.3505889721905897,
    0.17690866661874352,
    0.19054724652803867,
    0.4803420780060849,
    0.32578570916658073,
    0.21884168892870196,
    0.36026435143668056,
    0.08804912794514556,
    0.37877938233572417,
    0.33205572615978074,
    0.3637938042747228,
    0.5691702552102595,
    0.43107936257013774,
    0.5833758353074524,
    0.15102957237484443,
    0.3923852183772031,
    0.5009587881559575,
    0.48795979790311306,
    0.48998254491629223,
    0.39156559165946464,
    0.17655938062480286,
    0.452028282027921,
    0.3662381014801855,
    0.5417673513496166,
    0.1481319027082106,
    0.4307201016230875,
    0.3490368911714184,
    0.1564914555310627,
    0.4216728733643923,
    0.1900539200427275,
    0.3382249093878512,
    0.2212267869559273,
    0.3450215388511955,
    0.5065660670960884,
    0.5031235156158433,
    0.3539174622504947,
    0.3699544762656291,
    0.49253363917406956,
    0.36626650841186714,
    0.20973737574813503,
    0.3686691710304376,
    0.18712616288165987,
    0.11483984616453836,
    0.39249429232098837,
    0.11612872937204093,
    0.375127139993371,
    0.17613392718999824,
    0.40990600666738874,
    0.34515712231710355,
    0.3764864442013592,
    0.3956815608980103,
    0.25509560179380014,
    0.4951384030165126,
    0.5570750011303139,
    0.25771511121910085,
    0.3007252658297898,
    0.35770620965768457,
    0.14173524717988017,
    0.34169711466891667,
    0.12832701279103417,
    0.39842657041270607,
    0.4172436689135249,
    0.20532286266842356,
    0.11103407628302021,
    0.42715698331830043,
    0.09857872097464833,
    0.333667927956118,
    0.3360020669837617,
    0.47860632774161316,
    0.41588761740763763,
    0.4251967423971612,
    0.2769337015825805,
    0.4519994414026259,
    0.25365037203864516,
    0.31346241356350757,
    0.3666604648479942,
    0.39280243163335193,
    0.3874209444307289,
    0.3902248278534519,
    0.3249451025202912,
    0.4420833622010645,
    0.23493687209974173,
    0.3442543890606858,
    0.37460947245400433,
    0.4107889526526924,
    0.08875528957126241,
    0.28828845092339334,
    0.11109056487617343,
    0.48635214988971714,
    0.3464445418086607,
    0.4058999787598553,
    0.4138016595502966,
    0.5170673616173129,
    0.3201702442594958,
    0.39313014137002295,
    0.26327408753303255,
    0.3206815690297656,
    0.5064046788601795,
    0.37372858651336466,
    0.44528803273432654,
    0.3728320333909387,
    0.3654849925204115,
    0.3141309522686567,
    0.44184152379985864,
    0.33906481128201893,
    0.3664323962190157,
    0.5092351802284286,
    0.3585721331686599,
    0.36868765722071134,
    0.31945692668875686,
    0.3681106278680023,
    0.10834891648698199,
    0.1783875618406434,
    0.32925059586791905,
    0.5336811881383495,
    0.4743792245146182,
    0.39704677418148193,
    0.22585240040199062,
    0.39189536144079956,
    0.34921844616035325,
    0.12799724300969922,
    0.3652116029088264,
    0.4502618479402969,
    0.3826653855357325,
    0.3320285660972378,
    0.4715132686934687,
    0.44818261233396445,
    0.37165021829425915,
    0.3620913399950841,
    0.15551049478911702,
    0.1947584657264406,
    0.39164365650988753,
    0.3087539104255716,
    0.2799454326695544,
    0.01900358675460672,
    0.37763952709614695,
    0.4787151848385917,
    0.086918380271451,
    0.10301182866803692,
    0.3799022151009731,
    0.4472295706183853,
    0.3674251209002265,
    0.5353072139186159,
    0.3923204896053941,
    0.5258471093399064,
    0.08542137834118915,
    0.43163356879643844,
    0.46082304639188054,
    0.3417836907565037,
    0.18732934833956605,
    0.3242296706931866,
    0.2942197532044808,
    0.32907901583209376,
    0.36041321676950083,
    0.4501168316382961,
    0.19685781387409723,
    0.4787324241597268,
    0.23597166506145817,
    0.3194486865101011,
    0.3708921218579304,
    0.19188378182132018,
    0.18151460121709606,
    0.5460044295297211,
    0.14690108023321008,
    0.47362871771652504,
    0.4058113426276043,
    0.40590008718325865,
    0.11415883876800222,
    0.074866576870404,
    0.0051662667469433545,
    0.3812638504121336,
    0.32947817659158235,
    0.45243443609692663,
    0.3377845477350839,
    0.3342120508059057,
    0.128723571388842,
    0.4213370860841706,
    0.057350450786563,
    0.4740703262384311,
    0.36870039697060675,
    0.44136809300906493,
    0.39583720269354095,
    0.4876561039502874,
    0.41597950624198954,
    0.3903733137043604,
    0.3178774145485342,
    0.24698168219127167,
    0.4501862768281514,
    0.1834695836031721,
    0.3307072642921291,
    0.3746613530525145,
    0.4091973513029945,
    0.3654325155931828,
    0.4661589415533886,
    0.3538120747024238,
    0.1274963268861525,
    0.4043508251725748,
    0.36628347667449374,
    0.20897494237567169,
    0.1881398674914218,
    0.3936260158053132,
    0.3991080115028557,
    0.3536622335589733,
    0.33545935363821777,
    0.3673698249645103,
    0.3922434547773032,
    0.3835963088770252,
    0.5053060787255826,
    0.23826774747452076,
    0.3642491283571545,
    0.12418350400803374,
    0.5049003041384887,
    0.4019267489318397,
    0.04984917762474898,
    0.0960808626079233,
    0.520042337170546,
    0.4416282007537378,
    0.40589032907695577,
    0.3262324135884449,
    0.19685651279325683,
    0.007367153411851394,
    0.4581681909370829,
    0.3888923042260949,
    0.4905411422904292,
    0.3235521870572598,
    0.44839414639392977,
    0.3241690077990038,
    0.46624665608671095,
    0.325876351131794,
    0.34808710215794014,
    0.32026023568428885,
    0.4292210396481617,
    0.5050184856481568,
    0.3386766554979719,
    0.3545201337380996,
    0.5356522171881236,
    0.3796366319744303,
    0.3108037632895921,
    0.46434420483956534,
    0.378247457118815,
