{
  "config": {
    "mf": 0.6,
    "mf1": 0.75,
    "mf2": 0.005,
    "T_coh": 30,
    "tStack": 2592000.0,
    "nStacks": 4,
    "gamma1": 7,
    "gamma2": 31,
    "gamma1_upper": 8.717797887081348,
    "gamma2_upper": 47.70744176750625
  },
  "mismatch_list": [
    0.12810615328079467,
    0.27106799195873316,
    0.003611226200674886,
    0.23396170307625008,
    0.10177289810877568,
    0.1247427109755544,
    0.11073923448365393,
    0.1419169250278793,
    0.24339830841953486,
    0.2437369512287855,
    0.08242717770095288,
    0.1179660238259973,
    0.24627507366294277,
    0.19945208533133796,
    0.3415264413172851,
    0.19346768501896255,
    0.19681652628952434,
    0.15602622288002374,
    0.17199006898338345,
    0.08977236553242167,
    0.22574529608151597,
    0.12002860068020582,
    0.06809828606983227,
    0.17753759477300307,
    0.01733489771613796,
    0.07784332020011224,
    0.09041517247002379,
    0.16629725567047807,
    0.17202628244068005,
    0.14533588017783772,
    0.154721960158547,
    0.06177191796011113,
    0.13629863481771404,
    0.18970155774246608,
    0.14791223997508862,
    0.19755489049368555,
    0.07442595526185149,
    0.02400128199975771,
    0.004941221438713675,
    0.08809975195588811,
    0.10707863943800183,
    0.042642827754918886,
    0.14198841227192388,
    0.0805780506259796,
    0.20408328777135878,
    0.041032521563993445,
    0.054609604473872676,
    0.1776974833309673,
    0.11752314986820037,
    0.25159389809749966,
    0.14121209983406863,
    0.1496898798060173,
    0.24717144708397099,
    0.18672280210335856,
    0.2248782692945445,
    0.009086108228651624,
    0.2754261116808567,
    0.21032935019034835,
    0.2657608049825091,
    0.1967323896342484,
    0.2236570589930953,
    0.0955513394064,
    0.3959251258941688,
    0.1799983750927744,
    0.08191397301670965,
    0.37705740866619114,
    0.20745460885273742,
    0.2769651474747872,
    0.3490131579898452,
    0.1472101615105739,
    0.15241203310300322,
    0.10868518694673282,
    0.10976212167779477,
    0.059454690387228115,
    0.2932416147414359,
    0.16294436658832223,
    0.04979162444172727,
    0.08063139500020094,
    0.10196979522988533,
    0.027755338123821978,
    0.12003828651509155,
    0.17966081651877217,
    0.12207701019383524,
    0.16455142007350249,
    0.18842353351400065,
    0.3830013308626262,
    0.29777480231500125,
    0.29815254987554424,
    0.030273582911758575,
    0.1504077158228088,
    0.02024512968754653,
    0.2627224886870894,
    0.036078939843447996,
    0.30754260538549766,
    0.01648825455183642,
    0.2380969763136522,
    0.3761610352451629,
    0.07630341701798297,
    0.17263822481487767,
    0.22776045571419443,
    0.16482746636774542,
    0.15190995990064357,
    0.010483542899140968,
    0.07729274554097412,
    0.04422089601779187,
    0.19117235899809723,
    0.1488185883604021,
    0.32697492004849277,
    0.21788936116570035,
    0.23004985458236848,
    0.18855328033205934,
    0.15190706860664785,
    0.29203637883931316,
    0.032996314467543635,
    0.08889659258111308,
    0.16707580886118,
    0.17584792256189466,
    0.19339945048066318,
    0.05559517431466936,
    0.12660304181476115,
    0.08423141743664235,
    0.13930825502022604,
    0.12271258889644801,
    0.21000906709797063,
    0.24764330626407519,
    0.21818774270606037,
    0.281691979463717,
    0.159393062455709,
    0.11848096328663797,
    0.24552174701235363,
    0.20708792049172814,
    0.17034644062915713,
    0.2909916097539538,
    0.2596685594040927,
    0.04398930336873337,
    0.16384818509138946,
    0.2888723635374288,
    0.2974118003538366,
    0.17861937242150788,
    0.31341540174963767,
    0.26119892131603606,
    0.14223756953200647,
    0.27694563124031596,
    0.19203237439712906,
    0.014233262082211632,
    0.11981095852467676,
    0.07703852851639899,
    0.4100202925469091,
    0.24837993569183894,
    0.10881840331758638,
    0.15066113774153508,
    0.10776965870298286,
    0.11860716826955187,
    0.23089714828781907,
    0.15928247046037206,
    0.03249366300638484,
    0.12450215531510912,
    0.1522159310877424,
    0.09447982585158005,
    0.04867016378313098,
    0.19367022016336388,
    0.19776046149678242,
    0.09458832165877006,
    0.24130378276667344,
    0.08711367613864217,
    0.16156261718775977,
    0.22067295446009566,
    0.18562584516137612,
    0.03617312374535911,
    0.41109798624264493,
    0.16987530427255187,
    0.3515219337899458,
    0.20028571767265868,
    0.07099753112405705,
    0.15473222425223188,
    0.24662889576567104,
    0.15219540290037267,
    0.25404296867658827,
    0.2349816070332461,
    0.10191840247911112,
    0.2685131723017505,
    0.20844176890523178,
    0.18374064919380603,
    0.272206005275455,
    0.050956743639659186,
    0.1299535455793705,
    0.06855373715651066,
    0.07269905764054797,
    0.20996598681743417,
    0.2923226169448911,
    0.1284599753835229,
    0.3569975386414214,
    0.28319899417664474,
    0.12739749712243964,
    0.17279348730244873,
    0.23913126445827704,
    0.10925672348734003,
    0.06768851742828651,
    0.4266685802214095,
    0.19216674728558092,
    0.2640106324445399,
    0.1004461555764821,
    0.15284637774351273,
    0.024182493850940495,
    0.14045920687757885,
    0.11054045802144705,
    0.13441235461489554,
    0.014639416606262716,
    0.11141825487855264,
    0.19703590322145087,
    0.22712437103513242,
    0.01788605063407523,
    0.04011518626149615,
    0.07125666334842493,
    0.17879660874344652,
    0.2363632841514587,
    0.184691451224304,
    0.20785418568294822,
    0.15381257591453798,
    0.19346790186601223,
    0.047620768627378414,
    0.25789070272611436,
    0.1826976148848441,
    0.17128256934262673,
    0.14208982440882434,
    0.17609845318662523,
    0.1290943252861875,
    0.24846862613515816,
    0.306947649363525,
    0.2240026409079357,
    0.14643355994331908,
    0.1267650265608723,
    0.186289830827497,
    0.11211447847272599,
    0.17733122866405737,
    0.11527610845706385,
    0.3598158997461155,
    0.14199831495385928,
    0.07622181024495332,
    0.3291175857463832,
    0.2718793613362867,
    0.2218203644823037,
    0.18147018830130407,
    0.35519987659957225,
    0.03238827534024025,
    0.16728007878197879,
    0.1836203713635834,
    0.004032270888804013,
    0.015066822141182464,
    0.04407098242411293,
    0.15223421852226543,
    0.2885891612905464,
    0.12271960028438768,
    0.08038100894017017,
    0.1361123632020387,
    0.08775294124109952,
    0.1549524685723571,
    0.37787297042003853,
    0.38293663815947165,
    0.17895071471341928,
    0.3850710636694742,
    0.2609837367604034,
    0.24033274167820534,
    0.0721610601102913,
    0.26692006931009965,
    0.020682582469101464,
    0.038357640923837824,
    0.22906956135311402,
    0.2083020471228878,
    0.12726984649252787,
    0.047037088651989106,
    0.08996058877154411,
    0.27400106515270806,
    0.31215472528514665,
    0.2328191359714849,
    0.04745423009322399,
    0.21758404051975058,
    0.22183496551698215,
    0.09119242457842765,
    0.13107565677911584,
    0.07708840333782543,
    0.358256480329515,
    0.37569329615900265,
    0.02116738018983658,
    0.23059096025367057,
    0.011272360183527778,
    0.17405322409639112,
    0.1201143275471794,
    0.1133960445363362,
    0.14881157697246244,
    0.2010973038972619,
    0.17957248748720242,
    0.0022643891751109317,
    0.14362235479126448,
    0.09688039497389017,
    0.276180667131394,
    0.39245398288758737,
    0.24406742613249818,
    0.0051519967710028656,
    0.20807443000307344,
    0.24540428819377683,
    0.24096521223977269,
    0.3186988801150966,
    0.0888338515014056,
    0.11729206319559113,
    0.24706056595923448,
    0.4034927987986095,
    0.22246859259614782,
    0.25056127244692233,
    0.17573798110770678,
    0.3366866320154719,
    0.3544036142331464,
