{
  "config": {
    "mf": 0.9,
    "mf1": 0.01,
    "mf2": 0.1,
    "T_coh": 15,
    "tStack": 1296000.0,
    "nStacks": 8,
    "gamma1": 3,
    "gamma2": 81,
    "gamma1_upper": 17.776388834631177,
    "gamma2_upper": 100.0
  },
  "mismatch_list": [
    0.47635364484878834,
    0.17931638014931786,
    0.5569051702652644,
    0.2977800374827029,
    0.6587993420577091,
    0.4053452606817318,
    0.6441850201031497,
    0.08178191450913677,
    0.6576767981375456,
    0.6170622122080736,
    0.20269333921614774,
    0.6392723544538321,
    0.1580176091216777,
    0.2639316157519873,
    0.4342534410705643,
    0.704819884105472,
    0.055020554191187225,
    0.606241373109023,
    0.37514145643604374,
    0.5965306092355945,
    0.675567350900435,
    0.3874184583518135,
    0.6400391249564138,
    0.41480650609975767,
    0.47466079368264374,
    0.33470110695985905,
    0.6418563377976801,
    0.599480557799519,
    0.24438735268147047,
    0.23084345911800574,
    0.4152868218981791,
    0.6607852256161487,
    0.18972871590227666,
    0.645041709771004,
    0.40010410817824926,
    0.33729322206101664,
    0.5984157674268258,
    0.6831972522900475,
    0.4247437303789731,
    0.6199875486532075,
    0.26543197918732736,
    0.2373918006442954,
    0.4112607346424716,
    0.28137506642742194,
    0.5877775856675211,
    0.15262520593223622,
    0.25165172254472973,
    0.09210078926475036,
    0.09627400711604661,
    0.14796386579550128,
    0.27823440104872926,
    0.7010382736156352,
    0.5830034490216158,
    0.438211944387743,
    0.6078382695389142,
    0.09408226360367102,
    0.05068838759034563,
    0.46253186203219626,
    0.4662218366524396,
    0.5835840564935226,
    0.7198584488741601,
    0.5870317408870829,
    0.6497749707834996,
    0.09021031832541022,
    0.2707289697576693,
    0.7146813384771337,
    0.748729693014235,
    0.42095512657785006,
    0.2119751077150644,
    0.5736132209507607,
    0.5069548932506269,
    0.5693730697015205,
    0.260701754030894,
    0.42247038016435257,
    0.1324108860594068,
    0.17243864824027327,
    0.267832184815978,
    0.6422945130226659,
    0.6164891220940352,
    0.43905721345422016,
    0.5122402102315866,
    0.5273049592588116,
    0.6096092578575183,
    0.3089370976406483,
    0.4564551262887209,
    0.3164140497105528,
    0.5991560464711498,
    0.12233350642531707,
    0.6407719950663002,
    0.6613982516938631,
    0.45215545057597417,
    0.2068088035199739,
    0.08379063927033055,
    0.15019023252344404,
    0.360268508457895,
    0.16870772570433307,
    0.09139104948676685,
    0.07812096122720288,
    0.443644789516871,
    0.0532346757214206,
    0.2717016002141869,
    0.5102792640622299,
    0.26932698251520387,
    0.39156435349854946,
    0.6104527560079591,
    0.14955234133893397,
    0.5500645191695517,
    0.34044444065364005,
    0.5278978185783982,
    0.3472463484434154,
    0.6464377337247756,
    0.6326482610905605,
    0.4170398119272713,
    0.7266166078096096,
    0.5860011400362337,
    0.3726255991478786,
    0.6600936648333952,
    0.20106799970624478,
    0.2593854935810438,
    0.5932359825851731,
    0.5824938950380234,
    0.631537246195205,
    0.14190530904725585,
    0.5255298147086938,
    0.5894799058132885,
    0.3659322593534725,
    0.7096156150846773,
    0.31533342951696347,
    0.4872352733513711,
    0.04145410855411717,
    0.4087423474742545,
    0.5026660598809597,
    0.6524563545093449,
    0.459919110338044,
    0.32271533037920447,
    0.4805775325834094,
    0.5997574351006256,
    0.610523484225981,
    0.5115075208274182,
    0.6365876096016321,
    0.3750516095530584,
    0.23975355209615742,
    0.5952148909028983,
    0.16964298621836998,
    0.577981673259775,
    0.2471791837421523,
    0.23544292561690042,
    0.35505457023554193,
    0.06572628374787706,
    0.11685096722374144,
    0.2479555677889311,
    0.4985809179966126,
    0.7139890729420799,
    0.7451200420856389,
    0.08510740569619119,
    0.017282478021847757,
    0.5915425531607309,
    0.5398120718358718,
    0.3827691893570404,
    0.31237527691344225,
    0.6361694565701997,
    0.18213864205290947,
    0.4052671235292723,
    0.018712149380309497,
    0.5763557554915745,
    0.48378173409254793,
    0.23740365493939564,
    0.5821926947472751,
    0.5576808676303149,
    0.10970947724871641,
    0.2874430921552901,
    0.11046330922188985,
    0.6001129193890585,
    0.6174158532981829,
    0.3614049305772001,
    0.10633642431668662,
    0.21585298014087528,
    0.5643994339429526,
    0.6328678546790637,
    0.6095676955423802,
    0.34956314031264113,
    0.5587417547594995,
    0.08981746409449666,
    0.522112488875756,
    0.01948253399725096,
    0.727670049863213,
    0.45800196723472836,
    0.3164145556865632,
    0.09599434694688293,
    0.6544659105168414,
    0.34204701124307607,
    0.4515989853879911,
    0.4589366133493241,
    0.5055385941152966,
    0.5985795590896132,
    0.532275848290466,
    0.3440610848935224,
    0.5822407986094045,
    0.018026913297685635,
    0.7014700157170606,
    0.47513384511120194,
    0.3504720177918513,
    0.46304965619652916,
    0.6353901450907894,
    0.31577623080832995,
    0.6244617860895341,
    0.36743703200833155,
    0.34401280032567505,
    0.3670876917143103,
    0.1938829957943274,
    0.25140625189741006,
    0.2056023398643753,
    0.7058518221786344,
    0.4987177845074193,
    0.6750663262267316,
    0.6344600166191434,
    0.43509831258446185,
    0.6250356713087315,
    0.34557474826970663,
    0.601984199381148,
    0.6558029159831171,
    0.5667400428258095,
    0.5196340376712151,
    0.3868104920342028,
    0.2782716264266355,
    0.18010396795061212,
    0.5777466112618116,
    0.09714681573394567,
    0.6587664536170346,
    0.6349101545626603,
    0.20610629197071006,
    0.6468515859601198,
    0.5840822621580253,
    0.44764051821195594,
    0.27571803778455367,
    0.015389332637881354,
    0.6642411140493057,
    0.20034105674390848,
    0.654608198199188,
    0.47256630598769117,
    0.19406478574662686,
    0.5939934286727064,
    0.4763954962930752,
    0.6068337264525993,
    0.587800535293706,
    0.5523651920887326,
    0.34254192806351125,
    0.6296726523146813,
    0.37300305725161925,
    0.18500412876424466,
    0.5223314680648181,
    0.6044982857532768,
    0.6055242605377456,
    0.3094881055159481,
    0.4963753324262388,
    0.3037315441636101,
    0.5526092893725956,
    0.16739016417331326,
    0.5674451926785561,
    0.5221367757242541,
    0.6768946705402262,
    0.33280376920323523,
    0.471430968102694,
    0.3735167674667256,
    0.3315837887599309,
    0.6188787383676115,
    0.5896991018492123,
    0.25729566809361537,
    0.1640825989934836,
    0.20852565240546778,
    0.5693697808574529,
    0.5027612195120541,
    0.6917858697958922,
    0.5667539210249513,
    0.5058058578722061,
    0.02960458408482818,
    0.3429655745487706,
    0.18917857541442326,
    0.6491420309356624,
    0.2516535296019096,
    0.13225041938183033,
    0.31518474485220005,
    0.5252497931280941,
    0.3087957134868918,
    0.5943477203034006,
    0.23461890754285905,
    0.17948870112199458,
    0.10958912724053406,
    0.0765965277902264,
    0.49028583885907323,
    0.6330350797504931,
    0.41853486261450235,
    0.5845264006717048,
    0.26773315808251863,
    0.03870514088974291,
    0.4289492222715027,
    0.4333875354110925,
    0.6985452213890805,
    0.5574589971497649,
    0.6614431389942123,
    0.40932815927083943,
    0.15230933233718705,
    0.5587012405375258,
    0.5331678478556159,
    0.5616350701514053,
    0.49789466996196796,
    0.5350557889149041,
    0.3155839599243869,
    0.613316471803258,
    0.2626566284881263,
    0.5851236692108104,
    0.6599673515365191,
    0.6386341741401733,
    0.681820816836106,
    0.718357814380243,
    0.613534475181443,
    0.551687220375972,
    0.6708380654137351,
    0.5904034565967996,
