{
  "config": {
    "mf": 0.45,
    "mf1": 0.5,
    "mf2": 0.002,
    "T_coh": 30,
    "tStack": 2592000.0,
    "nStacks": 4,
    "gamma1": 1,
    "gamma2": 21,
    "gamma1_upper": 8.717797887081348,
    "gamma2_upper": 47.70744176750625
  },
  "mismatch_list": [
    0.34024126113618025,
    0.49446226846879093,
    0.5046993646959703,
    0.40742130837414153,
    0.5014495141035875,
    0.5081748446435453,
    0.5007626510737254,
    0.35358263130305706,
    0.5139839963986041,
    0.5053827220318626,
    0.5183673065196656,
    0.3567906665560265,
    0.35208949480130886,
    0.5002003666739046,
    0.1716910369018744,
    0.3313681689926645,
    0.5191692069093831,
    0.3234976330421704,
    0.5001670445106037,
    0.5221703339357826,
    0.49361132450467077,
    0.4005788804273564,
    0.43378615093306394,
    0.5083667181413375,
    0.4945342978304597,
    0.3848858040066974,
    0.5224729801347864,
    0.45349230727863027,
    0.456770637116871,
    0.35451189319328674,
    0.3876566756075115,
    0.33664145554678854,
    0.27359259759346033,
    0.5192495848824645,
    0.5314855049312465,
    0.30396911057146714,
    0.49292185931021243,
    0.5176383751621655,
    0.48776722423343843,
    0.5215146245987246,
    0.4935802069530416,
    0.4684891601051159,
    0.09230774123728301,
    0.24041420388653523,
    0.4940178404404713,
    0.5384221167799428,
    0.5217751301877404,
    0.35721756611449695,
    0.5231805520578929,
    0.5492636380169308,
    0.5334468142132544,
    0.29955041824013295,
    0.5269461010755903,
    0.2875858822740259,
    0.30425874594749003,
    0.4052334300663928,
    0.3339961383877393,
    0.5136809165055011,
    0.10183325387093668,
    0.5442958166734564,
    0.5268901545367728,
    0.37701042513876043,
    0.3759000236796978,
    0.4098816549998135,
    0.5097784647171056,
    0.49848731112260564,
    0.0791736045675506,
    0.5085849024144907,
    0.36110194731541906,
    0.3585282619651142,
    0.13360900857818014,
    0.46630514890308644,
    0.002410760933645092,
    0.3305792071435779,
    0.3372391582980571,
    0.43334519245753916,
    0.48874187943940123,
    0.4168951029864465,
    0.5246494739724269,
    0.49409153229618763,
    0.5154905051350827,
    0.08877486910389258,
    0.3708608596568786,
    0.5061873330097012,
    0.495051550326297,
    0.5637947395218783,
    0.3365326706101989,
    0.4844245992449675,
    0.4672161233587931,
    0.5007879498961881,
    0.5018586683451592,
    0.524891511421045,
    0.2568787498276066,
    0.5068392113822149,
    0.4861812771944271,
    0.49508147521915286,
    0.48883537665898835,
    0.49141932610297806,
    0.5572663061030301,
    0.4978334449854698,
    0.5381719475669616,
    0.4908876171371621,
    0.3643418590846915,
    0.4996020495226618,
    0.27505436355535484,
    0.17657016780202964,
    0.31571224569985074,
    0.47210501237618396,
    0.3529436553299993,
    0.09623686521278912,
    0.5237709181506474,
    0.4785780413738388,
    0.4263744633396932,
    0.5069117828615078,
    0.41916393752607584,
    0.44946856570711363,
    0.44756620268144387,
    0.49261834572301,
    0.5164812431638968,
    0.5117755176211358,
    0.41860414686732633,
    0.4725517895808751,
    0.42878988648490646,
    0.4828633004872698,
    0.4761479810527722,
    0.44934051752427745,
    0.2873613732952569,
    0.5060149757463803,
    0.5069203121787953,
    0.3590528149782907,
    0.42007021362903946,
    0.5566697237281848,
    0.5413713089379438,
    0.5375929659443154,
    0.5238797753695869,
    0.2305719499956486,
    0.5307179025165534,
    0.4402575897190212,
    0.26504513743621444,
    0.4781739830379346,
    0.48722525117393767,
    0.32102557667581566,
    0.2801316926589178,
    0.4373571881471981,
    0.5304777805502074,
    0.49720957602353977,
    0.4870655794630231,
    0.5051306011954344,
    0.31135687270702317,
    0.3422226649114585,
    0.5126144265739988,
    0.5054850376981368,
    0.3259101287522129,
    0.4795570335207952,
    0.2982739842233652,
    0.3419426430879714,
    0.5071559887806227,
    0.49223918865664407,
    0.11514383175675891,
    0.5007288952163251,
    0.4933362178809764,
    0.5256707874352459,
    0.3644108164464898,
    0.34882919940936646,
    0.48426431313407886,
    0.06733563499610687,
    0.16003948351080577,
    0.556399713010158,
    0.3166893585057099,
    0.009433569484589259,
    0.3456212364387469,
    0.5128508982816751,
    0.39334789870871917,
    0.5279674506795842,
    0.15787404887269893,
    0.27174477160078514,
    0.07474154000148613,
    0.34044408540998117,
    0.44863999313028546,
    0.12538718040720406,
    0.32277177368454074,
    0.4810455800933252,
    0.574387645616408,
    0.5241918544152517,
    0.3113135032970871,
    0.4566564310040394,
    0.2870066838043299,
    0.14701022853076873,
    0.2985370919769772,
    0.5064129623648934,
    0.41765717580137274,
    0.49136630699933126,
    0.4850652377120728,
    0.4570986544206873,
    0.4869640589025978,
    0.3358797441436117,
    0.5162326280214383,
    0.5178917970808917,
    0.4907328244848654,
    0.4272922323362899,
    0.09712080606963566,
    0.4905200252467792,
    0.3169557189650671,
    0.45737148415036,
    0.48735734716836787,
    0.2608761083414121,
    0.5157162790549747,
    0.47591711122721264,
    0.34168922116924505,
    0.5239425164492943,
    0.11139765440883302,
    0.2776340483407008,
    0.5297159245823309,
    0.19250358303608422,
    0.02493502539568081,
    0.49194666198662546,
    0.46729256194380536,
    0.13932827723114652,
    0.47836827799444814,
    0.2630197137098511,
    0.4243217891674201,
    0.5063586060377736,
    0.4963986764812605,
    0.17868760695980726,
    0.33660408557189364,
    0.4946042310039816,
    0.5102562510499011,
    0.5041776306944397,
    0.38091179269190745,
    0.5032026863590773,
    0.52158553358397,
    0.5201933393838479,
    0.4179371976248598,
    0.4253616791941617,
    0.372058867324012,
    0.5148017627641234,
    0.36136028443393814,
    0.1548448401533658,
    0.3655290243993409,
    0.39151293897432504,
    0.5181130533539154,
    0.3026416452156746,
    0.3888663207329777,
    0.3193992960855638,
    0.5036495358461184,
    0.20869338376521074,
    0.4880402346689859,
    0.4949554870832886,
    0.526854121785351,
    0.3184545657724569,
    0.4898843742618165,
    0.47143636449849496,
    0.31424375747941613,
    0.4967023346331627,
    0.04783920588875631,
    0.30411909644749596,
    0.3471912090784318,
    0.49919119664586764,
    0.5437484224377136,
    0.3130370759302955,
    0.16620220438036823,
    0.262483378673642,
    0.4436022024721142,
    0.4698683796234321,
    0.4976714240981837,
    0.3670357499828691,
    0.3127059504854338,
    0.4970301712311043,
    0.34360412518262134,
    0.5472279501968826,
    0.5229729210078241,
    0.2488476747779992,
    0.4987396488060835,
    0.38950023694154295,
    0.5303290234741268,
    0.48648095981708517,
    0.49373492732298846,
    0.5116551675085633,
    0.5461375348075656,
    0.5003872888307289,
    0.3945974436913266,
    0.517659047914235,
    0.5219216465109744,
    0.4981369947138472,
    0.44456493109034456,
    0.4512936950419223,
    0.05945078714033387,
    0.4905575036451989,
    0.49144014341974734,
    0.4932102297451122,
    0.5231015835906344,
    0.5277336534188539,
    0.5098674442898244,
    0.40803447954828737,
    0.4353277527504157,
    0.5565433380393962,
    0.5184851267499918,
    0.3721784946130856,
    0.4915825757902123,
    0.3079680592969703,
    0.4887821045671169,
    0.29455578014484807,
    0.4937031953713853,
    0.3892277324824448,
    0.4941637062225562,
    0.5047461675175263,
    0.5278407035790461,
    0.5128747875983148,
    0.3623621900858107,
    0.5147307092141781,
    0.41667626817214415,
    0.00939294680394916,
    0.06624315955981784,
    0.3381654566119412,
    0.3833974381400421,
    0.4708892593921517,
    0.5322947058383032,
    0.49355671518932626,
