{
  "config": {
    "mf": 0.15,
    "mf1": 0.25,
    "mf2": 0.01,
    "T_coh": 20,
    "tStack": 1728000.0,
    "nStacks": 6,
    "gamma1": 9,
    "gamma2": 75,
    "gamma1_upper": 13.2664991614216,
    "gamma2_upper": 100.0
  },
  "mismatch_list": [
    0.06030818511750884,
    0.10281881577037118,
    0.08547479679539174,
    0.037778866590632884,
    0.09301765687497676,
    0.05770472009769391,
    0.03918707097499722,
    0.15035113491753796,
    0.05754609652098271,
    0.08689210875353853,
    0.024084762020723415,
    0.041398910322166325,
    0.07884372411727823,
    0.056381736582294034,
    0.1116479580114827,
    0.01762098679911392,
    0.08832329891935384,
    0.05056416540524963,
    0.05978525858949921,
    0.07819860430768724,
    0.15113351887485033,
    0.06432137245065186,
    0.08661898996356211,
    0.12658763171964113,
    0.02718892675157889,
    0.06819968095301653,
    0.0923908606364481,
    0.10424686165476159,
    0.16725273181133488,
    0.06346938060800211,
    0.021092924033184964,
    0.06926233965113439,
    0.11358022737057948,
    0.03892620404022815,
    0.1250388020591357,
    0.07364232367601628,
    0.053583542961130284,
    0.02010095745537858,
    0.12196027948541774,
    0.03528588511467899,
    0.06928228957465787,
    0.005067605845457701,
    0.006181874128342845,
    0.03161509918635755,
    0.06728621298733516,
    0.01255370622414845,
    0.09918868865357858,
    0.0720431855127125,
    0.0889026056660168,
    0.014978706167226115,
    0.006632373760082437,
    0.003413822239459149,
    0.025289563923946122,
    0.11267597540217798,
    0.053376670928071523,
    0.029012501554521893,
    0.09454946404638878,
    0.03744513906560413,
    0.12420198950612338,
    0.03417389372523946,
    0.05693122686716918,
    0.10599378104503554,
    0.10676819587528825,
    0.04756050925649346,
    0.005708497138649691,
    0.03217922664338308,
    0.007915240581440521,
    0.09750541385628443,
    0.09096368214003697,
    0.07212027461937118,
    0.06663708150834,
    0.04332537902415166,
    0.06124724102857902,
    0.07253141652155085,
    0.031199403497286646,
    0.023946196791033117,
    0.090686985374646,
    0.04932759541728572,
    0.06772370179938553,
    0.11217630571436285,
    0.02426452817942961,
    0.02760408032316274,
    0.0590489546185862,
    0.05758328578059443,
    0.03719663240953984,
    0.1035066002261931,
    0.12292416437739487,
    0.05849458527632758,
    0.04698044354534862,
    0.05144315469875453,
    0.06433264849438253,
    0.01547051515147901,
    0.10048895744627101,
    0.11242942036906708,
    0.046357116858737085,
    0.01030348495889611,
    0.07850674388732717,
    0.051983428986349806,
    0.08159475351706852,
    0.0215936237442255,
    0.054526827388599465,
    0.11148266638968077,
    0.030529021012799067,
    0.08849493331575427,
    0.06673097625709727,
    0.05361823848030157,
    0.06382587706748702,
    0.01654347408185085,
    0.02043956403779079,
    0.0967443893279619,
    0.007964898543254415,
    0.1324250986084603,
    0.1658050070621645,
    0.13376754414164532,
    0.12214877373566546,
    0.04729888335724252,
    0.09392635420677206,
    0.06875036389636319,
    0.0769405664672361,
    0.10295618834158997,
    0.13374873266484463,
    0.014318190221002867,
    0.028255271848608703,
    0.05587453146140888,
    0.09306655587230878,
    0.045170313256084484,
    0.0726113246391422,
    0.04298005018490001,
    0.11364056504688828,
    0.092786335343252,
    0.11751122969268553,
    0.01435418682214307,
    0.052575204435214955,
    0.05518821072280199,
    0.00045180071370851403,
    0.14680221700030566,
    0.018184897409144633,
    0.03656289706717692,
    0.08159301874110995,
    0.14069070972178205,
    0.00901357061020636,
    0.0602030143250209,
    0.035863890779373034,
    0.05666656510999076,
    0.004499575142525398,
    0.10751615537217286,
    0.015640740042413104,
    0.03807074264566128,
    0.12360289547118304,
    0.04410906406343295,
    0.054586026618185464,
    0.11311010308580863,
    0.09038898339201394,
    0.048240541432250546,
    0.05646316262884913,
    0.06230979130319948,
    0.13344709849504932,
    0.014406663794889632,
    0.10824161699334486,
    0.07418314008109861,
    0.0014490800428879987,
    0.01982751339490993,
    0.12740378959639678,
    0.09686582364506137,
    0.03626700934274435,
    0.04899224153979582,
    0.125283080198801,
    0.12679125104777758,
    0.0994957439982444,
    0.10656712449934094,
    0.07706481979526825,
    0.10227474666036654,
    0.06820098203498544,
    0.13354809498288697,
    0.0788793954479262,
    0.02026055684356647,
    0.01778600736217232,
    0.01386454630783838,
    0.015096887779403287,
    0.07053046087684468,
    0.030989712453295223,
    0.030384709337746025,
    0.014618089614839621,
    0.09694779180910353,
    0.10674385480011965,
    0.06602199500753164,
    0.07831927966030484,
    0.0919011659103947,
    0.027763137593863577,
    0.06539845147392528,
    0.05190287032777399,
    0.11642867528279288,
    0.030522732449949273,
    0.0616034122175717,
    0.1498342258936346,
    0.07870776105152577,
    0.1005904960515957,
    0.07156167676071357,
    0.09957169465818029,
    0.02563933812659159,
    0.04109564979990986,
    0.026424757941831443,
    0.14230665352718444,
    0.049354592868140874,
    0.04093052081335404,
    0.05600247118835298,
    0.0524212430688924,
    0.04066336531573519,
    0.00699288188897152,
    0.022379043559465354,
    0.014013086499290422,
    0.05678203613473268,
    0.07863793631919357,
    0.05515785214352712,
    0.03658891870655538,
    0.042064522172767856,
    0.09810494158521442,
    0.08958469788822469,
    0.05629543147835547,
    0.057054395960227225,
    0.08196263444378149,
    0.09058203142915289,
    0.04910706202355327,
    0.09825115067147214,
    0.03380904865645397,
    0.011779670876136671,
    0.09168025303442132,
    0.12127200712385747,
    0.038051985380609304,
    0.014404386901444017,
    0.05561008655122528,
    0.014101126379187546,
    0.06646880824035928,
    0.039366728710206,
    0.028792943972266137,
    0.02345915844066627,
    0.12308766701148953,
    0.14499664049793273,
    0.15415967289931914,
    0.05866849656617362,
    0.01571587752611841,
    0.035977410181161566,
    0.03944544416932584,
    0.031720053131850674,
    0.05760540417406612,
    0.015805977452466327,
    0.06952320658590345,
    0.03840880711058644,
    0.046056675347413284,
    0.16165938042693487,
    0.1240973608311225,
    0.10079606700268554,
    0.10340381475064818,
    0.09363984511486548,
    0.09126103358168458,
    0.0040255476118477825,
    0.13059420521944212,
    0.0982591740102805,
    0.020864692571136385,
    0.049769854863222135,
    0.10638849678735755,
    0.031068970029902117,
    0.012835715740912511,
    0.15394716284439505,
    0.07204882353457782,
    0.08714506077299665,
    0.051761377663653615,
    0.025339221885760016,
    0.04213640695155085,
    0.021825107911196386,
    0.15870484012250555,
    0.04547216427287462,
    0.01225055412538939,
    0.1319870134671742,
    0.15858768853355376,
    0.0277295263096664,
    0.10377760475797002,
    0.09961360033992935,
    0.08535401301927673,
    0.03045193190614038,
    0.028749357726307215,
    0.14356360713266147,
    0.02977352608284444,
    0.064657051598634,
    0.08660261801545317,
    0.04579916954106394,
    0.07168289423081824,
    0.06229233512011643,
    0.08259441816319102,
    0.07761843017304498,
    0.052500066951509654,
    0.09878296792626942,
    0.06557171222278686,
    0.07802848784025056,
    0.05811000713101343,
    0.006437103041246575,
    0.030588111818887657,
    0.10682983463356599,
    0.05690368729882698,
    0.10365215877146636,
    0.03360954942121911,
    0.0891691106226512,
    0.12149704009273245,
    0.01648741913368975,
    0.12386918358082262,
    0.010668221604184193,
    0.050609703274161935,
    0.1180186516605655,
