{
  "config": {
    "mf": 0.35,
    "mf1": 0.8,
    "mf2": 0.001,
    "T_coh": 40,
    "tStack": 3456000.0,
    "nStacks": 3,
    "gamma1": 1,
    "gamma2": 7,
    "gamma1_upper": 6.4031242374328485,
    "gamma2_upper": 23.685438564654024
  },
  "mismatch_list": [
    0.3297563910446172,
    0.5159300543277148,
    0.3374548863771523,
    0.19176028756488733,
    0.3609843370467265,
    0.36160278413952096,
    0.17154371398513363,
    0.039799629213645174,
    0.35194773428156106,
    0.02327449303656113,
    0.36524976794681097,
    0.05324152906923604,
    0.33948782519024784,
    0.34344788157475453,
    0.4686853694869003,
    0.1209967233363269,
    0.41944688668160524,
    0.40400403291691156,
    0.18545958674853502,
    0.35183622081120003,
    0.40284525779344715,
    0.13360186557644765,
    0.4600379525281139,
    0.4944884589250405,
    0.3660342654818591,
    0.3804387483125253,
    0.4008260345408773,
    0.3416876276211222,
    0.39701370504345557,
    0.40277196357277234,
    0.1702339592724833,
    0.3332613944052006,
    0.3292121597714261,
    0.24148488669916984,
    0.3263418128024403,
    0.4524394777851831,
    0.00374494435223034,
    0.3728975211265712,
    0.37554825649204104,
    0.43109416236469705,
    0.4604057247123283,
    0.4177379712094663,
    0.09896047977789682,
    0.4893658325979516,
    0.32266278987945596,
    0.3585274085147718,
    0.40903422829263175,
    0.37329147756269826,
    0.3196583773722092,
    0.44431840223803254,
    0.36611943206520237,
    0.37058344042855,
    0.4304921414175124,
    0.48533421676722394,
    0.32608479512476335,
    0.4107073098299585,
    0.4901877904188624,
    0.35357533220117615,
    0.4147445636776611,
    0.378602489553134,
    0.47356225417026226,
    0.36668892599137753,
    0.33940238754839613,
    0.472514450400142,
    0.32607763918014127,
    0.4884850008690136,
    0.4592801271502936,
    0.4453055973256717,
    0.35845812596002147,
    0.4894871583863171,
    0.46329347363755424,
    0.35272241949860467,
    0.14648603544512848,
    0.43653658352001135,
    0.3987444678313726,
    0.21654051061568122,
    0.43107833254780575,
    0.3469790149755489,
    0.18874774330238822,
    0.317239613878239,
    0.4328158175867314,
    0.38756693654336,
    0.4353383964894237,
    0.38992422396762216,
    0.42245579876009165,
    0.38751792916503897,
    0.41383879456594913,
    0.29345092285121893,
    0.4380650282372491,
    0.4556530932492228,
    0.44669580220361893,
    0.41371882407012567,
    0.044025648206606434,
    0.10622772102354729,
    0.3373458666450687,
    0.3567618418143746,
    0.4131520407290346,
    0.4527583510144798,
    0.09304197145840645,
    0.23620374535636116,
    0.019355312275123084,
    0.4410480271223312,
    0.4343920228131515,
    0.36353987666404175,
    0.4296962594251109,
    0.4192437012236991,
    0.06416366903062214,
    0.4438544584950333,
    0.41745710038304906,
    0.44166110725665914,
    0.46085232071078913,
    0.381167299371437,
    0.3886947567851637,
    0.2987509840779148,
    0.11261662427853712,
    0.48019917596044975,
    0.4011329269841022,
    0.4456317349229939,
    0.4793842656607577,
    0.36490622839324866,
    0.41125067371592267,
    0.42960637642372124,
    0.3748013276662589,
    0.3380774535592747,
    0.1273338002045082,
    0.38068074934883617,
    0.4893443647640853,
    0.3948587899015743,
    0.3304021608350597,
    0.3754365261748733,
    0.39239486806010254,
    0.42704763831600673,
    0.43700518946935524,
    0.3934257577792979,
    0.10709104237284185,
    0.49517315271729107,
    0.33156088174682247,
    0.11768606892627545,
    0.34259133668817027,
    0.3592221856835353,
    0.3557336084685617,
    0.07095151619829383,
    0.37129518585994015,
    0.38525236794002365,
    0.3663952612033632,
    0.4640155192922641,
    0.34811534645451675,
    0.35890038502234767,
    0.10128529439285117,
    0.4060776847179707,
    0.10630231632506247,
    0.08981664626680333,
    0.47564208610531317,
    0.2171105466588732,
    0.05353210379025449,
    0.07772570201714152,
    0.45842515440305814,
    0.4220494278442793,
    0.362529207909574,
    0.28654646631322805,
    0.4306356397918661,
    0.40113802288406036,
    0.10041297390107731,
    0.38334704347268883,
    0.07449490144366845,
    0.09351101110136385,
    0.3743849817973369,
    0.3235972911930597,
    0.3576795375004567,
    0.4437393670523612,
    0.38135877510177973,
    0.43587124330526145,
    0.4189721005982695,
    0.2959848862112645,
    0.3700097179896436,
    0.36873709829264584,
    0.4201893159361477,
    0.44576856525804065,
    0.13486120340653324,
    0.11334165157683951,
    0.33323987235963265,
    0.14519330320680648,
    0.42563542348717637,
    0.46049116235418003,
    0.4758627819428628,
    0.433253739712923,
    0.42491614262925237,
    0.32681036454008255,
    0.3929089034154565,
    0.4160790389262787,
    0.4271610491959266,
    0.03505306946112809,
    0.4047129593398142,
    0.4313397955850207,
    0.0016807795989656842,
    0.41799835001264757,
    0.373639896169412,
    0.3621424616297707,
    0.36558907898764204,
    0.4247723731963902,
    0.3277234522315217,
    0.4342378447335663,
    0.40579209747350703,
    0.05505198305862638,
    0.479439886866684,
    0.34688755983481045,
    0.436526391720095,
    0.37229327749961755,
    0.371782928539978,
    0.3997934642589298,
    0.3683706271892718,
    0.31422522641788264,
    0.3676987273586183,
    0.3714081088345449,
    0.37387734342278156,
    0.3897390367946746,
    0.009059642738380507,
    0.1145890628325549,
    0.05393782416564667,
    0.41823048451925227,
    0.32012627856943127,
    0.37109086195629865,
    0.0038397064067714317,
    0.3619148266944057,
    0.41639232835030215,
    0.4042589905499246,
    0.0036701322039084253,
    0.4240363409226463,
    0.4465476958346222,
    0.3608800879443909,
    0.3282188387614968,
    0.38710402282269274,
    0.23821006622393054,
    0.45645130634479664,
    0.38487456659099795,
    0.3743326132935116,
    0.4614985241948451,
    0.3740764087913599,
    0.06845994638896397,
    0.052232107183907014,
    0.368634258694554,
    0.3967770167539096,
    0.3576405050752453,
    0.17536309100377412,
    0.07895489814109159,
    0.4049633089781842,
    0.3983796772907507,
    0.36032664068191383,
    0.28256347837890966,
    0.3264426465675698,
    0.4800425583542889,
    0.4686314288437262,
    0.4994428121301068,
    0.40178791276383075,
    0.06089838981487897,
    0.44249472059343165,
    0.05091714814789516,
    0.4175380926653628,
    0.42623820339818463,
    0.34851759728100123,
    0.35573290371643984,
    0.35436481721277907,
    0.2995498477139088,
    0.20449407417310078,
    0.33226357382403165,
    0.23838392315122647,
    0.3410028254054683,
    0.035478414472529356,
    0.2552824153177982,
    0.41739654591226966,
    0.43475795179950866,
    0.4001418286539419,
    0.38818836527974704,
    0.4493852447240901,
    0.3452761170022967,
    0.3749299720343516,
    0.39285588437121094,
    0.5028313687554761,
    0.4544268245571636,
    0.3551895398304757,
    0.4549119650755207,
    0.34625561402829697,
    0.3735752758210064,
    0.4617832982637835,
    0.37206000454727756,
    0.04072946832090422,
    0.4307877578267873,
    0.12945813994664052,
    0.4228873239054847,
    0.4520787531221874,
    0.0579620672049455,
    0.3569046354366064,
    0.35212544023967646,
    0.4536945328908357,
    0.38581237481840436,
    0.007645367864886224,
    0.44839598959178695,
    0.08719084828410748,
    0.4284877179595019,
    0.4168512304050449,
    0.42853824326547,
    0.32665320481690485,
    0.3913330776709482,
    0.3673410385509169,
    0.46344629642459734,
    0.41872928638643336,
    0.39105123103390066,
    0.426529808141535,
    0.356354657723037,
    0.06425062460012093,
    0.3337763513594831,
    0.34883413940712565,
    0.02790232916239343,
    0.44078407034683886,
    0.4149458517260084,
