{
  "config": {
    "mf": 0.55,
    "mf1": 0.001,
    "mf2": 0.05,
    "T_coh": 15,
    "tStack": 1296000.0,
    "nStacks": 8,
    "gamma1": 13,
    "gamma2": 67,
    "gamma1_upper": 17.776388834631177,
    "gamma2_upper": 100.0
  },
  "mismatch_list": [
    0.46695441763317724,
    0.7288927047511436,
    0.1611832118894532,
    0.07847384335329674,
    0.5759400961990504,
    0.003092525375419743,
    0.7952598071161623,
    0.693589096014586,
    0.2929546888363188,
    0.12379115102892391,
    0.573429479376707,
    0.5573803178801513,
    0.5038901242734908,
    0.1523036943187857,
    0.53337800860564,
    0.18693196964606545,
    0.10134338076400642,
    0.6181150760033793,
    0.6652620290736707,
    0.5633965533492431,
    0.6697741062873447,
    0.16722615566366417,
    0.44028326560964903,
    0.1810510827597493,
    0.39239762370535197,
    0.741266817919762,
    0.7246567278039889,
    0.14251305851800494,
    0.008805211379429386,
    0.3326112091901435,
    0.5327970397222972,
    0.6671320441257341,
    0.1495491609182973,
    0.7755472528104799,
    0.7608484509327595,
    0.8571073329802102,
    0.13180364256466806,
    0.023057037663697696,
    0.22460976238788294,
    0.5723682308360863,
    0.017961570110059902,
    0.07647559952374647,
    0.4749922079694402,
    0.0714816163013327,
    0.5503053998916344,
    0.4685565906700337,
    0.37234644495472524,
    0.7768557790556001,
    0.18688455246566446,
    0.8536201824578407,
    0.327747840060694,
    0.686254973744182,
    0.4380633681464104,
    0.04607417550486286,
    0.20401415345009138,
    0.8027102677278092,
    0.2666860768701885,
    0.3947846016754456,
    0.32126332379399897,
    0.11434681966610209,
    0.133711316688361,
    0.30275139634922404,
    0.2625624446679092,
    0.46796022565951806,
    0.6517487109176902,
    0.7387912399361372,
    0.7234510231124059,
    0.8261460645764171,
    0.6999854098203294,
    0.6907065145423288,
    0.6481428005974564,
    0.3795820464676803,
    0.29311782995852154,
    0.10931980343843949,
    0.7097112264800666,
    0.8870283418125275,
    0.2866084485850309,
    0.07566488139054929,
    0.7821230796764761,
    0.04907569748070208,
    0.8646178963136611,
    0.1950152978232623,
    0.265319724795311,
    0.07384589763324662,
    0.24606039850092318,
    0.5417536463522599,
    0.8072252904446864,
    0.8917333946624446,
    0.22332790830673827,
    0.11839816958118486,
    0.6619812444812474,
    0.5373292114118119,
    0.6433058145028338,
    0.5763278906698602,
    0.16715351196503156,
    0.21316552470290534,
    0.7300433664810265,
    0.38733114134888,
    0.2683691699275616,
    0.23676851048179903,
    0.5446781154099476,
    0.3242234280192745,
    0.33990463653285574,
    0.8422208320732121,
    0.16693297870679472,
    0.6736167410981472,
    0.8573529030156748,
    0.07350378556794505,
    0.21199534675547943,
    0.32605563943513416,
    0.6548580780660267,
    0.311582918481193,
    0.6999100193947833,
    0.16193682701576506,
    0.613231178704366,
    0.11039709864681775,
    0.703799511198261,
    0.7457110401363302,
    0.79320901406382,
    0.2163513665110959,
    0.6637987825928061,
    0.6485247402030033,
    0.7472206195632878,
    0.6710830662261881,
    0.557216959911087,
    0.22671440574418664,
    0.19175659546957755,
    0.340569416728203,
    0.22862605539367536,
    0.3211704410549513,
    0.6573257230686318,
    0.4722493481583341,
    0.18483824091512846,
    0.636652844365827,
    0.8581618050564062,
    0.642314209945927,
    0.5321401021551109,
    0.5359750750434705,
    0.5061404164384956,
    0.19869663471018562,
    0.3307461093336094,
    0.6324948780771292,
    0.3643591076549255,
    0.6455510830488784,
    0.31140669426500767,
    0.8998586284956437,
    0.4331893012384558,
    0.22645411722799164,
    0.8916843511305818,
    0.2138039218634258,
    0.6805098691343647,
    0.8168597784345507,
    0.10985368041167365,
    0.5742655324515665,
    0.8344577505694398,
    0.1203844868333477,
    0.030835696000360832,
    0.6592451069228505,
    0.6425306231137937,
    0.24535326088527876,
    0.7282691254594985,
    0.23859154204718472,
    0.578491010396506,
    0.5473644866136096,
    0.2835262595766802,
    0.3381363226588779,
    0.10465217474271843,
    0.19404866679658203,
    0.18688144432731502,
    0.3569315966694635,
    0.6766526333015485,
    0.25415362935146596,
    0.13105190677782333,
    0.5847451268727618,
    0.7251001977065119,
    0.6644254700228007,
    0.16348908913331225,
    0.41673955130625656,
    0.8571033393838426,
    0.7232962305943743,
    0.8669823312454353,
    0.8553594027112219,
    0.6538741354315628,
    0.16364001454897878,
    0.18730010333475777,
    0.6602935976397809,
    0.6963591701068217,
    0.7421695152634169,
    0.06663617317910799,
    0.9020116377373678,
    0.08979671907807123,
    0.714575860549542,
    0.6305214993543746,
    0.6666931460778763,
    0.643893216509737,
    0.42725886484426634,
    0.06328184135946213,
    0.3801039245812398,
    0.8799578059376718,
    0.8462467747643453,
    0.7635130651679753,
    0.5297714116036779,
    0.8258593749548235,
    0.617030950118861,
    0.17735557854453543,
    0.1626052936077593,
    0.5970286341943792,
    0.05950285110253618,
    0.5043367203849349,
    0.23796232473713824,
    0.6997656535966799,
    0.27559111008823645,
    0.12169106145671361,
    0.4812901636528808,
    0.5965049128824962,
    0.0034052908321194728,
    0.27518546189248905,
    0.5730413234944611,
    0.2205405587478626,
    0.5265636321213232,
    0.09089078377707911,
    0.8791960500187644,
    0.086966144711452,
    0.08285234290023136,
    0.7110745969105973,
    0.24964343147725912,
    0.7077956555164974,
    0.7540520365968111,
    0.32881696737061905,
    0.8917195887455901,
    0.726057938011867,
    0.6514837963351146,
    0.5575687578028728,
    0.1777891999854279,
    0.4181824503232753,
    0.11079356699209116,
    0.6823640182243885,
    0.07212196508360748,
    0.3704117372556208,
    0.5898856985736103,
    0.4543937438813044,
    0.8047806131388381,
    0.1451254126595776,
    0.02412124977809338,
    0.919569303461859,
    0.22098733556502487,
    0.06882148356792309,
    0.6102388365790008,
    0.48276558969913796,
    0.6825613488684352,
    0.9020082404698696,
    0.6403054851847333,
    0.24179126205451704,
    0.04405063287479378,
    0.24063489002394567,
    0.35051198989667104,
    0.2649432786435911,
    0.2954333930288649,
    0.5556696491302128,
    0.5532759127662663,
    0.21773658426293174,
    0.18835643667984903,
    0.22877763134992665,
    0.1964947716776025,
    0.3111914376137362,
    0.148233623291319,
    0.7522489730132635,
    0.6826562193703808,
    0.11292076242200018,
    0.5223083377329152,
    0.7403609762966141,
    0.39051691087478335,
    0.8651866404551818,
    0.8026233844185988,
    0.7539333671518061,
    0.28945564787770534,
    0.13463920440910387,
    0.7900519225353619,
    0.7096069954219291,
    0.19835878729982867,
    0.4770517833196768,
    0.6064276084219852,
    0.37714960293893995,
    0.1732372229492214,
    0.19463690004978804,
    0.7212939750978846,
    0.4005261283120467,
    0.04109732318451471,
    0.40773288919241024,
    0.060203917006056096,
    0.39973810681702926,
    0.7064461090733931,
    0.7175342842116402,
    0.7278874569125287,
    0.4944380587059389,
    0.7038412180779735,
    0.8775052498625191,
    0.3886998064569478,
    0.15870335118031192,
    0.306210537485305,
    0.3424261318394223,
    0.20214363242201752,
    0.6649101588995976,
    0.8864671240641613,
    0.23518422731102373,
    0.18222003190829286,
    0.7217656531629861,
    0.5405141858325561,
    0.31640248454460135,
    0.102469683363104,
    0.6901689150313041,
    0.7717681722006949,
    0.7428091773639632,
    0.2858149336361865,
    0.7496006765043823,
    0.4169232928803104,
    0.07971666499935524,
    0.835242826561254,
    0.6278850390700219,
