{
  "config": {
    "mf": 0.35,
    "mf1": 0.25,
    "mf2": 0.0001,
    "T_coh": 15,
    "tStack": 1296000.0,
    "nStacks": 8,
    "gamma1": 13,
    "gamma2": 59,
    "gamma1_upper": 17.776388834631177,
    "gamma2_upper": 100.0
  },
  "mismatch_list": [
    0.04694698412276192,
    0.034559318025294175,
    0.112314820008431,
    0.0037293323256218733,
    0.04113758441848322,
    0.05999176849313405,
    0.18770177600470933,
    0.03944805823754967,
    0.19226524592458008,
    0.025588724772758944,
    0.0703200399460832,
    0.01874511010327115,
    0.1385957922456719,
    0.16484337006622793,
    0.09947965427092904,
    0.05203103107502265,
    0.05932214538454466,
    0.026546392795826827,
    0.004825710057820047,
    0.11318741177946848,
    0.11313746471901562,
    0.04856646876740196,
    0.00432016774116696,
    0.10440287313417732,
    0.05249334858393217,
    0.07024081855931572,
    0.045901276273888576,
    0.11060346457676408,
    0.059089613266633166,
    0.13793773430303394,
    0.00849728883597183,
    0.1377766170848727,
    0.042983023492899855,
    0.1331738978830542,
    0.034743276446209545,
    0.09954933439578657,
    0.03484497762429518,
    0.17142922609957262,
    0.08326218346863613,
    0.10752749184511236,
    0.1540963673235488,
    0.0944557461816159,
    0.046610943769584884,
    0.11548013364705774,
    0.010329644816405881,
    0.08453211097239337,
    0.09992758760468644,
    0.01821831679418226,
    0.07421338078135417,
    0.025577231889094686,
    0.018564187538418035,
    0.18358862473407347,
    0.17396778002591753,
    0.19281032665232972,
    0.10750522890065581,
    0.13619630943989322,
    0.06622344131921536,
    0.024749888829842293,
    0.18200043831978957,
    0.006676064327766055,
    0.09059543835159377,
    0.08166221504153919,
    0.044078461555364476,
    0.08331733485376715,
    0.08234513809097276,
    0.1876323127267134,
    0.1309395078212326,
    0.10905120245921689,
    0.048944577411727426,
    0.19606021056697648,
    0.15608666010150746,
    0.04759036876109894,
    0.05804889289557638,
    0.04319589482869387,
    0.11713467520098812,
    0.11291787113051233,
    0.01489694569749805,
    0.02674538593247909,
    0.07989144356979665,
    0.08394149240370988,
    0.11067271100789842,
    0.0113291642837606,
    0.10684782149860264,
    0.15957341307129752,
    0.0945666272101755,
    0.07780573817273848,
    0.05626879700878548,
    0.03196178175259681,
    0.0825443480744866,
    0.1530056998920392,
    0.04403444164246174,
    0.09047118509990279,
    0.10840615532827434,
    0.03634570247107118,
    0.10977980791415871,
    0.04629116693102708,
    0.0012341477715949116,
    0.07771213261081887,
    0.13300945567968192,
    0.08424601767966919,
    0.03956118001701236,
    0.04006549353478311,
    0.02609390567797605,
    0.11192464022214371,
    0.1386932287688129,
    0.087967977211997,
    0.024930233136397834,
    0.04212618926047124,
    0.02368603812688259,
    0.14774340481955162,
    0.00034999083460598345,
    0.09899557979357335,
    0.1011265339024166,
    0.10807683722780659,
    0.05448797829912261,
    0.13097434788366136,
    0.013671110388930749,
    0.03096537042359155,
    0.14576858045105304,
    0.1553827029064997,
    0.02075961744744066,
    0.02330127951213504,
    0.15144563128747476,
    0.010035528189802877,
    0.09703130863900548,
    0.11118815599789746,
    0.05672070586833868,
    0.026010853329987146,
    0.0633335231948077,
    0.11313623592013328,
    0.0574984632785742,
    0.030519027300152487,
    0.11746233080885037,
    0.1088634853593673,
    0.09345810605372828,
    0.116433898426617,
    0.06725881280101959,
    0.0941570757709195,
    0.12045460065192841,
    0.05328469506416065,
    0.11758969219889079,
    0.002225643905070805,
    0.022308482297489607,
    0.052095579157489226,
    0.032023583108149914,
    0.04154265435593302,
    0.08017999446028551,
    0.004504343008943921,
    0.03593217550601938,
    0.03678272117946189,
    0.125933814868293,
    0.20001578645152374,
    0.11050219709240162,
    0.10176023271426927,
    0.03019274505574699,
    0.07720955386794084,
    0.029771628450539545,
    0.052596206278612945,
    0.06176398561062052,
    0.06652146118932697,
    0.08119830732231134,
    0.04798329527429972,
    0.17146500583173493,
    0.1297994715875677,
    0.023112261331115904,
    0.0859938756663704,
    0.010621303845244201,
    0.17178080714449692,
    0.12374330015479974,
    0.013807507064870751,
    0.09551366973702548,
    0.049434289907484455,
    0.015471589880711095,
    0.08417951797544831,
    0.1977313047646749,
    0.10461010645157,
    0.12643444198941672,
    0.194629165845058,
    0.06261004978225684,
    0.0583534181715357,
    0.08472430957404915,
    0.1346257599036853,
    0.10403994377016314,
    0.0023564025626094717,
    0.11425061194184341,
    0.1275646478320229,
    0.1335639331047671,
    0.09859123267899551,
    0.13021097464857798,
    0.12731657502236415,
    0.027962258237434014,
    0.028748038981548357,
    0.012989127009230737,
    0.03412078138887235,
    0.12232635047888461,
    0.018681646255112525,
    0.021125654949804288,
    0.023759260083812756,
    0.11184281667303715,
    0.06442896125727232,
    0.08045069162583682,
    0.09913718079419151,
    0.008604917161607582,
    0.06735812866362773,
    0.11800495393883531,
    0.011504448830212377,
    0.051113768850497676,
    0.025419439656144485,
    0.14454469676424003,
    0.1534678728363743,
    0.004989068026884385,
    0.12265559629706517,
    0.210025726711659,
    0.07377318165232682,
    0.037976679999375484,
    0.05056044794200763,
    0.06027410310692401,
    0.040430085391402804,
    0.020668252636424144,
    0.10703018970919968,
    0.04772864477650606,
    0.011936480060786512,
    0.02785144949116161,
    0.05338372179762001,
    0.23055772723671755,
    0.07836216721957798,
    0.051033824640858226,
    0.12482775130961048,
    0.24311771430686202,
    0.18071974075524003,
    0.0020448659047920844,
    0.0891342519159143,
    0.2005899246587264,
    0.11522692879500801,
    0.03292891875528745,
    0.044316559409390104,
    0.1276836967590357,
    0.06315346801740095,
    0.05428486507210013,
    0.16710255295255796,
    0.22328359926468674,
    0.15339241012854105,
    0.08697228870586371,
    0.0614510755893464,
    0.07155830780804831,
    0.056333055962103265,
    0.04006101203297691,
    0.039099440766400415,
    0.10702187724617207,
    0.07080852364295788,
    0.08972328027427948,
    0.06958912145795108,
    0.007546487630187627,
    0.08160605170438742,
    0.0996320253323395,
    0.0023222130407654753,
    0.024127249207930697,
    0.021600115882962834,
    0.15172493004520246,
    0.011341379990296826,
    0.1368086849770229,
    0.03023929484870161,
    0.04412515591289348,
    0.11203335278208741,
    0.07288989210278425,
    0.09592177553053753,
    0.09533325314818274,
    0.13324292746732697,
    0.03985775424138005,
    0.1513229682461021,
    0.09960990695245733,
    0.142021177553632,
    0.148950157604299,
    0.1163891556908423,
    0.02960219876935069,
    0.09416820724314778,
    0.06336308665027111,
    0.21007393899721916,
    0.06855917114768659,
    0.11868202212300595,
    0.10031263534858277,
    0.10247734528554683,
    0.003118836127959309,
    0.007158765441665014,
    0.06819269995159978,
    0.02158103335914293,
    0.15921843475887495,
    0.05365658743178721,
    0.0046577983046623235,
    0.13205171537432683,
    0.0691963395093247,
    0.10770863125682706,
    0.11349894843728586,
    0.2003148182736561,
    0.15590703861782387,
    0.06568739587736529,
    0.12674691831696766,
    0.10155870969756513,
    0.14161249350182237,
    0.12309153077114791,
    0.16669386890074833,
    0.11256101347862266,
    0.07477689349233894,
    0.07695793922620944,
    0.1635048466719211,
    0.12828616962281947,
    0.15735579250010553,
    0.05234639869406146,
    0.07144388494741608,
