{
  "config": {
    "mf": 0.6,
    "mf1": 0.25,
    "mf2": 0.005,
    "T_coh": 30,
    "tStack": 2592000.0,
    "nStacks": 4,
    "gamma1": 5,
    "gamma2": 37,
    "gamma1_upper": 8.717797887081348,
    "gamma2_upper": 47.70744176750625
  },
  "mismatch_list": [
    0.2844986308277283,
    0.05277977678632094,
    0.4540495680551335,
    0.08127232259670583,
    0.05333092970425821,
    0.017879762069634503,
    0.08504958135508589,
    0.2708885148839478,
    0.19222059763625152,
    0.06366586009201833,
    0.08790878198746971,
    0.13569081253746032,
    0.15598032358784142,
    0.06960551762980971,
    0.11306607560907277,
    0.26959769667955125,
    0.0435632711984616,
    0.1699835109503423,
    0.08611458949841543,
    0.07007108824547317,
    0.05589890474892147,
    0.18117758934893552,
    0.03680682310687466,
    0.16181596682413618,
    0.05979889893742055,
    0.0852700425222608,
    0.1205390586351531,
    0.02634937413604521,
    0.060510374107421404,
    0.16813741973406457,
    0.05942664483546947,
    0.23427164979259302,
    0.2783315007348224,
    0.16430392530746743,
    0.0858350013690277,
    0.22468469716152994,
    0.01212666527691802,
    0.0902987256043455,
    0.18544875340413727,
    0.033196247447348816,
    0.004604096558810799,
    0.03551130654973503,
    0.28074883936230777,
    0.043150683545270005,
    0.12122429531214265,
    0.026362963217825174,
    0.13447936035324673,
    0.010831437849177962,
    0.07722154742632911,
    0.02518345983226447,
    0.22560210474637712,
    0.24656080579207143,
    0.20437256173563223,
    0.019355189395658837,
    0.16828863441004158,
    0.17832214739874616,
    0.1387744498662632,
    0.03138976695881265,
    0.12382819468470295,
    0.33181848803250047,
    0.11611306578647967,
    0.1543236844106343,
    0.10094020543800357,
    0.0024289760858182317,
    0.07082614967245976,
    0.15400058230661073,
    0.043068570795791086,
    0.16583240787831352,
    0.18164381050574804,
    0.06391017443465806,
    0.2542538885735772,
    0.1638960360070189,
    0.3152571560249218,
    0.13294842018250427,
    0.3880429524853419,
    0.03261032671911281,
    0.3142684780430797,
    0.06623506393662977,
    0.03738081724737825,
    0.09121656688329205,
    0.1229936226728336,
    0.04217805224510424,
    0.1079809400117213,
    0.27845980190588315,
    0.22241322431612945,
    0.08342583064708027,
    0.03814657646214906,
    0.11753110092668864,
    0.0281413258722528,
    0.1701218593680383,
    0.18728400226793102,
    0.12817250847799683,
    0.18765112432303965,
    0.13234724787844074,
    0.08510097410586011,
    0.0018687878741442854,
    0.1552628489827994,
    0.1811154265280272,
    0.17686175480149965,
    0.3022974366654822,
    0.1260482747793292,
    0.16879511683574472,
    0.09512400615383014,
    0.12928847567800122,
    0.17958275158088727,
    0.25444659331839303,
    0.0846268741729092,
    0.1888270858734556,
    0.004411247249295175,
    0.14844185275275765,
    0.32780045676662545,
    0.11178906333350584,
    0.10374360409626968,
    0.10515130286044388,
    0.049985341139441614,
    0.15289516832969077,
    0.2363086386949393,
    0.1840714132269183,
    0.2009099480463382,
    0.15371174203643667,
    0.14952550974235967,
    0.12278964188143439,
    0.29476164027734447,
    0.27885410212455175,
    0.04160991297494202,
    0.07848323584371862,
    0.09694646104169274,
    0.05255468954875286,
    0.167412861458733,
    0.19757585237515465,
    0.020109672563846277,
    0.20517901591339302,
    0.27567982272898256,
    0.16234760350760222,
    0.043320691632219306,
    0.010941234738666055,
    0.27747574999443425,
    0.22940379493902116,
    0.33457743304558213,
    0.060880532021225564,
    0.1334847552187134,
    0.16876049359014578,
    0.03090937846142103,
    0.1352247359453476,
    0.21003559472038152,
    0.12203205057220154,
    0.11612455868011272,
    0.08555808768658604,
    0.11405959650835772,
    0.1344555794601318,
    0.20661476022932587,
    0.18958055708874452,
    0.09545057781064858,
    0.06728178464543629,
    0.2813388079021378,
    0.1259408632073876,
    0.03609874520731879,
    0.08432885404429867,
    0.1513272195958029,
    0.1810691658240954,
    0.12323316638038037,
    0.3988201785720998,
    0.21533721595566374,
    0.08099670999656225,
    0.14566093390530838,
    0.04585368201953416,
    0.3429646432331143,
    0.13970515740349077,
    0.12638344803578497,
    0.30896823017244546,
    0.13603502108765275,
    0.11122714034543446,
    0.28105864151395094,
    0.07007643713936529,
    0.01864053380226267,
    0.033239905986684436,
    0.03211909586923718,
    0.2648003171171254,
    0.16035940519143402,
    0.11765506515675585,
    0.07866907376529458,
    0.11755423127865453,
    0.18519345214431374,
    0.054300452863378555,
    0.027086292693208554,
    0.16575976411667065,
    0.12217762722488687,
    0.023372931532134274,
    0.2859580837544262,
    0.10839511787661056,
    0.06584698000005204,
    0.39972638239271346,
    0.08688714325407622,
    0.14463119954872683,
    0.16640495637181926,
    0.1705169546925557,
    0.124881999063799,
    0.0659254786320363,
    0.12352619902684826,
    0.17046823638872755,
    0.027147515843568275,
    0.14755877928410982,
    0.3100514534679481,
    0.08661391597147912,
    0.3437627126582875,
    0.06852164379315799,
    0.17118831315836572,
    0.03984304321414745,
    0.10565503855685109,
    0.04932865599065996,
    0.15088745377905136,
    0.1159317093705971,
    0.1347344447660206,
    0.2917113973941924,
    0.00274709070769914,
    0.22526736518402074,
    0.29130133962324706,
    0.17589440011287613,
    0.06738413645288535,
    0.23685740629533006,
    0.20011954055025372,
    0.07174666539835237,
    0.0869246577936709,
    0.17526583279820301,
    0.1724819503744081,
    0.03264256464716527,
    0.18586726821002011,
    0.2439070315980847,
    0.10103084750476991,
    0.08768701973799672,
    0.04549573982286198,
    0.2711431656026223,
    0.08685729064357024,
    0.17447990680781192,
    0.2021727206989761,
    0.020263778533819034,
    0.0674680562611116,
    0.022436513689265115,
    0.010118950726278596,
    0.15874382238896637,
    0.18184200870915576,
    0.01824211348965018,
    0.004576484701151516,
    0.04830441509267031,
    0.14879762647893302,
    0.09612555039395326,
    0.028333524640619386,
    0.26993901393574793,
    0.16234984426044893,
    0.1686086283730197,
    0.17431466935595558,
    0.028286251983789094,
    0.005547959483718979,
    0.17048645154090067,
    0.0050633063276836485,
    0.03964679663418683,
    0.05927730950058968,
    0.2392590596528886,
    0.12825548861567446,
    0.08404312191517001,
    0.12863301932916774,
    0.16785898812227515,
    0.03511346449592168,
    0.03590452253315519,
    0.22295447455213133,
    0.4191962115953033,
    0.09856406774995742,
    0.10164676540821167,
    0.2707368665138714,
    0.2025987528692479,
    0.20481319494058245,
    0.04508387499316932,
    0.2817336140972556,
    0.20593957079897152,
    0.12864400624635156,
    0.07996928867517729,
    0.007825720893560192,
    0.17556262412686535,
    0.11629615697875968,
    0.13262943817242462,
    0.30281389405547066,
    0.21925267856704,
    0.03433577869341846,
    0.07528698261378182,
    0.0024827541541389306,
    0.019847793610182445,
    0.1714901642515206,
    0.15573723804514986,
    0.18274214081237844,
    0.2773182467540165,
    0.05193306133966951,
    0.1382707864522059,
    0.07160846154535616,
    0.1798479555226462,
    0.19032636637494474,
    0.018670314130418756,
    0.2947637364654914,
    0.11410448384764153,
    0.20184325774816192,
    0.10895725771173163,
    0.03107924198367055,
    0.12359515638864658,
    0.32810866870657096,
    0.061276133322192214,
    0.030666220636379592,
    0.39318475744500975,
    0.20034412181137257,
    0.012057780197469597,
    0.18356182266016974,
    0.06850256125278613,
