{
  "config": {
    "mf": 0.9,
    "mf1": 0.65,
    "mf2": 0.002,
    "T_coh": 60,
    "tStack": 5184000.0,
    "nStacks": 2,
    "gamma1": 3,
    "gamma2": 5,
    "gamma1_upper": 4.0,
    "gamma2_upper": 6.000000000000001
  },
  "mismatch_list": [
    0.33912599099073054,
    0.030892455459628872,
    0.1844450596473779,
    0.20539081609640727,
    0.3086816859708673,
    0.15936171812204727,
    0.13574100952391968,
    0.09706287984363887,
    0.26955106891108116,
    0.049832304996732836,
    0.2309755801379725,
    0.18073712073461976,
    0.29209838492364093,
    0.3101151168371566,
    0.06593189269832825,
    0.19021051505496347,
    0.09643503553399294,
    0.17957655566028463,
    0.05474360012259083,
    0.198067170522688,
    0.11422053627705528,
    0.14776286191762128,
    0.05408814396326901,
    0.04764735475588812,
    0.07866948471373307,
    0.021123932390000752,
    0.19597459709829818,
    0.016164930927006414,
    0.039023856059861334,
    0.1940322263535589,
    0.20087259227562118,
    0.12720316538775134,
    0.07122917546101669,
    0.2972031798442171,
    0.27123640369391616,
    0.20449812933332562,
    0.1822413882833236,
    0.08239780724326762,
    0.16610985179231263,
    0.21644025431814634,
    0.2310307315549953,
    0.23437884903401895,
    0.29090623247153524,
    0.2363480365228152,
    0.1995087692921536,
    0.0201776121388052,
    0.10353735261633118,
    0.11225517975169574,
    0.14976674492433487,
    0.03980905899972822,
    0.1683018134190698,
    0.33443891564941336,
    0.15571160507248472,
    0.11912539827563276,
    0.03595279674787345,
    0.0026339680685583435,
    0.1555851109967444,
    0.26749160079337087,
    0.1362800911335604,
    0.10676656566415896,
    0.06205568052367102,
    0.19772766042340098,
    0.2263818212833872,
    0.06028136619384386,
    0.26645044612653457,
    0.07078601250195163,
    0.024929741576217378,
    0.07592174425933743,
    0.1691509862200968,
    0.1848379141054628,
    0.2939107920408482,
    0.274738771663014,
    0.04273671017099108,
    0.055881179416305736,
    0.20821112800911334,
    0.13253037303464346,
    0.10447528811736337,
    0.08016688544118242,
    0.1201241232153493,
    0.07671497053772271,
    0.10100992870071068,
    0.15210500598497684,
    0.2206737580450232,
    0.21722545725801323,
    0.0638648349360735,
    0.013975426899435041,
    0.22973593819571742,
    0.16693415947216553,
    0.21387719521433157,
    0.008095982259025171,
    0.1998680124672561,
    0.008067430739072358,
    0.14723303244609184,
    0.0735788571296398,
    0.022009824614156927,
    0.19241917389971838,
    0.12342511261586857,
    0.07293012322691447,
    0.01850557730450521,
    0.14173039558673012,
    0.21502012340039206,
    0.1556148913162901,
    0.1558503148618251,
    0.276528192999601,
    0.04429128622067506,
    0.012373650488917674,
    0.03148018307668288,
    0.10389558383882776,
    0.23180487529852603,
    0.24394996906316319,
    0.1636323026836983,
    0.22613584451781904,
    0.15688033804999624,
    0.08974154730444739,
    0.25291066482394914,
    0.04306826921408869,
    0.10539096066106526,
    0.02835606853521306,
    0.13322283774641047,
    0.23261913573464868,
    0.16403708372606732,
    0.12712799176559708,
    0.188192392429438,
    0.18017837833149256,
    0.010693303186783321,
    0.04177195792590194,
    0.21401048382899734,
    0.14117411078278871,
    0.07689553179555088,
    0.24653182157251652,
    0.19729707458958093,
    0.2075808261002816,
    0.08421809313433526,
    0.13815119150191116,
    0.17152640039784195,
    0.02109545315237693,
    0.30207088872569143,
    0.30957502327490993,
    0.04182313381483002,
    0.0827271978164954,
    0.12951750099749615,
    0.18139178178832263,
    0.24986490432710934,
    0.034368512660972746,
    0.016518969774421306,
    0.11539338934731948,
    0.14865265738754316,
    0.21077903002897075,
    0.23519014589465284,
    0.11930545355715798,
    0.17003825180850388,
    0.2050627988874304,
    0.17714786940607055,
    0.22146524954751262,
    0.09319635350106689,
    0.15990116114333297,
    0.18215233645400242,
    0.0667725361845339,
    0.03035033799217038,
    0.1753252704804751,
    0.04748211735180677,
    0.1742566485286209,
    0.05728360116345637,
    0.12378124765082431,
    0.2835084975105966,
    0.248001827297277,
    0.1326633002376643,
    0.02362996073623889,
    0.19776575321078105,
    0.23200422996189277,
    0.15492792006152672,
    0.18461470627352788,
    0.1755252034024738,
    0.019515506005215892,
    0.26249421741368045,
    0.11132259314300914,
    0.20614313057658168,
    0.06911607385519247,
    0.016444808104872987,
    0.14425789178467963,
    0.205081014034337,
    0.04751001833079863,
    0.030143104554943245,
    0.09643705943920478,
    0.16516627826961888,
    0.17929559424748312,
    0.19637186077845176,
    0.1666890500945453,
    0.019913420226330428,
    0.06625311536837966,
    0.0971576419769506,
    0.16295169227388642,
    0.17666762561223132,
    0.002081152816408667,
    0.023590928278581877,
    0.017490661123093915,
    0.25061562859604586,
    0.1800064186708147,
    0.08951082211029705,
    0.1720011507346776,
    0.27812317487119287,
    0.1604544823717856,
    0.1383788808382437,
    0.17661984699276598,
    0.1796902557637929,
    0.11428761427836213,
    0.1955734301723789,
    0.15552844165081275,
    0.33751105919633617,
    0.23654442761069316,
    0.12385504790872766,
    0.2003199215881295,
    0.11470547842227914,
    0.02142881925369941,
    0.08376509977852695,
    0.2718888239954202,
    0.15391907559575096,
    0.0299072473154343,
    0.2144511169065476,
    0.12110947592420186,
    0.262225110302834,
    0.1526238485424991,
    0.257601571128703,
    0.29610340420856635,
    0.08109311120491751,
    0.03300989400519276,
    0.1332093209508885,
    0.0868900094256157,
    0.1819057091474733,
    0.17534066661655093,
    0.13141895994402455,
    0.0783844032081789,
    0.3021449058305818,
    0.05974091121995224,
    0.056133661591483405,
    0.10327222103357948,
    0.2603659365187674,
    0.05726451862860183,
    0.01674362325293611,
    0.14877344115929292,
    0.1827233668530587,
    0.004610311507925034,
    0.05207132241966542,
    0.1992504322483274,
    0.2770617811522382,
    0.07606153828361273,
    0.08534121596225128,
    0.25881164959839936,
    0.05250313705307836,
    0.008874535224624565,
    0.07809838203234779,
    0.19882786975302574,
    0.0787435018186234,
    0.2684208624149237,
    0.08076885267704834,
    0.20669883712189113,
    0.30840585660342446,
    0.0918547934749296,
    0.0780644093377204,
    0.26567196544326416,
    0.2710374827245234,
    0.055556848606107566,
    0.05311789826117629,
    0.05692746612850063,
    0.020325646348585868,
    0.09273692701797806,
    0.07907853041351275,
    0.26647928677580335,
    0.005016538196873934,
    0.130133201875871,
    0.09766282317429294,
    0.09422464191334216,
    0.2965099200268312,
    0.13814483065695962,
    0.1755001214343127,
    0.24632010663089174,
    0.05715999838087583,
    0.10611074809319217,
    0.2128960348805607,
    0.032278035424123795,
    0.04428478081106556,
    0.16383931927393847,
    0.12080372167255526,
    0.060407426575610206,
    0.1814944226954948,
    0.11122746959805242,
    0.2854518802079418,
    0.05871551410083674,
    0.12324737036887118,
    0.15324489831321958,
    0.1265438059826638,
    0.02036713640542869,
    0.23492855614602187,
    0.280119757362678,
    0.017245985439447647,
    0.3006730930475965,
    0.18773339964032312,
    0.15096359572782522,
    0.19857083379112142,
    0.02444292009043965,
    0.11684467394887037,
    0.038756194595594824,
    0.08418592749793273,
    0.01490411026235594,
    0.09650767927463237,
    0.17391562050042503,
    0.11818276442321593,
    0.1360998190050482,
    0.31133025506988254,
    0.27357661637744096,
    0.06324241180110216,
    0.08807124724604326,
