{
  "config": {
    "mf": 0.9,
    "mf1": 0.35,
    "mf2": 0.001,
    "T_coh": 20,
    "tStack": 1728000.0,
    "nStacks": 6,
    "gamma1": 9,
    "gamma2": 51,
    "gamma1_upper": 13.2664991614216,
    "gamma2_upper": 100.0
  },
  "mismatch_list": [
    0.32885090717398163,
    0.11386879650893686,
    0.33335579506788016,
    0.0354520983362089,
    0.22295351461814383,
    0.10812739283882315,
    0.33387926371337684,
    0.050220788188951364,
    0.2038789482009994,
    0.22794121234601017,
    0.05539681753181931,
    0.23084105299599603,
    0.24074602739016077,
    0.2250963424092113,
    0.021642197471065293,
    0.09248280376225199,
    0.03452833013827357,
    0.1623801798377182,
    0.15571235159398264,
    0.10039549639150337,
    0.24671604200456398,
    0.09115759756515521,
    0.19132247717766698,
    0.06578498124219283,
    0.2895914635144631,
    0.30469968154934574,
    0.18563398417428947,
    0.11019942008608175,
    0.09831815639287167,
    0.20453783779476148,
    0.06783743804816887,
    0.05887536859923238,
    0.12611268258923553,
    0.30089141462630814,
    0.06006293116636686,
    0.03557743589921516,
    0.29228681744833324,
    0.049213425474512726,
    0.2176127899827097,
    0.024192318130154385,
    0.04438641136980837,
    0.16746930774741184,
    0.011091398514576401,
    0.08572362872194826,
    0.0971167698298174,
    0.004720542230247489,
    0.07993413923073311,
    0.24662610471346216,
    0.43253683986489133,
    0.04208349628481465,
    0.13356549695422132,
    0.07593504695225343,
    0.1972871248289484,
    0.1405484580931798,
    0.14921572405265782,
    0.01611867081899749,
    0.17355560656278757,
    0.3261418376676891,
    0.12962972399822922,
    0.028960675122759794,
    0.20478189908743194,
    0.06910751089683255,
    0.30231837627572444,
    0.19489237504164816,
    0.0851919198906484,
    0.3539704630539885,
    0.15456327936842879,
    0.24444267232261455,
    0.00108618659705589,
    0.27302570840389445,
    0.17270047043871292,
    0.020634943180124064,
    0.042252203246785,
    0.11969178886085177,
    0.004641176230143185,
    0.2392689198731922,
    0.04854250087253809,
    0.16447595183090966,
    0.18732365595793082,
    0.17071854311780224,
    0.006563524839226928,
    0.3813699482375381,
    0.03463512728322267,
    0.03725149469922942,
    0.10032095523703383,
    0.21157734178761942,
    0.13096832049725618,
    0.12273057422276887,
    0.3052449433178219,
    0.03772834124083971,
    0.09614762639821586,
    0.24495594915935467,
    0.09625913996530232,
    0.3425067382493053,
    0.149742228556082,
    0.2085626264421274,
    0.2470937894695413,
    0.10397049015986286,
    0.12188497936646632,
    0.2913460267613045,
    0.030245276720076444,
    0.35934328104465607,
    0.045231680955618685,
    0.2974011538211747,
    0.17875462168710649,
    0.021877910154435177,
    0.40070245415502154,
    0.10415036474206646,
    0.004889466039212659,
    0.0074220220917212915,
    0.01102666968662248,
    0.06451176411210426,
    0.16147321728188146,
    0.12866193586034533,
    0.36821232313281455,
    0.04969742796695208,
    0.021332648385959028,
    0.30196545779165407,
    0.02663846065522705,
    0.19969206642500514,
    0.055601304247935045,
    0.40154853691706244,
    0.12514917717949933,
    0.2456470405318476,
    0.0914663334740309,
    0.12368746579916304,
    0.3061249084228035,
    0.03750498883617459,
    0.12290594922982995,
    0.1651694285203456,
    0.0033949565509097655,
    0.14275639419444214,
    0.09261697784029718,
    0.19992680329689835,
    0.12960803929874717,
    0.1216066020368655,
    0.2765909982692357,
    0.1618026620787625,
    0.18475792231521465,
    0.07501518200022488,
    0.04193972672724866,
    0.03274411306489049,
    0.00760319775589382,
    0.047491768759135355,
    0.0798145481130896,
    0.0655339808456881,
    0.24996766269189738,
    0.01098340871115579,
    0.3538458844554641,
    0.1990198407410616,
    0.1891557420054205,
    0.251117331246687,
    0.07521338015349081,
    0.01753858494108213,
    0.28215968330797486,
    0.022488984985839348,
    0.013501652862006271,
    0.06323627008857007,
    0.12411373277923143,
    0.2892384366068953,
    0.3060089494923232,
    0.16348870167524063,
    0.1822907998433931,
    0.19429653371163014,
    0.1777646067322535,
    0.15783653054349556,
    0.1356025034118164,
    0.19722635345864994,
    0.20421592843095043,
    0.22856079842196106,
    0.26742818271484414,
    0.18636801125175687,
    0.04237613130432492,
    0.29633090547823815,
    0.06792623689254787,
    0.4020091199340612,
    0.1706124507255863,
    0.08826529234823936,
    0.19476232105650457,
    0.21439868382548025,
    0.1835333873354633,
    0.12863314942178292,
    0.08220615361896491,
    0.011572473572585682,
    0.2262269826402054,
    0.0266263172235171,
    0.18377809916911822,
    0.3622830757534376,
    0.44348159559922035,
    0.06963206377730334,
    0.3456374667370263,
    0.12439525439025716,
    0.2385706183381215,
    0.2908378458289426,
    0.2767528203391205,
    0.17254005787429444,
    0.24347678159593533,
    0.06989260544158017,
    0.2895746036606158,
    0.17645376664856355,
    0.15268766128672887,
    0.137755794070384,
    0.09914190391444605,
    0.09031558068426719,
    0.00878078536126655,
    0.13493033193962156,
    0.15041564689849707,
    0.18037457716191305,
    0.0047079651045479,
    0.0862835276625748,
    0.12780235437287688,
    0.05880825445433544,
    0.03085353254054795,
    0.3582971027181446,
    0.11433398752457555,
    0.012798960175290437,
    0.002829311164920488,
    0.08298420063638087,
    0.21389082816361063,
    0.02169359020883775,
    0.16666854600728845,
    0.19171784346097345,
    0.031501905055061244,
    0.06396758657860221,
    0.17906845350036046,
    0.12760957739448145,
    0.25168308505617365,
    0.11528491580861214,
    0.3045108078168571,
    0.3258432393558213,
    0.3247662145442966,
    0.09298350347329253,
    0.2033027857357613,
    0.22777928185262797,
    0.038312527044886135,
    0.08574487972744067,
    0.3080970234171985,
    0.07824132316566687,
    0.16208787008870018,
    0.08782650245422008,
    0.07839972989538325,
    0.13873474982850112,
    0.05436093943756178,
    0.17947596321537687,
    0.14354647622007063,
    0.20365239730316068,
    0.05942843685952207,
    0.15214879650459992,
    0.050648410462737395,
    0.19861395737850632,
    0.20126079179728537,
    0.13558065607708825,
    0.2695524700878545,
    0.13183413633582575,
    0.09962720748885434,
    0.3358379884058417,
    0.04699941765739541,
    0.2571613448980727,
    0.014672192940047336,
    0.031042514696534015,
    0.07942660883935573,
    0.2932563945739244,
    0.1393139481516667,
    0.03587234781217104,
    0.28236780221125385,
    0.11736350267746405,
    0.24882482481744464,
    0.05977278988729703,
    0.10139602842560516,
    0.35267718757687905,
    0.06813625320703152,
    0.38651014361451197,
    0.22071261777366877,
    0.24791211581624517,
    0.13060553547492149,
    0.37063764834638446,
    0.12257466123349293,
    0.2126741538874215,
    0.25774038058599213,
    0.21678958457862238,
    0.11788707974645815,
    0.06614136927818032,
    0.15465478880024305,
    0.1787686083182724,
    0.24292837554603428,
    0.14049912540185813,
    0.30599957085979723,
    0.19991178664250703,
    0.21953709021474682,
    0.19707255472757348,
    0.19792807033388907,
    0.09896663733088239,
    0.2004859974847917,
    0.2389154592716348,
    0.29887831554989197,
    0.14650828089882645,
    0.19695768003206734,
    0.1850165123565381,
    0.1007057502293428,
    0.10514677668326666,
    0.28678069276759977,
    0.2213995348415114,
    0.2744000304453181,
    0.01657383266112572,
    0.10630300485964958,
    0.09761188573074131,
    0.26745051795531066,
    0.17422382057732694,
    0.2679984903112221,
    0.07572568117875424,
    0.24476181688724163,
