{
  "config": {
    "mf": 0.3,
    "mf1": 0.8,
    "mf2": 0.05,
    "T_coh": 40,
    "tStack": 3456000.0,
    "nStacks": 3,
    "gamma1": 3,
    "gamma2": 9,
    "gamma1_upper": 6.4031242374328485,
    "gamma2_upper": 23.685438564654024
  },
  "mismatch_list": [
    0.11913205764525402,
    0.3816099921273767,
    0.1676537533309025,
    0.14979354557648236,
    0.3212244450104146,
    0.40260981637303983,
    0.2610763451468221,
    0.3603881709633235,
    0.2790599929459734,
    0.285065890528576,
    0.29261969482932043,
    0.33798377573876726,
    0.25673821635478133,
    0.2732422641799109,
    0.06404743914221475,
    0.3400729320865076,
    0.26891210450801745,
    0.2237045327813281,
    0.3442359570821137,
    0.32106869479148065,
    0.2518436044449692,
    0.3232354822960304,
    0.21534199831488346,
    0.3436933521599731,
    0.19991703441174502,
    0.3036693949247655,
    0.15483583016167773,
    0.32962790931162955,
    0.3427136382871661,
    0.15211532433614247,
    0.16561528492423536,
    0.05295984506729353,
    0.20894415012911602,
    0.05869804526698775,
    0.3686316565328733,
    0.2568969482173078,
    0.16083587288049866,
    0.2797708167784349,
    0.295820353696658,
    0.1919430894229609,
    0.3787939652834768,
    0.37279516943379454,
    0.03195953291631524,
    0.3217099650106835,
    0.3718707514967038,
    0.35610468756657876,
    0.10322509750245606,
    0.3953841012908782,
    0.34978457896102405,
    0.181940000440199,
    0.2030862504921067,
    0.2537696919940484,
    0.08683153312535556,
    0.40591597121185163,
    0.35174021188752025,
    0.3409455778484915,
    0.2242064789272068,
    0.12114325756597483,
    0.13103244776350167,
    0.35122053851519136,
    0.08132720220671985,
    0.21112058731656522,
    0.19445141064811064,
    0.27618417059511763,
    0.21961675362765734,
    0.34373758890854605,
    0.2716937069213489,
    0.22583537792766228,
    0.34791020937535,
    0.12969168395748892,
    0.3868027683964428,
    0.10297604894492644,
    0.38948668132334235,
    0.2548814113604524,
    0.3362666742996743,
    0.13869402492719096,
    0.3630080056588343,
    0.28974056556466204,
    0.018427099518914518,
    0.36069831610864933,
    0.10168635256189865,
    0.23757210291853034,
    0.3351241084750129,
    0.10234914482666947,
    0.3367428156755521,
    0.04453469608540555,
    0.21553607620690698,
    0.09311998209712764,
    0.23898811256647845,
    0.1463965861373523,
    0.3763709732767753,
    0.39895161074350155,
    0.40928268052144284,
    0.37178347065699485,
    0.2940445409846428,
    0.2670146407374266,
    0.3815884700818087,
    0.17614406477821287,
    0.3393503443147809,
    0.2039094009704545,
    0.161284257865115,
    0.35826740919350225,
    0.13844784958985054,
    0.08848531529688333,
    0.06448113275567513,
    0.07881817622944821,
    0.28546824977846386,
    0.20964602903079996,
    0.24761118847120941,
    0.12773789422884993,
    0.3308109712774478,
    0.06379806531447503,
    0.40178053997240193,
    0.2661346221840138,
    0.327434449649852,
    0.13709196071906835,
    0.42906810843771526,
    0.10934093641607091,
    0.34912634047919455,
    0.2773127498007449,
    0.3653770028106599,
    0.4552156590283463,
    0.33172584795504245,
    0.3500643655534077,
    0.27740008485215545,
    0.08418426730879343,
    0.20276721462770494,
    0.3250682715065139,
    0.028920533343395026,
    0.3247747693536046,
    0.33083607129532683,
    0.1945938247884307,
    0.08414751177505267,
    0.33682234424192037,
    0.2673457115996019,
    0.3765433122764242,
    0.34212929035472994,
    0.32431922842436617,
    0.010025369992153399,
    0.08139062989768843,
    0.3923172369032932,
    0.34792522601671605,
    0.1428173127454638,
    0.30774741597213345,
    0.05039801689258309,
    0.10791581920224011,
    0.2420912987941908,
    0.16864138211215512,
    0.20436754406137372,
    0.07521374860797903,
    0.2322265038624211,
    0.14135782531276628,
    0.36444656737468234,
    0.3533628223305806,
    0.3597010918561989,
    0.07113442647977074,
    0.3807416290898257,
    0.3412124620558747,
    0.33537494601869805,
    0.2838488920375045,
    0.3840106489129849,
    0.01231126060529967,
    0.3452696115980948,
    0.4367925169636546,
    0.3501454662591248,
    0.24683373845738002,
    0.18543752258595023,
    0.12237863382391671,
    0.20906086792283854,
    0.26078674623643394,
    0.29111564537783985,
    0.07420367618222981,
    0.3403016512559062,
    0.22893758834474434,
    0.3432384075594532,
    0.15756923837221343,
    0.263143708390486,
    0.14081147978320957,
    0.013070007582048597,
    0.25331995171689003,
    0.369655986636165,
    0.18848178069393365,
    0.16007425268356054,
    0.3426076544103767,
    0.01812579088096292,
    0.06920926052962013,
    0.06815148180639027,
    0.023454801156357282,
    0.388631003823985,
    0.331093902148529,
    0.21256982873764474,
    0.24240057655228972,
    0.24603780225327684,
    0.12385774589262331,
    0.39224860488896307,
    0.31039999453546047,
    0.33815400048205047,
    0.3528866267430011,
    0.22164231964932402,
    0.031714062331096665,
    0.3610595286769602,
    0.3585115786978805,
    0.33953184509201406,
    0.32463696320792756,
    0.11373186740555048,
    0.27139651837272516,
    0.242152232746882,
    0.35156922818041353,
    0.24831393476012026,
    0.3506429128337638,
    0.33904296396624084,
    0.33993062636959087,
    0.15223811384045344,
    0.33178987197472953,
    0.2580317617686286,
    0.3585185720073975,
    0.33543647630010776,
    0.12471982037277918,
    0.3563900579642357,
    0.2941842987515804,
    0.21463697513450194,
    0.3339300415337531,
    0.3943944666766633,
    0.30912591112251725,
    0.1789481650477426,
    0.09532211563117438,
    0.3737198042176921,
    0.2982410688118888,
    0.3290333153675754,
    0.06816460103819745,
    0.33900881059418086,
    0.20967931501563303,
    0.34830546689231745,
    0.09657809233575562,
    0.24853257055300598,
    0.2343220029792583,
    0.23666156317707027,
    0.2714723605433791,
    0.26600744153186656,
    0.2549923827137966,
    0.10101868124397641,
    0.09678355468513247,
    0.4121306380576338,
    0.3682344473946452,
    0.3195782524771224,
    0.3919728841742056,
    0.3955490674990982,
    0.2689597565937964,
    0.12600539666647909,
    0.13352152383455412,
    0.32755176377229306,
    0.26448902597944013,
    0.35608256919229225,
    0.2589360129526935,
    0.1348709615128361,
    0.18750119943389973,
    0.3842588842949893,
    0.11909974747105122,
    0.3250859987329641,
    0.13479208348688798,
    0.11097422656436268,
    0.27931354107474266,
    0.0907786871248618,
    0.2298121857279889,
    0.3292059254257326,
    0.15042001600112587,
    0.3875474203307543,
    0.2613267489968938,
    0.10403621298303033,
    0.37778394706942925,
    0.2380561049911521,
    0.2115148148112007,
    0.23350394840086863,
    0.12209976883046168,
    0.1934799369539594,
    0.2059806674566396,
    0.23024365666168028,
    0.24985408920492141,
    0.28045659480471913,
    0.13468257584948923,
    0.046973788967506695,
    0.08917131016997429,
    0.3317401598442866,
    0.3522031256081875,
    0.1506327427185282,
    0.37970754088023106,
    0.2047151494925622,
    0.10484743688700796,
    0.22117409318189185,
    0.3335920857854641,
    0.13277914879171332,
    0.29466656604974834,
    0.3263315667908223,
    0.3824868121903902,
    0.36606261820183905,
    0.13646944774864767,
    0.38020395743253815,
    0.35723890478918097,
    0.2681849629533494,
    0.12319321885339865,
    0.22579244225992973,
    0.33181068926817564,
    0.33767455219237,
    0.36188582343400555,
    0.22647035958946996,
    0.22833399525821088,
    0.28673593621060856,
    0.34444830431760426,
    0.3224072359177244,
    0.2797006668364577,
    0.14335205697086045,
    0.18831784450804562,
    0.14788382996131128,
    0.02918584541142941,
