{
  "config": {
    "mf": 1.7,
    "mf1": 0.01,
    "mf2": 0.01,
    "T_coh": 40,
    "tStack": 3456000.0,
    "nStacks": 3,
    "gamma1": 5,
    "gamma2": 17,
    "gamma1_upper": 6.4031242374328485,
    "gamma2_upper": 23.685438564654024
  },
  "mismatch_list": [
    0.6161467818687012,
    0.01870791613363011,
    0.049132390505102354,
    0.4273052523224022,
    0.47325980708657533,
    0.009585713091507943,
    0.34261849675071326,
    0.32116383632793355,
    0.403549196739795,
    0.24169609548892504,
    0.2613270200554022,
    0.16445022124337574,
    0.1345581599941278,
    0.13909578784836032,
    0.5808925056767783,
    0.10576871054540116,
    0.2930384260131164,
    0.056821669848351436,
    0.033766842627007986,
    0.28056881302720205,
    0.007148029713650539,
    0.2881717331296708,
    0.4392946038431109,
    0.24046624882455478,
    0.3099253710872298,
    0.2668369889910129,
    0.40552423745549354,
    0.39661676696373593,
    0.3185925753171303,
    0.3585259447988263,
    0.3979425141283826,
    0.44946000266071034,
    0.26643587661026374,
    0.3678354492702617,
    0.4007378321022398,
    0.1306251552487607,
    0.2554783906193806,
    0.35737578933592945,
    0.3644339360481903,
    0.3019642200600427,
    0.08592045126687868,
    0.13472816789060427,
    0.6135640279771413,
    0.3725953451013927,
    0.00745053100903915,
    0.5364335162327725,
    0.28973178326898946,
    0.01035129074266887,
    0.31324469936955046,
    0.41936264169719056,
    0.42544291773450166,
    0.2375709102610933,
    0.5702311782121869,
    0.384532165483171,
    0.5099524010416887,
    0.02004466827371835,
    0.44141677511717586,
    0.15284761600247032,
    0.046511688422364666,
    0.38141222783963874,
    0.5492317334484356,
    0.49141850447045954,
    0.04923051368514776,
    0.30987663476741717,
    0.020170981538638687,
    0.1861367993259534,
    0.22526897406848304,
    0.31432904182660476,
    0.366321858559285,
    0.09599987032560958,
    0.3291471057294071,
    0.09335466455371139,
    0.16024165841835625,
    0.17095763127824362,
    0.406135853873876,
    0.10241663839526424,
    0.3129362889986784,
    0.2787529920793451,
    0.30213926964477567,
    0.009340567776499466,
    0.3015324780678429,
    0.1701261321978367,
    0.35342223835562464,
    0.3294944943137888,
    0.31228938076250057,
    0.003263110747675863,
    0.4164514191051361,
    0.41555334805506305,
    0.11998231397444309,
    0.23977635070894268,
    0.012346172941183231,
    0.32550191090827263,
    0.01918129271272211,
    0.06517590992443864,
    0.007220239700291692,
    0.3981653242222979,
    0.011864664606838849,
    0.1418167815792107,
    0.35096406295453125,
    0.12000014962429664,
    0.41716636302692556,
    0.17945753819675184,
    0.06835141456219551,
    0.3493088712787597,
    0.24181395172838288,
    0.17002421419867353,
    0.3007777427570185,
    0.1381246394244192,
    0.32395183572206354,
    0.3962011800586375,
    0.279519599752838,
    0.25570190546541777,
    0.21030611071048663,
    0.016951348575712226,
    0.02842319519215934,
    0.3584062453615113,
    0.4305412030075351,
    0.11855855205315435,
    0.2592831846902685,
    0.3274937030397911,
    0.10849984186446619,
    0.22605206209928744,
    0.21464413107912403,
    0.19235867632805928,
    0.2973985647560403,
    0.2184517441584994,
    0.11302180253691248,
    0.0349952797871345,
    0.3268892967777324,
    0.34260825073909523,
    0.2652393701424282,
    0.2964957772879208,
    0.35254140662668665,
    0.09824922225182181,
    0.14670440017950578,
    0.49532630077454426,
    0.10990560550079631,
    0.10941406800164066,
    0.3413419195994926,
    0.032141467387161865,
    0.4656771621605358,
    0.21701968784685324,
    0.19178706814551852,
    0.15694645434328433,
    0.13559392876647453,
    0.3695987932908899,
    0.22646103517678057,
    0.01008435232358401,
    0.11059978634084133,
    0.3265013036287904,
    0.38263350905514315,
    0.3472840100092149,
    0.3623910222819852,
    0.44687209865749056,
    0.1421088742278763,
    0.42671201367089007,
    0.28460265153769865,
    0.44313246705202514,
    0.060190493414308266,
    0.3637328703220316,
    0.21239087591039066,
    0.2797156292661221,
    0.11325859924986184,
    0.08145514182269066,
    0.32187910551993304,
    0.02601261766514321,
    0.030696833960725357,
    0.19760783276687527,
    0.2707060239283946,
    0.09094235225224141,
    0.3779557981637629,
    0.459051570616,
    0.5268911725026105,
    0.04304300690190859,
    0.4092622969216102,
    0.024332054912984256,
    0.03761489763583853,
    0.5586613168390978,
    0.018572386879423742,
    0.26793016795544145,
    0.33979780770046863,
    0.5847596160987503,
    0.6095872743885165,
    0.0035244111497857392,
    0.28076598098622146,
    0.3644803954765322,
    0.15144374977569908,
    0.3876066195089916,
    0.10035247364199959,
    0.16735840798013596,
    0.6094263469520718,
    0.008109636878095556,
    0.40003850115053496,
    0.09022518565068299,
    0.21880292756199893,
    0.10280051145487835,
    0.0379734538307669,
    0.035708272087663355,
    0.39209117410727695,
    0.11356825648987255
  ],
  "statistics": {
    "mean_mismatch": 0.2506334896202481,
    "std_mismatch": 0.15934996775748328,
    "min_mismatch": 0.003263110747675863,
    "max_mismatch": 0.6161467818687012,
    "valid_samples": 200,
    "total_runs": 200
  },
  "perfect_2F": 4611554.5
}