{
  "config": {
    "mf": 0.45,
    "mf1": 0.001,
    "mf2": 0.005,
    "T_coh": 30,
    "tStack": 2592000.0,
    "nStacks": 4,
    "gamma1": 3,
    "gamma2": 19,
    "gamma1_upper": 8.717797887081348,
    "gamma2_upper": 47.70744176750625
  },
  "mismatch_list": [
    0.06572171468768676,
    0.004856940218737956,
    0.024698878958579033,
    0.014877948360910977,
    0.13957078451503893,
    0.10806818480804266,
    0.014130404298313306,
    0.0660702601788728,
    0.03895194640466146,
    0.1215419762399242,
    0.03203344128461349,
    0.03744919635037741,
    0.022638976551316563,
    0.12407568945073799,
    0.023379147814225107,
    0.06892606354081163,
    0.0407454883525667,
    0.13480354669251868,
    0.05710652596859072,
    0.09989999014068747,
    0.04234235002641197,
    0.0828879776815234,
    0.11472452184502722,
    0.012557684929332439,
    0.01390806379004117,
    0.03678759600180301,
    0.011113266731412377,
    0.1634441990378352,
    0.09248982047666451,
    0.018858465087191308,
    0.05157721533114424,
    0.12591296222032874,
    0.02134555618232384,
    0.08913989497085431,
    0.048843063164076016,
    0.025409703587430853,
    0.09298206327943864,
    0.09682054518817843,
    0.11310756567791158,
    0.13870954031605892,
    0.1311309527767843,
    0.04513056939120046,
    0.15367495032034093,
    0.025195241855297097,
    0.017825550307214444,
    0.20758970456468823,
    0.007336513949481577,
    0.15958157482423102,
    0.005002878283172756,
    0.1090366960142645,
    0.010340134716952437,
    0.07871555131627604,
    0.023585875334920268,
    0.08786750876568057,
    0.005596822352246926,
    0.03636553936077538,
    0.029118727807511523,
    0.027579619731231093,
    0.04336290452455706,
    0.04128175110642593,
    0.022299104942117738,
    0.09469096259561871,
    0.003656836363457629,
    0.034101800726813486,
    0.0684600592310488,
    0.04062217466364854,
    0.0613146598146854,
    0.01855393954709036,
    0.014311905278895665,
    0.06042840592264227,
    0.007213489389962988,
    0.13010345917304944,
    0.0278966501178636,
    0.023289228570957703,
    0.13327419673347388,
    0.0491811999968774,
    0.03385958257232066,
    0.041703374053354204,
    0.06744796176784124,
    0.02277212063982023,
    0.022633844504474133,
    0.0026339688301159495,
    0.006368436437359104,
    0.05898818010101603,
    0.11295823034303179,
    0.053177040581335135,
    0.13512881726703904,
    0.07508762789277579,
    0.10428825160271654,
    0.01768691276011888,
    0.050346246912459425,
    0.03420718839295808,
    0.0019043507902918443,
    0.19165925290697927,
    0.032968558045184566,
    0.0071740955092710786,
    0.03007393906135297,
    0.07053535777883856,
    0.1588235498208988,
    0.008515294511543347,
    0.09700414235690769,
    0.059735579598913915,
    0.12580323761319054,
    0.02922642850885271,
    0.0031912657477941595,
    0.017551166507019048,
    0.14762224318731623,
    0.15889135066509882,
    0.061165758173904974,
    0.11892427093853428,
    0.039640291222696425,
    0.09313436219066407,
    0.17894240224318153,
    0.08614220135607471,
    0.12466746504931536,
    0.021756481341467893,
    0.03529951926454733,
    0.14234201752760245,
    0.0037685125940429515,
    0.052810785914425215,
    0.0460046798484615,
    0.12400384079494393,
    0.02081023309901323,
    0.06236000715884393,
    0.039896098458969215,
    0.0033859943984070125,
    0.013959022846716025,
    0.042091457989931934,
    0.09168033044020818,
    0.002706974003508296,
    0.044953549916311494,
    0.010087724751124641,
    0.005805429214039314,
    0.031055244243505937,
    0.08966336374878241,
    0.01910335768863019,
    0.009250333727609458,
    0.023436106305941118,
    0.18699068049206355,
    0.06284603367952724,
    0.016868965688725025,
    0.07973798515551837,
    0.006617521415091803,
    0.034843200789670216,
    0.01930083306853899,
    0.13043487374731075,
    0.029533267084150244,
    0.016364651733518684,
    0.13322273170034976,
    0.06765440015913682,
    0.11481848889988866,
    0.13788768999777082,
    0.006152023081778227,
    0.11342257215874707,
    0.02131035467792575,
    0.11401391406322509,
    0.11525637537554295,
    0.013146063257464815,
    0.0622473189753601,
    0.06678375925467067,
    0.006251122183482095,
    0.07979234148263821,
    0.08343146867037196,
    0.17453990115822346,
    0.11532641697258966,
    0.14620146131781134,
    0.025728757879860373,
    0.110014242514223,
    0.0425372955240745,
    0.004042101288389517,
    0.021469086718291685,
    0.05881687093176864,
    0.013102260153429407,
    0.046274076166514244,
    0.014577181503004489,
    0.01585000140227759,
    0.2680852607903815,
    0.03852222783454512,
    0.1727115914000195,
    0.01089049252904088,
    0.06906694184075389,
    0.021972171873549835,
    0.04329286292751035,
    0.035032941958140426,
    0.006940045260316209,
    0.0043190149708311806,
    0.025628429978208318,
    0.14987109165720008,
    0.03139851312314975,
    0.09424967884951943,
    0.03837578379366107,
    0.09201904553180872,
    0.15690582679587667,
    0.10043112084770427,
    0.046169989582667735,
    0.02129105529050421,
    0.11177908836922056,
    0.023418469412567124,
    0.03686240823394269,
    0.012204007391303971,
    0.14229806985886725,
    0.01988986193782041,
    0.0393541976818183,
    0.0818114766445608,
    0.013612645826026792,
    0.09124923850544388,
    0.04884349685817538,
    0.015539115015386021,
    0.1550937082840488,
    0.013793134853710644,
    0.03568991623632165,
    0.0142895700327786,
    0.025650620659625596,
    0.06135000588378328,
    0.012972657900070518,
    0.023180371352018225,
    0.03799507265677247,
    0.05398414530024498,
    0.030156268657881565,
    0.18506695803200027,
    0.012084886078679627,
    0.007682746405471022,
    0.16479942081598678,
    0.08917560245170165,
    0.14729487642464897,
    0.0037515985241678928,
    0.0324886755242422,
    0.10774428759817027,
    0.0634740227354012,
    0.03496745414913699,
    0.2578859320910214,
    0.11150492141607485,
    0.20646123251815227,
    0.013805061441443056,
    0.05143221693725805,
    0.012573514763959095,
    0.1139644006535481,
    0.08019321939514708,
    0.0035827469548168813,
    0.059535646619108734,
    0.04440861328046506,
    0.008598274649220984,
    0.06019240405024028,
    0.017563309941801143,
    0.10392416540630342,
    0.013283182875212619,
    0.04234950597905142,
    0.020449616455394996,
    0.06363759769321,
    0.22168049813525995,
    0.018121329682978287,
    0.10442407013816626,
    0.0800733752590238,
    0.05446359412708798,
    0.13531299269456745,
    0.012924301007991825,
    0.06437133582697803,
    0.041767994474158916,
    0.020458724031481565,
    0.15479041154389606,
    0.021050571912408826,
    0.08296857250165454,
    0.1645698520727253,
    0.026820871904399943,
    0.15475304156900116,
    0.03154069250539009,
    0.11988331315692007,
    0.12110676421121597,
    0.1466066761713138,
    0.005482254827665867,
    0.03305110448876284,
    0.17395419727703715,
    0.0019354322007460118,
    0.16214311673975376,
    0.0779458165722611,
    0.04762496100367223,
    0.14007625498784357,
    0.016417634695990557,
    0.03992978203401954,
    0.1933127116607911,
    0.012891629385840004,
    0.1454237755153081,
    0.05835274596310304,
    0.08902005083473104,
    0.07144300724645014,
    0.13781808209482346,
    0.06022189524899679,
    0.010339267328753716,
    0.11128243634310292,
    0.032346640706701645,
    0.0911259248165257,
    0.020458434902081993,
    0.036607034691769264,
    0.08937575227855651,
    0.07714716888828878,
    0.12919132819974447,
    0.054829631946948225,
    0.006573067769907354,
    0.031807992635295934,
    0.15001399386293937,
    0.005512324285221527,
    0.05504734638482718,
    0.08745600534773737,
    0.00586253227045511,
    0.019336106855286975,
