{
  "config": {
    "mf": 0.05,
    "mf1": 0.35,
    "mf2": 0.1,
    "T_coh": 15,
    "tStack": 1296000.0,
    "nStacks": 8,
    "gamma1": 15,
    "gamma2": 19,
    "gamma1_upper": 17.776388834631177,
    "gamma2_upper": 100.0
  },
  "mismatch_list": [
    0.2950395268459306,
    0.13717045782444193,
    0.6609387893352978,
    0.5612011234402206,
    0.11792182930855921,
    0.49576953457724404,
    0.43559496417978977,
    0.5525042270681553,
    0.0036597244830515385,
    0.5641785754144233,
    0.4676073435334242,
    0.275395369654508,
    0.7345957410698125,
    0.13541970854625285,
    0.5208247076470612,
    0.6606873192581408,
    0.6582655735079057,
    0.21654710694482432,
    0.6663421794323933,
    0.4417189725390917,
    0.10825486850117184,
    0.09687575715695838,
    0.286725039914279,
    0.6627826381993962,
    0.3439390001104473,
    0.03746853552038332,
    0.5576648571037008,
    0.555459813650481,
    0.4975371979106371,
    0.42679687260564925,
    0.13773057326792845,
    0.23144079993939853,
    0.5659073508773046,
    0.09289835202167775,
    0.5530673060854169,
    0.2955361784412585,
    0.05553469810001671,
    0.09470049400606362,
    0.7350324345079109,
    0.12698638953445002,
    0.47874998337507396,
    0.552299921183394,
    0.5413106282140319,
    0.5577644982366013,
    0.37815403760182403,
    0.09349374122131622,
    0.04382077520150856,
    0.14668786657961952,
    0.6962345915848382,
    0.42475215126543153,
    0.7037868617980017,
    0.27996527269793925,
    0.07340078330868989,
    0.4959794784804066,
    0.2721296559189652,
    0.4138195276092316,
    0.5372084999921936,
    0.5010708259436741,
    0.33516617119568204,
    0.277510783071604,
    0.3139325987910932,
    0.5106095579735748,
    0.3334639956144891,
    0.39341926155258883,
    0.5643205016853338,
    0.14304346594145367,
    0.4866777962113673,
    0.6811387611741188,
    0.5645500702294702,
    0.41349075162591775,
    0.5890817749754096,
    0.4715319103167641,
    0.04554087678992628,
    0.47722218881174283,
    0.01546768663720248,
    0.13247622924703253,
    0.5654421420769072,
    0.7439922938407973,
    0.5626313369158362,
    0.18575015425040087,
    0.3731512359403723,
    0.3393984436756179,
    0.36950748584279125,
    0.4950831058368814,
    0.4910353338950149,
    0.5643926032668124,
    0.3260865762540543,
    0.2041525017477857,
    0.647248885551696,
    0.6838441064781698,
    0.42361948782506065,
    0.4924448023542052,
    0.4460341528024421,
    0.43613003381076265,
    0.32593181987716635,
    0.32390451856816305,
    0.4782329481747566,
    0.25024395271928856,
    0.20381711193519345,
    0.330417658620588,
    0.4741934164136305,
    0.4527171200886354,
    0.5089296091956947,
    0.12269238798124824,
    0.6645637460382079,
    0.34739199725211656,
    0.15837432220899295,
    0.317660051777248,
    0.5438921178189716,
    0.2362919533623118,
    0.3891576424640511,
    0.7209475260953513,
    0.5294872699327081,
    0.45642444245780595,
    0.6351607933935146,
    0.6431881750804213,
    0.6708886991559163,
    0.1331040009113351,
    0.6755508343978105,
    0.5088064040371681,
    0.5433177266237638,
    0.30929908733492895,
    0.6627707839042959,
    0.3845125658419354,
    0.3425174966504388,
    0.43219466082548685,
    0.7099754724514856,
    0.17735210899474999,
    0.4331315476909857,
    0.3643023660594762,
    0.5282146679843246,
    0.47592591441430243,
    0.44671385929009544,
    0.7392459497343192,
    0.5410008263311072,
    0.6943878875703957,
    0.6670551719133005,
    0.04703047016447401,
    0.19393149720903632,
    0.5339127529663205,
    0.6683475069260888,
    0.7508345170762567,
    0.5636821768071005,
    0.4147612573879726,
    0.3463021972080533,
    0.44211674196553463,
    0.3967499570643214,
    0.4863434544919394,
    0.13954572606400972,
    0.5054087028452043,
    0.1686107951572024,
    0.6905877547444648,
    0.5631381803136589,
    0.5772788002990752,
    0.6776433343298651,
    0.39100409349048854,
    0.5214358543853085,
    0.5480372901428355,
    0.42629801640056186,
    0.5008028032227492,
    0.4662109581682165,
    0.5666314748304402,
    0.18397208226765147,
    0.6659616854725903,
    0.3524927414127197,
    0.38985856380299666,
    0.008774563689658024,
    0.3040898474612437,
    0.5390802498191497,
    0.40837085265920753,
    0.5606975688864654,
    0.7368066936000106,
    0.5663145531422267,
    0.31800187471340075,
    0.7179124651382529,
    0.712226613933365,
    0.5614064412770025,
    0.38864494420096557,
    0.46984697406106757,
    0.41244280302614134,
    0.48733552888371284,
    0.5682415989188883,
    0.7365119806445383,
    0.5664428542020007,
    0.06044179801322014,
    0.515000056380184,
    0.6788730005996538,
    0.1999566595405969,
    0.5639760404456984,
    0.34167410692342876,
    0.49249547223753,
    0.4084673133714714,
    0.27834304132638577,
    0.518577053785539,
    0.21995304831752857,
    0.5478726310926018,
    0.3678201281304736,
    0.030268280045867447,
    0.5421646072961163,
    0.1895129532749948,
    0.18906877862017163,
    0.27051884514878877,
    0.5346597542633539,
    0.5040811302174077,
    0.5324908519537324,
    0.5895174564614871,
    0.554309079638311,
    0.3834962768839511,
    0.5539808819132948,
    0.6932759691464503,
    0.06308371561025622,
    0.3480490432427337,
    0.42039822769614377,
    0.5226504859393604,
    0.37487039785905646,
    0.4715662805443261,
    0.7471746480286308,
    0.20892761420456812,
    0.3520248581676961,
    0.31565407374296767,
    0.49431893749663885,
    0.210695205255674,
    0.6103895090066621,
    0.6924337720771789,
    0.21661526914165072,
    0.5342541422087501,
    0.40947471160813054,
    0.01930840596739433,
    0.16612348937247987,
    0.4810654741631301,
    0.5867650915296146,
    0.20177918512997223,
    0.5056448852186193,
    0.638822686345182,
    0.4765910921622292,
    0.4108915167194713,
    0.4520443165594094,
    0.2350103161280287,
    0.28064364196327946,
    0.313933249331678,
    0.40589955740109906,
    0.20293252130448133,
    0.5667502346283042,
    0.42893075414712395,
    0.6946518624832377,
    0.34676726144387626,
    0.21126406685591134,
    0.5574406735899605,
    0.5638551844615056,
    0.47481012888799196,
    0.400579725628003,
    0.5008765672968333,
    0.7467417855517539,
    0.21277346557715093,
    0.46807533520187866,
    0.14916635392530406,
    0.48341425094444035,
    0.019150902863592917,
    0.3343242993967031,
    0.48436808800628683,
    0.6567301893044188,
    0.41804963162055153,
    0.42503950949818164,
    0.018389770379412616,
    0.15557569661331463,
    0.7362622814834175,
    0.6897862887440288,
    0.3674671014398053,
    0.269622978481274,
    0.5278958669566439,
    0.5053627674516908,
    0.328643056187624,
    0.7402812670044081,
    0.44255159220530943,
    0.43458192792472927,
    0.1296984209500668,
    0.2045384891614156,
    0.4916739840435405,
    0.014497369213875191,
    0.0945599772397534,
    0.47206365496252595,
    0.5431828478758549,
    0.6824012797434383,
    0.41445434679653576,
    0.5498502021880137,
    0.38392397117729343,
    0.18869883787429936,
    0.3370343791905656,
    0.3760189634026106,
    0.464004179940104,
    0.40155452455313645,
    0.5169950475068105,
    0.403627688973366,
    0.3917902356460388,
    0.08088865000396107,
    0.5021791302532598,
    0.34501947573946223,
    0.5648778342607632,
    0.434852408243419,
    0.4985903869762353,
    0.09858928105724121,
    0.6612035954944426,
    0.2961290377608451,
    0.5239697099629856,
    0.5060387875426972,
    0.4794756975385279,
    0.13321560476276664,
    0.5648260078608432,
    0.5337033873214555,
    0.400771273689074,
    0.6508755408883551,
    0.2594031304591197,
    0.40473364410861773,
    0.10036446174850275,
    0.6624631504899872,
    0.1294323498508961,
    0.6480126924805025,
    0.6403604558641464,
