{
  "config": {
    "mf": 1.7,
    "mf1": 0.7,
    "mf2": 0.0002,
    "T_coh": 10,
    "tStack": 864000.0,
    "nStacks": 12,
    "gamma1": 25,
    "gamma2": 7,
    "gamma1_upper": 26.758176320519304,
    "gamma2_upper": 100.0
  },
  "mismatch_list": [
    0.15254764157855225,
    0.2531011381123064,
    0.4933929358067132,
    0.2475174474046562,
    0.5501887600174362,
    0.12962202147092167,
    0.2079072489776703,
    0.4332912037568567,
    0.34676777641655926,
    0.5291875742125572,
    0.5242226213006986,
    0.308010894574857,
    0.22917638383896632,
    0.2248409014889712,
    0.13447711773695187,
    0.3444493755798908,
    0.12408218706601377,
    0.4787321932414022,
    0.5409456895397602,
    0.3534007492141516,
    0.5236455809179222,
    0.16111979081160419,
    0.22322734730692442,
    0.5329058608308516,
    0.4835649912606795,
    0.38578119604040656,
    0.16644009697254614,
    0.2637172007738648,
    0.5565007367538882,
    0.21745003503203375,
    0.23998446432111084,
    0.5263436687750268,
    0.3349519878923604,
    0.10008908851216958,
    0.29533685486028394,
    0.36989509850726615,
    0.31048553734520506,
    0.22377693894888462,
    0.5351282835985088,
    0.5713843075803194,
    0.14655123283764107,
    0.46111466614711444,
    0.3786252167857794,
    0.28674286999970633,
    0.4047179898056533,
    0.4565054982622846,
    0.20794580057994022,
    0.2576470813694135,
    0.6119362137062735,
    0.11403409745037783,
    0.2278739565078788,
    0.04509396338155241,
    0.1296230700745034,
    0.22177996595130198,
    0.3151689710366477,
    0.49807973119787374,
    0.5422682562278736,
    0.5184097181865923,
    0.33533978616991417,
    0.13901923667511382,
    0.22966700695009443,
    0.45075717679230093,
    0.4582602438324848,
    0.2664104465497243,
    0.30252410717467254,
    0.43579526911005717,
    0.19931671834065606,
    0.47583508659273926,
    0.273952250239869,
    0.515733866893677,
    0.13321145321378897,
    0.34681379160902864,
    0.5119445219620787,
    0.5537033091280544,
    0.4955206141566318,
    0.3023977812843544,
    0.34018248424065434,
    0.39188203336154653,
    0.33358658266380475,
    0.33897344431090554,
    0.537066689001923,
    0.5093149942744509,
    0.2905145120355423,
    0.2365752073466123,
    0.5542364932080885,
    0.42212591954871986,
    0.08734880172425588,
    0.5778262803196256,
    0.23553079817919703,
    0.15642130657463535,
    0.3015979434817396,
    0.35412329876453563,
    0.4212978311319617,
    0.26708463697022095,
    0.6070924361906698,
    0.19576966251900388,
    0.558448425383129,
    0.24294553578826003,
    0.15171720922437604,
    0.3852066846427391,
    0.26697311489517445,
    0.28295796621268954,
    0.04838411132567776,
    0.19275677769840388,
    0.40024797778437704,
    0.3843989514719794,
    0.5605664195705574,
    0.5251036950396166,
    0.2166282999193296,
    0.25138420395361255,
    0.220434052412854,
    0.43276585336240386,
    0.3508991511634964,
    0.4529918743901209,
    0.3854120258970697,
    0.40173896871248727,
    0.15402512402522708,
    0.35454218505415985,
    0.35585176756262865,
    0.3304254746427973,
    0.5527329190369975,
    0.3327166117863405,
    0.5545518144733749,
    0.5355702700082131,
    0.558519977156942,
    0.567087931975667,
    0.10474686225714133,
    0.2932458776357263,
    0.14630098667698646,
    0.40074705140672273,
    0.49975219222818895,
    0.12503857521512632,
    0.19217942890280934,
    0.5006897980366756,
    0.17508608023426545,
    0.3487359436569258,
    0.18481477753541542,
    0.27623438172912196,
    0.2323950416918423,
    0.27660682104833134,
    0.22893767231771087,
    0.3776036918494715,
    0.40608018754090014,
    0.409259985378688,
    0.13554866723236517,
    0.31843031322355697,
    0.28664189564304093,
    0.27890943114871003,
    0.26687170876056365,
    0.06110385781990203,
    0.39048270272299335,
    0.17924496540458243,
    0.42620486411656994,
    0.33715504233503724,
    0.38185454572216365,
    0.10848790974141587,
    0.4813274254236506,
    0.5153639257182947,
    0.28006184648504473,
    0.3829536056409568,
    0.4921745201272923,
    0.5250863313979542,
    0.3541367455634074,
    0.24458006204194166,
    0.48773374564117755,
    0.23015146180485935,
    0.23885049207130207,
    0.10812657328366021,
    0.15112801737656417,
    0.3082789053138376,
    0.6028057139072257,
    0.4708235633453386,
    0.054173451700476674,
    0.5492344382342054,
    0.29422564347645536,
    0.08357641949765636,
    0.38262360392552613,
    0.1029067480188746,
    0.4150013367189813,
    0.26270221418930195,
    0.47650199847072733,
    0.45915821859383793,
    0.047054296936337704,
    0.2345586192937947,
    0.4670170706610506,
    0.22248783505154163,
    0.21120091282792267,
    0.20167983903595765,
    0.49281993563185467,
    0.3225925909348737,
    0.3840067737324078,
    0.15047245509028437,
    0.40642770710440224,
    0.46835595238724453,
    0.39022264903472126,
    0.4464456889595586,
    0.32266383429586853,
    0.475537529905779,
    0.269957255641122,
    0.2541748464974468,
    0.5215679579683908,
    0.25331634857681806,
    0.4262890608159275,
    0.29598507692149156,
    0.5177987832351002,
    0.3645402501106903,
    0.3311788654749973,
    0.4982288487954538,
    0.3013617609455931,
    0.44814566041325365,
    0.2905367177584498,
    0.07042915115489941,
    0.461460767011653,
    0.2652469900344995,
    0.4893539923813784,
    0.0699773880588594,
    0.5185405469040556,
    0.5562919104347125,
    0.1633422135792614,
    0.31757940225825493,
    0.2858605626095157,
    0.3278423322430208,
    0.3793863179384333,
    0.09621961793041343,
    0.09753450513935458,
    0.5948169583610042,
    0.5546996675784005,
    0.4026743231074013,
    0.4223849246334102,
    0.20067046556468532,
    0.16514007526144028,
    0.26133384819769195,
    0.1491432575265806,
    0.13168018357162714,
    0.24910170236897783,
    0.223613665202951,
    0.4339231416212655,
    0.08718904388444927,
    0.16937008042762486,
    0.177239911991164,
    0.46363723626940445,
    0.30734669672966874,
    0.49718804805801103,
    0.22364259432529435,
    0.493267627678695,
    0.39503956379386335,
    0.14483941833172867,
    0.1820905054300491,
    0.42960437524601464,
    0.39495394839554226,
    0.28072326861486957,
    0.1632188484519976,
    0.35145417087105624,
    0.29766728379686064,
    0.3824268365475404,
    0.24309443749686743,
    0.4172301127906926,
    0.4258971298066104,
    0.35867769253286036,
    0.1048583843321878,
    0.520639265290349,
    0.252596142963852,
    0.40063633120500347,
    0.2528985108907756,
    0.5332583149994442,
    0.46588815638145964,
    0.21886059189716794,
    0.3909711052618307,
    0.31320573840137167,
    0.5051801653039504,
    0.10633938268498964,
    0.2709913021378471,
    0.4100294136774323,
    0.2488442393483783,
    0.30145780069716793,
    0.38498925360593667,
    0.3738646182072332,
    0.39422529227135866,
    0.2867342344407979,
    0.29711090707290094,
    0.5348904356331442,
    0.43287410626157785,
    0.1351778316598102,
    0.1576675410902542,
    0.2609892893972442,
    0.404828463277118,
    0.12569315058038802,
    0.46736650238402533,
    0.3954674557377778,
    0.2938298881481931,
    0.525024864723295,
    0.3507073183906012,
    0.5319656335134105,
    0.12384187179810391,
    0.268048982170042,
    0.34092976849905476,
    0.4935921088046806,
    0.19250030159882245,
    0.23683649468615703,
    0.38766220581836125,
    0.5381844695787784,
    0.49131213620515474,
    0.5229240799711199,
    0.33267590129434343,
    0.33737722292923933,
    0.3672370117926768,
    0.501631135640262,
    0.09501440231960981,
    0.021598087973144924,
    0.16075444498721245,
    0.3090048474052214,
    0.5490598765791271,
    0.22029952274157283,
    0.3757247792786803,
    0.2527823626234567,
    0.46839382548131453,
