{
  "config": {
    "mf": 0.65,
    "mf1": 0.1,
    "mf2": 0.002,
    "T_coh": 60,
    "tStack": 5184000.0,
    "nStacks": 2,
    "gamma1": 1,
    "gamma2": 5,
    "gamma1_upper": 4.0,
    "gamma2_upper": 6.000000000000001
  },
  "mismatch_list": [
    0.30863730462086475,
    0.09746527556915106,
    0.11015899221085623,
    0.11137752771304493,
    0.32298520236160827,
    0.33831946476381025,
    0.2426303828650402,
    0.11128377753233912,
    0.07795519073860975,
    0.12256856701728415,
    0.03152376932106654,
    0.08556218304198736,
    0.1726451140036893,
    0.028643463075295056,
    0.2957463295033337,
    0.17384463925335245,
    0.14064565467551016,
    0.34047730913128205,
    0.13489472801605246,
    0.018581473749949402,
    0.13873024523948582,
    0.0034874778093249986,
    0.2985383067430739,
    0.05615758704238057,
    0.020211006574800645,
    0.04340597225515084,
    0.31409917424667355,
    0.01782041310796667,
    0.08242202182348077,
    0.10559523052280363,
    0.3249468002058601,
    0.31517437389046626,
    0.12144168550826043,
    0.08924944920865306,
    0.13681910046087212,
    0.23536102132039577,
    0.11293535646753367,
    0.13948834230597978,
    0.17772779053159315,
    0.22599691788149168,
    0.08726472101912301,
    0.10018359711564595,
    0.07300948922415039,
    0.001941575639120353,
    0.2224084616585614,
    0.2864323900007517,
    0.10771252450370952,
    0.18647800015034724,
    0.0071627451093776206,
    0.04256908745005291,
    0.2652413796094441,
    0.10904555521502547,
    0.20484161496070732,
    0.053305470904916934,
    0.20044092220686624,
    0.12561700196029676,
    0.22809267172835723,
    0.045043167006875495,
    0.029581470858656242,
    0.33764528748127887,
    0.22380864265351322,
    0.33578351153336844,
    0.20761060641982734,
    0.07713305152862669,
    0.09669264975452921,
    0.14681892698328255,
    0.20495235148872684,
    0.30755162403936787,
    0.10365531737725014,
    0.07188036696292784,
    0.21163282889905338,
    0.06703665581467967,
    0.11137449185522717,
    0.14850317753118258,
    0.366875899914996,
    0.024798476866763428,
    0.2559375596329214,
    0.20116981721244645,
    0.22172835722505246,
    0.21336905044150045,
    0.2664146663736823,
    0.06292075543707679,
    0.07391468083014809,
    0.2725116808243655,
    0.2529430473073387,
    0.10929782054321616,
    0.03653878958903159,
    0.0954191796823047,
    0.16435830639611873,
    0.08995709320950888,
    0.25488324958220815,
    0.17605705677921507,
    0.35775936345289794,
    0.0795702670976621,
    0.007064730271261125,
    0.148380586701208,
    0.14457369328005643,
    0.04994542684160918,
    0.18583887979737818,
    0.07064614619534733,
    0.10683573985300665,
    0.23776802287591148,
    0.32495099258094173,
    0.11549003082118509,
    0.3279489744583162,
    0.25681376602499234,
    0.048556232760664536,
    0.17213407793769842,
    0.165425916395367,
    0.12652486801246726,
    0.2574423331579282,
    0.1676292986301053,
    0.01051317562292911,
    0.08334109163664541,
    0.05522398848108805,
    0.0831347255873662,
    0.23872663112303608,
    0.1810355744710379,
    0.0909612393239,
    0.022353743935512597,
    0.041539931649829706,
    0.15879762682657445,
    0.24518368385444073,
    0.01449137816379754,
    0.33377565299856016,
    0.21423932968259385,
    0.3404050990846166,
    0.06835436267224879,
    0.15685308761196531,
    0.3548008477271544,
    0.055358650460004745,
    0.22236704388404757,
    0.11729969120989053,
    0.02081687705643226,
    0.07199175403190831,
    0.04442276777711599,
    0.028165676880641637,
    0.14043675874471617,
    0.04209267461965038,
    0.1960917667535982,
    0.184012739037662,
    0.09229412547055796,
    0.19077185962193452,
    0.2970705417705123,
    0.2962696535652536,
    0.29476820502738055,
    0.07891567832628822,
    0.03416511018718232,
    0.008117739240052506,
    0.00747688411118757,
    0.1096537387311849,
    0.16570478162062763,
    0.29758663759953274,
    0.033883787362735854,
    0.08902197671930748,
    0.008243944186476844,
    0.3370991222033967,
    0.0747283630076388,
    0.2855032006615279,
    0.09064731716907704,
    0.010218841979263645,
    0.38494453054072963,
    0.24381075329751986,
    0.14536381141829494,
    0.03735651957694598,
    0.2768573667258418,
    0.09218555741240828,
    0.342711845049817,
    0.05749885793920189,
    0.18037527539567347,
    0.24391527354524584,
    0.08501110256573355,
    0.015999693522925063,
    0.19693667489721453,
    0.10071154724662153,
    0.020878317036077555,
    0.05605234397136463,
    0.10647534016064025,
    0.10210269295044902,
    0.2270012085605408,
    0.27614220536277057,
    0.11302664904905368,
    0.3763285492069183,
    0.18517923126297467,
    0.3049138250073728,
    0.21877837081413032,
    0.3259623669282323,
    0.16393473194821115,
    0.004079036389815709,
    0.05595534108585406,
    0.0444474883336321,
    0.15934335841048267,
    0.24227916302845612,
    0.08782057212909046,
    0.34650811296860634,
    0.24771211972266716,
    0.2818350170297167,
    0.07431064342837977,
    0.0405538561176872,
    0.11364632545552324,
    0.25851615943747003,
    0.0598419619158865,
    0.36410719758519194,
    0.21737132299792405,
    0.2223667547547316,
    0.16310406342340675,
    0.26838067344000277,
    0.21043438788432514,
    0.29192331712281633,
    0.16054787114084645,
    0.14403952686878732,
    0.17396867572990696,
    0.13909411448364395,
    0.05745852439962298,
    0.14145940913532987,
    0.07664659145449394,
    0.0566196156893132,
    0.30711106324414655,
    0.15798885984745537,
    0.11078466805063232,
    0.06755629347782088,
    0.3263821104127032,
    0.04567729987914394,
    0.08539643966160305,
    0.06074231060584157,
    0.13904445652362477,
    0.05623449544043069,
    0.07205030271839383,
    0.3341012126083512,
    0.06548034498909983,
    0.09092394164213886,
    0.07708303215696252,
    0.14138524746578154,
    0.06581942139441287,
    0.21032957850728318,
    0.15914161843025912,
    0.33801371051216367,
    0.09177311444316585,
    0.18271469297357937,
    0.06134977129871106,
    0.13030002949119024,
    0.05336893478977407,
    0.30070605378961796,
    0.0533059045988909,
    0.29483333140580453,
    0.05495611016983456,
    0.055562558910098134,
    0.1941052315058433,
    0.027813517373780596,
    0.03365754367298318,
    0.15807422527799783,
    0.24772780498805896,
    0.3020286758455587,
    0.2152262726026843,
    0.08096213562477954,
    0.122766476034071,
    0.020672601527759307,
    0.3387399310715711,
    0.28260251079897997,
    0.20709993176548142,
    0.11412396708551867,
    0.05219528661389093,
    0.13510131091231864,
    0.058610415594478785,
    0.12442593374312595,
    0.07173695882220282,
    0.12466909149786333,
    0.335658535386537,
    0.09501541059254162,
    0.18523864733740814,
    0.32773704266970444,
    0.1595965634089503,
    0.12370506207606415,
    0.17903364308720718,
    0.31779215071732986,
    0.2535369912046862,
    0.05945236016260633,
    0.033304950472148175,
    0.013285347504524874,
    0.01764433335453615,
    0.1975587366205409,
    0.05418211099096182,
    0.0012833004689677505,
    0.1964042432618413,
    0.2584055674741085,
    0.09148290089225307,
    0.1370677516726131,
    0.039635870539457475,
    0.24205675030214013,
    0.3058216187772143,
    0.09393522346804832,
    0.08828968444426454,
    0.018995651495087692,
    0.025579126019903663,
    0.13870097089624306,
    0.056675128517980955,
    0.030159657208282977,
    0.1856463196729369,
    0.016039015109898053,
    0.08264197695061093,
    0.02067751672613093,
    0.2009587528117826,
    0.026159408557071235,
    0.13694292009043965,
    0.364185117935848,
    0.32416210324229616,
    0.18791728588528506,
    0.08784066661655092,
    0.22256423007754447,
    0.2355550270914169,
    0.18257880219506978,
