{
  "config": {
    "mf": 0.8,
    "mf1": 0.8,
    "mf2": 0.0002,
    "T_coh": 30,
    "tStack": 2592000.0,
    "nStacks": 4,
    "gamma1": 5,
    "gamma2": 31,
    "gamma1_upper": 8.717797887081348,
    "gamma2_upper": 47.70744176750625
  },
  "mismatch_list": [
    0.16260984387301552,
    0.33128005680814443,
    0.31141065077534386,
    0.40225792713303044,
    0.33197534073176915,
    0.2688304195354327,
    0.005427753935846234,
    0.324551076009517,
    0.014667389875671467,
    0.4272061801987418,
    0.10294047490660398,
    0.3491270749732772,
    0.2755114048537309,
    0.33628741659701056,
    0.01729550383544605,
    0.20082031793247035,
    0.2664412710244057,
    0.15144041375573597,
    0.334263510799995,
    0.3201093256085668,
    0.066822864005963,
    0.07562504716423331,
    0.28129861891559704,
    0.3393560914793855,
    0.22072427492851998,
    0.2501413842763915,
    0.059176403340138475,
    0.47207270216578157,
    0.1544793805923047,
    0.25524603610821417,
    0.19137850825999325,
    0.1939225578468418,
    0.04467663623386983,
    0.2808179412888059,
    0.17405054964944505,
    0.03207991883559495,
    0.04531799752447408,
    0.3000981738876252,
    0.1881003591276272,
    0.12469240246002858,
    0.08261012432853311,
    0.30449908476088566,
    0.2897465462770397,
    0.18047153535517668,
    0.3050635376312033,
    0.09304176850045061,
    0.12012119437041929,
    0.09791909234185851,
    0.08554579968710416,
    0.17626838899122463,
    0.1449957194392393,
    0.21386005385324197,
    0.13059888239921888,
    0.048882167915368355,
    0.08427016077618522,
    0.3144162954486117,
    0.37156893755643444,
    0.2454275631104425,
    0.1273015061617812,
    0.1473034057419364,
    0.46255658623761403,
    0.03694191881882545,
    0.21197211115637593,
    0.06853053452219487,
    0.23215153618786935,
    0.28788758880248094,
    0.1612944496696552,
    0.38849543999567465,
    0.12315380036019741,
    0.34194076374687415,
    0.380780527944501,
    0.2591700280368779,
    0.25752546001210297,
    0.24128629043799923,
    0.1924019540521341,
    0.11198856261921167,
    0.10225697300601187,
    0.29466008357574425,
    0.011995328247161688,
    0.44411038353303983,
    0.22662699618551582,
    0.12261312838299468,
    0.2879792428221458,
    0.06685062042832207,
    0.3898081597520889,
    0.07016816344138002,
    0.20294151577244243,
    0.243810534660977,
    0.27055283565104277,
    0.3848672997251247,
    0.018917953461153585,
    0.029994428476470214,
    0.3479577633990515,
    0.11820715774524172,
    0.3950729892712754,
    0.05244373614166647,
    0.4559360651050017,
    0.3588946611967239,
    0.352822437829228,
    0.39201833716477974,
    0.27532867507320036,
    0.19315275082047695,
    0.33723807406280876,
    0.2590030558086241,
    0.3394485406048992,
    0.2852167559739194,
    0.1943426628644223,
    0.23662350061107498,
    0.21688087781998747,
    0.09691776494878507,
    0.33616150074349627,
    0.376598415744368,
    0.21659319406741168,
    0.25306665097657793,
    0.20646441294154758,
    0.28695861604165085,
    0.3478001155939339,
    0.27571813237442605,
    0.22649443035581132,
    0.30555382881053034,
    0.5103907685030528,
    0.2431354897953224,
    0.49063354467728676,
    0.25302371526074124,
    0.04589032917093012,
    0.1362574338782748,
    0.33468137506472884,
    0.2123882406447123,
    0.18956241421892125,
    0.04864060030202457,
    0.1323377066082548,
    0.22142498002838673,
    0.4331656792415789,
    0.16868835580495214,
    0.00029288808176810725,
    0.47385294416130647,
    0.22363638624102578,
    0.19526585303726096,
    0.224578875801286,
    0.1605044758676701,
    0.30566998654680905,
    0.2986786208180685,
    0.3050886196066163,
    0.3119732965869142,
    0.08709827999811488,
    0.16624362216685715,
    0.29531835893622355,
    0.3190154045252799,
    0.3504770201398866,
    0.12862412860013087,
    0.21940049597257202,
    0.27555889435761083,
    0.28267668191631495,
    0.22623197314334834,
    0.3265999914995957,
    0.13324109141722268,
    0.2950493963122702,
    0.213929878603239,
    0.3651316160396269,
    0.3321535167242564,
    0.45862316146228926,
    0.3190524853707752,
    0.4798492710614143,
    0.3083210140114998,
    0.24105766136528636,
    0.3499907044898037,
    0.04588259495949153,
    0.33112501116762305,
    0.24716812209587588,
    0.46861070287646167,
    0.13666496176697385,
    0.2387926216490264,
    0.3272448946253447,
    0.03401910971853542,
    0.2252864477243926,
    0.3886894458227885,
    0.06237959567566505,
    0.3274123728300477,
    0.40450124600314746,
    0.309832510230121,
    0.08829101105370607,
    0.17718095365862896,
    0.23651941402722848,
    0.3592314969472272,
    0.0027930622822313505,
    0.046128354949129126,
    0.2518056853826873,
    0.2828005015816824,
    0.2975475466069364,
    0.045714032519540086,
    0.429522576524601,
    0.2079662956076329,
    0.21710032703426385,
    0.30646863423078136,
    0.10330051329142306,
    0.11875303405163677,
    0.22748296377295363,
    0.07387689853206113,
    0.31281625335137114,
    0.2728405720251693,
    0.09879421475201805,
    0.30913635891829755,
    0.28607359094955587,
    0.1459210780825748,
    0.39395438376549985,
    0.056120666998394464,
    0.3143920808613974,
    0.2067526026705726,
    0.32764548340845395,
    0.3744575571052249,
    0.24048186016603545,
    0.32188942303939183,
    0.15210020704556304,
    0.42695575799753605,
    0.2705198748994914,
    0.15738122781112565,
    0.3016949632791206,
    0.1544945598857823,
    0.12323417833327888,
    0.3103482447966105,
    0.2447224487872323,
    0.06310899686843947,
    0.09884105371474898,
    0.097458292361288,
    0.37172007995006157,
    0.23985755751000604,
    0.07612531330784561,
    0.28853697343392337,
    0.16444993565425212,
    0.11402193740406324,
    0.25356691712019025,
    0.35750640638467107,
    0.30872919244134794,
    0.10321637663614713,
    0.025008391980822626,
    0.34157089496246956,
    0.06052150558930499,
    0.2965743370479715,
    0.305236003318049,
    0.1443475636077451,
    0.07897584005824222,
    0.3905421870152565,
    0.3635360554480797,
    0.2166552846059701,
    0.34726753923991927,
    0.30454635741771596,
    0.03636055187863273,
    0.3721545691552709,
    0.07054533274312386,
    0.13598550767797576,
    0.27379766262010796,
    0.2738086495372918,
    0.06857614468497762,
    0.31430295672397884,
    0.29196257856007196,
    0.35469715285606357,
    0.4904065780986215,
    0.35672048039428,
    0.21910811386725318,
    0.11567185432273028,
    0.04608187739814766,
    0.30807510945716243,
    0.13861615151999662,
    0.13760195786864216,
    0.39411416389993925,
    0.3304569776899081,
    0.3152754434594448,
    0.3000829945941476,
    0.1531746841767286,
    0.09371630738965593,
    0.1701911058592362,
    0.23783025444254552,
    0.08218199597011443,
    0.11074075241300169,
    0.2930798468423745,
    0.008583239920443155,
    0.3493171775534969,
    0.4277809694450942,
    0.08886261987666318,
    0.07423129889358852,
    0.025630887578104694,
    0.18576665117896848,
    0.30302741611705575,
    0.1772619821728595,
    0.4686693238622252,
    0.08775872382909099,
    0.3118367552279655,
    0.1709754416379296,
    0.162310450379757,
    0.015497769511246989,
    0.18391586160994766,
    0.19069052485370774,
    0.10279807867731396,
    0.22943444265537596,
    0.29089634161679423,
    0.23028303744312464,
    0.2308376599138568,
    0.3017173708075876,
    0.14769373043136083,
    0.11628654342622387,
    0.22846658199030317,
    0.2988849146446643,
    0.34266069595181253,
    0.3105840298219628,
    0.03856321192693469,
    0.12164678564726965,
    0.3536333012303323,
    0.20232899513944566,
    0.37410257848489836,
    0.4300927035593853,
    0.3646854893760848,
    0.39542008911546356,
    0.3063604998353408,
    0.4456561777266854,
