{
  "config": {
    "mf": 2.0,
    "mf1": 0.35,
    "mf2": 0.002,
    "T_coh": 15,
    "tStack": 1296000.0,
    "nStacks": 8,
    "gamma1": 17,
    "gamma2": 71,
    "gamma1_upper": 17.776388834631177,
    "gamma2_upper": 100.0
  },
  "mismatch_list": [
    0.4279566780448624,
    0.03736372620394823,
    0.026862266390876008,
    0.3840963644322573,
    0.18693977613308269,
    0.0869531338997566,
    0.21425142150346002,
    0.48101606921983125,
    0.5119682481260094,
    0.4253773569085386,
    0.09109129484176251,
    0.25972442522570865,
    0.5627336886345067,
    0.39532267102133717,
    0.46695788718296266,
    0.3163702466445117,
    0.13723233146228223,
    0.4393231761299601,
    0.09507325376113653,
    0.38225092535784067,
    0.029344367850920386,
    0.23626903987727046,
    0.06145049733104883,
    0.3275874456654047,
    0.4537007013116633,
    0.1849716740172934,
    0.16373867987100213,
    0.26282887717851583,
    0.43434469745815,
    0.39740432861031233,
    0.10968367247218722,
    0.07759583041071952,
    0.4407554496507609,
    0.10192207275530249,
    0.08704189654843404,
    0.38809090046960354,
    0.3907073024192592,
    0.17501652373085314,
    0.06408908994287386,
    0.07891693377381195,
    0.22277227436505792,
    0.20194767514142753,
    0.4634070198244292,
    0.08635456427948149,
    0.284102638534786,
    0.47072560140308595,
    0.2472024586386296,
    0.28284189088150274,
    0.10851212116130457,
    0.4219413822455042,
    0.2626011879738465,
    0.3148703169028948,
    0.23388820590158854,
    0.5282658077025162,
    0.3416128838261732,
    0.27101947226991246,
    0.22072791443627623,
    0.4699329177005443,
    0.17299926965977017,
    0.21204052318497732,
    0.3446777973678839,
    0.32701128355416054,
    0.20352436867204718,
    0.24728739032608563,
    0.09613811641611698,
    0.4848972666308532,
    0.42621893957836876,
    0.3521328479047678,
    0.020965911095099782,
    0.14184900114552967,
    0.49082922095307374,
    0.4147792918186281,
    0.38973040730779707,
    0.036488026294561306,
    0.07096703869878004,
    0.21725822008626458,
    0.5233059417196593,
    0.6027955319137863,
    0.35839921622870347,
    0.3468895630738129,
    0.011449947985666134,
    0.4496098852677712,
    0.4021551180774531,
    0.38350097523261883,
    0.1360369269966247,
    0.25361700565131834,
    0.15654796565839624,
    0.19458182094694423,
    0.4753010340414877,
    0.08437511384460233,
    0.4611372114418813,
    0.218711672317214,
    0.5313297815744933,
    0.31248044764131333,
    0.4928966027903276,
    0.12331430478028786,
    0.6167348818705036,
    0.14467964779443612,
    0.09709412194657935,
    0.5544253456972668,
    0.2828007622600879,
    0.3426265706218185,
    0.33661694898200517,
    0.17192327553256143,
    0.06698074284217423,
    0.1871145547035241,
    0.1094731864518707,
    0.4586213180125725,
    0.4354952146234584,
    0.4300668509961367,
    0.2161210028618003,
    0.06904302877818069,
    0.5790157798015533,
    0.33209880005620673,
    0.4140507586459735,
    0.2212831146842334,
    0.045783311581183705,
    0.1435581881085807,
    0.09503660664152785,
    0.12656982671333597,
    0.02237830698692153,
    0.16383373107866567,
    0.3156146798964455,
    0.0966730053413719,
    0.048049361284797414,
    0.059210758379974686,
    0.33961153185827353,
    0.028259121590950488,
    0.534472868409807,
    0.07729419642624807,
    0.19533998985734946,
    0.41773654089355944,
    0.025293162500412008,
    0.10349341739666958,
    0.5044481435306486,
    0.4625226460405787,
    0.23739729409812232,
    0.2946528166094287,
    0.04630425002500967,
    0.28421677226626946,
    0.4710758813668407,
    0.06542436063425683,
    0.33991959896630547,
    0.05653992786805996,
    0.37549173639979855,
    0.30953566726092346,
    0.35978190410048744,
    0.06272989381442881,
    0.03364169438933322,
    0.45021767087966386,
    0.5717289662881195,
    0.0337934871924461,
    0.4894661215811201,
    0.03017040982900324,
    0.41862492634434934,
    0.3953091542336314,
    0.045002012338875554,
    0.003952973722208183,
    0.501991160165405,
    0.6499613145198924,
    0.22318370514378102,
    0.15202931075658738,
    0.04444074037879388,
    0.41593862742297455,
    0.05544701968564723,
    0.4945173885161372,
    0.528236858646494,
    0.5033943762067528,
    0.1831786396010943,
    0.1475133302994048,
    0.04329448786843004,
    0.058312072703259235,
    0.38588954341303083,
    0.05745646726971297,
    0.38546228281341166,
    0.051507635033432,
    0.014432098308536654,
    0.03648629151966859,
    0.5675782282281414,
    0.13624220869226308,
    0.2251479040160617,
    0.5739723916358407,
    0.16336476359933408,
    0.01912589319222289,
    0.4745228067963854,
    0.15260699079586268,
    0.023742490593183143,
    0.20099116363495478,
    0.3638514691519437,
    0.04801820761901568,
    0.2334305144590596,
    0.10051994094826265,
    0.29678420441199516,
    0.053785755879007545,
    0.04526887854320544,
    0.5190279506930715,
    0.08470009500783829,
    0.2902231412031589,
    0.28843444372419164,
    0.20171434791835688
  ],
  "statistics": {
    "mean_mismatch": 0.2611871610322142,
    "std_mismatch": 0.17198418676419938,
    "min_mismatch": 0.003952973722208183,
    "max_mismatch": 0.6499613145198924,
    "valid_samples": 200,
    "total_runs": 200
  },
  "perfect_2F": 1729335.0
}