{
  "config": {
    "mf": 0.75,
    "mf1": 0.001,
    "mf2": 0.01,
    "T_coh": 15,
    "tStack": 1296000.0,
    "nStacks": 8,
    "gamma1": 1,
    "gamma2": 99,
    "gamma1_upper": 17.776388834631177,
    "gamma2_upper": 100.0
  },
  "mismatch_list": [
    0.20529275482831222,
    0.03819865890335627,
    0.6519702561279478,
    0.33237752055563685,
    0.10129119295265047,
    0.15015127237064507,
    0.025134213750866663,
    0.21389239538295446,
    0.05382435462037054,
    0.11035734338885962,
    0.19756476637497392,
    0.013090033082157204,
    0.08881324627847416,
    0.03666331084101308,
    0.21669174380150474,
    0.15197271372571242,
    0.2819782621140776,
    0.05159328954375999,
    0.060390043895587366,
    0.273318916390211,
    0.15295734304190464,
    0.11007356312932573,
    0.043468037639989104,
    0.11129896474416985,
    0.2337888177566932,
    0.13208351958069334,
    0.217577852360248,
    0.5888830348267625,
    0.11813166478829096,
    0.17893913889243876,
    0.21299717925602443,
    0.13293247504381753,
    0.17661309489045185,
    0.029795626169888817,
    0.10864475915831036,
    0.613342746414654,
    0.10885755821181717,
    0.12704529959851527,
    0.05582960983177888,
    0.5119435998660754,
    0.2387410940993945,
    0.21357724461077723,
    0.15271700443697592,
    0.15036081872122803,
    0.2597917923173759,
    0.08161768915262607,
    0.11207932431674446,
    0.43564798323744847,
    0.07837474433755019,
    0.281206720980541,
    0.0455254806627534,
    0.2008882336579868,
    0.12228572783348012,
    0.16152517939018035,
    0.28235160012744814,
    0.32084314685852505,
    0.6682644184369563,
    0.0038227933229670894,
    0.027802875794165488,
    0.03296426479372659,
    0.027905516641984675,
    0.37174411665551593,
    0.16616461799389476,
    0.11095005814387182,
    0.053103989346169125,
    0.22848481580449317,
    0.14143699210850902,
    0.05908195134419032,
    0.14681002364498177,
    0.06780584515052353,
    0.05397115994566685,
    0.20948129652449415,
    0.032305194899067906,
    0.4798929470413703,
    0.18542705242663204,
    0.19143833655905088,
    0.2146778147156328,
    0.32506211939761676,
    0.19273088841870065,
    0.30509457125327655,
    0.2828359637339526,
    0.11856521394689623,
    0.16423590972462762,
    0.1487307085803701,
    0.07745704841930202,
    0.14854465397312602,
    0.4362932472152526,
    0.20542156186409657,
    0.027289165579059187,
    0.04983856473977509,
    0.038906374777298275,
    0.20563501145818816,
    0.1250256602119548,
    0.29937480158512164,
    0.22235650664910303,
    0.041096166667919556,
    0.09916999695257878,
    0.01860372594951458,
    0.6175487804243375,
    0.08091380423990549,
    0.13207079789814674,
    0.2506333374004167,
    0.0811907176821557,
    0.17996200553855798,
    0.38755796316610297,
    0.20669076654498184,
    0.5357426152078463,
    0.12120742067308109,
    0.039244872728239996,
    0.20173856248456773,
    0.1289700323419866,
    0.0800115767311174,
    0.09237864237673413,
    0.01062730327508152,
    0.0772721503286531,
    0.08263108681912254,
    0.12313200885197802,
    0.268650203460182,
    0.020955574728030665,
    0.09288881075976779,
    0.051195520117317046,
    0.0771358259350003,
    0.47342906736766993,
    0.07694275994589815,
    0.2563136409397623,
    0.28191017219953846,
    0.04056742173707636,
    0.12324057684734732,
    0.11220914330454956,
    0.5751213547319743,
    0.1613089107868881,
    0.04617045551140875,
    0.04919438499627891,
    0.18855029777411034,
    0.4234102306036265,
    0.17815198478486768,
    0.16333360993355234,
    0.1494599645758967,
    0.07064039504293856,
    0.2246529871956265,
    0.04067382126382977,
    0.07392844400522514,
    0.34654362004728995,
    0.3625122229347649,
    0.10806852476477898,
    0.10771737741357786,
    0.036542382574533155,
    0.08774469722684668,
    0.02255323012193733,
    0.22294025840050286,
    0.11428957209464238,
    0.20549059144836934,
    0.23867387157230166,
    0.6610369125401673,
    0.0939139904390773,
    0.29126949959261705,
    0.5900076749332546,
    0.04816038687793141,
    0.20504605538211018,
    0.43870071721376647,
    0.14684970662065272,
    0.1995985730898249,
    0.21224378097657418,
    0.33234947502820456,
    0.5563887133232447,
    0.21139540377174756,
    0.005831012108150493,
    0.011722958184407727,
    0.45261516592254464,
    0.26230157789341657,
    0.03723578655561023,
    0.24647703360432444,
    0.027338968074937648,
    0.1978545460643451,
    0.041343805783855145,
    0.06649037980583243,
    0.6571334883258324,
    0.07148255597106627,
    0.11827608479810979,
    0.11068745659448653,
    0.1704104072615364,
    0.08593178518166852,
    0.4076875320571944,
    0.3077732082522085,
    0.6237561664019208,
    0.12792352938795407,
    0.06453904718067276,
    0.08403285721472639,
    0.09405190504304844,
    0.19286482749687595,
    0.12832303358928973,
    0.2814889833120438,
    0.34047588344857055,
    0.044760228088202896,
    0.04916330361278436,
    0.06361405075141774,
    0.021662495496813507,
    0.11133279285457787,
    0.15021791663944034,
    0.006360263015004068,
    0.333593380908571,
    0.3742682141244215,
    0.1060173703010008,
    0.09956089956173804,
    0.1942306735957431,
    0.021002558214708464,
    0.304172682962371,
    0.009183825999765227,
    0.11673755631512996,
    0.15464498988337108,
    0.18987855708363524,
    0.11280127980126418,
    0.1991766613794583,
    0.16732503783254912,
    0.11943961277511361,
    0.30553542092288866,
    0.2817119018857581,
    0.0214708028711681,
    0.284422849067067,
    0.18921760784950944,
    0.10206164985187914,
    0.07017330690307408,
    0.17890328687798923,
    0.17568780933204806,
    0.1835901426621046,
    0.08044368024397874,
    0.2385178141142442,
    0.32605961496093,
    0.2576223117494569,
    0.20916209794423393,
    0.17852192553073992,
    0.1307860525255142,
    0.08256444255032727,
    0.19829098651443824,
    0.07674174290520439,
    0.04503743065960189,
    0.03508365373661838,
    0.6176510960018643,
    0.24078971868312082,
    0.052713954124456223,
    0.2872978047580249,
    0.018211811388334564,
    0.3154179997929835,
    0.11256274825351538,
    0.4284840857533925,
    0.15323208801553895,
    0.005082312177368011,
    0.19686449557661315,
    0.6131536920924913,
    0.11711920679152805,
    0.03678055271084599,
    0.29399208422216455,
    0.17545657829530611,
    0.3512596778754328,
    0.1086780090104208,
    0.1108268168442016,
    0.2792455579643226,
    0.03528510447103533,
    0.18902801141019274,
    0.23917551064544612,
    0.031219876356810814,
    0.0650925126537372,
    0.18181741956860775,
    0.07697940706550684,
    0.08276950739910405,
    0.1333723127614089,
    0.13479793631178763,
    0.2717488728300135,
    0.05458722187944355,
    0.06724731991735533,
    0.15449030578877035,
    0.0504012823456007,
    0.20566110536386614,
    0.24249926705760783,
    0.05611013738838892,
    0.12442694602710527,
    0.20313729702410932,
    0.16806426878370884,
    0.15070972532152607,
    0.23402836125646276,
    0.02631299329046897,
    0.08843304144782,
    0.0472267888565,
    0.13746602009678888,
    0.06590084547145689,
    0.03218397750343919,
    0.32924046929130396,
    0.07119371595142862,
    0.19566685036005252,
    0.1926275970302967,
    0.09041046797865765,
    0.048571456245218525,
    0.006819472385564128,
    0.2635613135946791,
    0.13238435846000562,
    0.22959384293695076,
    0.22099882844868912,
    0.16134635301165595,
    0.2332534228554279,
    0.032828590940658556,
    0.6331637783628467,
    0.08532642102639691,
    0.07665702806460996,
    0.17137739969965263,
    0.1669283526404141,
    0.06979498141188703,
    0.4648956735292434,
    0.22033151837329001,
    0.16741849882989435,
    0.08404673541386813,
    0.02182556433672906,
    0.1517982242844198,
