{
  "config": {
    "mf": 1.7,
    "mf1": 0.7,
    "mf2": 0.05,
    "T_coh": 20,
    "tStack": 1728000.0,
    "nStacks": 6,
    "gamma1": 13,
    "gamma2": 55,
    "gamma1_upper": 13.2664991614216,
    "gamma2_upper": 100.0
  },
  "mismatch_list": [
    0.02677388160349245,
    0.1952753268345012,
    0.5764409238852953,
    0.19023092361748928,
    0.10521118024072836,
    0.23271949008862863,
    0.7000945886591406,
    0.5002124016314267,
    0.5792816195174438,
    0.11943927053538331,
    0.6978252577524698,
    0.3039632691549353,
    0.11461377435964269,
    0.6606859271613112,
    0.11071654595697994,
    0.49587931076917474,
    0.7777239560524869,
    0.5386262504346427,
    0.13744245016286835,
    0.25365021256968784,
    0.4553346149713551,
    0.29469257222062056,
    0.261453560101801,
    0.29846543887175375,
    0.4070267425472127,
    0.3487384871864569,
    0.5796566021832372,
    0.4004872335126622,
    0.23473193862406028,
    0.37740040136210273,
    0.5843082954926292,
    0.16529677191805395,
    0.48235857537162424,
    0.09989002604657678,
    0.1727246488786354,
    0.7211591328418785,
    0.035360588904394655,
    0.31010372550726745,
    0.5689937475421748,
    0.2248784111794167,
    0.511843966010101,
    0.031410720893739225,
    0.15392303861622125,
    0.24986449773411154,
    0.48112764340552566,
    0.554222103149128,
    0.5270092690163701,
    0.3992562473348149,
    0.7870352033748331,
    0.05595747543692772,
    0.6590318182848205,
    0.5140656718955344,
    0.012612471759744805,
    0.5649928120642392,
    0.254843901064426,
    0.1659793520460002,
    0.33330158331917503,
    0.09403927727932485,
    0.4560588839340555,
    0.40244574135813227,
    0.1775023302920181,
    0.3598830132147643,
    0.5310457674014564,
    0.4774236798869967,
    0.5196500241296493,
    0.22063276386782613,
    0.6409320875328917,
    0.5827225205253812,
    0.21625061137299603,
    0.6920143004087674,
    0.5268563918850216,
    0.07774832152294246,
    0.6199084190086774,
    0.4082534459969123,
    0.5660231334542545,
    0.1306131251197402,
    0.3949088445709048,
    0.8236754741603495,
    0.1849795399439212,
    0.30764327108053663,
    0.5277615112414025,
    0.21708764077300316,
    0.39828130324610195,
    0.35356799503160163,
    0.4957737062826971,
    0.606467185140603,
    0.08583031744339996,
    0.2096343927140277,
    0.3897103173523242,
    0.5112366860011062,
    0.29456224717673346,
    0.5296047649091253,
    0.23538486492546482,
    0.4001456994958199,
    0.6501249363960658,
    0.45498451549821733,
    0.15438947650208015,
    0.2935845382888365,
    0.05583202945042406,
    0.33380065667775444,
    0.5229160651421383,
    0.6177301096280825,
    0.5120151667125117,
    0.14456403074326585,
    0.5355600339278808,
    0.30938634143665256,
    0.9063410520201846,
    0.43968845375407145,
    0.4179192923675387,
    0.7190609755317441,
    0.23991046170736866,
    0.5605314833104252,
    0.3592758958410156,
    0.4766001492124171,
    0.3177978905774885,
    0.20165192956419284,
    0.02750031903614113,
    0.4769432011582232,
    0.6618998908500652,
    0.14887207577761605,
    0.124907663839018,
    0.21206470540847847,
    0.2362372904621042,
    0.4715941279134885,
    0.16489880347080962,
    0.4825765608131676,
    0.23194057568323337,
    0.16618270031539312,
    0.19382727681483858,
    0.3305807498634135,
    0.13095726130052032,
    0.46166757724333907,
    0.5641055825849312,
    0.5006878928793194,
    0.5283278613801249,
    0.442616105031143,
    0.42058157713469874,
    0.4139823267530751,
    0.5728927649325448,
    0.5031658034891332,
    0.4608830790278272,
    0.510150174133558,
    0.14816585932723436,
    0.5341480347211072,
    0.1520989759075399,
    0.13330088940879162,
    0.12205758957434344,
    0.14014056889592244,
    0.23546043610315975,
    0.5383478731050418,
    0.10160924323326243,
    0.09725831670568648,
    0.33421689448431235,
    0.5219924053677004,
    0.2224868598852901,
    0.17522250941197276,
    0.4391158692642479,
    0.06998899393077788,
    0.11739868610237368,
    0.3193504608486546,
    0.3881922257533346,
    0.30129052152027525,
    0.2593465662766276,
    0.06794965636798848,
    0.007483172944260673,
    0.6174298849637535,
    0.48109918223745546,
    0.3478347773355424,
    0.3956316498163902,
    0.38529233089160003,
    0.26805530422386503,
    0.4847919781357512,
    0.07773888867866778,
    0.6832749057176373,
    0.33144418038504003,
    0.1427908186548699,
    0.17249972433325783,
    0.2016790896502941,
    0.49139973976192153,
    0.10925288295369026,
    0.07897198911471455,
    0.20110601725473223,
    0.38332401071961436,
    0.09117152998457242,
    0.1176400368076089,
    0.2156697866973693,
    0.4304990202310657,
    0.41031842571683924,
    0.33314317658945863,
    0.5427932364988621,
    0.6634104470159847,
    0.42718928454912036,
    0.06072810932297874,
    0.19083690254451516,
    0.11430883327317637,
    0.5746812647340757,
    0.572213139344903,
    0.5092164851856097,
    0.2930224708782618,
    0.4882751372018042,
    0.5631903798432912,
    0.13099992594675128,
    0.1375780879581286,
    0.5975861622559807,
    0.1048891624534199,
    0.5189521562885683,
    0.5060581629177977,
    0.20932885529832562,
    0.2667698352385691,
    0.6119827697714856,
    0.5617740979083697,
    0.253026940094825,
    0.4923864478001035,
    0.32053189748818534,
    0.3696056734980337,
    0.34788454372085376,
    0.07081290408759838,
    0.5350819405160503,
    0.4635952386037959,
    0.10309215140734242,
    0.061117241255184133,
    0.4235611090552811,
    0.49391549017233155,
    0.5648370617102093,
    0.38698411693344087,
    0.26828012034574517,
    0.8533933518831481,
    0.26725269928428563,
    0.21007676058346153,
    0.2864391045390088,
    0.49329368141468377,
    0.5828465299005442,
    0.30073219472036117,
    0.5073544742528348,
    0.1178240856944628,
    0.3223673988758435,
    0.1670236871730557,
    0.7772926744856633,
    0.19645654662703715,
    0.17622640257449426,
    0.4900511683011328,
    0.07442687610327685,
    0.567658620595065,
    0.1223722887755767,
    0.22207674800633584,
    0.049763132606382696,
    0.18267743803515804,
    0.08310140643708136,
    0.10799723043018215,
    0.3644418960103731,
    0.5641527197004302,
    0.554891753775008,
    0.5542309125582925,
    0.6094292066663537,
    0.47631597122570485,
    0.09441946427299389,
    0.5798880321384594,
    0.19854977066803944,
    0.5546128614337945,
    0.4121035101782016,
    0.5784697985805847,
    0.1334277991125103,
    0.6820828706812346,
    0.20982689863367962,
    0.5607025755893387,
    0.5034067747121275,
    0.6206683593020259,
    0.2702877982472908,
    0.5686644653805399,
    0.47948790064244173,
    0.13417738496185608,
    0.5805054768503365,
    0.06694760640492295,
    0.282196059391356,
    0.5313611171436741,
    0.26494696518835925,
    0.4344151143222778,
    0.20544745672628478,
    0.14004336723049415,
    0.48971223644822837,
    0.041136959152423165,
    0.6269346953348514,
    0.18712740942761827,
    0.5187754801995382,
    0.16703583060476568,
    0.35057800024351915,
    0.4694077680882108,
    0.11926405816356835,
    0.06255461156035183,
    0.410894100276339,
    0.5827656459714762,
    0.4479690815217845,
    0.3969193956951318,
    0.3759468759558209,
    0.06996893558375698,
    0.07477502395346117,
    0.49421051050878484,
    0.9192247112763582,
    0.5118068309622379,
    0.030119830733572783,
    0.2934587128200919,
    0.2152478566571973,
    0.4722411451342841,
    0.45788587407716697,
    0.05310257632661841,
    0.059251598135245956,
    0.10403359263535562,
    0.7564052807447567,
    0.014943576954065193,
    0.02401753945232906,
    0.550970590885292,
    0.44465755685213193,
    0.19693951909625113,
    0.5371610152906405,
    0.3671819204251762,
    0.03482660317964917,
    0.11678284063708345,
