{
  "config": {
    "mf": 0.9,
    "mf1": 0.5,
    "mf2": 0.005,
    "T_coh": 20,
    "tStack": 1728000.0,
    "nStacks": 6,
    "gamma1": 5,
    "gamma2": 31,
    "gamma1_upper": 13.2664991614216,
    "gamma2_upper": 100.0
  },
  "mismatch_list": [
    0.1275130804817863,
    0.21796120889163753,
    0.16696508427270548,
    0.07808031427201266,
    0.4481552446668379,
    0.032247099752761896,
    0.06400716115515695,
    0.2893831277641893,
    0.46392012961378576,
    0.10295922419951745,
    0.20298174375992956,
    0.13318731579525436,
    0.1496619951679984,
    0.20334973311013996,
    0.3973125935084901,
    0.20561524208852713,
    0.35180052938856843,
    0.4068625893721336,
    0.28087383484043804,
    0.4578622919664802,
    0.16760077123802178,
    0.08860346523666193,
    0.18498512375403783,
    0.2732634811337151,
    0.4146037018167333,
    0.1373034512391884,
    0.42916085742602833,
    0.21020724826259476,
    0.27865310476648125,
    0.34922482078409056,
    0.2225039365861322,
    0.20024025562791137,
    0.3868471780562117,
    0.18768763363873703,
    0.28444920809103846,
    0.2635303579829456,
    0.4498423142865414,
    0.24351586826675173,
    0.3277557214266407,
    0.10155665783701845,
    0.08182482817857306,
    0.06208947475646185,
    0.07196262685413668,
    0.07333721995430384,
    0.24038627822575356,
    0.28212742731749535,
    0.16802850193530522,
    0.16972196854135593,
    0.324471248419592,
    0.40433084649585554,
    0.22501057942275982,
    0.17537359755561394,
    0.09435571125651666,
    0.4629381379977411,
    0.39768681720980154,
    0.1989215006289105,
    0.3277324645864462,
    0.4786591114282378,
    0.3025866160083174,
    0.08025290431311925,
    0.46406487498282845,
    0.16581476517693142,
    0.30904307264385167,
    0.2800959504582682,
    0.21943278681023817,
    0.3166129843860406,
    0.3142525506356707,
    0.08082971731934178,
    0.23495691738118654,
    0.35632845727566664,
    0.340006655034271,
    0.34516408974733315,
    0.1119589166020553,
    0.30637959521822017,
    0.2633787277218174,
    0.2624807643162657,
    0.27584162926688477,
    0.4083032665939723,
    0.2267736539141479,
    0.3482595805983958,
    0.3573988682538493,
    0.09659237958459271,
    0.3985943218831253,
    0.08679734661680198,
    0.48087908253771267,
    0.014914302609764426,
    0.3022069711321354,
    0.2667792138710951,
    0.07199233489242708,
    0.2680815427102383,
    0.23811719127195183,
    0.39469069649411537,
    0.45411105580308037,
    0.2964535324538092,
    0.17851511418132723,
    0.03804190199535015,
    0.3632103135032901,
    0.3574344311609999,
    0.27503620531637274,
    0.26772222723982075,
    0.4455280891128388,
    0.13811760328124198,
    0.3563479735052005,
    0.31225484769588685,
    0.31306086797563465,
    0.43879585731164156,
    0.0666636452652055,
    0.26026225692400584,
    0.30915382724645624,
    0.3693372169184459,
    0.01803614037069777,
    0.03156034532016537,
    0.27262389092249206,
    0.04028529258026564,
    0.43598871875194145,
    0.1521485796576051,
    0.3375300455064261,
    0.32626684996020316,
    0.1180387642193351,
    0.46167142627749713,
    0.21437911338419768,
    0.2979474456128763,
    0.035607794478490024,
    0.42854468669024587,
    0.03270421321784352,
    0.3250507178015011,
    0.3149545927814021,
    0.47194769693854327,
    0.06384398379155452,
    0.016675317054701714,
    0.35786546877495434,
    0.093138765921584,
    0.32464656921490437,
    0.2691161197225269,
    0.24481147484905552,
    0.4355934608921324,
    0.31663418117978426,
    0.2814586169737202,
    0.2149926277442936,
    0.04074728510273072,
    0.35893159702498934,
    0.12974535765821726,
    0.3737806286893128,
    0.021235500932279442,
    0.17170676908494797,
    0.07016865166598667,
    0.3471705749904072,
    0.18575232842171277,
    0.12785748772130998,
    0.15665211225778597,
    0.47453056149385026,
    0.324195473253929,
    0.36925405609593226,
    0.2954924665727647,
    0.4570994242387017,
    0.31327137219585666,
    0.1262520609951564,
    0.23244447388744752,
    0.2973608202801381,
    0.022877141106568046,
    0.07720002389653884,
    0.4808578315322203,
    0.22715844890645687,
    0.3738655784995337,
    0.25435127890394255,
    0.35982554876113687,
    0.35695232607976524,
    0.26534813212877717,
    0.23422804041984613,
    0.3521984978358128,
    0.4543203673648309,
    0.29821048101759356,
    0.384803124071285,
    0.21843295952886954,
    0.3737678347166184,
    0.2627499798603354,
    0.2956881709855902,
    0.20943109865638349,
    0.1374524793363788,
    0.40558395106717454,
    0.469848401181686,
    0.17496137141846016,
    0.3050144891740764,
    0.1224103996349164,
    0.24822334546556127,
    0.25794540941959493,
    0.30081345813167015,
    0.13040815049788612,
    0.3641666629621972,
    0.08464373068774217,
    0.32686220338448285,
    0.3491117892880404,
    0.23631280742805044,
    0.2542971755787348,
    0.45729691763923447,
    0.38955201904610526,
    0.2235136304057652,
    0.11317109130310189,
    0.41796732397689146,
    0.33176451760813863
  ],
  "statistics": {
    "mean_mismatch": 0.25931201414753163,
    "std_mismatch": 0.12619115461333227,
    "min_mismatch": 0.014914302609764426,
    "max_mismatch": 0.48087908253771267,
    "valid_samples": 200,
    "total_runs": 200
  },
  "perfect_2F": 2305777.25
}