{
  "config": {
    "mf": 2.0,
    "mf1": 0.01,
    "mf2": 0.0002,
    "T_coh": 40,
    "tStack": 3456000.0,
    "nStacks": 3,
    "gamma1": 1,
    "gamma2": 15,
    "gamma1_upper": 6.4031242374328485,
    "gamma2_upper": 23.685438564654024
  },
  "mismatch_list": [
    0.3775566374042743,
    0.014825382482529466,
    0.004996258850466888,
    0.047364980606847955,
    0.27332553335369525,
    0.025012086498890123,
    0.06573320621773523,
    0.18226554170880271,
    0.09017693723618553,
    0.2086776996153463,
    0.029574977006106732,
    0.15894171602371046,
    0.08617502941797991,
    0.02859472101628292,
    0.04615757758697427,
    0.2039134668480807,
    0.20514363878266106,
    0.009160259656703315,
    0.20944652996860816,
    0.08903263663707033,
    0.006040159378066011,
    0.24167804299226475,
    0.06416421114763896,
    0.13983870500821796,
    0.4103569396019842,
    0.1888466254462572,
    0.2559539898782416,
    0.1963997792065814,
    0.08442670203871779,
    0.026050891126531087,
    0.35459565063854337,
    0.10699600925979234,
    0.05183267536591001,
    0.19273913405046741,
    0.20161326434569024,
    0.38912134866570364,
    0.18955267864897066,
    0.4112556611924775,
    0.4454470356553615,
    0.10191610175362928,
    0.29079557949110607,
    0.3311504991650856,
    0.3238446049761355,
    0.044392010886577085,
    0.3261589567326651,
    0.05726924165744254,
    0.024312647123781905,
    0.24728033445584083,
    0.12145600487298144,
    0.08908804099618989,
    0.2793649879796394,
    0.21398844054727365,
    0.1049364525011707,
    0.3061376537023719,
    0.24541561455306626,
    0.054762600995044944,
    0.30431229149501887,
    0.0827365980270627,
    0.06430743846348425,
    0.3081739536409717,
    0.2222145241605833,
    0.08638211811840725,
    0.3262203243789697,
    0.3781963354841284,
    0.11888653284833377,
    0.20910163512250382,
    0.27400746234916,
    0.26438401791328103,
    0.05273605916274798,
    0.13584601317929837,
    0.3118091735089966,
    0.04558271670233255,
    0.07865922752011498,
    0.10057035047106173,
    0.020940462432320756,
    0.4056353172322411,
    0.3490686050169027,
    0.39179138339697245,
    0.09576914532324865,
    0.006783184961326998,
    0.03867788068242991,
    0.3797639752616826,
    0.3624326568688774,
    0.017019655319832235,
    0.04608048854718169,
    0.054012853160775316,
    0.027062589903330776,
    0.3094407726858895,
    0.17241500445457553,
    0.13298255109642623,
    0.10177932563028422,
    0.07340329461858869,
    0.25672981354102054,
    0.35334715514879433,
    0.05072892511965336,
    0.2630269905967635,
    0.06667583928659135,
    0.11280945530142195,
    0.10839721911318113,
    0.31492439473448247,
    0.0665734875938147,
    0.15455528460547055,
    0.03331634338602602,
    0.089861099862183,
    0.3079463729173084,
    0.03807016750656856,
    0.3195015971309433,
    0.03324922929934303,
    0.11382652103668821,
    0.2653395533671376,
    0.3145493581822426,
    0.38204249308340005,
    0.32683898831857094,
    0.15167160155787082,
    0.32866597687697446,
    0.26530746003974154,
    0.018328325798448918,
    0.37160375886591723,
    0.4119004551722897,
    0.12041920607830273,
    0.09591622166991341,
    0.05215696976537501,
    0.32485673744654864,
    0.37772122413058257,
    0.1400768028020077,
    0.10425490298761772,
    0.22226201361125722,
    0.09958901024720428,
    0.26380709698397536,
    0.07308344557866167,
    0.08201102861174349,
    0.1365967368241983,
    0.1560892589162799,
    0.22322606030227796,
    0.19364089149625488,
    0.321476095729625,
    0.3546646079230836,
    0.31351922742687083,
    0.30814088450294536,
    0.1000595136061071,
    0.14925679551812346,
    0.06295886817242921,
    0.35636284368999105,
    0.34053611686568325,
    0.12147709322493595,
    0.33674194828832515,
    0.3391907450650275,
    0.09195036463332669,
    0.3191101886447953,
    0.03309320802190066,
    0.34985321097535416,
    0.3249266705417191,
    0.19714556958662818,
    0.03588792966703932,
    0.2143217883009196,
    0.20164188812417863,
    0.16026740897665548,
    0.0426034584246665,
    0.2849790433824806,
    0.016306012478883188,
    0.1851859260784415,
    0.3664800483047947,
    0.12440365772856657,
    0.28158929409967426,
    0.2593685681204185,
    0.04117096841940688,
    0.010842448759912745,
    0.13225459636623302,
    0.22230316029283426,
    0.27192210082053747,
    0.3264164081039555,
    0.33662761580947664,
    0.37438221700055113,
    0.24693354220017757,
    0.19394642864693773,
    0.09437774778786441,
    0.2672081223007316,
    0.16721935496532023,
    0.07182204770391216,
    0.03139020162524513,
    0.06834458388778351,
    0.06910213820709542,
    0.07036776459457617,
    0.042227012368182895,
    0.08355454418204897,
    0.2967162020669621,
    0.23249691183041366,
    0.16041681642649255,
    0.23008904488848164,
    0.13522322915036927,
    0.14170147328973196,
    0.12473039165460727,
    0.37878111711017803,
    0.3326071675892956,
    0.15163983350068486,
    0.035332368148196576,
    0.0722105287581693,
    0.31029704651396534,
    0.11736605725124337,
    0.05027745006804111
  ],
  "statistics": {
    "mean_mismatch": 0.18247866552691985,
    "std_mismatch": 0.12113799529760359,
    "min_mismatch": 0.004996258850466888,
    "max_mismatch": 0.4454470356553615,
    "valid_samples": 200,
    "total_runs": 200
  },
  "perfect_2F": 4611554.5
}