{
  "config": {
    "mf": 1.0,
    "mf1": 0.03,
    "mf2": 0.0001,
    "T_coh": 10,
    "tStack": 864000.0,
    "nStacks": 12,
    "gamma1": 9,
    "gamma2": 11,
    "gamma1_upper": 26.758176320519304,
    "gamma2_upper": 100.0
  },
  "mismatch_list": [
    0.09227414274148596,
    0.19569394995800216,
    0.03905078263875253,
    0.10141982738328671,
    0.07055116976485004,
    0.07131100163470107,
    0.08558712353870876,
    0.08370966225755286,
    0.08864173873124775,
    0.34705374867194766,
    0.268616775305204,
    0.3666587228384231,
    0.33582535706839345,
    0.3223959142556624,
    0.25293862915618437,
    0.04240388771966194,
    0.192925247528134,
    0.29990085755396806,
    0.19573233187608538,
    0.11353832168883042,
    0.040948410690426734,
    0.061481110512492936,
    0.32297695577828395,
    0.07266868066927223,
    0.07382143929373801,
    0.31698297957095306,
    0.07365468395472105,
    0.0889215797780636,
    0.1056750159626494,
    0.15696290821311246,
    0.31731020168613716,
    0.04533728544209627,
    0.14172718414527535,
    0.26652615342813957,
    0.3156102296702419,
    0.1713610607634554,
    0.03370073358254113,
    0.19187527437921315,
    0.022525848974958834,
    0.09933733726852803,
    0.10441329172328633,
    0.1101364802458351,
    0.3461834874699843,
    0.3048999939608112,
    0.2824126895391817,
    0.0754925706593222,
    0.1456499462815782,
    0.03843992465434318,
    0.1827719291131511,
    0.30502842159349364,
    0.22628661556378105,
    0.10120959422180824,
    0.07587942569808198,
    0.29719200489467035,
    0.3044892857526212,
    0.25347987925525634,
    0.14168733850997708,
    0.19401750584104485,
    0.07875644320186298,
    0.31077936653137944,
    0.10188203675274661,
    0.09536491717041128,
    0.3093364124160951,
    0.01639298226744542,
    0.012814247888425282,
    0.15503112675975403,
    0.31930345926252723,
    0.30865963294526033,
    0.09643820137127534,
    0.3012317559846789,
    0.09411994436139808,
    0.056080102412498715,
    0.1675016721613888,
    0.2798906505659219,
    0.0025312549705397095,
    0.3659089743538312,
    0.0548064515884205,
    0.24181898632053261,
    0.07667471205158617,
    0.08502353819917027,
    0.18723404393732124,
    0.1130304660269608,
    0.32383290507858914,
    0.1260513148897013,
    0.10462374173175962,
    0.17541290107342516,
    0.08395285616224406,
    0.06569889298524909,
    0.0715048628480706,
    0.2621992969169887,
    0.2954190096532692,
    0.3622607405129711,
    0.21143736705246277,
    0.015439722878214499,
    0.22483634286242155,
    0.1281963653624657,
    0.28671412074018987,
    0.26427436002217475,
    0.08334188975433729,
    0.18966403136127977,
    0.029270766325353113,
    0.28988404432222464,
    0.19351268603710273,
    0.12264334751910232,
    0.08253120726420085,
    0.16991723926019178,
    0.14057979248393138,
    0.22060999493336997,
    0.3333894063520773,
    0.2476747767804141,
    0.1191271734980879,
    0.009401401460442825,
    0.2677526400308443,
    0.125775973418028,
    0.10903316273618839,
    0.15391653320637663,
    0.05277698056389543,
    0.3736345822383012,
    0.27179477643779587,
    0.021454082703058507,
    0.09330980398874868,
    0.010272150568144548,
    0.042656514468627824,
    0.11367303788436266,
    0.325685916861079,
    0.012407334502644612,
    0.19513958061574355,
    0.24674396105514712,
    0.24232272188950063,
    0.07585839153958439,
    0.2937989457549653,
    0.1907685957411467,
    0.09568444121727927,
    0.14631588340267196,
    0.05539681753181931,
    0.17325933935611404,
    0.26325989556865576,
    0.11384353383404028,
    0.20638575367287307,
    0.10767857377129343,
    0.3247870318557993,
    0.357273910173084,
    0.25450491499977285,
    0.28516100835153674,
    0.2674672693856605,
    0.18598169833048414,
    0.128528520746782,
    0.06560814251791672,
    0.20747871673851712,
    0.02535711176283271,
    0.22650763686325184,
    0.15643412681624266,
    0.10562991178772674,
    0.3057048757938362,
    0.07463591660628381,
    0.3542558336991723,
    0.004952568514705425,
    0.0672147619025418,
    0.2920223183264009,
    0.30387582560427395,
    0.1642489672390813,
    0.11096228781386028,
    0.29581150271389434,
    0.09622645028083313,
    0.20456293783441196,
    0.23608950923513403,
    0.21105642109431186,
    0.24066096915644242,
    0.07154877436452176,
    0.10767488737238148,
    0.07814233251253132,
    0.33408998478059365,
    0.07956354771658489,
    0.22372500201396647,
    0.14546763217068287,
    0.26254256570978957,
    0.32024799056021663,
    0.16340971515737726,
    0.05515264781565143,
    0.3022915956718641,
    0.22622676579321058,
    0.10886879271411445,
    0.3377763294807935,
    0.29612549716239445,
    0.1518227670478873,
    0.23528891013025674,
    0.10264224810483859,
    0.33426020967152775,
    0.2799291951192512,
    0.03219722494395318,
    0.14842683468550083,
    0.20597314805347838,
    0.10490027586190447,
    0.09234608173201767,
    0.06323258368965812,
    0.13472823054044886,
    0.10090725529927976,
    0.2435916562914415,
    0.049451306627830816,
    0.343148605353974,
    0.053125019990582334,
    0.3416737747304511,
    0.11694043419056926,
    0.05642011850037726,
    0.36324392478748724,
    0.07714505318335184,
    0.30833002551313315,
    0.0762265977367896,
    0.09495832905512283,
    0.08663622929965034,
    0.36985895078798403,
    0.36445685845301573,
    0.09616876898021087,
    0.038657313766650735,
    0.033514787284482546,
    0.22274642573809025,
    0.14548037193162858,
    0.12499613741290476,
    0.08325460883892204,
    0.2020557528802973,
    0.2535215680900106,
    0.21836416481976273,
    0.104297712275047,
    0.010998371153798406,
    0.17251989110377614,
    0.07066230384969555,
    0.07604086828572584,
    0.046214973653632245,
    0.25536872500364033,
    0.2576806934506678,
    0.35944590388495484,
    0.30483998155499464,
    0.33250748962414234,
    0.04983230679773044,
    0.049284117594824206,
    0.2641867538362673,
    0.3043511542169205,
    0.12534531528631448,
    0.23700346510655373,
    0.37816972028797713,
    0.210560925711147,
    0.10534242688434346,
    0.08841979583204897,
    0.11858283332933973,
    0.09282585570805803,
    0.276947603152218,
    0.2300980267682436,
    0.30283257471219255,
    0.1676431648255092,
    0.08696453564980858,
    0.0738171023538416,
    0.27401344646530185,
    0.13600784465688462,
    0.349056710151356,
    0.07083491405757265,
    0.373120763284074,
    0.2997605033365705,
    0.18604176494804942,
    0.04155102848903291,
    0.08257631143912351,
    0.022642946352161904,
    0.20945863822472569,
    0.22428273248464478,
    0.34337325884060804,
    0.02120785294043983,
    0.30032300444113486,
    0.07104829150047604,
    0.11759102938677947,
    0.10652033976020843,
    0.05584319707065732,
    0.26353702602803636,
    0.06635040978118728,
    0.20407953167120835,
    0.09523323683280652,
    0.19336907911478285,
    0.31537516752785644,
    0.14327677277026266,
    0.27531604636318857,
    0.3741297523509738,
    0.29883212713999524,
    0.25697046533088197,
    0.09528121423041055,
    0.1368906829845476,
    0.060352096633959997,
    0.05898021412122809,
    0.34960359827229326,
    0.02096997178712174,
    0.08698925620721812,
    0.1838054218904656,
    0.2818544169510163,
    0.21277731884520734,
    0.11164177787213031,
    0.12500193807001622,
    0.2256103239986846,
    0.22260249354527814,
    0.24944197136470378,
    0.23946836489667836,
    0.10493540507506538,
    0.0756491341895826,
    0.06018826872937311,
    0.08552456318070305,
    0.024351917518342273,
    0.09144508246853848,
    0.28201119732827157,
    0.2661099698333303,
    0.10554837731767423,
    0.06998519910836852,
    0.2107586359586746,
    0.23395345791265468,
    0.06574106972574167,
    0.32166676623557844,
    0.015647245452257718,
