{
  "config": {
    "mf": 0.9,
    "mf1": 0.4,
    "mf2": 0.005,
    "T_coh": 40,
    "tStack": 3456000.0,
    "nStacks": 3,
    "gamma1": 3,
    "gamma2": 13,
    "gamma1_upper": 6.4031242374328485,
    "gamma2_upper": 23.685438564654024
  },
  "mismatch_list": [
    0.2135713899262298,
    0.47984885994417714,
    0.3034661552551577,
    0.34930057688840227,
    0.07783239064605278,
    0.26411951902077185,
    0.35000630482090567,
    0.2802379048001318,
    0.13257807759017276,
    0.18352992122714476,
    0.16276591788380068,
    0.49923659081690636,
    0.030610528931646744,
    0.18786279148412233,
    0.17617767603325607,
    0.37268002377942083,
    0.33316587338683595,
    0.0731311518761423,
    0.21847776577530703,
    0.04257873788869926,
    0.13916246824142986,
    0.32233161059387727,
    0.36347400944649744,
    0.07113854656909861,
    0.09458852288400615,
    0.14540700573483908,
    0.3714429127470251,
    0.20900622252754253,
    0.2472403262199991,
    0.251154411081479,
    0.37495209040863803,
    0.3905991596535699,
    0.055600822326460485,
    0.19268644027643198,
    0.37322018917498573,
    0.019932883744848938,
    0.18270465649243134,
    0.034500110103966114,
    0.27831544943506525,
    0.14499299096908946,
    0.20544332106956217,
    0.2849985595950863,
    0.012167816442647653,
    0.24218806668169415,
    0.4765769669008287,
    0.2527574511002319,
    0.0871184214506596,
    0.22162274922501662,
    0.05367587322311661,
    0.03401567433773088,
    0.31068146169059624,
    0.14360739408578524,
    0.10743528667852602,
    0.19539279684782807,
    0.23381880996424087,
    0.18257574106583024,
    0.12659370205313808,
    0.07403106612407259,
    0.2595720246368331,
    0.1502869262734952,
    0.4955467255535855,
    0.3419301707744499,
    0.2719481766490468,
    0.3739159963660812,
    0.17120499927302107,
    0.28905901605110906,
    0.33704791913262144,
    0.2920839205815918,
    0.0589426484649794,
    0.1768031164355676,
    0.22831079264989074,
    0.0800414090662132,
    0.10182442976608409,
    0.397394271189267,
    0.02595320164009914,
    0.20895580564497776,
    0.4016871332104029,
    0.1733114491535981,
    0.3743526716231341,
    0.3353480570146635,
    0.32302492404669536,
    0.18901511541508653,
    0.2832370045606136,
    0.24379945530250619,
    0.16664904786361984,
    0.39215953506309864,
    0.2605725015913845,
    0.32635845579485684,
    0.3446089878013913,
    0.3116874682387193,
    0.3576156761158747,
    0.24011371012851318,
    0.1633367671025179,
    0.14978557645633503,
    0.17814171177351304,
    0.2566348346396727,
    0.18234577502729288,
    0.22652657712411475,
    0.15078122856943668,
    0.1592127745321232,
    0.24993253353725606,
    0.15900514371467905,
    0.05097482939848539,
    0.4091172806196094,
    0.3590274572510916,
    0.44487125317179116,
    0.19609256149314638,
    0.14340133540768987,
    0.04071602381888695,
    0.046015000811549175,
    0.2507136157350982,
    0.30250926450875903,
    0.27587407966149347,
    0.34830980382845206,
    0.31993745921247096,
    0.12114997981698346,
    0.06079083379874079,
    0.05924623399440167,
    0.26167782397698996,
    0.30434243320115434,
    0.29547854891754954,
    0.38586355066479266,
    0.1875292268836696,
    0.23723636985001031,
    0.05206166559381709,
    0.28341698741019966,
    0.21298921046186092,
    0.32693456354863726,
    0.2216239960941553,
    0.05040918450312969,
    0.019105071060156447,
    0.2300739740354139,
    0.12056519819093384,
    0.3100199705066658,
    0.061739104884571905,
    0.1984879597436914,
    0.3586818034411637,
    0.0651813310946069,
    0.0843443002521603,
    0.28423271088541696,
    0.13887032138106262,
    0.2643728503027344,
    0.0935993761751064,
    0.25263037887148804,
    0.13306397707235343,
    0.1624524658246722,
    0.08773253160731949,
    0.04175743060820867,
    0.30513961627439623,
    0.2628357317132275,
    0.3133699826121388,
    0.07085989842245033,
    0.10012608557577327,
    0.11308962137571735,
    0.2578708614380348,
    0.1121762626257698,
    0.2961100610304495,
    0.3563668011442139,
    0.21140709615995748,
    0.39569690280958647,
    0.008090229088893204,
    0.4845066209293382,
    0.28030599469744505,
    0.34030522922821727,
    0.25337644031004325,
    0.029858937899519912,
    0.05597943685101139,
    0.22081667543269884,
    0.13567231888710748,
    0.10751909796932724,
    0.21359204458457084,
    0.25707546735094844,
    0.4171740610885645,
    0.25737867339845893,
    0.03744131176705102,
    0.2310666987166247,
    0.04669069546132044,
    0.12580031379901402,
    0.3396224870572273,
    0.3317472615772071,
    0.005994296278442576,
    0.21790859711934196,
    0.3159704637301489,
    0.05697064360457508,
    0.1823808499982815,
    0.2423351430283589,
    0.48595401915256053,
    0.20216335048266304,
    0.3067402709782751,
    0.04842763838322924,
    0.30069956948319226,
    0.3664467081082599,
    0.10656399620908412,
    0.32586984572759203,
    0.14342518855643022,
    0.3178496581572727,
    0.16362923923309525,
    0.10786187855906598,
    0.3287394337327543,
    0.3825936092427048,
    0.30376426540271,
    0.15463134362293116,
    0.2906262763467515,
    0.03909758767685619,
    0.4995860394459521,
    0.3620750764845793,
    0.09939037857223942,
    0.262697491873937,
    0.16637218870312706,
    0.18017936700465495,
    0.17241429970245364,
    0.15714774239163162,
    0.20986168318009313,
    0.31869243327162955,
    0.3116150956169731,
    0.06086694702790309,
    0.35077025612101614,
    0.07946286178585706,
    0.21158838009038392,
    0.28774698444698804,
    0.20852287099534095,
    0.37421399809023015,
    0.24987512334517425,
    0.2855874070987621,
    0.2165045682574657,
    0.3731203312204865,
    0.15117578133428225,
    0.1062997683750834,
    0.03341977931283632,
    0.39855917223502163,
    0.3944637492314136,
    0.3175200510110428,
    0.19307568029451266,
    0.03578514428064921,
    0.2253750121569741,
    0.06451170815542408,
    0.28145734281777895,
    0.09921440738857788,
    0.43190403097613267,
    0.06349946726160756,
    0.07753552736763915,
    0.20533337973854998,
    0.07201959514484337,
    0.29978122325668993,
    0.016764535051714168,
    0.013883942071110357,
    0.22549715112086488,
    0.09843755370346698,
    0.32022900974411966,
    0.04150274403370407,
    0.22107846374012385,
    0.19552127858081572,
    0.3159467732165136,
    0.06446118284945594,
    0.026756727482437848,
    0.011426308787033775,
    0.11936365003484187,
    0.041894152519852054,
    0.08998079929949808,
    0.3063013730414532,
    0.42821834001384135,
    0.21195658596821176,
    0.18007582265444128,
    0.07986066725280358,
    0.3019213928157135,
    0.006111827247690337,
    0.34868847256470464,
    0.3262596278626896,
    0.24909854071857176,
    0.4506313006872634,
    0.25872377414060627,
    0.24236262836111194,
    0.3049110055284009,
    0.09394925849776556,
    0.30779891708873186,
    0.04678925233497931,
    0.4508679347651077,
    0.1512657727590753,
    0.04116814941091938,
    0.4177182381500539,
    0.33085558750793254,
    0.1894734211411108,
    0.0737905830154088,
    0.2570971520316215,
    0.29521882065478844,
    0.27850193768885323,
    0.185456171411329,
    0.07472844545451687,
    0.09395261962326987,
    0.3529933153719123,
    0.28981971464911854,
    0.47953220939464936,
    0.2632376030578002,
    0.1627776818230658,
    0.12898579338988048,
    0.22143967630843467,
    0.2876199122182442,
    0.12408353763013112,
    0.32004794266049996,
    0.21739765183098397,
    0.33687769438933823,
    0.32866435052592397,
    0.1339335327673415,
    0.08160313976828401,
    0.15792318657249876,
    0.2596474873255752,
    0.14719685927759005,
    0.016663159169567805,
    0.18001938827298974,
    0.29232581319449935,
    0.22194514621492273,
    0.37007515151357445,
