{
  "config": {
    "mf": 0.15,
    "mf1": 0.3,
    "mf2": 0.1,
    "T_coh": 60,
    "tStack": 5184000.0,
    "nStacks": 2,
    "gamma1": 1,
    "gamma2": 5,
    "gamma1_upper": 4.0,
    "gamma2_upper": 6.000000000000001
  },
  "mismatch_list": [
    0.43825162779804894,
    0.3722349117866457,
    0.37841143679922284,
    0.3165577131027623,
    0.15592859662412611,
    0.32458473801992677,
    0.1576708898822087,
    0.31525142685317437,
    0.1489759039628064,
    0.2740511498672896,
    0.477024338905819,
    0.048311484794689274,
    0.3360461132346053,
    0.4388638591246321,
    0.35604309183325333,
    0.07282285625068668,
    0.3766965385438291,
    0.06412815946060035,
    0.4263759664147387,
    0.35405243649274576,
    0.447472395378557,
    0.4340934061168198,
    0.44824603314578476,
    0.08039153891969722,
    0.2394774999566306,
    0.374477687890686,
    0.339877076671312,
    0.1300770385062423,
    0.388349028236369,
    0.33558278350575077,
    0.44242130622842374,
    0.12616490201407482,
    0.2582963488749978,
    0.0957197296062637,
    0.14203521016809978,
    0.12506057259169737,
    0.21293730809041653,
    0.13176519229990805,
    0.1437803224370132,
    0.33861343699583074,
    0.257301671745705,
    0.12010995587886639,
    0.44102065539833346,
    0.4424187402057444,
    0.4374813873002839,
    0.15429024535513755,
    0.11050732075428056,
    0.30712262841678567,
    0.4350392926740414,
    0.23418968617904043,
    0.44912798598301074,
    0.4172126271446167,
    0.09718322992141465,
    0.4487434439927602,
    0.43812329052291926,
    0.42447797702000195,
    0.18422720070778856,
    0.18225143552705383,
    0.16909612393239,
    0.29370724500239975,
    0.11759445854752996,
    0.43177068575691163,
    0.1093300584619477,
    0.18862420706285093,
    0.3350846136943209,
    0.3827313179092481,
    0.1216888910734215,
    0.1619932285914198,
    0.30019660793486497,
    0.07734686265779232,
    0.18030725772408968,
    0.16671832443778806,
    0.08812878397992285,
    0.4479468204449122,
    0.25730759889668253,
    0.4373264501280843,
    0.4475755061208676,
    0.14470560853047135,
    0.3318082725679888,
    0.47706926237328906,
    0.40743929730011047,
    0.31472362128685677,
    0.05893481868700595,
    0.2984432554804462,
    0.036648586446774184,
    0.4405487963546576,
    0.441078625826187,
    0.12447703734972504,
    0.1375694633181637,
    0.14729953218876674,
    0.28080759600538935,
    0.27191282172864634,
    0.40724471327045736,
    0.36786233685878345,
    0.42449626444923755,
    0.11685204674642781,
    0.44122217853157003,
    0.44457889760774405,
    0.17199356109013317,
    0.19864470633135375,
    0.4393714617799957,
    0.4386937065221791,
    0.06531373422076758,
    0.4434780015959938,
    0.2093848484673255,
    0.12232193971075503,
    0.1545660747225804,
    0.10252713478630453,
    0.14262091387994194,
    0.05531043814656543,
    0.4359278232032059,
    0.4392802414808047,
    0.30862790791809547,
    0.4213871484910341,
    0.24554567375804504,
    0.19436219518541864,
    0.255145779001116,
    0.12534840082575333,
    0.04410805051667409,
    0.2966623634586805,
    0.4422165665315469,
    0.4556465509763897,
    0.4209689952178011,
    0.44518097326710343,
    0.43971053818530875,
    0.24940894739581226,
    0.40520783338055777,
    0.44248126442032465,
    0.24524396731682213,
    0.442568220062105,
    0.16644928960927063,
    0.37451187743230036,
    0.4415969985485708,
    0.32549961545800976,
    0.4171508618944909,
    0.021465972370802566,
    0.44480882769627544,
    0.12492511550716173,
    0.04231812320378413,
    0.025467811233252185,
    0.44666207432936456,
    0.30965894305887254,
    0.435788788143385,
    0.13034137498337506,
    0.43693493289308577,
    0.04496163253976974,
    0.1049737470581092,
    0.3638337535346059,
    0.0457706163658758,
    0.4357012903841372,
    0.09502025350858424,
    0.4579359130414669,
    0.2538073993974545,
    0.2441978251692852,
    0.057579235889043734,
    0.4413018336581219,
    0.4402324166006488,
    0.38020823093336725,
    0.03882298346758571,
    0.13811317099686005,
    0.2465477959672243,
    0.13573435954965218,
    0.1223053147750863,
    0.36763414154614793,
    0.1829192519646337,
    0.4428981888939647,
    0.43254862432271457,
    0.09601391868527118,
    0.0758151278240706,
    0.4267525934899643,
    0.06550759542713074,
    0.04983403977262871,
    0.41777830865132737,
    0.10664925144420093,
    0.14065266606142263,
    0.030660284618898647,
    0.275469835138464,
    0.050135746213851605,
    0.4494437874783876,
    0.425653287689452,
    0.3521580612144588,
    0.08998159691903801,
    0.10794968282514038,
    0.43675339582381617,
    0.3397433543626722,
    0.3247870562587823,
    0.12050071414941046,
    0.05069072993587112,
    0.213126760074711,
    0.3030707701826719,
    0.4448391139921241,
    0.44217796776786383,
    0.44093453100333657,
    0.44422608755992204,
    0.4406768083593068,
    0.36587435596444867,
    0.44837863507832515,
    0.2815726321754668,
    0.3047529968253601,
    0.16345542782464886,
    0.27999702196804543,
    0.18619306320945106,
    0.14677143749313318,
    0.3944894120844489,
    0.17936086519056513,
    0.040224971520762376,
    0.43814895074971233,
    0.3076175455234108,
    0.0650717329832941,
    0.0972635355889275,
    0.455956063909144,
    0.09631895011362782,
    0.36698482938479066,
    0.43223452146206914,
    0.05378665436903309,
    0.0651855776514604,
    0.42491636934535343,
    0.11588599341941677,
    0.17042091445820057,
    0.034508017555932066,
    0.43372787437909477,
    0.0803553977552,
    0.4298172196746717,
    0.030007936599723593,
    0.11674680367541186,
    0.450999122492526,
    0.3895810082517507,
    0.4387303536629793,
    0.25164261592639925,
    0.45554803016197026,
    0.43556091810122993,
    0.056418959944024565,
    0.3337042380575136,
    0.4303994176935576,
    0.08742988614087537,
    0.43739472078781955,
    0.09533410338107823,
    0.31227187696969344,
    0.4418490470297745,
    0.1196265316625514,
    0.4160288594426743,
    0.034176097101189476,
    0.4363152203454517,
    0.44457828320794757,
    0.15857947875766915,
    0.3047048567942498,
    0.4600820115304771,
    0.4478931508156338,
    0.03766986347313699,
    0.35332910722649813,
    0.07982470089572262,
    0.4380006635517802,
    0.13992962592449099,
    0.43527489692539884,
    0.14175858569503796,
    0.4339851271879861,
    0.050446271099211834,
    0.13399004238635773,
    0.08027256220617233,
    0.097531341617852,
    0.10511874541007211,
    0.4413230485216818,
    0.4282010952218489,
    0.4441654788270602,
    0.43265043398310327,
    0.33325189524266624,
    0.29699956052343973,
    0.059909184481851355,
    0.4402549686872951,
    0.12250438030913706,
    0.12896172216985768,
    0.43662639577177287,
    0.447277016243285,
    0.12488485424991182,
    0.4476657867497817,
    0.18180342965194612,
    0.08985466914932373,
    0.38905876842476567,
    0.28311969086293537,
    0.44606368506878386,
    0.14931273961592062,
    0.11463124447040184,
    0.09734355212712438,
    0.057015722852202876,
    0.026560069506687562,
    0.2120274181330342,
    0.4066051592235143,
    0.4423703471864826,
    0.1752456153539232,
    0.39185681738014144,
    0.05898823532813286,
    0.45932109545315236,
    0.3191847420677372,
    0.17823954942087397,
    0.44821213273348637,
    0.404963772096708,
    0.43981773287920756,
    0.38601438129217674,
    0.4503869634482719,
    0.05037904853324698,
    0.08274866566820677,
    0.22547099165572795,
    0.10166198759056976,
    0.4181852220224017,
    0.28976301515615877,
    0.1565882451585296,
    0.39297350708077694,
    0.4522164653362863,
    0.07836373046208647,
    0.39470962019973055,
    0.09696406989990343,
    0.4481612098327098,
    0.4511273874853267,
    0.4374911815558627,
    0.4530383876992824,
