{
  "config": {
    "mf": 0.05,
    "mf1": 0.01,
    "mf2": 0.001,
    "T_coh": 30,
    "tStack": 2592000.0,
    "nStacks": 4,
    "gamma1": 3,
    "gamma2": 27,
    "gamma1_upper": 8.717797887081348,
    "gamma2_upper": 47.70744176750625
  },
  "mismatch_list": [
    0.02462977703208093,
    0.004768105210718952,
    0.023303395911536812,
    0.0068095756187586,
    0.005743194110781086,
    0.006938527330968448,
    0.024980057299664408,
    0.0032480073924604884,
    0.007916073830926958,
    0.01592170549337185,
    0.001218535854503147,
    0.015324002742103226,
    0.013625439801957927,
    0.009892417841712641,
    0.014957531228143625,
    0.002611922713398459,
    0.0028309382335754986,
    0.005576438729576983,
    0.013402448752536749,
    0.006789770254887805,
    0.00687441288661299,
    0.020357890153380256,
    0.0015283380061463128,
    0.008176073443493562,
    0.006594607910175591,
    0.02448152593244954,
    0.032189498878033365,
    0.03473419900603095,
    0.015487360852862338,
    0.021807368115792855,
    0.02246217392347728,
    0.006294780722817716,
    0.00878628104129375,
    0.0011355557168255094,
    0.010695474749028454,
    0.005144190277214377,
    0.0065221809955823915,
    0.021093290781195834,
    0.02939079857251033,
    0.029223970908956332,
    0.010150321266132337,
    0.004746203658701248,
    0.02169352341471073,
    0.007296180398241052,
    0.025471071302490357,
    0.01636139902777348,
    0.014122814651574498,
    0.018134485070658887,
    0.016823933784741427,
    0.002391822957973018,
    0.02396911635405514,
    0.014509958917603615,
    0.004436546071757869,
    0.010404176878958001,
    0.027600870742099756,
    0.016430139542522117,
    0.025670931999945645,
    0.021787635034271953,
    0.008970528751172059,
    0.004410885837545708,
    0.019528594753053134,
    0.0066537348723884025,
    0.011620255133564772,
    0.009853529937469985,
    0.012198875344461539,
    0.03225484212233701,
    0.0019149040133762825,
    0.008711974785603323,
    0.0002537110481258777,
    0.022751520170100608,
    0.015074050376171806,
    0.014449024896643467,
    0.006142409529242403,
    0.004804896926814699,
    0.025387006929564318,
    0.0024863682716336015,
    0.01141092544827345,
    0.03209509812907257,
    0.004106649426844335,
    0.020696605244980786,
    0.02337856955542596,
    0.025413028575525947,
    0.01421013173024574,
    0.004096096203759897,
    0.006978716317509185,
    0.003140740385218664,
    0.004564630395768996,
    0.005711100747428411,
    0.00322220259354854,
    0.010468074476263778,
    0.004626648651977544,
    0.0029121113125058005,
    0.011808044678587858,
    0.01955035174037105,
    0.018497053337724244,
    0.03204247657835017,
    0.0026315112302195734,
    0.028738594929422066,
    0.004406042920102849,
    0.019274450010827896,
    0.0021813367550834006,
    0.0012900953808976253,
    0.019912775442736622,
    0.019972336099048794,
    0.010451160406388719,
    0.017109159937420834,
    0.01638850490898351,
    0.005384601372959867,
    0.00397140915019376,
    0.018444504069351733,
    0.0018681373329952446,
    0.0036193941062128416,
    0.013715720456974799,
    0.008887693178194208,
    0.003268463297480324,
    0.02259098107098734,
    0.03448113849905411,
    0.03094638702456646,
    0.0037137225728237446,
    0.004258297796920714,
    0.020586157814343652,
    0.01972151634491865,
    0.02574075674994268,
    0.004592820512227427,
    0.007573021798332822,
    0.0215863286898188,
    0.0074820906021669095,
    0.025364816248147043,
    0.027139709349779783,
    0.0026722784755594583,
    0.0207469137605066,
    0.023045275640067437,
    0.004219988151477206,
    0.020034209790557554,
    0.010757059311137641,
    0.019780932436531038,
    0.03458840550629594,
    0.014836819703821625,
    0.016440403636206982,
    0.011683863601470975,
    0.008239465064350086,
    0.017314803222867593,
    0.01417601446109605,
    0.010470821205559727,
    0.017463921710697702,
    0.017460885852002176,
    0.013455070303259153,
    0.026661200193485394,
    0.01676444541077915,
    0.0017494497144702615,
    0.01994089327684516,
    0.006614124144646813,
    0.01756959850624187,
    0.01754307088383099,
    0.00852469121702949,
    0.03411177569109877,
    0.00997373548534273,
    0.004329495911565726,
    0.016188065952729078,
    0.021434102060943275,
    0.00469603970787522,
    0.03319335615335308,
    0.00636540057866358,
    0.001535927652885121,
    0.009288137396603712,
    0.014968156733577957,
    0.010696775831326534,
    0.00961832317091682,
    0.0033732004224758787,
    0.018987705928800728,
    0.01587334860129316,
    0.003124043162393286,
    0.01065008143329539,
    0.0009972795814794115,
    0.03794563152944537,
    0.009677883827228992,
    0.011371025591132285,
    0.0009570905949386742,
    0.031246069647224546,
    0.010923886974691635,
    0.017014253212010784,
    0.01778355426192637,
    0.018697925988078037,
    0.026493432859382784,
    0.007433444580688643,
    0.01135208761546021,
    0.004708183142657313,
    0.019156702062851527,
    0.01682949952568322,
    0.007787411248116684,
    0.010831004155078601,
    0.004610168276201846,
    0.014621129171739683,
    0.03472227241829854,
    0.021098422828038265,
    0.0038251096740094933,
    0.013730104644603587,
    0.0065732846169570345,
    0.02529166651005491,
    0.011815995737076132,
    0.017590198975961494,
    0.020371406952810322,
    0.03258365453200214,
    0.008855455250141746,
    0.0005459485887449442,
    0.010730748535776439,
    0.01968421865237365,
    0.007364776348289901,
    0.017214403038865643,
    0.019396173488048403,
    0.03419005747603334,
    0.0009832568056000895,
    0.02252751716778092,
    0.014516681176143702,
    0.007935662347748073,
    0.021017249749107965,
    0.011493688738901407,
    0.028291745442380993,
    0.016601737841169077,
    0.004595278112123803,
    0.006012156734734474,
    0.00675811058563449,
    0.02273988271176777,
    0.00420336321100172,
    0.005473291816279084,
    0.014105033193500718,
    0.01918366337936177,
    0.011497881115195225,
    0.005749699522271493,
    0.01887371666301882,
    0.0056585514790559,
    0.0025522174923865,
    0.012971284535422544,
    0.03478638686265399,
    0.03199216806282435,
    0.01784983717677863,
    0.019922967254071593,
    0.00935651649960288,
    0.010390443232478253,
    0.011656034896762011,
    0.01032748530572109,
    0.0035796388137714647,
    0.006315164345487658,
    0.01825635311257918,
    0.01432896391347051,
    0.015759865311960504,
    0.027938067904352524,
    0.034083296445240774,
    0.004849567419048828,
    0.015512948804724605,
    0.005742182157882578,
    0.017717994170573046,
    0.025885899708528653,
    0.009206892035323516,
    0.009623744347158826,
    0.024171651498456483,
    0.015585303436967912,
    0.018198165820914984,
    0.01757848923527876,
    0.02088453935470366,
    0.01548931247630946,
    0.0011067873415679314,
    0.023390496143158374,
    0.02670731633271739,
    0.013313107768068492,
    0.017119857725205058,
    0.006798444136875015,
    0.003756369159260858,
    0.022342474352053786,
    0.008920653929745604,
    0.0366011798214279,
    0.015072966140923403,
    0.011445187282122926,
    0.01850919677250634,
    0.012998679546032147,
    0.0177920112968639,
    0.025276270369527613,
    0.013660930435755591,
    0.018664820671826857,
    0.0023478030068879298,
    0.02100127534978152,
    0.0027379108492626768,
    0.03416006030082758,
    0.01868122876525266,
    0.011954633284171698,
    0.016459124764829376,
    0.01104850174590788,
    0.002872572867114104,
    0.009022210631345848,
    0.014909391183114611,
    0.011390252696203933,
    0.02362577519206143,
    0.019494694330953122,
    0.022097581750614905,
    0.00952681371595176,
    0.01270029800567214,
    0.0042609722438667706,
    0.03083247004113444,
    0.011589029158410818,
