{
  "config": {
    "mf": 0.15,
    "mf1": 0.6,
    "mf2": 0.0005,
    "T_coh": 20,
    "tStack": 1728000.0,
    "nStacks": 6,
    "gamma1": 1,
    "gamma2": 53,
    "gamma1_upper": 13.2664991614216,
    "gamma2_upper": 100.0
  },
  "mismatch_list": [
    0.40738014893702146,
    0.4201926620494882,
    0.5240856294087027,
    0.6001980300968449,
    0.6668743609112474,
    0.6706181700650747,
    0.03418191706404782,
    0.4685290498534494,
    0.5318987892673315,
    0.6667165776166412,
    0.3548979718625845,
    0.6868190530009836,
    0.508596682262664,
    0.41186709274209854,
    0.645066167065647,
    0.13892969527684476,
    0.675951223738067,
    0.5438043940357101,
    0.44763329395030493,
    0.4047563545114421,
    0.5235441082508872,
    0.5585708612067557,
    0.6420574150125126,
    0.5865359646704202,
    0.5348520827015406,
    0.6589753838544185,
    0.41442046610610994,
    0.5246744774231378,
    0.6342185045732489,
    0.5015221032683937,
    0.49217344983944106,
    0.1859599052075047,
    0.6868543990611392,
    0.6710860716681486,
    0.018998073639721513,
    0.3278691324049318,
    0.49837456913857425,
    0.5499313787684891,
    0.5227807526173703,
    0.5045918977505702,
    0.5452211096646212,
    0.6059912601987207,
    0.598577966198541,
    0.5447159103784381,
    0.5290581478469316,
    0.14927871810465318,
    0.013173563358842852,
    0.6769145394066828,
    0.5927733787353114,
    0.2628562348877974,
    0.40613235711707557,
    0.10439334179976284,
    0.602143310275631,
    0.5438897775399207,
    0.3577518409496684,
    0.5143928940107185,
    0.5288562632947538,
    0.3337330004153704,
    0.2743540046706674,
    0.27500720203081547,
    0.6907204828141709,
    0.5591703618298113,
    0.6714359000825428,
    0.40311634068961466,
    0.612557495625383,
    0.4934399447126902,
    0.5866827700859137,
    0.5984467466608002,
    0.6746689803518191,
    0.6559090047124104,
    0.6140298325084654,
    0.39212653499211164,
    0.5595839974724315,
    0.08343101386920852,
    0.4241094066816848,
    0.2979177375745859,
    0.5338762170130996,
    0.620350922407483,
    0.5011087386845172,
    0.5517866674444245,
    0.5255824157904512,
    0.622529150470455,
    0.5742638613749206,
    0.5676538228553046,
    0.5994859045658544,
    0.5340199865706656,
    0.5412590440105071,
    0.5253830249787138,
    0.5369647145485793,
    0.4258774686539537,
    0.2718544093613715,
    0.3546403576327377,
    0.0951070860935697,
    0.5206122284574166,
    0.4530581552197294,
    0.46554913845062607,
    0.518428416584328,
    0.3893517608463885,
    0.5824036470194977,
    0.6127233293646719,
    0.539936819459589,
    0.4831829734341831,
    0.3881961832109901,
    0.48043357038685397,
    0.5407235403567979,
    0.3031435333027651,
    0.5668280694990282,
    0.5237444748741014,
    0.6703165358952794,
    0.38814652524917614,
    0.466073474484102,
    0.5626881079915382,
    0.686008289193224,
    0.5426804760615555,
    0.5369100691058846,
    0.6940605228636424,
    0.5704227150262933,
    0.5141322439229443,
    0.366495111780831,
    0.6396259096595903,
    0.03851712218449928,
    0.5170184232122564,
    0.5700105159950138,
    0.5295205198516376,
    0.5295069127027127,
    0.4095279642089698,
    0.5961477619275877,
    0.06083176218650294,
    0.5409973638995075,
    0.5534162183987519,
    0.4904603585803591,
    0.47784739891487593,
    0.3770662401430843,
    0.6189805307178405,
    0.23879944612940582,
    0.29335001826393814,
    0.1508273851299125,
    0.42548291554687784,
    0.2896163467071188,
    0.5685321887136994,
    0.4039215477931319,
    0.32674667814799224,
    0.5805600138695338,
    0.603518581022657,
    0.45126108996190323,
    0.10021957926695524,
    0.5905363038191201,
    0.6261077764259777,
    0.5375541046805015,
    0.48757206503284745,
    0.5303581455808806,
    0.591076551000841,
    0.061186632293526694,
    0.41688384796727085,
    0.4541012976883135,
    0.11288935284508136,
    0.5510745419134341,
    0.5753380129637639,
    0.5573791785467196,
    0.5156510944864158,
    0.517528501555823,
    0.6011207140598062,
    0.0831357766857604,
    0.6595603286229468,
    0.4270753856650909,
    0.08179208428235517,
    0.5563745535255906,
    0.36237030245710417,
    0.4298625743012675,
    0.5287938113602454,
    0.5630068730739244,
    0.5384311423510529,
    0.5754076479549757,
    0.5509757952131676,
    0.6169688682527651,
    0.5704602837681458,
    0.49858642865251385,
    0.5338018927056248,
    0.5443131170855591,
    0.43115384394367484,
    0.5718789781258846,
    0.67786167286831,
    0.39822036924055737,
    0.4931216133242937,
    0.42132964505508075,
    0.5297824710213808,
    0.4157931075833237,
    0.621137968575184,
    0.6328155587285089,
    0.5302014736271227,
    0.29978869344589715,
    0.5015921990594695,
    0.24854232739494223,
    0.5557100259099632,
    0.5890275366409078,
    0.3940914940356776,
    0.09511006773974848,
    0.31120964518085203,
    0.4063020398905226,
    0.3437420071553003,
    0.5798115393610365,
    0.634262253454454,
    0.5974735373480459,
    0.6799014983368378,
    0.5808347590119713,
    0.6704625010286679,
    0.38183877144034,
    0.5800056174214008,
    0.6795052104538033,
    0.6411229128883337,
    0.5174658327743199,
    0.5632406612402152,
    0.6473281522803684,
    0.4974172438681904,
    0.09899775487463913,
    0.3897444165422597,
    0.5710429245373543,
    0.3346047795462975,
    0.04744091813884995,
    0.5259056804479799,
    0.3123149143134521,
    0.19197784300776324,
    0.3168058155761847,
    0.36563341603516303,
    0.2652245835534782,
    0.3986589422875818,
    0.611521969907492,
    0.5689071984853671,
    0.5404419103222747,
    0.29394125159531626,
    0.3932401527340123,
    0.5257278117004783,
    0.5291989899700675,
    0.5347725540661902,
    0.5680556674425814,
    0.5027285315240777,
    0.5165098627976537,
    0.6331364922808433,
    0.4257618349939657,
    0.33285119211093284,
    0.5482318946583321,
    0.5440257406056732,
    0.5459395508643359,
    0.4556431882449846,
    0.32044055069161725,
    0.5258251760011527,
    0.5192522183176511,
    0.4815887685400115,
    0.5038042552536335,
    0.6195913073846269,
    0.4463856647656052,
    0.5250107529003557,
    0.46598060975857014,
    0.5237552630120936,
    0.10563945305549885,
    0.044702357441261845,
    0.32605715891621173,
    0.5280056809575703,
    0.4024560415903862,
    0.5322330589098473,
    0.6112848477186558,
    0.47379957027431036,
    0.6010595632072668,
    0.6818932921960128,
    0.19724245434801535,
    0.5507355558487809,
    0.526493606862687,
    0.5923898035073484,
    0.15039932916213683,
    0.29481091646804386,
    0.4140891238980242,
    0.5286391994529384,
    0.5210238582653346,
    0.4132912353805822,
    0.4100334345538964,
    0.39649941727791316,
    0.40078848820021656,
    0.32062893651836755,
    0.6332107081648206,
    0.40456401122703634,
    0.6108905385644491,
    0.554638042791068,
    0.6438395178276962,
    0.30349504228136914,
    0.5700475697252537,
    0.5612390550545245,
    0.6913918953218838,
    0.6332227431730332,
    0.056401035964833056,
    0.06443781928687047,
    0.5100271134639974,
    0.6385954256343289,
    0.4129750182503852,
    0.30863540029358916,
    0.6749721866623268,
    0.5550308611221854,
    0.5921263344086415,
    0.19841315706130253,
    0.6046708788472587,
    0.36572519652572083,
    0.2422993566258087,
    0.47737906361781235,
    0.42947409291004657,
    0.4233348292161859,
    0.44937934595259965,
    0.602653578360318,
    0.02796252840560103,
    0.5567531683785472,
    0.657079273731708,
    0.5286454338040395,
    0.1630853120531258,
    0.025932515263588907,
    0.6447086405829368,
    0.4511058817253605,
    0.37429189969135085,
    0.6705723611374189,
    0.2993055583414371,
    0.5357410469568072,
    0.5357815431330899,
    0.2809103735590653,
