{
  "config": {
    "mf": 0.05,
    "mf1": 1.0,
    "mf2": 0.002,
    "T_coh": 15,
    "tStack": 1296000.0,
    "nStacks": 8,
    "gamma1": 13,
    "gamma2": 15,
    "gamma1_upper": 17.776388834631177,
    "gamma2_upper": 100.0
  },
  "mismatch_list": [
    0.10807184974999003,
    0.23933915774365924,
    0.09422270808769402,
    0.11321907142126059,
    0.09836404945033657,
    0.23384953487793836,
    0.11954485578527188,
    0.1037617292467434,
    0.07033196652347064,
    0.31277644360738344,
    0.12950846309931413,
    0.14140012814203876,
    0.30026365687077833,
    0.1100743582344849,
    0.07467627654856127,
    0.03423491512035579,
    0.07559238225649109,
    0.2531905401568583,
    0.12779833646652955,
    0.05346648501646012,
    0.24999609675649137,
    0.11929830090364424,
    0.2296440068442652,
    0.07760240809885441,
    0.22740621951494538,
    0.11769695911309055,
    0.1307282989780441,
    0.05533209084900462,
    0.060498395044095085,
    0.1040579420596751,
    0.14799241729894394,
    0.051560979361383104,
    0.2174577191989272,
    0.2961552039488103,
    0.23163466103365984,
    0.123200749307102,
    0.13224629929146012,
    0.007158114901080244,
    0.08171259579571521,
    0.1569132080556007,
    0.10157475636532277,
    0.0251441164242126,
    0.21289612861852358,
    0.07113516729879936,
    0.11254265377767472,
    0.20583234210223492,
    0.05774660837052016,
    0.23567430121821675,
    0.14299980743998691,
    0.20726895256026753,
    0.14136015603721902,
    0.09468271256341325,
    0.09484303467641533,
    0.1543676427473977,
    0.15108920732930828,
    0.2634229652969848,
    0.1387678240891998,
    0.07587876467836406,
    0.08524221216181287,
    0.17463299391498793,
    0.10073902856075558,
    0.10363342818696941,
    0.14023161268721834,
    0.053012118559142236,
    0.25863903440116437,
    0.07272544989941197,
    0.014580060150428113,
    0.025041186447244627,
    0.025215025347952474,
    0.23451496561387034,
    0.1275734662710609,
    0.027919177994264834,
    0.10853705855038741,
    0.17059393198872858,
    0.13299377042336025,
    0.009860315925638297,
    0.22076947675141428,
    0.25377017181788797,
    0.11647517161260626,
    0.050018258505745865,
    0.28438425032570397,
    0.24649792318532426,
    0.2422356535562018,
    0.26390125719136476,
    0.10368453176401742,
    0.2166584216671071,
    0.26017705690813386,
    0.04094307278363714,
    0.13986326215166442,
    0.08361101778664698,
    0.16250821849605426,
    0.20926690726066902,
    0.10383466207452477,
    0.051840133554536406,
    0.1413286409600013,
    0.2914111728755224,
    0.051836374875602186,
    0.06526613470758345,
    0.1711890320592183,
    0.13540431241908,
    0.22406793436305716,
    0.02136541529643544,
    0.19670872724770447,
    0.25825514317386317,
    0.30973458811528853,
    0.3099520855174631,
    0.12804554188874195,
    0.26852790183024533,
    0.20973298344851274,
    0.13305983643385794,
    0.06998363818147017,
    0.21343607730388225,
    0.25428236410496313,
    0.20356137720309184,
    0.18115242252639893,
    0.14792606215929743,
    0.10120308084455781,
    0.117175803822403,
    0.3018128831322633,
    0.3139524041377851,
    0.2344749935090506,
    0.029128532941351308,
    0.21993150819594398,
    0.1942286496917016,
    0.10377343897726925,
    0.12537420540081684,
    0.314639880971312,
    0.31518315464188174,
    0.18124263082082032,
    0.11809827037160613,
    0.113841277349449,
    0.18858492098967752,
    0.07815457249074931,
    0.14339396275207003,
    0.10767415260583428,
    0.10858548768280914,
    0.019627315418505768,
    0.13118418336339313,
    0.019457741172742522,
    0.26195773105322234,
    0.2993521049469419,
    0.07279896098549092,
    0.18055016650947678,
    0.10099201656594371,
    0.14372812376577995,
    0.22411072547707755,
    0.16427371336083144,
    0.31621541798533653,
    0.14616324173914652,
    0.17022962926125768,
    0.05249862519089752,
    0.19514576735165218,
    0.2670046971921512,
    0.11021863367972932,
    0.08891335724624147,
    0.005840842499209232,
    0.29384997724553596,
    0.023609274337879793,
    0.07730952027113375,
    0.056987066096658184,
    0.08486258558945627,
    0.18233141891286284,
    0.07329076966757665,
    0.029470211312929682,
    0.12587114612529354,
    0.049841239184401365,
    0.06540766342591442,
    0.20122174413111196,
    0.19262398291593685,
    0.12108013156532786,
    0.30963563366411634,
    0.09132057425675015,
    0.12724906336612252,
    0.018657503971188857,
    0.08875390252068574,
    0.010272324962658971,
    0.24187894046888653,
    0.05989375371169545,
    0.17744969008246542,
    0.08728895740607207,
    0.2519274794703848,
    0.17527435464928345,
    0.2468023761789964,
    0.13317888536087077,
    0.06320926994311674,
    0.10746308832722018,
    0.07481426343481959,
    0.27224566898991576,
    0.06460475177973447,
    0.21654674553338835,
    0.018855412873533175,
    0.020156927736795328,
    0.08737605756214398,
    0.16286204029188167,
    0.2493497485443793,
    0.301102131402259,
    0.08339250843245162,
    0.16895977403978765,
    0.07790715022167531,
    0.08385619930481787,
    0.21490261262881427,
    0.026645708658434967,
    0.11602167254273474,
    0.13720479191086032,
    0.24797580682934614,
    0.020060792294823836,
    0.03240270370449613,
    0.0026501577777764927,
    0.2614911488893682,
    0.24051396175746576,
    0.20664804771324866,
    0.32074715598112796,
    0.2995534833990717,
    0.26838340953813933,
    0.22149634743146338,
    0.18066972141249998,
    0.17585217925313315,
    0.050722215700753644,
    0.1179771975405518,
    0.07909532645861318,
    0.2921869063817164,
    0.21386955418020032,
    0.23793890527608652,
    0.21862543954858843,
    0.09181339489085663,
    0.10534969881416571,
    0.2929555562237651,
    0.27735819516333193,
    0.14440201152931395,
    0.2503541832072634,
    0.018450848912093754,
    0.22881333879980179,
    0.17748669861351007,
    0.16230141887238475,
    0.14529975753629581,
    0.11581588487108599,
    0.09963086881574436,
    0.16498179064620944,
    0.07143000674827434,
    0.21215516289247113,
    0.27641353795195944,
    0.10742492327958036,
    0.017324907724432164,
    0.1967697334980984,
    0.2717599320199545,
    0.28699248437690644,
    0.27904873329628627,
    0.1453642333364752,
    0.15887552758841425,
    0.057527303911165645,
    0.12022329733289926,
    0.13627509713293753,
    0.08687188860894762,
    0.1680057201310796,
    0.30374722941993176,
    0.08733051972121011,
    0.08340942248765564,
    0.12493306660205594,
    0.09794358338571389,
    0.09249140274476084,
    0.29184284269466054,
    0.10969718925989298,
    0.07525178811922068,
    0.06198235040024148,
    0.062362121537172466,
    0.11643100713512913,
    0.06150037210921449,
    0.11387835816278087,
    0.20507511286156324,
    0.23765584783942462,
    0.1297843645895436,
    0.156113693676919,
    0.19357919334124005,
    0.04649138886656169,
    0.028966331488882117,
    0.2161577222636962,
    0.2568237370405087,
    0.10421081909709592,
    0.054636084705588464,
    0.1074137195250649,
    0.13674738959748017,
    0.10560442159424656,
    0.0595707241702138,
    0.0914221308702614,
    0.27691481561366793,
    0.17325102886607596,
    0.1360821034261226,
    0.22145594163292048,
    0.3055887652508398,
    0.05819707158432943,
    0.10033222384841306,
    0.12384716980150128,
    0.029850705272732633,
    0.24036202438977847,
    0.05923959901256613,
    0.2952233407022716,
    0.17399929510313525,
    0.027036538985307036,
    0.06570185233480462,
    0.2879500078353999,
    0.23170925635404674,
    0.24924681856741132,
    0.26750402323210537,
    0.21529402121398392,
    0.01246204457099306,
    0.193341673745512,
    0.1212201423556277,
    0.25178595075205384,
    0.1383501770337778,
    0.15378699913434732,
    0.027608581006181004,
