{
  "config": {
    "mf": 0.05,
    "mf1": 0.25,
    "mf2": 0.0005,
    "T_coh": 20,
    "tStack": 1728000.0,
    "nStacks": 6,
    "gamma1": 7,
    "gamma2": 93,
    "gamma1_upper": 13.2664991614216,
    "gamma2_upper": 100.0
  },
  "mismatch_list": [
    0.019749340053277137,
    0.025138638415551053,
    0.01853911697518392,
    0.011798970258675696,
    0.19224971492751944,
    0.07811143181576939,
    0.09556550064062024,
    0.0071165930995166155,
    0.18907892395750536,
    0.11769723020249281,
    0.16954887042774044,
    0.10636312568896356,
    0.11429994254638873,
    0.1819894367323413,
    0.10493827829774675,
    0.13027695806601972,
    0.021353899391451436,
    0.0622190408358671,
    0.03463697048267864,
    0.007449561660063495,
    0.15810471606433982,
    0.0966916955082205,
    0.1617582084448243,
    0.030009997730696198,
    0.1570424910602116,
    0.1721672436784493,
    0.0924330915886894,
    0.005429198209320886,
    0.01144973817351728,
    0.03413215067873652,
    0.057014279266185436,
    0.021799303118812747,
    0.10542781038855403,
    0.08242679543619477,
    0.1310962602242003,
    0.03388776411557381,
    0.20031734473457005,
    0.04201822533937368,
    0.10847825127644273,
    0.02385154307779397,
    0.022167617739515366,
    0.011832039425385823,
    0.040804749556358155,
    0.02221217979695098,
    0.11412109798741052,
    0.07028770066614312,
    0.013158926186692468,
    0.08666528679695629,
    0.1044871823367714,
    0.021927242845756843,
    0.09150113741669959,
    0.054283308213416044,
    0.004148499857911007,
    0.14159051632678973,
    0.08315876246721138,
    0.07799184069812588,
    0.10606360577736774,
    0.06702241861813601,
    0.1560504160589078,
    0.018030177078340204,
    0.007315333370269605,
    0.035119671893149074,
    0.17877749904506005,
    0.08215356822272095,
    0.18200369442225076,
    0.0863968302173685,
    0.005849230838288197,
    0.008585839912922921,
    0.18988678743670914,
    0.07232129178356979,
    0.055555549532027924,
    0.1954171989808625,
    0.08854469970106557,
    0.0346460780564611,
    0.03140746818881692,
    0.1773585607344521,
    0.12214215990232344,
    0.06251406117232039,
    0.041842470850071666,
    0.05884631110192644,
    0.13133392453052353,
    0.07969322221948755,
    0.05843863875166389,
    0.0381218101129415,
    0.180827028416606,
    0.023953461165359603,
    0.021984056758399814,
    0.19060975531744068,
    0.09644367675789456,
    0.11826656198739403,
    0.023270284708177616,
    0.012977642099022529,
    0.01942222636159041,
    0.03635786823357414,
    0.01333663229894787,
    0.05285482863503599,
    0.010192350874050604,
    0.0346736176248033,
    0.09436368038357631,
    0.07415560051275641,
    0.011144309181312604,
    0.1552041706616208,
    0.18519790486770543,
    0.023413620571753967,
    0.0792410962352868,
    0.11676782398269214,
    0.19134876987578897,
    0.09088062974102072,
    0.10892663664998282,
    0.15489299522405336,
    0.046438868175784416,
    0.1555111175827892,
    0.012127601879326166,
    0.015468997222515267,
    0.043890048598664244,
    0.07696116693174404,
    0.12098007685708037,
    0.08548000112326744,
    0.029532392224604045,
    0.014922976489557245,
    0.044324609976284526,
    0.10185471403139923,
    0.1607585437987018,
    0.02530192420265089,
    0.12324753745842094,
    0.14707219150885717,
    0.1046521486880811,
    0.025836885738873067,
    0.00317203784023429,
    0.017189244432426302,
    0.06052730900577496,
    0.05391618625118493,
    0.0027994947031326693,
    0.04809471182823376,
    0.1138205480525893,
    0.024351158553860403,
    0.10597410218025559,
    0.006149563926114591,
    0.10474566395459745,
    0.12028833494360297,
    0.13600171872928093,
    0.031765807847757795,
    0.0038606354722867916,
    0.007035817593945979,
    0.022990226814366937,
    0.00446607228182563,
    0.0008917832661993108,
    0.17645387507206098,
    0.001821406332994799,
    0.10476133114997323,
    0.10251609736560176,
    0.06468773544840109,
    0.17477331086220207,
    0.04610145425184371,
    0.06006856918823219,
    0.039985501609926304,
    0.006348521043862401,
    0.17038936937966473,
    0.023899140993157066,
    0.12458689292192977,
    0.026022723613434235,
    0.1644702595972956,
    0.10494342841387375,
    0.1365746284895967,
    0.05414300820776718,
    0.038224920858978655,
    0.1832533294416526,
    0.01576813765187015,
    0.09690810880905136,
    0.02346729020297204,
    0.09152406898640185,
    0.06752333517617137,
    0.10575980313762422,
    0.20187186662868953,
    0.04293581339795663,
    0.031519794932133936,
    0.020929421399090306,
    0.02361517985343962,
    0.00107751271726307,
    0.11100641617730625,
    0.16136853439513188,
    0.13783396741201678,
    0.0065197217462731865,
    0.025807069277085246,
    0.09578039601248735,
    0.060139586579035904,
    0.013812719876076279,
    0.020588104229242836,
    0.07785739556133718,
    0.0040010439014330655,
    0.19676989053455277,
    0.10003097659321011,
    0.11038016205626464,
    0.014672084516549925,
    0.12973494900246588,
    0.011187787003774114,
    0.08044177804560791,
    0.029350457595949644,
    0.02360054268128924,
    0.11691061772878145,
    0.011681547610980395,
    0.08014057756980224,
    0.03913481084924548,
    0.09681464775428374,
    0.1411860966814495,
    0.0380329028450651,
    0.08039775810565934,
    0.04994354930607335,
    0.025726510618509432,
    0.1274696568710735,
    0.0014035421739756935,
    0.17927169334625598,
    0.13772700763182155,
    0.020987427970204788,
    0.14080580126428302,
    0.13279894282753085,
    0.054118287650357644,
    0.09045197744400929,
    0.01682776049206053,
    0.1479441332750304,
    0.016693423778769225,
    0.04160643289620955,
    0.1466843606586207,
    0.1007438068769338,
    0.06016289763097911,
    0.1857200182194845,
    0.08578510484497988,
    0.11267472853195777,
    0.06111572332622039,
    0.12848000123169093,
    0.15334893619743398,
    0.07334459275212774,
    0.0223636474228331,
    0.0067467605498502505,
    0.04469693626639133,
    0.030783165690728694,
    0.010295678467082571,
    0.10847711282971992,
    0.13590115593543295,
    0.004414245850063531,
    0.17491989943070074,
    0.02484817186598899,
    0.029130574743201656,
    0.015647245452257718,
    0.13026351355234084,
    0.15798181803002528,
    0.02238988590920638,
    0.14030678211745234,
    0.0611380585666869,
    0.005674452160462873,
    0.17962163018414756,
    0.01279169580096395,
    0.14788000077631225,
    0.023507298473516423,
    0.09069923722985337,
    0.0393783300244289,
    0.05979089661136454,
    0.04756148506797015,
    0.02950420211527738,
    0.06988067885686504,
    0.048385069954298414,
    0.15160998593421968,
    0.1058145027920677,
    0.05108871828572042,
    0.004522994617966012,
    0.016826459410091605,
    0.14155072490324017,
    0.025744075225089893,
    0.06285949843506945,
    0.030765492660650824,
    0.09132565398614109,
    0.042231819629271874,
    0.009393594968629288,
    0.051627366220854544,
    0.07190765614094968,
    0.10827745095923895,
    0.101374181090877,
    0.026748293658103633,
    0.009129041634948275,
    0.004462711153405912,
    0.15617781366836483,
    0.008946456465309414,
    0.00870206990214671,
    0.13951572428034717,
    0.17597496848399988,
    0.0315934144868755,
    0.044488546304368826,
    0.04581304774873245,
    0.08590090114021402,
    0.03845889876638997,
    0.00980105047189701,
    0.07849666050206802,
    0.0316674677356067,
    0.10789856504753882,
    0.16521756855319578,
    0.011374058572324925,
    0.05744981645528241,
    0.053010958471306754,
    0.10067869856673894,
    0.05424362521336389,
    0.1791122023815655,
    0.14983991812724864,
    0.01304692471386768,
    0.07184390312447245,
    0.02286998515573897,
    0.14688879316298772,
    0.020197129097581472,
