{
  "config": {
    "mf": 2.0,
    "mf1": 1.0,
    "mf2": 0.005,
    "T_coh": 10,
    "tStack": 864000.0,
    "nStacks": 12,
    "gamma1": 5,
    "gamma2": 73,
    "gamma1_upper": 26.758176320519304,
    "gamma2_upper": 100.0
  },
  "mismatch_list": [
    0.5606601548959769,
    0.5535105197356245,
    0.5690798357991186,
    0.5882804445320025,
    0.5784810204125665,
    0.5723233789358949,
    0.590112910061733,
    0.49747904526171427,
    0.5898290302396387,
    0.5622791345593068,
    0.5999017899960458,
    0.588204520977941,
    0.610375039046012,
    0.5322088262581761,
    0.5506258041635274,
    0.15152731301744438,
    0.0019730908058717394,
    0.4935872922456707,
    0.5715836054130647,
    0.28115432642823834,
    0.3673443930360455,
    0.5771977741089676,
    0.5414655907730737,
    0.49864633263483304,
    0.5504789987480339,
    0.5167092536093911,
    0.602516503953717,
    0.5204068743533216,
    0.5109726747849122,
    0.6316391908874821,
    0.5549170164499047,
    0.5347791136877835,
    0.4332961296172553,
    0.617675030491398,
    0.5317377261619285,
    0.5692111908662311,
    0.44137796290246667,
    0.5855703450024845,
    0.5334925604675135,
    0.5506897740269994,
    0.4459297439589951,
    0.5295350486002905,
    0.505610807567483,
    0.6508756606921344,
    0.5088914857521224,
    0.41602822393745786,
    0.6842906441472508,
    0.5619824336586435,
    0.47095415822002445,
    0.5328783955664331,
    0.2756072176654838,
    0.5968542494367128,
    0.4424257133696906,
    0.6047117002940336,
    0.4044183442582656,
    0.5552142865739291,
    0.4572411337498169,
    0.5808726259184419,
    0.6817796101589781,
    0.08488659932194113,
    0.5322433049303525,
    0.41119112644749434,
    0.44446917102538164,
    0.5799991662233049,
    0.6435086093136001,
    0.4661662849978852,
    0.5623164593482902,
    0.5309964347101347,
    0.4473599583133337,
    0.5323234298949387,
    0.5358529942178833,
    0.5384134693209751,
    0.5215101376512196,
    0.6554546289406384,
    0.5737665498981741,
    0.46444023713086274,
    0.6439764567049253,
    0.5569665187155762,
    0.3901269888528718,
    0.5183506769366849,
    0.49841186682168337,
    0.3553191429382746,
    0.6090863173557938,
    0.5753923602418408,
    0.5510815894407657,
    0.5631696167435372,
    0.6165595153382927,
    0.5012198727693628,
    0.23501389392907562,
    0.5126288979196024,
    0.588778379443859,
    0.4838414293339555,
    0.5364109957473051,
    0.455282788539593,
    0.4172548731754087,
    0.5925380997459312,
    0.5713491395999152,
    0.450669151877792,
    0.5268192568371587,
    0.5519680870614663,
    0.6143508202725485,
    0.5781399200897139,
    0.5561823999823052,
    0.5606476048761516,
    0.5006169297002643,
    0.5780927287624661,
    0.5244515587124623,
    0.6441766606928934,
    0.5169761922600151,
    0.7592832198482656,
    0.5152192436962307,
    0.5466800562457735,
    0.5948042863711772,
    0.5185597174396919,
    0.601628352874681,
    0.12483301426105103,
    0.22067190475039122,
    0.6178372320435238,
    0.5009446939329355,
    0.4824180998717025,
    0.5931166475281123,
    0.5729354837905245,
    0.32678099418492257,
    0.4962566787519111,
    0.2766928079333039,
    0.5088444299542464,
    0.6059754303680989,
    0.22632250374142385,
    0.5278091091567655,
    0.5104140227145059,
    0.5128751276822211,
    0.4733165435933477,
    0.3218079336292066,
    0.5676308099679793,
    0.5411244362384723,
    0.47166476582205125,
    0.4888379635768608,
    0.6280167347331312,
    0.6392947571926251,
    0.4810194367551102,
    0.5040482081228065,
    0.31510551828979716,
    0.20026194032739342,
    0.4976897121171824,
    0.483437985500092,
    0.5766850936014633,
    0.09986449231293668,
    0.5065247092271541,
    0.6715762542999404,
    0.3449724512156605,
    0.350758200096215,
    0.5026183190389601,
    0.49602362244422776,
    0.5050725391145898,
    0.5263849665182819,
    0.5887524120162293,
    0.4698482385464399,
    0.582132506958349,
    0.6558830914965295,
    0.527961606805873,
    0.539462520870168,
    0.6053634339369667,
    0.6898943499756535,
    0.5735910664676156,
    0.5153899564929032,
    0.6003725919276754,
    0.5853390776825085,
    0.5729503920214184,
    0.394886563542187,
    0.4095043278865344,
    0.5441196895661792,
    0.4103024874627199,
    0.16845124515170778,
    0.31436400999100844,
    0.6836064376668435,
    0.5903549655197015,
    0.49469700674166467,
    0.5316128765046606,
    0.5438372463554254,
    0.34795350106520667,
    0.5672122139503527,
    0.6214986935510679,
    0.528687068427045,
    0.07283413492632027,
    0.1218444831901836,
    0.4639939118037734,
    0.5700207891213934,
    0.4257499626209993,
    0.5563585881655969,
    0.2028678448759001,
    0.5598593931558534,
    0.44408551447979544,
    0.5942558532154019,
    0.13385027127016935,
    0.4331789238165548,
    0.33992772272815636,
    0.17866929239464463,
    0.461925896225919,
    0.5509268691099612,
    0.5322554483620625,
    0.6090692406549516,
    0.3432535592994671,
    0.32603823901591367,
    0.15352241379329037,
    0.07603566395785015,
    0.48287776128897325,
    0.3395356633615209,
    0.48633327236318663,
    0.48896102424642146,
    0.7655257569234095,
    0.5992857547896351,
    0.440161939167262,
    0.5883063577478835,
    0.6304819597937481,
    0.6073037537407462,
    0.2638850654547233,
    0.495464319832837,
    0.46631552994207043,
    0.5719738215802442,
    0.3194573122053524,
    0.5948988045550446,
    0.8126992214000227,
    0.5978348857590399,
    0.5274077253693528,
    0.4954044700622665,
    0.6130043088582106,
    0.6207689492017483,
    0.6081158457363489,
    0.520521152719592,
    0.435961775512835,
    0.3648822038333561,
    0.5945062843885451,
    0.10878400553913964,
    0.4536507980565739,
    0.5597024772492265,
    0.714655457773222,
    0.6444050547901881,
    0.5431478897588911,
    0.5615311479565478,
    0.5787663368460016,
    0.4344334921050888,
    0.3825526317472891,
    0.5052546363784903,
    0.4985990599899622,
    0.5702401569625287,
    0.4789837855912328,
    0.5174775425120401,
    0.37688685346661904,
    0.5026605499912015,
    0.618809736603545,
    0.5963622236054651,
    0.5313998243322495,
    0.5636428039921098,
    0.4719544191953827,
    0.034758621646772944,
    0.3352084273681291,
    0.576129829765351,
    0.4121255201481759,
    0.6222169450096622,
    0.5020013893386959,
    0.4792200946038384,
    0.6094283121725,
    0.4489495552088654,
    0.5395037217991838,
    0.4583233086774686,
    0.527453642720506,
    0.40977283867787084,
    0.4827116564909407,
    0.4397310641885537,
    0.6063362908733545,
    0.6679042757131475,
    0.527806994898566,
    0.3497318090579809,
    0.5073369096462542,
    0.5492754979267801,
    0.525107195601302,
    0.48423614507627755,
    0.19339320334295665,
    0.6167237227251205,
    0.7022693200643212,
    0.6213732204586899,
    0.5067654636031536,
    0.5551798079017527,
    0.6492590934516219,
    0.4951035406452044,
    0.45042866856053604,
    0.34932673887165616,
    0.25730159069197284,
    0.5067860098559127,
    0.44439717782310123,
    0.5772339875571025,
    0.5130412324802537,
    0.5790609505943397,
    0.5155103065750286,
    0.6484236090864529,
    0.5602154288154744,
    0.5774466602472728,
    0.566972516703453,
    0.6021873302155796,
    0.4228207934149639,
    0.5100214212303833,
    0.20843430723294235,
    0.5117548961069784,
    0.43504933757037906,
    0.6922910784917814,
    0.5670734318736675,
    0.17960769776473035,
    0.301270896867244,
    0.5449969440837255,
    0.5451864683571986,
    0.5793422282524963,
    0.35284963514951007,
    0.5104184680778997,
    0.5923499036603014,
    0.6173033005305271,
    0.3433748851930692,
    0.4837460166562345,
    0.34565936828350313,
    0.5632544310243863,
    0.33817055731737716,
    0.27339835996449346,
