{
  "config": {
    "mf": 0.005,
    "mf1": 0.3,
    "mf2": 0.008,
    "T_coh": 20,
    "tStack": 1728000.0,
    "nStacks": 6,
    "gamma1": 5,
    "gamma2": 61,
    "gamma1_upper": 13.2664991614216,
    "gamma2_upper": 100.0
  },
  "mismatch_list": [
    0.13177439498875268,
    0.22437738619788394,
    0.19730658684673352,
    0.10979434989975706,
    0.025123025431923976,
    0.16306080834271106,
    0.2767071198349621,
    0.28307304285015883,
    0.2917863345842875,
    0.21895729556234553,
    0.022572687925840062,
    0.006881097263141551,
    0.29664289409203615,
    0.22365897210404362,
    0.033581793005882085,
    0.005829172491267301,
    0.3002750812552795,
    0.2642664993186125,
    0.010265103040812882,
    0.005333134990615405,
    0.00346174542531448,
    0.21693405888892153,
    0.0800577420177808,
    0.2934374076028508,
    0.1290212513307629,
    0.25009923460600475,
    0.048323593831266796,
    0.12817056057008208,
    0.2711541019915987,
    0.0015940422589255036,
    0.2346476393548238,
    0.005377263354061376,
    0.17928914952933903,
    0.009164387695104017,
    0.1460941031387193,
    0.1517636762417987,
    0.03556464192652074,
    0.30354318231421934,
    0.005800657111448404,
    0.030024851749841402,
    0.09867356861738248,
    0.2648956266623355,
    0.16465544693087233,
    0.008600585508570714,
    0.29650216039239763,
    0.25164199255065517,
    0.07936426532834484,
    0.037955271620919356,
    0.1534593113177976,
    0.012658226475651931,
    0.0002676976151059086,
    0.12551093217860862,
    0.07672111730847775,
    0.045434324472278444,
    0.09565527529647593,
    0.3018021177928055,
    0.18129590583115665,
    0.028587806715165944,
    0.007608727354261742,
    0.00348353854829394,
    0.04481847900698822,
    0.2997751947204696,
    0.06680405369435177,
    0.02033894703219408,
    0.17020033301192994,
    0.016481022147342546,
    0.009686663682129195,
    0.0006488062085029393,
    0.12079890119290784,
    0.018333220753601855,
    0.1458815388720465,
    0.2822245747711749,
    0.028943652633666384,
    0.15082798145914825,
    0.16819178772240506,
    0.15326740172738149,
    0.007586608960790052,
    0.016215059308195202,
    0.19835721053663885,
    0.012559127399018962,
    0.28381699067763927,
    0.16321319756832117,
    0.285828138131102,
    0.005548138785979931,
    0.2911063024085304,
    0.003659293037595956,
    0.20355573775521943,
    0.20142402337263648,
    0.13169253524820795,
    0.005917971335646296,
    0.015720214466014817,
    0.22169520571894916,
    0.24388992933281708,
    0.09500901704016212,
    0.018982785926586667,
    0.17557022356816743,
    0.2622279749320537,
    0.011040114200301352,
    0.034500248452444315,
    0.02076396714204226,
    0.2886765318315667,
    0.005528080438959034,
    0.29663405757699723,
    0.2716924788679893,
    0.15063010857637454,
    0.16489972507053763,
    0.037814212650788624,
    0.06435064679495263,
    0.016170063556769948,
    0.08698361818535279,
    0.045196118048468126,
    0.18608741124045913,
    0.020664542794917064,
    0.2528955308159638,
    0.2989440744010713,
    0.06478022069169204,
    0.022673413354934186,
    0.08078916693131036,
    0.09587120069156843,
    0.015166929358730308,
    0.008549843311782717,
    0.035005610373873494,
    0.2507652259388472,
    0.11129205788123356,
    0.11717755637940548,
    0.06457595082257113,
    0.11743658011471857,
    0.09463625705606568,
    0.14146610036351145,
    0.09618850205673954,
    0.24251251722171727,
    0.3016000163936328,
    0.24994944754433246,
    0.20355871940139822,
    0.22069142097992506,
    0.08658245124493485,
    0.011184642722349217,
    0.26706089811736694,
    0.09726330418656735,
    0.026727476346600863,
    0.12119356272348115,
    0.016857143259858706,
    0.289145842940107,
    0.2580772523924458,
    0.05646110258239834,
    0.058136679311376345,
    0.252962970231353,
    0.04282186030217846,
    0.019181634620837065,
    0.11327778002455359,
    0.09910520256057269,
    0.24383962083001873,
    0.250842477680752,
    0.06158389598803785,
    0.006588679090626106,
    0.29972082033651837,
    0.2723397129357798,
    0.10956254046229394,
    0.017017284765533644,
    0.003828433693555947,
    0.017246708886053733,
    0.0730945681670997,
    0.21671287495420463,
    0.1889143370884366,
    0.14526238649008527,
    0.008885847730257085,
    0.24939903565972935,
    0.008958383050024542,
    0.02143836129593402,
    0.0637391382695588,
    0.2095760066606723,
    0.04872389338370545,
    0.19479137855381054,
    0.1909176780500858,
    0.15352084165257793,
    0.0010282884494388163,
    0.06373588556463651,
    0.0574803918815521,
    0.11874964288010541,
    0.1650603002702022,
    0.030003383897354175,
    0.20075093030071364,
    0.2911210480041782,
    0.09780477113263414,
    0.006680188522440357,
    0.26717094796723834,
    0.05025320681467703,
    0.22971979139752793,
    0.24116372891393376,
    0.26412305503153877,
    0.24685682991595118,
    0.10000885819973841,
    0.008657290997716276,
    0.28790726711744097,
    0.013048984760318474,
    0.03536145629237394,
    0.02777734107202432,
    0.12553673697099227,
    0.18421341951122036,
    0.013218233839775875,
    0.20852538297076698,
    0.013734438110946079,
    0.03513940496967774,
    0.25646873559661604,
    0.10312755167924686,
    0.0033132052338624364,
    0.06498232209086474,
    0.003900318472338943,
    0.16934351632364544,
    0.13732730440861868,
    0.015687687416791742,
    0.14609106728079183,
    0.08254194119044446,
    0.0234668565089824,
    0.2764250018947006,
    0.1274484058655811,
    0.007526000225737722,
    0.2570187137872295,
    0.2313621363245497,
    0.30016600721688486,
    0.20051575973483082,
    0.30260721647282535,
    0.16402664485764157,
    0.2441141491254615,
    0.031186284254100007,
    0.20402065771211458,
    0.09314440394344933,
    0.09061347424340187,
    0.2668047476047352,
    0.0159759854964056,
    0.0708226622023653,
    0.20155808902718425,
    0.2214913695438179,
    0.013191886929905184,
    0.26051038409782923,
    0.036464231684533596,
    0.2087203826308593,
    0.045291855996681375,
    0.018353495947617572,
    0.274097799946287,
    0.1490462581262056,
    0.20677656616928833,
    0.2809216496027959,
    0.01549588624987301,
    0.30062333752896125,
    0.06516664203646218,
    0.08216614534842054,
    0.016672281196774226,
    0.010741407464936112,
    0.27262383671074336,
    0.2718065945990136,
    0.08835712705054584,
    0.23827500167243246,
    0.15395654147692103,
    0.18758381813996672,
    0.28659008425915256,
    0.20345246437393616,
    0.022146149887028135,
    0.22334183337411864,
    0.05351697093372039,
    0.2797640119209467,
    0.25984759125816037,
    0.26127346867260254,
    0.092924954784691,
    0.17452203940695382,
    0.06035263875144705,
    0.21339007424082138,
    0.2708496488108707,
    0.011408103550511743,
    0.14016978902847452,
    0.0018312728712591318,
    0.02348149368113278,
    0.01665525870768082,
    0.16425606897816167,
    0.07170934956418633,
    0.004183195377082287,
    0.01065857191291468,
    0.004122044524542906,
    0.242346737694177,
    0.30073636902501144,
    0.013274071940942154,
    0.2730647408629621,
    0.13719285927182995,
    0.0254236837902426,
    0.2810225376671362,
    0.2885098307042984,
    0.029320749557659235,
    0.00458696448143806,
    0.026588802693413155,
    0.26324818583093545,
    0.22530646714719238,
    0.1548195383045579,
    0.05779471160054442,
    0.2607609508003443,
    0.2116935175650945,
    0.18815244517213478,
    0.11495720578768966,
    0.04187076938289574,
    0.1125893992394959,
    0.07612413753173691,
    0.20582319835656,
    0.1285780160733498,
    0.10110854352222189,
    0.28167801192072983,
    0.07406886171482821,
    0.09869416908189042,
    0.08633437828286021,
    0.2583715679761659,
    0.22555893126091214,
