{
  "config": {
    "mf": 0.35,
    "mf1": 0.75,
    "mf2": 0.1,
    "T_coh": 30,
    "tStack": 2592000.0,
    "nStacks": 4,
    "gamma1": 5,
    "gamma2": 9,
    "gamma1_upper": 8.717797887081348,
    "gamma2_upper": 47.70744176750625
  },
  "mismatch_list": [
    0.41638001896110605,
    0.14024987719228754,
    0.19188426786219745,
    0.40843716451954354,
    0.30560811285530026,
    0.3600698999236409,
    0.31598193114730305,
    0.424829102840147,
    0.41096809485988645,
    0.30220802339866404,
    0.422823123065905,
    0.2465942002377222,
    0.4370924178995385,
    0.3012150084758283,
    0.25867778523410373,
    0.3199215360635437,
    0.45406398838393724,
    0.3497076468076211,
    0.24794559105132943,
    0.46151080519935617,
    0.3719380112349902,
    0.4799401661164052,
    0.26191646820342795,
    0.42617106080709316,
    0.3270451062102393,
    0.4083684601459699,
    0.21466911019559892,
    0.2703334587191163,
    0.2537031693497393,
    0.37644496031554425,
    0.5618687763089683,
    0.20859681454575313,
    0.4581248830832991,
    0.27051149014690373,
    0.4801352923199425,
    0.30941110413024236,
    0.18994298079111008,
    0.22668048512443695,
    0.37083592224616535,
    0.3770966579821833,
    0.4614657732953726,
    0.3039501725957951,
    0.40505828993260107,
    0.33244828414712174,
    0.4524099875125012,
    0.4728895288607521,
    0.19424761157431247,
    0.29688442832901424,
    0.6164997402172345,
    0.3848491568553014,
    0.25723047574218794,
    0.1383660545893654,
    0.18384336241300459,
    0.1279497342756253,
    0.03451250903890785,
    0.4193967951162575,
    0.04756460524151123,
    0.4949593903301829,
    0.42617738551270884,
    0.09403456657623663,
    0.28461876409325115,
    0.4484323982213916,
    0.37394305133868355,
    0.10315045513304434,
    0.37383412183739423,
    0.011233978255734375,
    0.3855182022859149,
    0.29325766142311227,
    0.33079345202866195,
    0.2911336445714943,
    0.33578411459470275,
    0.22874364023744462,
    0.15812284472103205,
    0.2849528531144585,
    0.23364850365416193,
    0.3163085028041215,
    0.13735467994965678,
    0.3980982947437143,
    0.29908846174196413,
    0.3210177701820272,
    0.3914668951174429,
    0.3567201912648804,
    0.25975688843566247,
    0.24998344734187442,
    0.3514174857943498,
    0.2783239110880836,
    0.3428350409797554,
    0.4733502204177978,
    0.42670396243168235,
    0.36704933906464904,
    0.3264753044460295,
    0.4622734201319066,
    0.0824172027366676,
    0.39367338613028924,
    0.3125687585853361,
    0.3124591062605478,
    0.409102812679712,
    0.26366692987079676,
    0.37239534166276583,
    0.3015574099672734,
    0.4171392004820365,
    0.3320536947990536,
    0.33517520807920065,
    0.37491127341550584,
    0.4572105836394973,
    0.48011093316802844,
    0.4508798424476076,
    0.1455632081682525,
    0.32471233793212917,
    0.050474475801170336,
    0.31870509639718747,
    0.2469658760808741,
    0.21475649955662007,
    0.3682590564724652,
    0.25933721711218133,
    0.553218458367824,
    0.2818346648224066,
    0.3830194014500996,
    0.3331632288699175,
    0.34885110096138416,
    0.3858697113534465,
    0.32838840140065845,
    0.34243640382009327,
    0.43691106148365594,
    0.33781438123850893,
    0.30323052952025625,
    0.0231476997298664,
    0.3937986514426545,
    0.3422722506034853,
    0.3511777252397533,
    0.156181340802895,
    0.31376785048771794,
    0.37225374053932464,
    0.3974164914783446,
    0.4449232346987662,
    0.1815399407689512,
    0.1641791659715514,
    0.278074031004502,
    0.2731640355409423,
    0.45023034939264034,
    0.27573338395025354,
    0.42452967320571355,
    0.4003694423185402,
    0.19297623732203725,
    0.14947570720328313,
    0.22749583003123464,
    0.36996867861214416,
    0.16589825709906644,
    0.23610740463283603,
    0.533314139960025,
    0.27082989389818424,
    0.46307904306264364,
    0.3664652976775103,
    0.2594814204002187,
    0.3370608377408701,
    0.3501377990718368,
    0.3429714377740043,
    0.41012380087195643,
    0.3481605153905025,
    0.31137299167104937,
    0.4730619222652479,
    0.27683532837437863,
    0.4033042864300875,
    0.2639421810591909,
    0.35672951568801664,
    0.31721405608358616,
    0.289251990439069,
    0.4037772298454401,
    0.12908637422769922,
    0.23810398770159186,
    0.4126011699910283,
    0.0890521441980837,
    0.22932363381298937,
    0.3687739959331059,
    0.09114406768634896,
    0.22713268350537014,
    0.4728698680615811,
    0.30479074404270556,
    0.20084323143738658,
    0.3559081713461778,
    0.42499184655093203,
    0.28261531420125546,
    0.36002913267830106,
    0.14294456319631393,
    0.24109980197527422,
    0.6366339526388696,
    0.1696434947764437,
    0.34548375540924964,
    0.3012134905464806,
    0.13910723780517248,
    0.37483096772477426,
    0.43661260766094606,
    0.36112001790289244,
    0.3504734783047418,
    0.3644386451511988,
    0.22238698582311814,
    0.45399528401036354,
    0.3853563621045035,
    0.31660869140322884,
    0.5258715516620748,
    0.3916543955330664,
    0.0863869493928138,
    0.422387115931348,
    0.29175657386287573,
    0.4950202882099681,
    0.32750952030830444,
    0.3055022192127064,
    0.40791716529441036,
    0.29324255441198455,
    0.40298591881998197,
    0.37794069898188865,
    0.3020328832648723,
    0.39106580035788435,
    0.3784020049389084,
    0.3982104408095739,
    0.3973682430097908,
    0.4743545475283918,
    0.28386391951331424,
    0.2975148027024347,
    0.35809782057149897,
    0.4381175261857269,
    0.32708471693798086,
    0.3937124185992317,
    0.4312117789004351,
    0.3359656155752851,
    0.1414318381777446,
    0.2327018217176079,
    0.38306797518922797,
    0.09977212266372602,
    0.2878683616974093,
    0.4816790264666161,
    0.4113011719281953,
    0.5181626390459424,
    0.36047229576549755,
    0.4403120906108408,
    0.14155189916091757,
    0.33759016138913955,
    0.42252427169027074,
    0.41386636410238764,
    0.5279534640448799,
    0.5229846668896818,
    0.28419569549932505,
    0.3425614522854089,
    0.3179980304505301,
    0.3204244043717522,
    0.2584606490550239,
    0.38924688730516654,
    0.3698263546652041,
    0.4685954513006341,
    0.34703023628521923,
    0.08209973865593573,
    0.3254037908912096,
    0.18681908219341659,
    0.4738208869391287,
    0.5474357258116512,
    0.31491417627467755,
    0.3728491302553967,
    0.28800952912675115,
    0.20427599251617462,
    0.24314944028885183,
    0.2620853920551289,
    0.3692739006649687,
    0.17319725650895332,
    0.2460050990860909,
    0.28754634382863414,
    0.14442049649878755,
    0.17494121276483168,
    0.4228591558173269,
    0.39361729502677195,
    0.37363382744583956,
    0.4711213580176594,
    0.19050844561432626,
    0.30950239673815777,
    0.16475872585299678,
    0.4367963132532002,
    0.37734610437166544,
    0.3476908246808951,
    0.5173594014327518,
    0.24232426498246865,
    0.06644945338641364,
    0.3794341968953863,
    0.36631393843683346,
    0.25771411694532476,
    0.07869870952875088,
    0.40209493043402084,
    0.28506973367423616,
    0.4184568715794185,
    0.2743071809045066,
    0.32318277112603466,
    0.24107855096440556,
    0.19242479527470038,
    0.17057051591382671,
    0.3847476001537012,
    0.2716435763109344,
    0.4619940849907435,
    0.3957554069366191,
    0.45383582914649867,
    0.13172764357515443,
    0.4278154481259933,
    0.4141284960442761,
    0.3218078162663622,
    0.36552194072905136,
    0.09813333722694258,
    0.4200930548516058,
    0.3820153273277302,
    0.28607648224355164,
    0.46552016258324397,
    0.32544585921884756,
    0.023309178499528287,
    0.1792621070767601,
    0.16109336017225173,
    0.4061188165702372,
    0.194060761699838,
    0.2758186771231278,
    0.31001415577540314,
    0.4290021074641935,
