{
  "config": {
    "mf": 0.2,
    "mf1": 0.45,
    "mf2": 0.0005,
    "T_coh": 20,
    "tStack": 1728000.0,
    "nStacks": 6,
    "gamma1": 11,
    "gamma2": 35,
    "gamma1_upper": 13.2664991614216,
    "gamma2_upper": 100.0
  },
  "mismatch_list": [
    0.11164362107158629,
    0.05338729643081773,
    0.015312650539249685,
    0.09903819683917314,
    0.007939635868357827,
    0.036092447511913844,
    0.08085899166364255,
    0.10059667619094809,
    0.024857496286766274,
    0.0063551348772044255,
    0.010416245396202771,
    0.03380080847065079,
    0.1210204646098657,
    0.14208389745175506,
    0.08577599727119742,
    0.0705381589451608,
    0.14962686595483748,
    0.04087327320672143,
    0.13620880760933451,
    0.17757654617599541,
    0.027635414713914303,
    0.006280322663991353,
    0.10719435443185925,
    0.06534955247659327,
    0.043531383669231136,
    0.028479491641253102,
    0.11603341742298381,
    0.003822795671690614,
    0.0558600027127559,
    0.010656728713458706,
    0.10176418041106167,
    0.10323516200042654,
    0.08607676405301345,
    0.07631626396914788,
    0.032141278419289494,
    0.050957959547843656,
    0.1630855289001206,
    0.12277302202200498,
    0.09903586573397882,
    0.1088926458835447,
    0.18885627630557342,
    0.010214143997030063,
    0.18045828010191375,
    0.14856789365563158,
    0.14756622317480697,
    0.17051877282382386,
    0.046375548853296825,
    0.16185362112254534,
    0.11577016517127171,
    0.020328755223437515,
    0.00736097966267932,
    0.07369415010777838,
    0.09121110456112716,
    0.02811085175005825,
    0.03160143782568386,
    0.07379498396036992,
    0.0105498231450122,
    0.07249834735484073,
    0.16037000819573216,
    0.003760994278166771,
    0.11981306054270514,
    0.06302484426862008,
    0.06266184239929057,
    0.02795461349029008,
    0.1269026561913666,
    0.04378216721874104,
    0.09865876880998597,
    0.05717756505328527,
    0.13767697018776673,
    0.17347418051623245,
    0.02679144621007291,
    0.046209010361274686,
    0.011036861495379045,
    0.10301983293456977,
    0.0626918757080732,
    0.09014882534525023,
    0.12323365925075243,
    0.02222909386254698,
    0.16114491093172323,
    0.06915944575209206,
    0.10965334514137502,
    0.0374934959454491,
    0.03107428278127522,
    0.02484676236052266,
    0.055581788018401204,
    0.01704547487486031,
    0.12119139425353295,
    0.07913820233624447,
    0.13823611016391138,
    0.0019251676200164089,
    0.011702148075488342,
    0.07251157502152478,
    0.030770263294536877,
    0.007238894804595378,
    0.11392891733825085,
    0.04866881424702104,
    0.11223664339067166,
    0.020735885456213007,
    0.055678610201588555,
    0.144482008367475,
    0.03791851605529729,
    0.19542495126092732,
    0.059530788641077345,
    0.12981274286185773,
    0.017012297284652773,
    0.09327397002285459,
    0.09746171918682811,
    0.129005421500141,
    0.018468966972359488,
    0.08887235551023935,
    0.10952459223820035,
    0.009157665438264581,
    0.051925313991737915,
    0.1363693828089991,
    0.15347644223038845,
    0.13312508070774087,
    0.1222210922084381,
    0.07412415769850743,
    0.025320356197210632,
    0.06839180739042748,
    0.00346174542531448,
    0.07421989564672068,
    0.04227714065118936,
    0.11622885077706578,
    0.09596883605098637,
    0.17701897834056318,
    0.0601934730572488,
    0.09865329342336676,
    0.045084658693130386,
    0.00717904503402492,
    0.0690319397191376,
    0.011029055003565507,
    0.009908172887338336,
    0.1237145174617669,
    0.04632892674941042,
    0.05758198469862551,
    0.15598048290307817,
    0.04464467614063959,
    0.07636288607303428,
    0.17762224668015383,
    0.045825624874432036,
    0.06304370995716947,
    0.10446750347199145,
    0.11977017904947938,
    0.00866325429007384,
    0.10717413344959223,
    0.16890673226432826,
    0.06586488935978418,
    0.021713106438371595,
    0.05654751610983431,
    0.11091902683839358,
    0.07099852511516473,
    0.0026378352684939856,
    0.006804116579980274,
    0.025294985098816634,
    0.18415844879803336,
    0.032430118616390405,
    0.09533867868403799,
    0.09081346138437507,
    0.12759765080976632,
    0.022936665606646273,
    0.044504592981985544,
    0.0974214398575402,
    0.011728386561861624,
    0.0669713511508558,
    0.07311863818352476,
    0.10193191156155533,
    0.08074861654327892,
    0.048052643511238585,
    0.020085669742243736,
    0.02786744099837224,
    0.13865017950052114,
    0.03630213855590527,
    0.011760046223105416,
    0.09382595404817018,
    0.05139750840634481,
    0.043506554688324185,
    0.04484460906986409,
    0.060629986057822466,
    0.10869005657863365,
    0.1843174518569855,
    0.16005991699313885,
    0.07885326538505033,
    0.09976880857647212,
    0.09576342773514265,
    0.13759456832973493,
    0.031106918253995704,
    0.05147405539551645,
    0.06729803114855287,
    0.02646639256483698,
    0.045293265502147705,
    0.07707772219146007,
    0.059084409102239346,
    0.04214573137232813,
    0.018306982267228575,
    0.10078912789885129,
    0.010994793178383868,
    0.09556604275810729,
    0.10649171595689212,
    0.032137808867372365,
    0.08821053848204718,
    0.06634509702981418,
    0.040815808753094,
    0.14071694820815533,
    0.14523473849824564,
    0.017267200927064272,
    0.010869889309367258,
    0.10391031511880017,
    0.18730625398659648,
    0.015148822634662797,
    0.11396670292709832,
    0.17952887388211308,
    0.029020633316827662,
    0.06818612801584024,
    0.04076528340330082,
    0.04461551021983623,
    0.14145634224874454,
    0.14540073487278074,
    0.06825161580827603,
    0.05217262798933069,
    0.0295996147929984,
    0.08740690351924241,
    0.003908558658142122,
    0.1085888974555499,
    0.058409906524850175,
    0.03303024267455614,
    0.030475568228575816,
    0.011497336088880379,
    0.09567153882108746,
    0.15662847593535054,
    0.01063244185003881,
    0.0014459357614631013,
    0.14732508931656657,
    0.08166479509639554,
    0.01878035925692173,
    0.017649827449425046,
    0.08924392283586428,
    0.10464352902003698,
    0.009021919219506949,
    0.020921506483779356,
    0.06451024618314051,
    0.08490817559792577,
    0.18558009769607658,
    0.1677648159896035,
    0.1340802375081765,
    0.08819731081536314,
    0.09804623026136677,
    0.12893684363802901,
    0.09119007040262957,
    0.1472417658588068,
    0.12393683984320661,
    0.0019143252702753838,
    0.01566979753971905,
    0.16377797556633117,
    0.04209021854165409,
    0.038333994897373366,
    0.12903030469279667,
    0.02847829898278159,
    0.1568407691432798,
    0.11254993308643857,
    0.07807283305069135,
    0.04896448512445879,
    0.12359292050942129,
    0.08630000803418116,
    0.12879898316107188,
    0.08471659127800187,
    0.058556603516846245,
    0.04446415101745152,
    0.04860321803108784,
    0.01143716104781769,
    0.013649000394986802,
    0.0926245674851159,
    0.055588076581251,
    0.06846727014462502,
    0.017404356651288238,
    0.06723969930694616,
    0.0954604382716297,
    0.13682454465112734,
    0.1415765296956238,
    0.029587146090796223,
    0.021194408426760958,
    0.0029146404573823555,
    0.07859196475629163,
    0.13128925404959052,
    0.11907258226714183,
    0.03734040196710583,
    0.10066303137136316,
    0.019487388883533973,
    0.08078634792037769,
    0.12837195721652161,
    0.03976410082821457,
    0.13894541668396926,
    0.17122401346272884,
    0.16362650794044906,
    0.05782745549676231,
    0.023382394604499812,
    0.05291532894659091,
    0.021387835946140844,
    0.044525843987477956,
    0.14934919337796984,
    0.10984655581376009,
    0.09948847962391792,
    0.03182413968936451,
    0.11105265879895172,
    0.0870143020351199,
    0.15745184397468398,
    0.14847416154212043,
