{
  "config": {
    "mf": 0.8,
    "mf1": 1.0,
    "mf2": 0.0001,
    "T_coh": 20,
    "tStack": 1728000.0,
    "nStacks": 6,
    "gamma1": 5,
    "gamma2": 49,
    "gamma1_upper": 13.2664991614216,
    "gamma2_upper": 100.0
  },
  "mismatch_list": [
    0.4881051833696136,
    0.07461791830571371,
    0.2793183913465906,
    0.38309084598843357,
    0.2182823592909667,
    0.44977178480147606,
    0.33088341405643423,
    0.5504676955984289,
    0.5084316616996055,
    0.3855540652143484,
    0.33198890003602916,
    0.3109590784783369,
    0.10526962050583248,
    0.1042712569416789,
    0.4283087571598812,
    0.5245271298901573,
    0.11858955558617917,
    0.4881916511087983,
    0.033574094937565954,
    0.44470032992186026,
    0.1896420756030542,
    0.40525531944652404,
    0.40988684598539776,
    0.06380289128603604,
    0.24504160372230877,
    0.4963117578885955,
    0.12975110410358,
    0.37296127231938353,
    0.26630057834177756,
    0.3503473834645276,
    0.27523613824559723,
    0.18191592560109715,
    0.5309855381486449,
    0.40511003195999434,
    0.1630866673468434,
    0.33622760824378545,
    0.3725605932847039,
    0.4649330219265923,
    0.4987288971281109,
    0.1287292126404884,
    0.24301386747374226,
    0.13595563874288158,
    0.39885377931242805,
    0.35830859560887,
    0.47383703059266563,
    0.27727281943270005,
    0.41463373512551593,
    0.42828810248362453,
    0.41477517357788757,
    0.4822958523783724,
    0.3122376083597986,
    0.38623106153217795,
    0.021675375061272827,
    0.30882031656842235,
    0.2085849616825939,
    0.04720574757296712,
    0.11391915922348392,
    0.40764898499885016,
    0.06654925847543769,
    0.403625714280448,
    0.018704896502724194,
    0.2360606685848229,
    0.021168495210879906,
    0.22644328751753887,
    0.006304609527411249,
    0.474927716764864,
    0.36676183358446024,
    0.03167614161539952,
    0.07738293433666993,
    0.2714504234100209,
    0.21638126168737537,
    0.050181755729883676,
    0.4242194023198075,
    0.3636698664970634,
    0.31018721160027335,
    0.11941536315420434,
    0.18684073770046555,
    0.22068269288838355,
    0.08104754012563899,
    0.24846724412298565,
    0.38598748814524586,
    0.4906854457609828,
    0.5551039927711886,
    0.4527867712057116,
    0.1754397358890342,
    0.12441395744356042,
    0.3208935440637973,
    0.40621568057483537,
    0.2344898289543432,
    0.12086259999763636,
    0.16997535425480367,
    0.3920688536914894,
    0.32635375139337747,
    0.1555703168123752,
    0.421267084697075,
    0.09815291898281846,
    0.060412488522017506,
    0.13092646902725583,
    0.4127861987296452,
    0.2904894811317635,
    0.054500805749221004,
    0.2497995520591628,
    0.16122107843865394,
    0.4711016683882511,
    0.5112395050120389,
    0.43519706458560053,
    0.3330705870579425,
    0.2601439126765826,
    0.3875265054792357,
    0.20315446239130408,
    0.48132741369950405,
    0.18234501159209823,
    0.4499512799014387,
    0.5652592899149992,
    0.3088846117023866,
    0.5363358040518511,
    0.12529836791193583,
    0.40799041059219504,
    0.057727922726139705,
    0.3453136057502619,
    0.3019645361919261,
    0.33589458547148987,
    0.19061951343220762,
    0.25034351274567,
    0.1627343994037575,
    0.5577139903067225,
    0.40510417709113417,
    0.38176742877904407,
    0.07781749571429021,
    0.3569404537067988,
    0.1527300548742163,
    0.41263212893982526,
    0.2625356266059553,
    0.5151992937727072,
    0.4161167517230933,
    0.44306302668746805,
    0.08509726617740924,
    0.36425405230110985,
    0.1424683671735718,
    0.3599287679306714,
    0.06410962136020965,
    0.43968563474313876,
    0.5055353448132855,
    0.3690590022240912,
    0.42581024608555934,
    0.37254470924233335,
    0.41008894738457047,
    0.4970212812556482,
    0.18241272206623094,
    0.19727319240953117,
    0.28483411150684484,
    0.304267234429925,
    0.19709608262651152,
    0.35766369264627385,
    0.41734833423017637,
    0.3377764379042909,
    0.370965900484794,
    0.2893009427531523,
    0.2808640225139224,
    0.08106976694260808,
    0.36349590099546863,
    0.32753844073783056,
    0.14994086040333757,
    0.07587454664069852,
    0.3511792627484077,
    0.4053196145804883,
    0.31329267741309774,
    0.42396916088778464,
    0.25768963838920417,
    0.53303468803795,
    0.027876331725159877,
    0.24064503090232311,
    0.15680927211728213,
    0.3742842558347834,
    0.01295162045964407,
    0.00022899042653044916,
    0.19431686311739457,
    0.5085829124784929,
    0.13249823025746352,
    0.6166672882947185,
    0.3585544458892478,
    0.5412643567618802,
    0.1287336580038822,
    0.005256804848438588,
    0.11878829585693217,
    0.2168987670405145,
    0.45199630969784216,
    0.23300193329938232,
    0.23087493533893674,
    0.4247165782671822,
    0.19290800819204576,
    0.4018910467453814,
    0.29585189046667965,
    0.047283487220610265,
    0.5064839419921278,
    0.05382977272374896,
    0.04090894453736941,
    0.2835730920202149,
    0.09177306354820448,
    0.3975847906987385,
    0.33285607116831634,
    0.5282825945699561,
    0.02062019758447627,
    0.3283798070777341,
    0.21014636846879892,
    0.3027410110686296,
    0.17107531063603068,
    0.4888240853691923,
    0.005375420154605402,
    0.39081065321579217,
    0.33284186769015556,
    0.019890182176413054,
    0.22011775225512742,
    0.4101518872248171,
    0.4500627934685251,
    0.31564698523586393,
    0.03902562838735335,
    0.33773474906953665,
    0.42088966250258997,
    0.39342642430256314,
    0.32512146413356124,
    0.43631566980838205,
    0.48535290709960316,
    0.35818174011690007,
    0.44255186410892744,
    0.13012212931171788,
    0.19601867833274586,
    0.23790885552167804,
    0.11141994339642894,
    0.403369617979565,
    0.2060432980563028,
    0.2964706633664,
    0.022669184838535184,
    0.21455031408660846,
    0.5077704952123978,
    0.08148405312621265,
    0.05235380365350322,
    0.25607640517123703,
    0.592132379018622,
    0.02430204270953356,
    0.39751057481476115,
    0.2443120762199839,
    0.0616287833159657,
    0.3844177327497402,
    0.07362085582352905,
    0.29032223788700817,
    0.4506551652466261,
    0.19108345757762607,
    0.5570925068195669,
    0.42680232108686317,
    0.32988331571632207,
    0.469916979043798,
    0.03758771596469861,
    0.3661479397421234,
    0.43085768516049877,
    0.2599912523922289,
    0.3202838245261107,
    0.42100377823361423,
    0.4316567121246636,
    0.5070651461499954,
    0.45017072906019706,
    0.43599072458664356,
    0.39275365650113253,
    0.40086693260059286,
    0.3112628811180804,
    0.14757468020760497,
    0.38349342243431783,
    0.4298053266946349,
    0.2893314097559246,
    0.4937236890054128,
    0.18268258815128505,
    0.26662958944466897,
    0.08647532882949353,
    0.18421135946476958,
    0.39298150848094016,
    0.3808992276235315,
    0.41319267842143625,
    0.5534473088366343,
    0.4367240469113778,
    0.20993949643574017,
    0.2644258818598056,
    0.2609240197404493,
    0.536127901995567,
    0.04997748586076276,
    0.11311536162543304,
    0.5185522362183705,
    0.11370149905243285,
    0.05648690737478197,
    0.3301575187412726,
    0.5022424689851875,
    0.3359860949033041,
    0.2935581913789658,
    0.3654829242207576,
    0.09900941040061073,
    0.1272506414063048,
    0.37520769876222654,
    0.47150944916201104,
    0.33743728920439164,
    0.14854984114331277,
    0.22018589642324976,
    0.36735360903332537,
    0.49853134951582945,
    0.23945036659610827,
    0.17852129432067962,
    0.03981256613155695,
    0.32597052854178094,
    0.5586275395900269,
    0.23264028672377043,
    0.28206714385293524,
    0.26801757284676625,
    0.20058493392617857,
    0.0122548910652858,
    0.4080257024406021,
    0.20006211582166633,
    0.283143789182219,
