{
  "config": {
    "mf": 1.2,
    "mf1": 0.3,
    "mf2": 0.001,
    "T_coh": 10,
    "tStack": 864000.0,
    "nStacks": 12,
    "gamma1": 25,
    "gamma2": 37,
    "gamma1_upper": 26.758176320519304,
    "gamma2_upper": 100.0
  },
  "mismatch_list": [
    0.25236192457345924,
    0.3804835861462093,
    0.043032744004641396,
    0.13057653218936424,
    0.1627713718163744,
    0.04866328464865311,
    0.3281662127878359,
    0.35897469536520993,
    0.05974720194190821,
    0.31114215155371416,
    0.026658844272740175,
    0.12115707821660261,
    0.10538536258931792,
    0.2636866504544625,
    0.3562140162741501,
    0.32664871751808205,
    0.06925854482872502,
    0.07920661756311034,
    0.3946118183997494,
    0.06761809731290794,
    0.3724767277094571,
    0.3091369131808603,
    0.16423872121857602,
    0.05278587129068307,
    0.17259703442218352,
    0.1525654680051475,
    0.0027139485636759816,
    0.017867541832224828,
    0.07226610422338797,
    0.05819891439888983,
    0.2865665021484658,
    0.34610065191796285,
    0.2143560191792493,
    0.17202526310859056,
    0.3840975581618878,
    0.12046007776350082,
    0.1359187205420134,
    0.3763760161585707,
    0.2750963803574354,
    0.1260808060809969,
    0.25457137860368534,
    0.10243944195293271,
    0.16495697267717022,
    0.07294071522427455,
    0.1174687276817007,
    0.1674011635792895,
    0.08271086499940963,
    0.00827401393437104,
    0.24376589285177977,
    0.1816167851717423,
    0.07047212903523796,
    0.2929348104806056,
    0.11050100004412837,
    0.21650031068753184,
    0.08141249361792188,
    0.04238035982072392,
    0.07092902565332476,
    0.3278109631985712,
    0.052717347640319795,
    0.3024474002376426,
    0.2808814244852567,
    0.1495667993372722,
    0.31791493374294283,
    0.04149367245890288,
    0.05906435075521845,
    0.09423617435062186,
    0.10577568717999482,
    0.3892858393599631,
    0.08348999625179969,
    0.3714223091971424,
    0.04622657496785514,
    0.011357144506728924,
    0.09002814999263262,
    0.03830428685908296,
    0.38324491577825354,
    0.2769432120005729,
    0.15691774982644108,
    0.06402862900764418,
    0.3321390123681936,
    0.34187376187142426,
    0.21023115564377373,
    0.07094973454133012,
    0.31966776221382565,
    0.08073083508970363,
    0.16201712375663999,
    0.06519157944086652,
    0.21818895244794778,
    0.2841781493475128,
    0.10275148477847941,
    0.3844753056268651,
    0.36415039943758565,
    0.04872324284272098,
    0.05132724998002297,
    0.10945644807007801,
    0.3837422543608744,
    0.32045594682824946,
    0.18663104665647415,
    0.31315281110143856,
    0.24687396082854202,
    0.10953532616444396,
    0.05869831302796145,
    0.2807298484358772,
    0.1778209327391581,
    0.2813920449463103,
    0.19928157506380995,
    0.05451641873284808,
    0.09234608173201767,
    0.03394457802821678,
    0.2320634737175479,
    0.22217660604745068,
    0.31120379031199186,
    0.2515202329630635,
    0.34418594716544654,
    0.1883180078526802,
    0.04499130606186016,
    0.07027880993935548,
    0.09640377691084759,
    0.029003177133744614,
    0.2213950894781176,
    0.3315546639289011,
    0.23114686147044164,
    0.07411418273674569,
    0.12497038683226983,
    0.2611109418499846,
    0.32504009229875486,
    0.07827666922582262,
    0.4222700020481199,
    0.13181386114181,
    0.13301074812972177,
    0.2679947497005614,
    0.38930660245971715,
    0.09768772796717977,
    0.10812522436887495,
    0.34436462908917864,
    0.11621345464043353,
    0.39535300142804586,
    0.32113749693297033,
    0.07721542003317108,
    0.35562359611900257,
    0.36884714271015157,
    0.14472812970659626,
    0.3297228489401549,
    0.33552242181662917,
    0.12736025756218658,
    0.19758908426923594,
    0.2703354503744026,
    0.3066073929862791,
    0.2935104850401053,
    0.07284237511212345,
    0.06162509691705375,
    0.11258018324221604,
    0.10939968836918375,
    0.2648913439341878,
    0.11001455802299727,
    0.2815577702621019,
    0.22384996009473176,
    0.1592235381341162,
    0.1276630843904534,
    0.33319088292831917,
    0.11070217984357308,
    0.2695410856206264,
    0.2673461603390533,
    0.21699656503517856,
    0.16030571306176788,
    0.21408983949310714,
    0.05749188477227759,
    0.31922794229658097,
    0.2370697660752201,
    0.12075694129941007,
    0.1384458012079028,
    0.10012487134196739,
    0.1620861353127416,
    0.35393067163043895,
    0.2701249461541806,
    0.07937142127917392,
    0.30480539445932076,
    0.34894535921951564,
    0.300350923491718,
    0.2510277734378261,
    0.3769454563669693,
    0.36582944571848075,
    0.1563742770456722,
    0.2607141660612118,
    0.08120876586628803,
    0.2196001926902396,
    0.08945903505472622,
    0.33560558263914286,
    0.2852324594363301,
    0.10534221003734864,
    0.13537893416015648,
    0.37614707994378893,
    0.04128268033294254,
    0.08028998514923356,
    0.3425023470976602,
    0.15955954255259056,
    0.07121840796791272,
    0.09112111305827665,
    0.12434413271122821,
    0.16674769516039792,
    0.1076433361346351,
    0.21903926372638766,
    0.0641578698165572,
    0.3996223392738206,
    0.20997722781283892,
    0.3031254807904463,
    0.07875861167181118,
    0.32821928608981826,
    0.17976301442477052,
    0.1732830298902982,
    0.08584018398166429,
    0.2702686614999979,
    0.44518866935419604,
    0.1644573572011038,
    0.10243217757860622,
    0.2773598292893718,
    0.09537413316769114,
    0.33274309388401485,
    0.0879082537712674,
    0.18172130542324577,
    0.03343661394284976,
    0.11805394350897254,
    0.25540314946406806,
    0.4036381287709015,
    0.19951967306412285,
    0.2621815696751621,
    0.33909183177487207,
    0.16133107407677663,
    0.15283988787709285,
    0.11173035986951449,
    0.35293436811273615,
    0.152139038389833,
    0.3742533009262728,
    0.28532320990366244,
    0.22189985507031101,
    0.1101924809822475,
    0.3738807035774225,
    0.4032479668154707,
    0.20255542256811246,
    0.12974535765821726,
    0.37785431633401073,
    0.2816402805436311,
    0.27688509700596103,
    0.15598959047686065,
    0.04390186675988196,
    0.021894390526041536,
    0.07567786641639632,
    0.037957765361359794,
    0.06676176853036178,
    0.13804018890409106,
    0.34523098704523525,
    0.422023989132496,
    0.3788806531604962,
    0.3399438236175218,
    0.04277523819829205,
    0.32066650526022017,
    0.3848625943596145,
    0.1032370051998825,
    0.31439507332301647,
    0.14434864746566037,
    0.4151923329841735,
    0.09852020358029567,
    0.2448747399597944,
    0.21951209859859377,
    0.02104857882274417,
    0.09439496056257916,
    0.07992080314055165,
    0.015056662661864085,
    0.16945025925684584,
    0.17143505980043788,
    0.1734437135134602,
    0.09917703312760698,
    0.09794550483227264,
    0.05957676020397929,
    0.1729616626439742,
    0.27031268143994647,
    0.14496172813176664,
    0.12790340507246323,
    0.32756110124878934,
    0.1030729062365521,
    0.02604148087848621,
    0.23703929907244783,
    0.1801046026533615,
    0.07469294736592161,
    0.13930484057788423,
    0.19324531369248907,
    0.2569238974387443,
    0.09618774309225767,
    0.18356179429178476,
    0.05288160923889632,
    0.3861074045333816,
    0.028399691947159158,
    0.20986652742198306,
    0.02203057043878881,
    0.3314134965352729,
    0.08794793677131955,
    0.18758490237494083,
    0.3355445402101009,
    0.34885010917704073,
    0.06193909136555383,
    0.22882546017913946,
    0.3187931640719659,
    0.25530735730410614,
    0.08611460385360963,
    0.22996959913556114,
    0.3237440520224614,
    0.0896672081697539,
    0.35728052400642607,
    0.08213253406422336,
    0.3205690867477971,
    0.10893238309534556,
    0.17357246641663485,
    0.12658145158028875,
    0.035511948106779365,
