{
  "config": {
    "mf": 0.005,
    "mf1": 0.55,
    "mf2": 0.0008,
    "T_coh": 20,
    "tStack": 1728000.0,
    "nStacks": 6,
    "gamma1": 7,
    "gamma2": 55,
    "gamma1_upper": 13.2664991614216,
    "gamma2_upper": 100.0
  },
  "mismatch_list": [
    0.045213357384556355,
    0.08906881888754672,
    0.0009452360504225644,
    0.003576674332569345,
    0.0030487603236788352,
    0.002948251741579533,
    0.06350581090313195,
    0.17833507696387751,
    0.14408062458006224,
    0.1438718551357988,
    0.300552049079414,
    0.1220592159268046,
    0.07421534185982945,
    0.02256770044495919,
    0.10346843515510469,
    0.03563012971895654,
    0.29518378487563773,
    0.2942551918320676,
    0.24217922339067816,
    0.03645859366266826,
    0.02118681878194224,
    0.04623947736404696,
    0.2408733165761204,
    0.008710418511447299,
    0.08222588669549358,
    0.15204449310009127,
    0.12128843328371512,
    0.24122585557794982,
    0.03595713498714585,
    0.10650038983668494,
    0.174777918860842,
    0.18753134116722014,
    0.27906289137494333,
    0.2462287868072023,
    0.1783624538969736,
    0.21691438002414157,
    0.27736432886451434,
    0.23883782804748907,
    0.1813886621331911,
    0.016411197415010344,
    0.18729882697702388,
    0.23719607944970306,
    0.1218793955563497,
    0.2525253187840565,
    0.20226788345298047,
    0.26849685891706826,
    0.09129643385358903,
    0.15662516901867954,
    0.14433260078804366,
    0.0776980130201441,
    0.10846030718762133,
    0.20838660089408184,
    0.008274664475355503,
    0.17310104104989507,
    0.07516155372172871,
    0.06219291077299123,
    0.007583139408872923,
    0.01614035551847954,
    0.1597516689900015,
    0.2788711444197733,
    0.2660642151174232,
    0.06674691451121657,
    0.2939056886881657,
    0.15894575713375111,
    0.03290045974815607,
    0.11637343351086235,
    0.15926419694564503,
    0.12924411582968967,
    0.08686760504312382,
    0.023789307990280485,
    0.016142090294438104,
    0.05773984931085483,
    0.12431344886146112,
    0.15253115196821718,
    0.12230457830144399,
    0.12224949916475959,
    0.29085719942323035,
    0.2563952244653719,
    0.09046834939211824,
    0.005798054947510558,
    0.012457209311453327,
    0.16132169544425065,
    0.001115569364854068,
    0.023148633544083315,
    0.2754836148784361,
    0.18819359188940196,
    0.2645752894392369,
    0.003256825015209106,
    0.2519669919841424,
    0.1594035211398172,
    0.21221915468053937,
    0.16151018969449837,
    0.011539946523362607,
    0.2203914131625909,
    0.29090322519788103,
    0.0022972770631283887,
    0.2818299132406016,
    0.25412836019326707,
    0.1080145781897678,
    0.016951363279108213,
    0.12606562679135946,
    0.0319107700637953,
    0.10475065143547832,
    0.07718473618340399,
    0.2878608618605494,
    0.011853290430878231,
    0.1718000132927208,
    0.21403524826216108,
    0.010049448704463892,
    0.21901232048728123,
    0.15235219898574154,
    0.019899289750195514,
    0.03694075295565165,
    0.042569884094197034,
    0.18784441401599225,
    0.03392592918666222,
    0.03157498249231576,
    0.2904557614240689,
    0.019618364468405557,
    0.23196003770101853,
    0.05529641737321742,
    0.2635510126592023,
    0.01199163881357371,
    0.24183096711699645,
    0.2676119063312058,
    0.19479463125873284,
    0.24677480754016035,
    0.007143156856382127,
    0.010714952131568012,
    0.02921026601379819,
    0.1740097925934391,
    0.007922288108772187,
    0.0003519426725936733,
    0.2774520976856679,
    0.08403731806672664,
    0.10066053763092273,
    0.15438546483267598,
    0.06731028300376024,
    0.26565442850896115,
    0.015885018182078398,
    0.10661965568383622,
    0.22769633787710913,
    0.28092891397712244,
    0.0051315757089297484,
    0.04763824890413661,
    0.009971925903815564,
    0.033084562846758675,
    0.28261273089190364,
    0.19769474296746223,
    0.28297806386642743,
    0.20983291613778587,
    0.09998874564096881,
    0.0019128073413116403,
    0.2840711895673176,
    0.14015954300796923,
    0.11056410251962114,
    0.10475254884668299,
    0.0019336246528144083,
    0.2830184516192128,
    0.09796263574486347,
    0.16432399629928918,
    0.006597569817413746,
    0.0014160108761778723,
    0.14118398242324998,
    0.16850166207800354,
    0.26922470585518327,
    0.2900529139194411,
    0.20475013100269074,
    0.0893288184343365,
    0.04134502384395343,
    0.021052156798158708,
    0.2010528897410012,
    0.047716096975277164,
    0.23395204840718833,
    0.19708372234780674,
    0.0008968791705775926,
    0.008470694158673235,
    0.0018423320679949774,
    0.1939257795622358,
    0.17546228797649552,
    0.1847869256007719,
    0.2881575085494638,
    0.2879826756598898,
    0.02929559530626006,
    0.07560435528515218,
    0.054752348263212784,
    0.2730505373848014,
    0.2869617600082749,
    0.0014279374608929998,
    0.10577682562671763,
    0.04957404202689922,
    0.24483099107858936,
    0.05442740304147427,
    0.0471516442477594,
    0.08491619893673413,
    0.04599845192930398,
    0.009679290884305298,
    0.2755066006598871,
    0.06784589508096688,
    0.013697790968821413
  ],
  "statistics": {
    "mean_mismatch": 0.13045928464561726,
    "std_mismatch": 0.09881884099220677,
    "min_mismatch": 0.0003519426725936733,
    "max_mismatch": 0.300552049079414,
    "valid_samples": 200,
    "total_runs": 200
  },
  "perfect_2F": 2305777.25
}