{
  "config": {
    "mf": 0.35,
    "mf1": 0.8,
    "mf2": 0.0008,
    "T_coh": 15,
    "tStack": 1296000.0,
    "nStacks": 8,
    "gamma1": 1,
    "gamma2": 37,
    "gamma1_upper": 17.776388834631177,
    "gamma2_upper": 100.0
  },
  "mismatch_list": [
    0.4783387694432124,
    0.7067386897013932,
    0.372586422148218,
    0.1841973861568433,
    0.7066857609965935,
    0.6116310295715511,
    0.5941344152738833,
    0.39238049280328635,
    0.5800137090585897,
    0.4435277644938997,
    0.3983340233882351,
    0.7089603580806682,
    0.08368344463841798,
    0.7306784386563359,
    0.385403228184772,
    0.039432011569792015,
    0.6268223810248009,
    0.5034372396030604,
    0.6307966780217321,
    0.580377614233481,
    0.6453658958290808,
    0.5493246015366636,
    0.10069616516444799,
    0.5973132457002158,
    0.7297121509705198,
    0.7180585295701054,
    0.6853937302922344,
    0.6789587996745562,
    0.4649648838192341,
    0.3188846582869329,
    0.6729884995989779,
    0.6175473347785936,
    0.4407113935967146,
    0.6904298540880838,
    0.5535864013309193,
    0.5448196802694221,
    0.5421389832253051,
    0.6732672923806952,
    0.6831246447325584,
    0.7045284961352106,
    0.6621581915203046,
    0.5738286944488938,
    0.5164115848845594,
    0.5730807896232705,
    0.5569738384381012,
    0.7378532326951868,
    0.701949156928315,
    0.5978750597774515,
    0.39664222031525487,
    0.5121527486640788,
    0.6902194764911981,
    0.6089661984894736,
    0.7195128491885012,
    0.2203318075024388,
    0.486300121260765,
    0.3508606796501075,
    0.5900790175507176,
    0.6951003740752927,
    0.3097593086575098,
    0.34574381653945946,
    0.5650386623497757,
    0.5551308208203056,
    0.6935625684151848,
    0.6779160915406015,
    0.5386490859760219,
    0.592891123792958,
    0.7024993516278838,
    0.4697110110788507,
    0.21807450395557587,
    0.4063554056453045,
    0.6797205104170341,
    0.5579179535323198,
    0.22670334655424554,
    0.5841557371029606,
    0.13332901567137811,
    0.28850412384904917,
    0.6844023064410457,
    0.3842357969642596,
    0.6987942880801883,
    0.5072898132283524,
    0.5450429602545724,
    0.48771013183710926,
    0.6767132419993628,
    0.5504456636699394,
    0.323965886229993,
    0.5790073950562385,
    0.4795504735646328,
    0.3872097793886769,
    0.1448607872061508,
    0.5417228902390577,
    0.5357682392786575,
    0.6653885230762647,
    0.523462143742291,
    0.40352020521230464,
    0.0769161600642098,
    0.3400531766330448,
    0.6851429107556621,
    0.7144825802579148,
    0.5925973685777911,
    0.14927333171035503,
    0.41038311925247395,
    0.6653625737351612,
    0.7041747466216705,
    0.6141599699536988,
    0.5539254052578714,
    0.49112792750491374,
    0.6167660355362854,
    0.5708865162308431,
    0.5916841180202055,
    0.3219672087067195,
    0.5008350772639825,
    0.6273901583907303,
    0.4651670573765231,
    0.6597027983653795,
    0.5666233430731306,
    0.7503973357327197,
    0.6670934092432276,
    0.6768970919968473,
    0.4648327879393823,
    0.5844406377379461,
    0.689148180712657,
    0.5312410550669594,
    0.510566803000698,
    0.6876929214245278,
    0.6898237671099402,
    0.5054732870688144,
    0.63155567817844,
    0.6442876609509689,
    0.6987537738582146,
    0.396736765546908,
    0.7502009266878348,
    0.6346109420348099,
    0.709556162903458,
    0.6977122764525704,
    0.5104266837869673,
    0.7042038221716953,
    0.6729454193558086,
    0.060251695597893055,
    0.7273944736432759,
    0.5807253643171839,
    0.5922226210598203,
    0.31640190628630377,
    0.6428699161698946,
    0.5521913893291683,
    0.690117088631384,
    0.5503579852555699,
    0.654860571804935,
    0.5399714904202839,
    0.5438041502754534,
    0.6156517317968625,
    0.623212350614197,
    0.718238151053789,
    0.5483897024340626,
    0.5375334450142859,
    0.6747418148983624,
    0.5858365894094306,
    0.362737237694808,
    0.5952663558913823,
    0.6828231191715177,
    0.568662968512101,
    0.699082495629813,
    0.5540995694288716,
    0.6936927488144259,
    0.6464027852389161,
    0.583810480758166,
    0.4534449304384181,
    0.6622606155212623,
    0.4960648077204422,
    0.6216236582239028,
    0.05389266138177133,
    0.45731037031083116,
    0.7151184113972398,
    0.6743396362524005,
    0.36602160026044755,
    0.044104483178755254,
    0.6736508944788476,
    0.5846625805007832,
    0.4750435645344934,
    0.6495637619403111,
    0.6085092298698167,
    0.5448457018928129,
    0.12004497693038522,
    0.7405381040413894,
    0.506145693045461,
    0.6876368303696632,
    0.6245898703024464,
    0.6107648347829305,
    0.16194976554517324,
    0.6362453891128997,
    0.4695320762768955,
    0.7072438706066103,
    0.6950985670181128,
    0.5918702810508804,
    0.47489712062063305,
    0.6758079063522252,
    0.13423890510260905,
    0.39991234327031666,
    0.6261583597934692,
    0.7160106820209665,
    0.6773685532150873,
    0.6868294372216771,
    0.6748423957009965,
    0.4908475806540217,
    0.5286674442313242,
    0.6264415979358492,
    0.20328634310030874,
    0.688266011538566,
    0.696696800670317,
    0.5019974487243911,
    0.5391234746268933,
    0.6528713632612843,
    0.41670821693475685,
    0.31327020391122345,
    0.513219165388234,
    0.6148521451358936,
    0.5491578101589574,
    0.7018791515331652,
    0.6250425742671588,
    0.5766069725807264,
    0.45649798968502847,
    0.6631873105842664,
    0.4049903546515965,
    0.7371024546486473,
    0.5987429531998212,
    0.5743708838851556,
    0.5121666991455077,
    0.7195466592283374,
    0.5195151694499203,
    0.7259763132390502,
    0.06540462756985216,
    0.31832765098179583,
    0.6833779941491825,
    0.5254741212064087,
    0.6861409484361294,
    0.6605104083602271,
    0.6003636305022,
    0.5302917717892064,
    0.6777995724936406,
    0.7233475148771403,
    0.5339834450431988,
    0.6772333130557424,
    0.7460606334183566,
    0.5678213135599836,
    0.364085374633312,
    0.578653139566688,
    0.48543421560129324,
    0.6898311760443778,
    0.10793769382495312,
    0.5623906368994716,
    0.672947370977563,
    0.5118986764245826,
    0.5645377460995032,
    0.7458838309438737,
    0.675817917449002,
    0.5970957121568977,
    0.72103941495295,
    0.6443811580894577,
    0.18698300094082626,
    0.5977382294077883,
    0.5483413094427845,
    0.5384326366670117,
    0.23369542904163518,
    0.564786180320598,
    0.5898864213964822,
    0.6018395986656111,
    0.5366853930797516,
    0.4892752602017775,
    0.6389975371979106,
    0.6959610392689427,
    0.6977587901043814,
    0.5630724395734535,
    0.5385230618082947,
    0.07637332008736326,
    0.4138945566233416,
    0.663370257053161,
    0.6790921243532904,
    0.4014703879708396,
    0.6017753397122934,
    0.7111070155164049,
    0.7258950137365259,
    0.6230802547343453,
    0.5202177171403277,
    0.7128313636891954,
    0.717828780320251,
    0.7227762679614256,
    0.7054631783909501,
    0.7007367661251663,
    0.5005751501592234,
    0.4635292853132223,
    0.5862884982689838,
    0.7096783741805357,
    0.4083719368935155,
    0.5073078115178644,
    0.5377031999657671,
    0.6741586414052602,
    0.5441719586938533,
    0.7309539968057012,
    0.6865440306106813,
    0.4740033862805906,
    0.38326461215348595,
    0.2723068920871713,
    0.2887526303524311,
    0.6767233976607139,
    0.6050280426361409,
    0.7291258512684963,
    0.539954034247926,
    0.550315158000406,
    0.5119478645210199,
    0.7217944757250058,
    0.1855664126763471,
    0.3064384435368359,
    0.5656423640124418,
    0.7257757118215079,
    0.32987886645182446,
    0.6244533652030756,
    0.5486794098411467,
    0.29562291718589445,
    0.6987968721719555,
    0.6851648122886828,
    0.6915666014776812,
    0.7157518391505154,
    0.5420552803367313,
