{
  "config": {
    "mf": 0.9,
    "mf1": 0.8,
    "mf2": 0.1,
    "T_coh": 10,
    "tStack": 864000.0,
    "nStacks": 12,
    "gamma1": 13,
    "gamma2": 13,
    "gamma1_upper": 26.758176320519304,
    "gamma2_upper": 100.0
  },
  "mismatch_list": [
    0.7209481949276669,
    0.7527440360842074,
    0.5743128959016244,
    0.660046011679596,
    0.8173079925573774,
    0.6930030142816515,
    0.667522597896389,
    0.711410017225241,
    0.8154673817124038,
    0.55520420318867,
    0.44932171886372607,
    0.43848820563774,
    0.6949207819979697,
    0.5291798532227746,
    0.5560885865511711,
    0.7521571939044743,
    0.8423991956928115,
    0.716935631029634,
    0.6906671113475708,
    0.7004870817197658,
    0.07908919491541504,
    0.7506180952528615,
    0.696584621883353,
    0.7209168876427897,
    0.4225644802670861,
    0.47866599632032336,
    0.6002520249985552,
    0.5905081679215421,
    0.48895451883657687,
    0.7393252729859712,
    0.8138343205473478,
    0.4896968403115961,
    0.736246885941625,
    0.6345669234821768,
    0.6197982336294343,
    0.70056812828408,
    0.7335429123397108,
    0.5204547975391769,
    0.8193539304005717,
    0.601911663473414,
    0.5878859998484239,
    0.7147865688874654,
    0.7566249467505098,
    0.7245518124993426,
    0.49549440735336836,
    0.7589763542447203,
    0.5304278618897154,
    0.5155974790669464,
    0.585712000301851,
    0.6310595859762013,
    0.36109697690351816,
    0.552025958103209,
    0.45717288115819715,
    0.3512438289411155,
    0.8455860739992538,
    0.7469842004195338,
    0.5316541316454252,
    0.7942255786643374,
    0.509081118449093,
    0.46567702396582145,
    0.5165524190203872,
    0.7316790311016055,
    0.5799466892505584,
    0.6764699217496777,
    0.6692839105059442,
    0.5075342404115409,
    0.4762443032939167,
    0.7435529762087404,
    0.6475159688837573,
    0.6808846012937309,
    0.29169184350629446,
    0.696689250558354,
    0.763613573017208,
    0.5218693446981397,
    0.7291033767088763,
    0.3354303702673279,
    0.7202162821083989,
    0.4271464572676433,
    0.4124568623562616,
    0.7528015547495834,
    0.7535270976883786,
    0.7319396540835054,
    0.7694162088574842,
    0.7018674483711701,
    0.7453003292930039,
    0.6216762641339516,
    0.5603139586687459,
    0.7315571088787677,
    0.548036217351381,
    0.6958416498673493,
    0.7286415739275317,
    0.4544712386614772,
    0.49279959553698527,
    0.7734948568771886,
    0.6368858310330385,
    0.7513537215769157,
    0.561541854776917,
    0.7046480773857533,
    0.524438005775286,
    0.6905114423111639,
    0.7966422299981145,
    0.751918445363177,
    0.5762247274314592,
    0.64803144129632,
    0.7330962888480036,
    0.7280845211037121,
    0.7014580141390746,
    0.7232971628931856,
    0.803340037338884,
    0.6751884915396603,
    0.8290888018802369,
    0.5447571655192027,
    0.7209663829693574,
    0.7828676345343151,
    0.6956853845017067,
    0.6175134523743825,
    0.5177181342527934,
    0.5689517605428027,
    0.6572049365652065,
    0.7143552060030187,
    0.2288847678322229,
    0.6516913577690261,
    0.8275745999742169,
    0.7335787191997305,
    0.7242153472810043,
    0.7406998118743896,
    0.6717877614375134,
    0.6295684918280667,
    0.6768533072365204,
    0.7376343272262352,
    0.7567390082697855,
    0.7532896231231757,
    0.7522440682317743,
    0.742580309013473,
    0.669169117128061,
    0.37352702612887023,
    0.7097614108412438,
    0.5878027306024128,
    0.7721891940155,
    0.8525562547184551,
    0.7311008628016653,
    0.6704331453667441,
    0.6091339694829055,
    0.7507886183084135,
    0.7102156781895185,
    0.8298281959208261,
    0.7419648972421724,
    0.8360889210376605,
    0.6400100541109148,
    0.729398044668963,
    0.181582089652571,
    0.22695412482558724,
    0.7132612400200237,
    0.7200345643267394,
    0.62895291742152,
    0.5781956226615085,
    0.6967797299669427,
    0.561629271221704,
    0.3598568831518884,
    0.7065232075617149,
    0.6961770579565879,
    0.7751334205347382,
    0.5973341047303763,
    0.7321354940257027,
    0.7143867030290164,
    0.5539960401570276,
    0.5629238206749081,
    0.5513876147622061,
    0.7347031792913722,
    0.6711872850029811,
    0.7444651430924528,
    0.6892631354796054,
    0.589619556042642,
    0.6604321619656226,
    0.8035812525147475,
    0.5319772336677078,
    0.4215554369884376,
    0.524403635526607,
    0.44464796137261114,
    0.8036644404431355,
    0.7756394601030262,
    0.4292803401201744,
    0.7654474209465306,
    0.6995122189486759,
    0.7269743187019799,
    0.7178550080759242,
    0.7497447710870963,
    0.6973617201951666,
    0.7244156867983441,
    0.45825700770880223,
    0.6629968655851134,
    0.7734707868607635,
    0.7116921893772512,
    0.5388283518338154,
    0.7081287969231146,
    0.5627242672279246,
    0.6395857387537999,
    0.3068355160248303,
    0.6612882196894252,
    0.6514887142523663,
    0.3749352305132346,
    0.8262131396701735,
    0.6579553084849085,
    0.7212264638337703,
    0.546133845771695,
    0.7147322758211372,
    0.6923522564501952,
    0.6290272959407435,
    0.3668897733114043,
    0.14077435845003405,
    0.672240022951086,
    0.5705153629048303,
    0.6750321990681434,
    0.607520627841441,
    0.5877576264274902,
    0.5775655737180575,
    0.553950637817487,
    0.39245218496658335,
    0.19644987858194643,
    0.4618243034088456,
    0.5585085176957448,
    0.6968662248120018,
    0.6050643477193606,
    0.8150788867682458,
    0.6623136078103083,
    0.7486231300063872,
    0.7393300436198572,
    0.4348545005455328,
    0.7383458022162414,
    0.7329945605015584,
    0.6590740492370618,
    0.6727512126355009,
    0.6714831727274136,
    0.5520088814023668,
    0.7255753303148954,
    0.7667405066825196,
    0.3834178512566229,
    0.7025851577122773,
    0.2660836771352083,
    0.7520225048148165,
    0.7359502121468362,
    0.6438529894472494,
    0.742631132527884,
    0.18272411435079317,
    0.4501447074208186,
    0.7375222444357874,
    0.5798979528884725,
    0.8100176779091353,
    0.5389839937643478,
    0.15182943509297803,
    0.5880202823499665,
    0.31782407485211306,
    0.7504347240128664,
    0.2898061420393354,
    0.33484412441683065,
    0.6948977962165187,
    0.6599062537914342,
    0.7790521710016368,
    0.5690244313919419,
    0.6915177207906285,
    0.4792339185997582,
    0.5447199220478423,
    0.6888046125090574,
    0.38484611398800816,
    0.7239181855804772,
    0.7322822452294474,
    0.5799591037410118,
    0.6946409409511538,
    0.42836275206159147,
    0.5361435149791941,
    0.7142677624523573,
    0.7118920952006014,
    0.6943716440894611,
    0.6917630289535192,
    0.5401539375131531,
    0.4648821713063069,
    0.5807579680699305,
    0.40564206606178643,
    0.742729310004789,
    0.8159047078892081,
    0.7130800101441024,
    0.556856794136197,
    0.7072567196275696,
    0.7385935228019495,
    0.6634683451636019,
    0.6022425719875101,
    0.7512953084176859,
    0.5163337830378594,
    0.7505781954058145,
    0.5703720270412539,
    0.6010275511696564,
    0.46909420733370033,
    0.6700075289276601,
    0.6885632618038222,
    0.7184517710056703,
    0.707132276558417,
    0.5178589763759294,
    0.7206791962305921,
    0.837420253162361,
    0.5725577363255472,
    0.7168526870541151,
    0.7665175608659698,
    0.620495993047018,
    0.2799425854211814,
    0.6924505965623463,
    0.7634298765067207,
    0.6509891258821743,
    0.7452657421973301,
    0.5010376128702161,
    0.6099670685311316,
    0.7436292521391685,
    0.6873320316731057,
    0.3471553957007698,
    0.13164878636700292,
    0.7442690049856376,
    0.783836655989482,
    0.1717221110098315,
    0.7333071725504665,
    0.6488670611908608,
    0.6319542966768307,
    0.7594454214003914,
    0.721055073390239,
    0.7076934765810124,
