{
  "config": {
    "mf": 1.6,
    "mf1": 0.9,
    "mf2": 0.002,
    "T_coh": 20,
    "tStack": 1728000.0,
    "nStacks": 6,
    "gamma1": 3,
    "gamma2": 73,
    "gamma1_upper": 13.2664991614216,
    "gamma2_upper": 100.0
  },
  "mismatch_list": [
    0.6208874560844176,
    0.49843642474384675,
    0.15702828758205084,
    0.24080847932466906,
    0.4291360284451214,
    0.5194345866402952,
    0.49043780649289775,
    0.5574849727743176,
    0.5699198468453045,
    0.4768748943548547,
    0.5073270431079899,
    0.33156588576088303,
    0.026878076584503703,
    0.3231459880107465,
    0.38252102629779405,
    0.6607230079974256,
    0.33623590264133735,
    0.3350519180496174,
    0.43602612485854797,
    0.4957936019944719,
    0.3958829212716385,
    0.37075192671265483,
    0.4092992448411829,
    0.7284624040980613,
    0.40321478922526316,
    0.5181208191221752,
    0.5000693910383426,
    0.032854488185254126,
    0.10767163466745917,
    0.4950609844224709,
    0.42110325679248817,
    0.66021791713474,
    0.1360889454329475,
    0.5542937710809162,
    0.49475588070075843,
    0.40930612973326846,
    0.5671373204195166,
    0.5722268278114511,
    0.2523105318356868,
    0.36714809229398426,
    0.4643004792427009,
    0.04062183911622706,
    0.5001915843199239,
    0.2942664136640496,
    0.4365193433482672,
    0.4706576741663561,
    0.42397908163779763,
    0.43316038339849766,
    0.37337311897429637,
    0.44612447256034393,
    0.300148876304294,
    0.5995417968787694,
    0.5881671148713343,
    0.4462978417327029,
    0.553804103460737,
    0.46382818648798185,
    0.42489428437943755,
    0.5843478971750583,
    0.3924740323013115,
    0.4318342013899242,
    0.5959314570502542,
    0.5542393695910905,
    0.5137035374141842,
    0.27995787313431625,
    0.41941109126840637,
    0.31744312889396215,
    0.4865816705957535,
    0.5900308063683192,
    0.47264729955558293,
    0.29830914640023687,
    0.4022981769781569,
    0.624301522276746,
    0.45149815793899073,
    0.49133056557057375,
    0.6340793972260715,
    0.4267415497165647,
    0.5092963390914523,
    0.4798100810649963,
    0.0029994276323571712,
    0.48479317079422274,
    0.4159115602542444,
    0.2936375573790701,
    0.07083773306850533,
    0.5269879095873803,
    0.007212981588714328,
    0.5989389893390428,
    0.6027659322095094,
    0.42119053770790343,
    0.5488927629809219,
    0.5556445923292761,
    0.5174864332388278,
    0.6096642417028647,
    0.5934700810237954,
    0.39994245964992436,
    0.28295404806175106,
    0.4436447729628228,
    0.40230522450548856,
    0.29386421670040624,
    0.2085744446033451,
    0.6328327438528485,
    0.3216724042574438,
    0.4536426662942681,
    0.4567643414199553,
    0.5118361595182874,
    0.48371370645400624,
    0.427723975026599,
    0.49725384965759317,
    0.49934810372182087,
    0.40130349981291524,
    0.5590753828460799,
    0.5290342946775014,
    0.30504332982438753,
    0.5414767041815581,
    0.03228287950690728,
    0.5366061580426437,
    0.42950087351390687,
    0.4389400605631972,
    0.494231436243785,
    0.42749352088285353,
    0.5618818979706699,
    0.17128364638630447,
    0.32071480792831647,
    0.6005146267092829,
    0.5438674965112029,
    0.18725827658899244,
    0.5119924519898043,
    0.4348198050263615,
    0.29498786361581736,
    0.49186731609450324,
    0.5540767072391009,
    0.5384602540601076,
    0.49606802186641724,
    0.6921564165079979,
    0.5754176229167374,
    0.5057401567998935,
    0.3405236182699231,
    0.46304569410717206,
    0.44816717125155303,
    0.5380546417562958,
    0.5397421992817377,
    0.5512492663795107,
    0.6146208218869743,
    0.5528362068993558,
    0.5635872640555614,
    0.4509879169601781,
    0.0603024386721461,
    0.32454871700849164,
    0.4568457674665104,
    0.5246031347618418,
    0.12889764854371522,
    0.16791238036957884,
    0.5261419894605855,
    0.34810496869108876,
    0.6428226138454854,
    0.5913264400564974,
    0.4350771481974648,
    0.24693565379856844,
    0.595531265921313,
    0.2938214978424266,
    0.47372221010890814,
    0.6352672850636982,
    0.6157441706377677,
    0.5200979758091998,
    0.587811811070321,
    0.40605711120987287,
    0.5481608230557796,
    0.30378252718475246,
    0.49345116654467214,
    0.1461438695240306,
    0.5632342913597423,
    0.3813572084765924,
    0.04285818217381089,
    0.41284561480622606,
    0.39201984627065994,
    0.37451508946076983,
    0.27297708046530594,
    0.5191317598120283,
    0.49031377001186044,
    0.024238072846061512,
    0.530229175830711,
    0.38656283743425335,
    0.5219887731805372,
    0.5250928836996439,
    0.44558457775498955,
    0.4249675786636869,
    0.06593731625605423,
    0.44909050575549875,
    0.4521341701747993,
    0.5114182953592683,
    0.42720728284969045,
    0.4913339266989935,
    0.3820088879077767,
    0.5828845323363865,
    0.04794725587175582,
    0.5111630664463646,
    0.6994114935195818,
    0.4745814121141357,
    0.4856436447079087,
    0.47229465213025607,
    0.010110057439516222,
    0.25953045252823537,
    0.5183388587754671,
    0.27055809802633457,
    0.5260162182035896,
    0.014451009005330424,
    0.6141925761780782,
    0.37924446820605623,
    0.5792561942073011,
    0.5299856024437789,
    0.5133458482962278,
    0.26251491771794994,
    0.47342930403065436,
    0.08816651854209862,
    0.017177968388695636,
    0.527862345093994,
    0.4279224984503572,
    0.6569090217348995,
    0.37248095622585614,
    0.5756575370106319,
    0.5859504777844049,
    0.44793357282638263,
    0.46473796805475126,
    0.5492359504560997,
    0.20493943842916904,
    0.4741626805671373,
    0.4573711335232118,
    0.5014539591002715,
    0.40467677166434296,
    0.6459387322669304,
    0.5371613947728815,
    0.5365866960248584,
    0.6119679157523403,
    0.4291814036787876,
    0.5985009855153797,
    0.5202890722233854,
    0.47449315538724374,
    0.524047518549363,
    0.42792385374407477,
    0.5346250438979635,
    0.3242279460914034,
    0.6477713062201584,
    0.36813111393325426,
    0.4611202554284121,
    0.34728208855749365,
    0.47140254359356454,
    0.515690940121714,
    0.3806659544688533,
    0.5057742017780803,
    0.19746407197672192,
    0.4642368888614698,
    0.5623068909746437,
    0.3865846847689815,
    0.28438149761690573,
    0.5353896464017006,
    0.20663615774014205,
    0.514681625784322,
    0.4745319709993166,
    0.05033615079019587,
    0.4037250302040758,
    0.4092480147386565,
    0.4178068029889756,
    0.5268433268535837,
    0.5903833182642743,
    0.45978789328048625,
    0.5661078935233549,
    0.5061377457648969,
    0.6166767482448675,
    0.32110795152992605,
    0.5876300932886614,
    0.48239549357249245,
    0.4473358340851599,
    0.5369840139311184,
    0.4438872079030321,
    0.5203455608655361,
    0.6384226798970801,
    0.11799853910179589,
    0.5011794850165774,
    0.145234304804256,
    0.5789051189226868,
    0.5426026822021637,
    0.37813079625240686,
    0.2868578360860072,
    0.5480548661929355,
    0.47696803013913014,
    0.5021803965329201,
    0.19870438257534648,
    0.5751577860051937,
    0.45821239143961795,
    0.48607235121666886,
    0.515986394152157,
    0.32311573785496905,
    0.6516984866139808,
    0.1328151521403937,
    0.38795775994018494,
    0.3431554360343108,
    0.4135854967525536,
    0.2956829666577145,
    0.3643048487096465,
    0.47532790789380525,
    0.5776378921908302,
    0.3382842935661605,
    0.5261037159659997,
    0.5597566889979316,
    0.1663612196038791,
    0.5911256397392936,
    0.5274133091794694,
    0.5881056116424284,
    0.6477503804851583,
    0.35543081914060715,
    0.22705869928883943,
    0.13028118658241872,
    0.6142895609965117,
    0.5536539640226983,
    0.51706097943499,
    0.6225373364445095,
    0.5346219538282874,
    0.5438238560534953,
    0.1840707341886285,
