{
  "config": {
    "mf": 1.7,
    "mf1": 0.5,
    "mf2": 0.05,
    "T_coh": 40,
    "tStack": 3456000.0,
    "nStacks": 3,
    "gamma1": 3,
    "gamma2": 15,
    "gamma1_upper": 6.4031242374328485,
    "gamma2_upper": 23.685438564654024
  },
  "mismatch_list": [
    0.1707512984752241,
    0.648232957770347,
    0.30106965665458735,
    0.22476199638625777,
    0.3390868598432826,
    0.06754472256713742,
    0.44190218305831563,
    0.7131537027933411,
    0.3936121756351528,
    0.3244054155756096,
    0.13282193130023037,
    0.2302569902630797,
    0.23076297258077144,
    0.4801777746328222,
    0.5313019738801105,
    0.5737347563938238,
    0.1872915477098166,
    0.2658067046483343,
    0.5671278103969202,
    0.1800298409787551,
    0.31447784881915253,
    0.6347110845852398,
    0.19968185370998467,
    0.4507636895445464,
    0.6166391023378373,
    0.2166567185011365,
    0.3883386222704013,
    0.5056531485294549,
    0.3021132644606372,
    0.4078772623940583,
    0.3747112718497397,
    0.08758940669108009,
    0.3345196338611823,
    0.6402709685508355,
    0.11545599886380661,
    0.24569928932640395,
    0.15973941340074882,
    0.5513031717753596,
    0.2931999445955376,
    0.633245166900112,
    0.24225135569305836,
    0.45373222605816743,
    0.68600127169269,
    0.42025319634984964,
    0.10934633793885618,
    0.4669485853557301,
    0.4851129372874851,
    0.12832767582670374,
    0.29828678474857967,
    0.54805188225134,
    0.61480228721564,
    0.33317581687066267,
    0.5684190738174443,
    0.17251739450352477,
    0.15001034123143447,
    0.656346840377316,
    0.6204670007495543,
    0.43595036789113345,
    0.4978736164226745,
    0.4802891733973902,
    0.4349817044366618,
    0.6240218611594108,
    0.39052903286208135,
    0.44692999296900354,
    0.6484829573233891,
    0.5106926781329821,
    0.6480938635211216,
    0.09018470182906384,
    0.09822299241721898,
    0.31777250120667777,
    0.3218909863182176,
    0.08363030940215586,
    0.6432077385286025,
    0.4477295844336187,
    0.6945971112470302,
    0.37664983241056094,
    0.6105584630733127,
    0.39893303954941906,
    0.332561211505128,
    0.17394466804357958,
    0.32798670697694854,
    0.3531847867727422,
    0.2096545104425764,
    0.44493098346616866,
    0.3984640051054683,
    0.08646480963925075,
    0.08250349177694644,
    0.33402068335919416,
    0.6745070904165773,
    0.03591111270286471,
    0.11153946256466751,
    0.6538467523230038,
    0.1510404405494221,
    0.3160825214992392,
    0.3753849074576285,
    0.21805018997973877,
    0.4976174486102432,
    0.2596346826209595,
    0.31794996202930353,
    0.17250974586188222,
    0.22448423966596448,
    0.6487451083474278,
    0.4784801462837411,
    0.019160710870883967,
    0.4860866587146559,
    0.35583393081519316,
    0.6025127088912968,
    0.562977126971369,
    0.26036648491488795,
    0.19014424431210947,
    0.4748743668926272,
    0.1574326077543955,
    0.36690589473611873,
    0.43109779822969124,
    0.385860153965248,
    0.41416894865358245,
    0.1959683765099363,
    0.6774240911230021,
    0.25922782423165136,
    0.3638982514579705,
    0.29777827344453833,
    0.3814172800924329,
    0.24850177629726916,
    0.12329961918564028,
    0.34190674130562515,
    0.5496208407095636,
    0.35963141970812174,
    0.2139460769125757,
    0.34163176030205694,
    0.2877015581760517,
    0.32945759011088466,
    0.2981779149703612,
    0.04865917774760332,
    0.3107889829740668,
    0.3317047486889449,
    0.4608099336116507,
    0.6842973825603289,
    0.6776968207118932,
    0.27880612626318063,
    0.5014372049195666,
    0.6613472940576132,
    0.050078740963421686,
    0.09268883009327598,
    0.2892805092144856,
    0.5728753019718369,
    0.3252316539207859,
    0.38652817645709264,
    0.6881675643901586,
    0.2160358831936188,
    0.19411734354984705,
    0.1408285787177192,
    0.11875873167113167,
    0.3945496276971154,
    0.4150312713161853,
    0.07141419504713734,
    0.20591130223227236,
    0.3264271242729965,
    0.51922563228285,
    0.36152489029280827,
    0.014344472257243827,
    0.28824405658932717,
    0.02190410591680114,
    0.08753679143849066,
    0.3278658090929213,
    0.2773660227435964,
    0.3249454466851295,
    0.658418573658349,
    0.047209019965214774,
    0.3338888676560481,
    0.06029140466884517,
    0.6320383777919223,
    0.08673090834929856,
    0.19191293100935358,
    0.6921084344725879,
    0.23162017558808123,
    0.681114468191638,
    0.20072145214743156,
    0.35472734508078013,
    0.14250073215552317,
    0.2983952227486409,
    0.26528943441596037,
    0.5360300372257827,
    0.12861030547191446,
    0.1589047245402094,
    0.3467628885575131,
    0.09477487373609172,
    0.1314778058967413,
    0.5024937660703337,
    0.22244704863751077,
    0.647358236906372,
    0.2712346495455961,
    0.5927210905717765,
    0.3532784826328633,
    0.40122485632545674,
    0.10614932909746111,
    0.14370601004016254,
    0.21726022099977066,
    0.2528863601188568,
    0.47010685752816134,
    0.6900899024287863,
    0.11648671500773314,
    0.2083460375783566,
    0.33228240618073857,
    0.030463861153714803,
    0.2799988208986661,
    0.3465151712604449,
    0.2646526849992187,
    0.49688765100061627,
    0.67413606961432,
    0.6330514835552927,
    0.42946734222535793,
    0.6414519126521847,
    0.3984478442658687,
    0.1471361790864674,
    0.11454136936158385,
    0.10894311882258761,
    0.4022856118926084,
    0.32484114141885895,
    0.7684267195677152,
    0.21193719819471818,
    0.37128449534609886,
    0.15383620411755314,
    0.1782243297729578,
    0.6037728226019057,
    0.4040335115557111,
    0.6911257382280058,
    0.6284852753359917,
    0.3681555224057661,
    0.3147187193482987,
    0.6921150345101342,
    0.056968316605535925,
    0.10530279717889453,
    0.029581800061066733,
    0.1586296818540473,
    0.42670013769819864,
    0.22535624649580824,
    0.5610301467364817,
    0.18823516803116838,
    0.28399733336508703,
    0.09771546803467994,
    0.29200916212046274,
    0.35148999582298,
    0.3191847241938231,
    0.3464727953184415,
    0.46609767397299723,
    0.36452574848562846,
    0.10953767734510753,
    0.11604617792216024,
    0.4087917685310933,
    0.5472052269675857,
    0.3193017360744352,
    0.37727973505938067,
    0.1998097217271217,
    0.1887368942498816,
    0.42625879873890515,
    0.38904198888854574,
    0.7931949025253823,
    0.6257935086211617,
    0.23988077024462126,
    0.43183946973864235,
    0.20761923157453335,
    0.1376196034531092,
    0.5229576759436597,
    0.37120091543137596,
    0.20047336475480004,
    0.29159761585401883,
    0.4828070260387432,
    0.6018262433038786,
    0.6435914351039044,
    0.24628255993424172,
    0.37686670841068337,
    0.3084902577475133,
    0.6483245564222758,
    0.2584753582687693,
    0.40674026714085676,
    0.09391427818611789,
    0.6159060355507341,
    0.43738436483392246,
    0.3610695493847014,
    0.35600318785283136,
    0.4512243968383218,
    0.43404659631326703,
    0.6191728074058204,
    0.6533639318193183,
    0.1724463361553618,
    0.3366570591047096,
    0.027536343565031582,
    0.5360062585858376,
    0.20652054121213845,
    0.40316606923781534,
    0.14412495821787344,
    0.2749085265203662,
    0.3542436918620771,
    0.05495277616753814,
    0.4304016484750321,
    0.36520302336655686,
    0.14047797485404007,
    0.16349668524246014,
    0.25647159920620477,
    0.3198817991873906,
    0.5610436860658409,
    0.398351619419398,
    0.16818992876388067,
    0.24457500068754406,
    0.31640777381682894,
    0.39179426622798325,
    0.3280144641441997,
    0.24456223239060854,
    0.11612328116452458,
    0.41430310829529643,
    0.44367808661904506,
    0.07999917846495261,
    0.036731984662372444,
    0.650546147565168,
    0.28551990651270415,
    0.39695660587594844,
