{
  "config": {
    "mf": 0.65,
    "mf1": 0.15,
    "mf2": 0.1,
    "T_coh": 10,
    "tStack": 864000.0,
    "nStacks": 12,
    "gamma1": 9,
    "gamma2": 7,
    "gamma1_upper": 26.758176320519304,
    "gamma2_upper": 100.0
  },
  "mismatch_list": [
    0.7787786727294195,
    0.774063971815095,
    0.7608340011317245,
    0.7571728648946725,
    0.7832935626909541,
    0.8141515134890215,
    0.8049614294250312,
    0.7902555709890381,
    0.7615234119400075,
    0.7590773507325579,
    0.7527933687755289,
    0.815030163959097,
    0.6498447700787577,
    0.8090611251561705,
    0.7506402136463332,
    0.8164912790101976,
    0.48867299722555113,
    0.7623201349048524,
    0.7202842094295265,
    0.7628752361057185,
    0.8013762167420408,
    0.571477296173854,
    0.7495201176004622,
    0.47666780547480114,
    0.6155632660323386,
    0.8068164334892861,
    0.36510062296888907,
    0.7976446187846095,
    0.7091864410344773,
    0.6454926779985847,
    0.769620316091359,
    0.7841928813902235,
    0.7269220856821025,
    0.6555889656539298,
    0.764451822181561,
    0.7947971602368099,
    0.7228766694643544,
    0.6105725866582935,
    0.7639239623844192,
    0.6659660701675675,
    0.8122876864626649,
    0.7242046946723838,
    0.5506553224606973,
    0.2486962887612648,
    0.7029462892762764,
    0.6602244225445846,
    0.7955966208949644,
    0.716050407385028,
    0.7691935340996778,
    0.7810652565251158,
    0.7999804810598787,
    0.7920847567079721,
    0.8062796694124195,
    0.7692845827316281,
    0.8034326852174211,
    0.7082182463084781,
    0.6175058627295638,
    0.7950808909765954,
    0.724298047303654,
    0.788150366151572,
    0.36829239388565205,
    0.7970128215122627,
    0.6918506893511753,
    0.6180036079002998,
    0.6009320029625637,
    0.6182870811342789,
    0.8195613987628662,
    0.8052266061938224,
    0.27761321500281955,
    0.7409719548528894,
    0.6932904991850348,
    0.7003811248569216,
    0.7154955772429054,
    0.7827972270256843,
    0.6434549667882564,
    0.7618925939486895,
    0.6337676796710171,
    0.24567403798270276,
    0.7001488004078458,
    0.7673504701730753,
    0.31219792535974644,
    0.7685156974997434,
    0.7814547137278134,
    0.8145032664204948,
    0.7035041552763265,
    0.7897895667971688,
    0.5973187356996184,
    0.7738036063390015,
    0.7871979741503203,
    0.7571435363386231,
    0.5323701604223225,
    0.7848583034997045,
    0.7911661521791009,
    0.7703141722630359,
    0.6287151989034481,
    0.7993266467116834,
    0.8079504348486999,
    0.06356674490867652,
    0.5990344833343868,
    0.6572643526417873,
    0.540821500986708,
    0.645818300867182,
    0.7965813637572559,
    0.7866626737906687,
    0.771779027924797,
    0.5501767411431284,
    0.6946495335133236,
    0.8169455056996606,
    0.80924106750306,
    0.7629756904760692,
    0.5263803585196419,
    0.7754865423128662,
    0.7918709184652046,
    0.7468351723223435,
    0.8113359178965235,
    0.7526851621251136,
    0.672584538614107,
    0.8139002826925847,
    0.7470071862009848,
    0.7686037644855148,
    0.7106970243062712,
    0.8190269386853195,
    0.7104055006276094,
    0.7948956900900815,
    0.7686163145053401,
    0.7900371925123166,
    0.753231372599192,
    0.7716400018952427,
    0.7395130353776114,
    0.8068103617734311,
    0.46846968798861727,
    0.806372967831941,
    0.7606064202106604,
    0.7465052125138497,
    0.6319794238223555,
    0.7916318175475408,
    0.7973684505837684,
    0.7092434446882407,
    0.3186527014310709,
    0.7621043450391317,
    0.7294661346253366,
    0.6838966060517876,
    0.6075474084453014,
    0.6258104249843301,
    0.8018600837051084,
    0.6526696900920331,
    0.585179207235577,
    0.7573492157132103,
    0.8021421880924328,
    0.7894029828171526,
    0.7100110017322823,
    0.6585337207377178,
    0.7405491032129894,
    0.7916823157914595,
    0.747289900470482,
    0.8026605201747397,
    0.8147486559010085,
    0.7040240459464087,
    0.770966610658702,
    0.7945182272367849,
    0.8070021493874127,
    0.42519965915989355,
    0.7142328771920656,
    0.749918194471204,
    0.7698513394584658,
    0.7948254452166968,
    0.7681838673859193,
    0.7580956843870055,
    0.477567395232814,
    0.8068239689223561,
    0.7138321981573861,
    0.8095613776202842,
    0.7482350823091559,
    0.6573575968495601,
    0.80103702738333,
    0.6945249549147992,
    0.764533546392734,
    0.7590994420201552,
    0.16125897245099882,
    0.8157295090703303,
    0.7514090446664693,
    0.7406414258210342,
    0.7182517025470739,
    0.6578378858372131,
    0.8164865219292486,
    0.7893965316190567,
    0.6706256783922704,
    0.6464452868468311,
    0.8004918062736655,
    0.7804002545566873,
    0.5583154154468571,
    0.7992443668300862,
    0.7380560675252869,
    0.7810652565251158,
    0.4010415486431721,
    0.5746687960318735,
    0.7666311886912558,
    0.7644115428522731,
    0.7545881571399096,
    0.6456522773867726,
    0.6987630938991941,
    0.6609469296254521,
    0.5361879686131322,
    0.572426408364309,
    0.7067861345429348,
    0.7659676097812307,
    0.5890711228868667,
    0.7512094912194857,
    0.7914554938348773,
    0.7372389067311801,
    0.7842778989651302,
    0.7105188845000262,
    0.792466326101233,
    0.7145976138373537,
    0.6125727020208948,
    0.34949414475165763,
    0.7125901798886772,
    0.5284178528829754,
    0.7487689053986553,
    0.7228723867362066,
    0.7654301002928193,
    0.8096048554427457,
    0.5105948731081862,
    0.7895586654064966,
    0.7696631975845847,
    0.7870344715162256,
    0.6924496749626183,
    0.5750416644394674,
    0.742350505410712,
    0.6276137245932574,
    0.3979886682265917,
    0.8082560400290879,
    0.740409995865812,
    0.7524880482068217,
    0.5143908339642678,
    0.3765490600604374,
    0.6140216736402853,
    0.6572451616827457,
    0.719739001872799,
    0.7863562147752386,
    0.7945276600810596,
    0.8127121102432774,
    0.7649509768577635,
    0.7977534624230722,
    0.7990883454173128,
    0.7764463613236904,
    0.7718544906789946,
    0.7932020608487846,
    0.6310993773997509,
    0.5996252287600266,
    0.3619335183977869,
    0.7716032734354951,
    0.6085316769547916,
    0.6487821384865142,
    0.6728061562428136,
    0.7230373530875163,
    0.7820006938019599,
    0.49629571121097876,
    0.6986484360506828,
    0.8089545990699649,
    0.7922438410845473,
    0.7326568755188742,
    0.7371327059154668,
    0.7561948307362834,
    0.7592174067853377,
    0.759705258311935,
    0.7767390098961379,
    0.63222456935,
    0.6819383421591867,
    0.6458039618596495,
    0.7475687928116956,
    0.42969728267946555,
    0.7707357770327156,
    0.485206589589848,
    0.7582095561651606,
    0.6890987383516571,
    0.6510209481786642,
    0.7599741214796382,
    0.4447283031841921,
    0.7576347760995146,
    0.7982788962444595,
    0.762135896276878,
    0.45861713635545037,
    0.7989363898856924,
    0.7853096569664861,
    0.4451700205126415,
    0.16055931562221046,
    0.718436374869038,
    0.5475870188016103,
    0.7112219837748573,
    0.6173435527539406,
    0.5889617506838541,
    0.7422695130581466,
    0.8160213851253587,
    0.5628443733571807,
    0.7270202089472588,
    0.42851877347436484,
    0.7730322680254877,
    0.678034662558428,
    0.8024866088848936,
    0.8068525249609865,
    0.7830358535905472,
    0.543090913211002,
    0.7972586717926405,
    0.6677520491227834,
    0.6690056415998408,
    0.787459898214189,
    0.7857625419151688,
    0.6094613813392101,
    0.34615757425410326,
    0.8038061228483764,
    0.7646001455260182,
    0.5866283957019625,
    0.798382887931413,
    0.6340474665060842,
    0.7975183189630637,
    0.8009488655269984,
    0.7995316213335375,
    0.8152360195218675,
    0.7361370258328741,
    0.7669868719745101,
    0.6863690683808567,
    0.7425136556684401,
