{
  "config": {
    "mf": 0.25,
    "mf1": 0.15,
    "mf2": 0.05,
    "T_coh": 40,
    "tStack": 3456000.0,
    "nStacks": 3,
    "gamma1": 1,
    "gamma2": 19,
    "gamma1_upper": 6.4031242374328485,
    "gamma2_upper": 23.685438564654024
  },
  "mismatch_list": [
    0.08552221210631869,
    0.33202970454297315,
    0.1233232185140334,
    0.353483660213631,
    0.2630359897392428,
    0.32907419099064406,
    0.32577237308796686,
    0.34401656232540445,
    0.3362262323702191,
    0.3508316237673208,
    0.2126078311405242,
    0.26705242629349935,
    0.3872169457972975,
    0.3599220045405553,
    0.36213248667666115,
    0.3268923326330266,
    0.21245728524495178,
    0.35020049113633256,
    0.2925529602245492,
    0.3430072488634788,
    0.18964348324928892,
    0.10822656067628447,
    0.14290085297775662,
    0.1343848451838487,
    0.09799724626240133,
    0.4071882656386393,
    0.3236076998397827,
    0.34268485187357267,
    0.10255851041856746,
    0.3313009908489563,
    0.26959593091304107,
    0.3546925269494501,
    0.11554926049275618,
    0.16292258970166323,
    0.33609010678729423,
    0.35139108852868467,
    0.3625658550199114,
    0.13934039104635199,
    0.36436047919241044,
    0.35595300322527096,
    0.262612271078892,
    0.1309683695321129,
    0.3659655792558273,
    0.3641516557175293,
    0.22705633387295662,
    0.3834434318782804,
    0.27585759930418197,
    0.35943816510303855,
    0.06180741162869191,
    0.3334975405777298,
    0.22238469469216482,
    0.09087166019324737,
    0.3862762643497019,
    0.3747950933205654,
    0.3491230335653919,
    0.1623707145785349,
    0.3198983183638561,
    0.06511920448447871,
    0.39054212894339985,
    0.3778840218707352,
    0.31422739488595,
    0.33884167591789355,
    0.16686378041398442,
    0.3069595030998793,
    0.3307510673470886,
    0.3430054056656216,
    0.1588863658762926,
    0.3802623976469519,
    0.10124956888144238,
    0.028056073548365132,
    0.06105842275824584,
    0.27681270106442507,
    0.05953182123886532,
    0.10852949566528655,
    0.3374854617769013,
    0.3588433543121777,
    0.33500744489299206,
    0.04881189092475514,
    0.34695868558741794,
    0.17521856260708843,
    0.10215289846657864,
    0.33701653055734726,
    0.0834509998318353,
    0.15667523319976653,
    0.3238376658783201,
    0.3813250554233332,
    0.33735914851198096,
    0.04461384516986207,
    0.18117415173052967,
    0.06006244537493409,
    0.33453753786280777,
    0.12093687361766937,
    0.15092564854271898,
    0.17988499746451872,
    0.007540414010428814,
    0.11929355430456633,
    0.07252333027687759,
    0.15967829041447124,
    0.1388458176919021,
    0.057292335842359314,
    0.33748936501942245,
    0.36238251104482105,
    0.296076503987108,
    0.042889479362743614,
    0.3591808221551515,
    0.36796143726497194,
    0.20192845117927258,
    0.36157611198229317,
    0.3437031644779776,
    0.36335886379212373,
    0.3628417925814756,
    0.3259581565896329,
    0.3550704909335808,
    0.05971353886290522,
    0.350903996389067,
    0.31801283537933717,
    0.3771575850681891,
    0.23557136585623425,
    0.33883956166152795,
    0.31839687107405634,
    0.3465330695175083,
    0.35532403906235005,
    0.33808639849005234,
    0.3291848370737781,
    0.32231648552910785,
    0.3356195492166897,
    0.3312749692321487,
    0.2145659578052978,
    0.3727207909790861,
    0.06161853806002992,
    0.041064496637302356,
    0.24069935914178972,
    0.2103454141942065,
    0.32340494807549003,
    0.03825676418375989,
    0.1382724747349075,
    0.34884221695067635,
    0.078200704947284,
    0.330552218825317,
    0.07269767510948866,
    0.3253186211448839,
    0.3280914954742445,
    0.33720160930689147,
    0.20565241560295175,
    0.37390965359698436,
    0.3211931106468421,
    0.09813629927721707,
    0.03343777759779493,
    0.22065696775954205,
    0.3287503302847925,
    0.1850518063284789,
    0.37787843806546195,
    0.05183592806801097,
    0.3359105576313216,
    0.12036315117876298,
    0.3733431413144017,
    0.21282381056002747,
    0.1757588364260567,
    0.232007597011027,
    0.057050009535838324,
    0.103078075367493,
    0.33124894761534107,
    0.3597327514899815,
    0.10385308585474669,
    0.20432271098408225,
    0.18533403244743824,
    0.3561766264947115,
    0.3888428631541604,
    0.3374562416696944,
    0.09171909751394894,
    0.33406042067629965,
    0.3528572982123908,
    0.07815375761362692,
    0.36042872131618203,
    0.34090193742863706,
    0.18144575235595925,
    0.2760822525959544,
    0.3308283732336879,
    0.3676187108869349,
    0.32306802234953297,
    0.2302727683454838,
    0.30431234570672056,
    0.13035783734776404,
    0.14651194863853276,
    0.3422259498188299,
    0.3443953936967621,
    0.37828995909293417,
    0.3423846816813564,
    0.3377456779449775,
    0.1765350395707474,
    0.3942254888025188,
    0.3929017474708344,
    0.018851468719685495,
    0.32470407729461054,
    0.33520103487970043,
    0.36493723748661105,
    0.2696940540930865,
    0.22807540544118513,
    0.3382044173646152,
    0.02141730856032044
  ],
  "statistics": {
    "mean_mismatch": 0.2540614127504404,
    "std_mismatch": 0.11523244598991671,
    "min_mismatch": 0.007540414010428814,
    "max_mismatch": 0.4071882656386393,
    "valid_samples": 200,
    "total_runs": 200
  },
  "perfect_2F": 4611554.5
}