{
  "config": {
    "mf": 0.7,
    "mf1": 0.08,
    "mf2": 0.01,
    "T_coh": 15,
    "tStack": 1296000.0,
    "nStacks": 8,
    "gamma1": 1,
    "gamma2": 99,
    "gamma1_upper": 17.776388834631177,
    "gamma2_upper": 100.0
  },
  "mismatch_list": [
    0.4956909637310613,
    0.3001499568330181,
    0.5095867636097428,
    0.25101094006873176,
    0.32312018346979265,
    0.4156778329307692,
    0.32781311096603255,
    0.5000167694906296,
    0.33174794183415435,
    0.3904632051353963,
    0.46450412037949934,
    0.45021145460296497,
    0.2191890968241476,
    0.43260305574814767,
    0.03837943690363499,
    0.5021313878025664,
    0.3989460375139288,
    0.3972238397391824,
    0.2971625299031822,
    0.4681103198288818,
    0.4656073649289812,
    0.514758488976373,
    0.08077133585184097,
    0.48988073278047983,
    0.1705016275079785,
    0.4323259254590359,
    0.3506638549820711,
    0.5153383374842642,
    0.475380725263122,
    0.19839940994523317,
    0.5979567026208401,
    0.5282843481091821,
    0.4071785563318994,
    0.040816940192479056,
    0.350861619319841,
    0.36813260445802454,
    0.48125326354526693,
    0.2022597900575425,
    0.2881998877022386,
    0.3536409455448379,
    0.4356688728184483,
    0.1300800714264649,
    0.5101356752987137,
    0.523279775531694,
    0.6570244866367398,
    0.5177725157878972,
    0.4126158106805464,
    0.4690526278659204,
    0.289215815248787,
    0.35815287819393743,
    0.3602706769265109,
    0.42722431391098636,
    0.41274093131968376,
    0.5017972990711437,
    0.4380430929648517,
    0.4471790319493492,
    0.444974928165863,
    0.4356322979811268,
    0.5054770457477487,
    0.3338682704467797,
    0.45403244086875216,
    0.2867436887443757,
    0.39691732670032515,
    0.4587700026773359,
    0.5937883999650732,
    0.04766995155930241,
    0.49127556407651285,
    0.3726562468376499,
    0.5042187556922301,
    0.5228513945566233,
    0.5228466239256684,
    0.09292075953070869,
    0.2778114773863419,
    0.052293271212971955,
    0.43181517881770465,
    0.4556519977956794,
    0.49775415319565774,
    0.5180054815995319,
    0.4799617959199251,
    0.44079310872239036,
    0.4940864776610146,
    0.4788101945203087,
    0.4176470192808664,
    0.5117453656934386,
    0.20396984440803986,
    0.4712521417241696,
    0.5133999795296562,
    0.03002454417344048,
    0.5339531587648634,
    0.048931783446893626,
    0.5845846601951853,
    0.4929773059639826,
    0.47594232249349605,
    0.45899075278243434,
    0.15907372561990735,
    0.6559866936983145,
    0.13963123600976332,
    0.6061124937909516,
    0.47880979696772913,
    0.3214648468107031,
    0.08515532885260253,
    0.5058894884784926,
    0.37678537249375627,
    0.48522051301919644,
    0.5034836448314406,
    0.5084796880990394,
    0.2804978485900039,
    0.5062474665058337,
    0.3449203767237157,
    0.17870393232990098,
    0.22366170790901221,
    0.5155320901550947,
    0.45558571493832006,
    0.4216403626604739,
    0.45938953416089806,
    0.48361042507189195,
    0.49107686006900936,
    0.5321165019883412,
    0.4327462831002278,
    0.2899306870691614,
    0.473316054011638,
    0.5308221430715114,
    0.5928273708156506,
    0.6229665908377285,
    0.481711569387237,
    0.4200538748799391,
    0.27680024818846133,
    0.49579833906869186,
    0.43783853409208534,
    0.626012096585327,
    0.3247031655593984,
    0.29377371943254355,
    0.4983173767774937,
    0.0974554611002752,
    0.35192922870173493,
    0.4160430030456865,
    0.5867572850425974,
    0.44931898520294844,
    0.4310127008652479,
    0.3285981688872749,
    0.40771597513720625,
    0.14307975164962636,
    0.36510209728501947,
    0.21887119932505691,
    0.5084928434753092,
    0.36144128856766,
    0.13362125295851401,
    0.5338769370930145,
    0.08482709498644274,
    0.40613429412877,
    0.4206779601475946,
    0.5016616252180757,
    0.42552387310468615,
    0.46431643942079337,
    0.4575077732371651,
    0.34393473545550274,
    0.07503660375023637,
    0.25986306265255177,
    0.2266424125861388,
    0.41656925423762137,
    0.42411689838440414,
    0.5838492963463906,
    0.023705626626712873,
    0.54391007996734,
    0.5145654229872708,
    0.4825609585440844,
    0.22836439351402363,
    0.5017906491007216,
    0.21594412810503022,
    0.3912286745568084,
    0.08290561494589527,
    0.2710759970185002,
    0.4790688566850418,
    0.5191464575029303,
    0.5181985837297776,
    0.44838871216672804,
    0.36590616544779453,
    0.531658376852089,
    0.27854767248143936,
    0.145829225290011,
    0.4647070890419474,
    0.4674732960318181,
    0.18256814340343172,
    0.4001170105665139,
    0.2649518802357675,
    0.4370011799360562,
    0.4806171071356496,
    0.567083961948291,
    0.5215935020536844,
    0.4970631345300582,
    0.43052696389528666,
    0.5047360077394091,
    0.28535377264387213,
    0.4259290153244231,
    0.06393339389625237,
    0.4659785344737358,
    0.32012892557873535,
    0.3996061555017518,
    0.5205775383659924,
    0.5111219671075116,
    0.34216916830843835,
    0.04340507976784086,
    0.10700149364118262,
    0.5032842902833523,
    0.48649745190481175,
    0.3009388457154819,
    0.520408795366532,
    0.5321034188943585,
    0.49629134040851636,
    0.40635330945897574,
    0.52036307681988,
    0.4612199746607214,
    0.3513654268616014,
    0.1306643291538751,
    0.06595982781780932,
    0.5008258974135085,
    0.47591604788210007,
    0.5057466948201357,
    0.5029557672880438,
    0.39278643012818254,
    0.43838983109653384,
    0.017871361815638535,
    0.5254804459065384,
    0.26547636051166607,
    0.5090181911386542,
    0.21104982215666057,
    0.2947684682689433,
    0.14524128116595378,
    0.07654202694568014,
    0.0717759497747973,
    0.48952915173555556,
    0.4465851968188855,
    0.4451694036595655,
    0.4643075125583246,
    0.4702045183946856,
    0.5566965997255586,
    0.2260197729642272,
    0.489583182745235,
    0.4807715382422451,
    0.5737073324886908,
    0.5462026211292113,
    0.3353942940940745,
    0.401350507797524,
    0.21709536809321062,
    0.42480567629910065,
    0.41836315604126684,
    0.31462802667621176,
    0.3135972089785009,
    0.3163897628620547,
    0.20523637464429886,
    0.4072475497750286,
    0.47723783792692087,
    0.20402427297029893,
    0.38654369811216016,
    0.32826646547132965,
    0.4830765480986578,
    0.4878667675534643,
    0.48161474726353715,
    0.2090924178193764,
    0.4943711614491384,
    0.3510220859974175,
    0.45838307559397246,
    0.22154202983697163,
    0.4673166241743194,
    0.4680974535817608,
    0.5010648265138369,
    0.4150786489110529,
    0.35452756007959146,
    0.24020632834315697,
    0.45745522401437316,
    0.40909295270830165,
    0.36003069973301816,
    0.3458217368450574,
    0.45448561466833126,
    0.47336018234797156,
    0.35388388631210566,
    0.48082264181929313,
    0.46038952346311957,
    0.4279618823695406,
    0.36492131928474075,
    0.35869362198445526,
    0.49959539989741697,
    0.5040021256775019,
    0.555153734305347,
    0.5078125948705019,
    0.3486622138850226,
    0.4993855644176852,
    0.4172997390320303,
    0.41732832667661657,
    0.6564152915202468,
    0.22294155948167238,
    0.6251443838686752,
    0.47238437147081735,
    0.34752051515875215,
    0.5145035132082869,
    0.16323306527206186,
    0.4445159717833081,
    0.4551289993066683,
    0.5386533867721102,
    0.20651403635278615,
    0.3357747157715903,
    0.47282785944391215,
    0.4715945067774764,
    0.434148559471842,
    0.518488435701436,
    0.26413198225209633,
    0.2783972530417832,
    0.37808833300276234,
    0.5171393590931984,
    0.17578228228141402,
    0.3359113292943919,
    0.4873575749813078,
    0.44204138768113216,
    0.3230588880902499,
    0.40970923148893995,
    0.49655806204827185,
    0.2489127298359886,
    0.08874146996728793,
