{
  "config": {
    "mf": 0.9,
    "mf1": 0.001,
    "mf2": 0.002,
    "T_coh": 30,
    "tStack": 2592000.0,
    "nStacks": 4,
    "gamma1": 3,
    "gamma2": 21,
    "gamma1_upper": 8.717797887081348,
    "gamma2_upper": 47.70744176750625
  },
  "mismatch_list": [
    0.3261473594245631,
    0.1352433847916201,
    0.2600156592482809,
    0.004200616481705771,
    0.24663344955371433,
    0.08491108837269011,
    0.08234730570432067,
    0.19343718186730754,
    0.021090833181299458,
    0.019629573195854233,
    0.14070496686721645,
    0.05529787700955775,
    0.2287132093681395,
    0.0016520131068139415,
    0.044568718685478965,
    0.17861850503330914,
    0.005045308022560189,
    0.052497947904086524,
    0.012917506467101846,
    0.26961374336122756,
    0.06890083700069882,
    0.14610445840425437,
    0.22395182641596065,
    0.06733541814905719,
    0.10971203000931865,
    0.0007247751223812466,
    0.007731681556348863,
    0.13313758309217533,
    0.08028660819120936,
    0.021436053684390395,
    0.21730257304926562,
    0.004726253730130667,
    0.06672846325700221,
    0.09801848057296195,
    0.06336422584591311,
    0.05430225992212589,
    0.10724156385466159,
    0.15843336969617416,
    0.20478240265952788,
    0.06377616295795567,
    0.09914651892539854,
    0.17138202985608006,
    0.011779204020980386,
    0.09414139988937908,
    0.007419927781258574,
    0.011703162988892516,
    0.1857741685433574,
    0.21042591940980593,
    0.13558636454186435,
    0.028505701198065492,
    0.08062525100046,
    0.00945691668360483,
    0.045893654159025216,
    0.3008807748899212,
    0.21906033523397364,
    0.0053587965740479184,
    0.19334531100059302,
    0.011045321322512569,
    0.26686838742992586,
    0.16720794099678518,
    0.0029485416168520805,
    0.004914404686903219,
    0.024528870871629728,
    0.31777482255405926,
    0.04114325812403015,
    0.17643550578417821,
    0.08117517511844909,
    0.2770502960829616,
    0.21601262223306777,
    0.21763919195271925,
    0.010031199953507992,
    0.060014589469502486,
    0.04993821304731111,
    0.010235036180207416,
    0.08839545904930206,
    0.21743318725552302,
    0.06492118766261722,
    0.21265633588046698,
    0.13305626544854524,
    0.14372275497526643,
    0.03310372603948525,
    0.12507246305576813,
    0.08036807039953925,
    0.005388938313953472,
    0.12917484782396876,
    0.09742424737448821,
    0.0025260512817250847,
    0.04442292518574396,
    0.03969356331456787,
    0.0028123616696528915,
    0.2526631708994729,
    0.24836793682175665,
    0.014973288780420388,
    0.13575832425226078,
    0.0796926641221352,
    0.2554870254627588,
    0.296772679816079,
    0.1662804861653028,
    0.056684252480513404,
    0.03406811715176315,
    0.2479987185785011,
    0.1488956413453885,
    0.29746572298685703,
    0.030104803624757457,
    0.1276022007373378,
    0.02475135594460165,
    0.24091287981844986,
    0.09293240530506187,
    0.1335083915471285,
    0.03263634836507444,
    0.014424738027079281,
    0.2787286922474867,
    0.0005388649184553898,
    0.07345664894978082,
    0.2036343420961708,
    0.30387911904584985,
    0.08483678211699969,
    0.03943233490205308,
    0.03127577769303074,
    0.17028818105514304,
    0.16410869068040532,
    0.0026735795578575394,
    0.013717527515722134,
    0.18417296992851853,
    0.012516989966342446,
    0.2396801766233676,
    0.03350178494034827,
    0.01477400634176425,
    0.2338944082084993,
    0.01790621740969549,
    0.00132471862649657,
    0.08568277474015218,
    0.21502676326287154,
    0.12703861525521887,
    0.001919024107320207,
    0.23154790628390945,
    0.0049752664255134724,
    0.08075998530066132,
    0.2764378477323147,
    0.07545417168908528,
    0.06722085062447614,
    0.20999699594553842,
    0.185776481578554,
    0.21321283769229635,
    0.02340292870734004,
    0.2781650344830178,
    0.05518287579087733,
    0.013392835200000926,
    0.11892586115023193,
    0.07348050212524565,
    0.0005551284471814076,
    0.007758859719908785,
    0.0373034028506424,
    0.16938053158753147,
    0.028804010456075606,
    0.043765806342862944,
    0.0019373838241931339,
    0.014308435726100781,
    0.10287917947389436,
    0.015511864569476204,
    0.039993535066625535,
    0.2573726551244283,
    0.020875937755066343,
    0.08318570868073435,
    0.04462603858894444,
    0.11862220299832969,
    0.1713223246350681,
    0.13991398111233283,
    0.15811431540374463,
    0.05428867084034593,
    0.008052976601625081,
    0.29367574253489576,
    0.11322849404928326,
    0.051626367329071755,
    0.12296326408587838,
    0.014578771714702144,
    0.26787253383464515,
    0.04525590698591564,
    0.07066929697319105,
    0.05508818591251696,
    0.05101919558996709,
    0.028841380430970502,
    0.27805256314658366,
    0.3547309087134638,
    0.034732175100233936,
    0.07087053103529431,
    0.21884045232559787,
    0.010119528985077742,
    0.06259333458429987,
    0.08194902995640796,
    0.0591443099767858,
    0.09701404503884309,
    0.022727956124035355,
    0.004028945900708916,
    0.24401364806417747,
    0.00677271162031296,
    0.014015113950233313,
    0.08951728111964782,
    0.19159578900377286,
    0.01944185593318104,
    0.009245201680767026,
    0.06136337811851356,
    0.16859265397369327,
    0.007377714888920822,
    0.025710831857086808,
    0.02436840405486635,
    0.14941101450012853,
    0.25512575827799155,
    0.0020133525739311105,
    0.14933403379749202,
    0.033071271264383105,
    0.10080221843205704,
    0.10345686001424251,
    0.041185109604618436,
    0.02510019056518726,
    0.11523317274122716,
    0.3422398681107331,
    0.04135923778551167,
    0.1103740640519924,
    0.11845776065232219,
    0.17103218328259595,
    0.1853474135495867,
    0.14839219477838086,
    0.04994724834104779,
    0.10795455695401021,
    0.09850913316403843,
    0.01686000267733824,
    0.10002453262955383,
    0.25164630280117234,
    0.0037199388549145783,
    0.1257149085816208,
    0.3028381086426849,
    0.08002480151989542,
    0.3094225970238754,
    0.18941625930743677,
    0.012798891130926755,
    0.08779566010988651,
    0.01893269906053184,
    0.09028072729922204,
    0.12152137577020458,
    0.004317641606183206,
    0.08709112404547543,
    0.11862639537462352,
    0.09188619057270463,
    0.00396526515045282,
    0.001779157760276454,
    0.005875687658135711,
    0.005842437777184741,
    0.16858629312690265,
    0.06702098992702085,
    0.005024129294041419,
    0.07987047870287299,
    0.14946869581534347,
    0.07735910073817627,
    0.20237814713737318,
    0.06928617420798061,
    0.12123398114702837,
    0.2501502750054284,
    0.0071193777704017655,
    0.06501190201173344,
    0.10954339528701731,
    0.11772423936560383,
    0.06380840088600813,
    0.05601173749710509,
    0.2817153266627326,
    0.14462859738413067,
    0.20442612295690324,
    0.002787062847190197,
    0.050173708943263846,
    0.006068392402951549,
    0.07775116020399814,
    0.04027746013700686,
    0.18478924924370976,
    0.1710634815400998,
    0.10194702628966891,
    0.10376463826008867,
    0.1411597674127458,
    0.19484697681962865,
    0.01584053241444155,
    0.1252705166944761,
    0.11482593398192768,
    0.1259615359594571,
    0.03206914876546083,
    0.21925224487294065,
    0.0837458246100584,
    0.0058804582932286764,
    0.16520159981079371,
    0.008189445678223843,
    0.03403118087096762,
    0.017475053192581285,
    0.0073623910307434185,
    0.13575630034646377,
    0.026889540136798683,
    0.1364788347159983,
    0.02276843423997567,
    0.010765371781375382,
    0.007448551591816366,
    0.06372628813652921,
    0.02789563816496509,
    0.09718304117289389,
    0.027710739913937743,
    0.20898432022353172,
    0.042253009041943713,
    0.020216795006388313,
    0.1536117032641842,
    0.16382613897467196,
    0.12934116951107352,
