{
  "config": {
    "mf": 0.6,
    "mf1": 0.65,
    "mf2": 0.1,
    "T_coh": 20,
    "tStack": 1728000.0,
    "nStacks": 6,
    "gamma1": 9,
    "gamma2": 75,
    "gamma1_upper": 13.2664991614216,
    "gamma2_upper": 100.0
  },
  "mismatch_list": [
    0.24359772800729645,
    0.20953789580133259,
    0.6468421439532269,
    0.12350623592324181,
    0.3243981709823375,
    0.11332695008062914,
    0.6758018432645101,
    0.10002083899620225,
    0.358012057343453,
    0.11386088159362591,
    0.25781736126915344,
    0.24851690208479954,
    0.2809941849225634,
    0.19531354611733828,
    0.30445529498618307,
    0.3326275144357755,
    0.675271272879933,
    0.14872402349190234,
    0.3223201262309726,
    0.04841998232046451,
    0.24631341134693102,
    0.6880166176357541,
    0.2055661262442003,
    0.49732660182435545,
    0.141472985255597,
    0.2539711461220222,
    0.15206579831733238,
    0.2917271895664502,
    0.3614929395160604,
    0.08867762690889054,
    0.40005868963914815,
    0.4801133957990015,
    0.5923907251070764,
    0.15251060571545794,
    0.38337995724427804,
    0.6431981115228915,
    0.2640548566516677,
    0.6357980180835214,
    0.6760859128277249,
    0.13056937623853515,
    0.11124147831969167,
    0.20529463380668503,
    0.464346233958608,
    0.23742431091175162,
    0.6008311148982234,
    0.6524408623007488,
    0.05122587400994438,
    0.5344730341545944,
    0.1828396937990325,
    0.659470852131709,
    0.18356569753769153,
    0.6704620673346783,
    0.05993791887385284,
    0.5655316226346194,
    0.37913322569771335,
    0.3324911718877821,
    0.13260659954312506,
    0.13258643277260676,
    0.7128583925153958,
    0.06827687848317261,
    0.574522370098621,
    0.5090902260228755,
    0.1782241055142781,
    0.6791561138980167,
    0.28524720503197787,
    0.1293788320252219,
    0.566478864519744,
    0.17599329205506223,
    0.3169371706432972,
    0.1515583221377037,
    0.6716399802105433,
    0.5272702443746365,
    0.3326043118073297,
    0.4017029319773746,
    0.03523037228400494,
    0.24219738432649437,
    0.0972945843655702,
    0.5034781173734234,
    0.4962630215265096,
    0.6519515741628107,
    0.5183083917726949,
    0.20693041911211346,
    0.47525472203305336,
    0.5064973865058067,
    0.5757795947628415,
    0.4023644237350746,
    0.32993606374781215,
    0.11408092708162001,
    0.15461586476467276,
    0.16208955065291003,
    0.6623352654039161,
    0.3140300656189849,
    0.5783524843563868,
    0.08143840683380293,
    0.2964386242229152,
    0.446101107296652,
    0.09134023694654277,
    0.5013950851411777,
    0.15997849094658376,
    0.26772032982861604,
    0.24504241689853934,
    0.6580027166591511,
    0.17521958197754267,
    0.15307061307958186,
    0.7578911705650154,
    0.3345779447306885,
    0.01785041091963401,
    0.5288130023192871,
    0.5074540070234573,
    0.6448915510230678,
    0.1375539095182061,
    0.6453419964430588,
    0.14178470281065148,
    0.11077460673984313,
    0.7003836728091107,
    0.11418067669923744,
    0.21580455710465024,
    0.3010663017276308,
    0.04965752811990511,
    0.5651440357372521,
    0.6512775323852855,
    0.4261047243045256,
    0.6475251577751628,
    0.19535843344526613,
    0.3104785455378147,
    0.19168824384618044,
    0.3538699544718892,
    0.23922289409854156,
    0.3943428197026746,
    0.2108157209300611,
    0.4296954394800096,
    0.3827966930399596,
    0.66197253459333,
    0.2800408713215838,
    0.23102418028312194,
    0.6491821127684606,
    0.3884914746061869,
    0.17419980477265057,
    0.25139684702301063,
    0.20833385286259176,
    0.25351977910230333,
    0.2928513243875997,
    0.21733094310119175,
    0.662659478767047,
    0.5294701029253418,
    0.5566941588900817,
    0.06505626691609853,
    0.7187521583052453,
    0.16785621699792033,
    0.07709170882262599,
    0.532855789267223,
    0.6560287042535514,
    0.44656629831229067,
    0.10801230129632218,
    0.2986982241206936,
    0.1141102556376695,
    0.4825918485263024,
    0.2568208409044558,
    0.2779936188434834,
    0.056514989060611226,
    0.3501603529314949,
    0.693222626075656,
    0.45875662318486865,
    0.33227914973859635,
    0.5433645199067167,
    0.6219249063193877,
    0.24683059142957792,
    0.2997117127627359,
    0.5990903756473018,
    0.34685668896540456,
    0.35710173365919656,
    0.2589200282378157,
    0.696596765315063,
    0.20411249241442106,
    0.5991788221153143,
    0.24785747037355038,
    0.6004172353027342,
    0.3595054825967818,
    0.4086596004182111,
    0.7208784515129577,
    0.4518257053246671,
    0.3464915186261268,
    0.3688494738153459,
    0.697145632164828,
    0.5904481555157256,
    0.1105796612914995,
    0.3808915837669641,
    0.6133472794863936,
    0.07248717973460747,
    0.343982165202064,
    0.05069514099012121,
    0.605724646818589,
    0.29611286582494617,
    0.15041846590942973,
    0.436685393934551,
    0.2064999778273948,
    0.2547896351039722,
    0.5929627132676641,
    0.1195185281119902,
    0.35646100500125066,
    0.19203286793269894,
    0.3334014413602899,
    0.15265844115417682,
    0.051583888398393035,
    0.13022957699765145,
    0.4298555809856845,
    0.27349317631297876,
    0.25957880940808037,
    0.40764855130486055,
    0.20900418113533062,
    0.24715233815814283,
    0.14934702490802163,
    0.2699494085118734,
    0.2413399713089741,
    0.25972995176347025,
    0.09668464798088884,
    0.18224282244578907,
    0.3126429496048668,
    0.31312440414511705,
    0.340832679449291,
    0.13441960305507056,
    0.2431960189493915,
    0.3184039237162631,
    0.22852458497382602,
    0.41291099417516447,
    0.4957933851474771,
    0.216992987059764,
    0.5477780338981728,
    0.10790821473880834,
    0.1836986247455165,
    0.3559207849254041,
    0.2873958334801568,
    0.5485247465248372,
    0.18790187846961967,
    0.04307914926153298,
    0.48836930300930503,
    0.5179046768800878,
    0.4683177866687455,
    0.19343153104929117,
    0.08801667726867765,
    0.5686402869406174,
    0.0810265059671414,
    0.41864909092860714,
    0.46506258800599753,
    0.3431896978594925,
    0.6807243242586841,
    0.17072597012737484,
    0.04292453735422596,
    0.11790670439948941,
    0.5110147431019073,
    0.20983443406674962,
    0.07431086296104789,
    0.38322881488888816,
    0.5929227592088684,
    0.218168135136445,
    0.42888849760053377,
    0.4518965600802247,
    0.3115607204654664,
    0.3689794193769921,
    0.42707457248886027,
    0.041542246185742676,
    0.38626570283960054,
    0.5743009151051605,
    0.5954522251917008,
    0.5274713157505839,
    0.3920901046969818,
    0.7443155728777754,
    0.15644139119056916,
    0.08544183605217902,
    0.1869879768099487,
    0.23391713604102224,
    0.6909260266593864,
    0.15020807011270515,
    0.6299087247629401,
    0.395498776820314,
    0.2258332427093601,
    0.1536221634109078,
    0.5968373082652425,
    0.6158945540286757,
    0.1077523017495324,
    0.4588908514746626,
    0.2779829391289885,
    0.16010653909702527,
    0.5574118411253145,
    0.692786167286831,
    0.5292645861860007,
    0.3418036118685998,
    0.5876081917421845,
    0.6843629084082747,
    0.04027520919500649,
    0.17542152074146927,
    0.16828470665968565,
    0.3053850806882247,
    0.5620922666615201,
    0.2417416261551304,
    0.09110056680551741,
    0.23089504789770635,
    0.13258778806632437,
    0.4424312971798072,
    0.6933181742827488,
    0.12037773011721772,
    0.1301022335999431,
    0.6332927847523602,
    0.5650458311544728,
    0.31474837128932776,
    0.2737995269049114,
    0.24027129510675,
    0.03733714926218352,
    0.678981850231804,
    0.16045642172316815,
    0.5952135308621522,
    0.32061169718227933,
    0.019271842970682396,
    0.17092991472600352,
    0.7091057197406553,
    0.6033323094541061,
    0.5979767579054012,
    0.5312883649769118,
