{
  "config": {
    "mf": 1.2,
    "mf1": 0.6,
    "mf2": 0.07,
    "T_coh": 40,
    "tStack": 3456000.0,
    "nStacks": 3,
    "gamma1": 1,
    "gamma2": 21,
    "gamma1_upper": 6.4031242374328485,
    "gamma2_upper": 23.685438564654024
  },
  "mismatch_list": [
    0.4697068263700029,
    0.565879089906963,
    0.3156499641498017,
    0.3911965183944099,
    0.38295005118126757,
    0.4573483473725377,
    0.5674757600507682,
    0.5421983885896945,
    0.49937358378705815,
    0.06813283298101148,
    0.37898668788295825,
    0.412899576834299,
    0.5737149576915617,
    0.4650592029730565,
    0.49096908946351125,
    0.356231868218726,
    0.6004433595598704,
    0.5508929426230939,
    0.3888020417427934,
    0.5677475775230044,
    0.12995233381917862,
    0.3729659362940946,
    0.3565079684153952,
    0.4060623970180962,
    0.33464373858640384,
    0.4533190626449824,
    0.40305733397042925,
    0.42687833517165213,
    0.49955053078135,
    0.4236910665946302,
    0.3884630017604708,
    0.5255939949047506,
    0.4658098724062547,
    0.6075060871609235,
    0.048690456712986226,
    0.18301360898032018,
    0.4854074025644954,
    0.4183296919333313,
    0.341636777044944,
    0.5559510028134789,
    0.48300994426928645,
    0.580512752706492,
    0.4404432413783607,
    0.4601443700985168,
    0.5628042021875289,
    0.4143710450530684,
    0.26497839501052844,
    0.15868925212897483,
    0.3777959820672028,
    0.15539513228793655,
    0.49089243411733213,
    0.42997203435157005,
    0.5161174641804313,
    0.4902618436033607,
    0.5036595067103786,
    0.3431037999041754,
    0.2574983186240723,
    0.4123320887410861,
    0.5081434649799454,
    0.3891822826183948,
    0.41059921169680347,
    0.4051761983306916,
    0.23447791583329727,
    0.45069375256760175,
    0.3575190708634764,
    0.40876338663102574,
    0.4453409433551687,
    0.37874105466263464,
    0.3403303292460963,
    0.5313068240280574,
    0.47663800927692324,
    0.2796401123656783,
    0.4256552649699922,
    0.43280708950276053,
    0.5276840186397178,
    0.5827287644361696,
    0.44367360825822033,
    0.4116381789595495,
    0.3781304682665841,
    0.3301759896156401,
    0.43228606083788956,
    0.6162363124940299,
    0.4036421698081806,
    0.5687435006946145,
    0.29116074951363974,
    0.45040849059334814,
    0.48023853365587127,
    0.3408536348024379,
    0.4279662556010175,
    0.45189356594923985,
    0.3234953731938965,
    0.4407775107309353,
    0.5310279590346023,
    0.583908194217975,
    0.19911188221835585,
    0.11700896477226043,
    0.32681231616134315,
    0.20570315775572662,
    0.5727817303529474,
    0.40708938349477036,
    0.37431586187769167,
    0.5900452299069477,
    0.3980793986751311,
    0.48491488925470944,
    0.44753716781373204,
    0.16344009460592485,
    0.3657931318327751,
    0.5663361758696993,
    0.34320615159695206,
    0.35648910274320966,
    0.42827488281869625,
    0.27153849881943176,
    0.3512476985777343,
    0.5828845146551035,
    0.4496157528796443,
    0.3516783563359005,
    0.37379412846069887,
    0.4260453723752998,
    0.5062755465867717,
    0.5708172338132261,
    0.5100272674017123,
    0.10136146183371515,
    0.06367999222821044,
    0.3536152320136145,
    0.43920341976088084,
    0.21137825553466236,
    0.17876042992481597,
    0.16732533884210962,
    0.5841366423288653,
    0.4274144889012925,
    0.2685254124399158,
    0.4645866395694897,
    0.6015160465010629,
    0.4234281398414698,
    0.16821614552415723,
    0.3826436466433578,
    0.4031966580437534,
    0.4003544469479408,
    0.4289666783438672,
    0.38415490625116216,
    0.44682433814830824,
    0.48082255631809734,
    0.517087311523532,
    0.46283148151581555,
    0.38781457559664584,
    0.25574944912779335,
    0.33633975167354235,
    0.5266101932527899,
    0.25278347271703955,
    0.5250752431313503,
    0.08051348456446482,
    0.09565551759652204,
    0.37697592165585087,
    0.4128788137525546,
    0.28756092988681353,
    0.4495561200077935,
    0.28291010799946786,
    0.5755748798587373,
    0.13095644295774272,
    0.24729551373231193,
    0.2978436970385557,
    0.3466953793523458,
    0.16718785796664268,
    0.7571533695662662,
    0.4573474799853108,
    0.48773026555818916,
    0.41185990481943113,
    0.4096751190299228,
    0.46742489321107944,
    0.5504024893579719,
    0.4626686837756629,
    0.44627642047940275,
    0.18098842244056526,
    0.4117957723763407,
    0.2949558396899264,
    0.5543223206598301,
    0.36454317262708064,
    0.46836009927680505,
    0.5358831048255895,
    0.34255409324911434,
    0.18952362117686883,
    0.44940026136545613,
    0.1681990688381272,
    0.20579531764858697,
    0.5240864759043623,
    0.5698331016867321,
    0.3672649253217546,
    0.3716330873965275,
    0.1723523357274305,
    0.452377676445265,
    0.25034264506048454,
    0.36049301639437753,
    0.20293592144334102,
    0.3654852635789199,
    0.4608390388438769,
    0.38777017621296783,
    0.44722913692477184,
    0.4237062458711013,
    0.204073770849956,
    0.11981100499712624,
    0.38139607275253734,
    0.39108809499104474,
    0.3000367772184214,
    0.6081907538473231,
    0.47910453328007574,
    0.3432612848975632,
    0.40822126961420024,
    0.5126881945670985,
    0.5431192285544743,
    0.41697727261145684,
    0.4960507859558298,
    0.3894397882013869,
    0.6072572554502005,
    0.4956949945576873,
    0.4188981016254728,
    0.37818847478738443,
    0.3309654204155414,
    0.4339521490656993,
    0.40058641881944046,
    0.32694264109218796,
    0.39844446027426134,
    0.37191704828994065,
    0.4870563056828717,
    0.168016212768352,
    0.46226339709388414,
    0.39297536696171925,
    0.4819816567117719,
    0.3349201640532832,
    0.38461429621122006,
    0.1301654400184927,
    0.5597707322081803,
    0.6433199365376135,
    0.5558037096200075,
    0.3274063137766788,
    0.3207436956398938,
    0.40211372509094284,
    0.5844403362816909,
    0.4903033697668496,
    0.5428526696173012,
    0.41681566752874116,
    0.43837945610700785,
    0.05534602732855251,
    0.4240655610298532,
    0.4942388140387924,
    0.006431676287617364,
    0.5948480071941097,
    0.4583526191462069,
    0.4207682426984156,
    0.5297360941835073,
    0.5172179075128853,
    0.3313851274099677,
    0.3585925709801942,
    0.2240856952558581,
    0.20162909416258154,
    0.43342195862324395,
    0.27443128943291417,
    0.4304458446242755,
    0.4857247036544433,
    0.10960115258414713,
    0.08128090541348294,
    0.4464445309663203,
    0.5018061712649574,
    0.34263373023888605,
    0.4993599224382342,
    0.5235174698835023,
    0.5659438457846228,
    0.45479378356585276,
    0.4476408205873491,
    0.5393436545907933,
    0.5917132697560181,
    0.41350447100167287,
    0.3663026676168894,
    0.35128017138704215,
    0.5741308698668701,
    0.6000579143609075,
    0.4099133794588176,
    0.649845182222335,
    0.5529464276711271,
    0.5633414672570538,
    0.36497860101499485,
    0.3187813946740906,
    0.5903547245118534,
    0.3204138174351555,
    0.43637004517244254,
    0.3409714910418958,
    0.20862712009767648,
    0.3759913829415942,
    0.24354308816524942,
    0.07347507091161638,
    0.36355635702135325,
    0.345532917833167,
    0.4309886121815212,
    0.3523104105658173,
    0.5612339873541448,
    0.5333691455834648,
    0.5645471083966228,
    0.56239536463929,
    0.4248585698020655,
    0.36270864864214325,
    0.360527440824946,
    0.3637497843729566,
    0.42882545686098417,
    0.37844619721718326,
    0.38966075509744497,
    0.44216023439405033,
    0.4585302166809189,
    0.537383413669654,
    0.5593953432798795,
    0.3832070146472428,
    0.40279359404174364,
    0.5255754545027751,
    0.17433090020373843,
    0.41684434551893124,
    0.5157549505312801,
    0.4357220527022311,
    0.5388510328576039,
    0.35900035140025033,
