{
  "config": {
    "mf": 0.7,
    "mf1": 0.55,
    "mf2": 0.03,
    "T_coh": 30,
    "tStack": 2592000.0,
    "nStacks": 4,
    "gamma1": 3,
    "gamma2": 27,
    "gamma1_upper": 8.717797887081348,
    "gamma2_upper": 47.70744176750625
  },
  "mismatch_list": [
    0.29939566172901116,
    0.302416919389856,
    0.3361681507196864,
    0.19431649665376088,
    0.14564488722363206,
    0.18297207096738938,
    0.1132906568701916,
    0.32743152765276945,
    0.09809524442854875,
    0.4054043416827158,
    0.02727617842637855,
    0.27998727252383077,
    0.3707449910499994,
    0.3694279343525916,
    0.33365294179044536,
    0.35285641053367794,
    0.18614107375141636,
    0.4197026217386565,
    0.3672519464914003,
    0.30426850406472566,
    0.3550775748635526,
    0.3334563337987353,
    0.3371837900180388,
    0.3918950234758616,
    0.3628232791957808,
    0.015707099196538312,
    0.33876417131610836,
    0.30265986036784776,
    0.1576703572106993,
    0.43136610171745754,
    0.3889303628949833,
    0.05744148237799679,
    0.4398320996663736,
    0.14163552983974426,
    0.4102385129612373,
    0.05215084805989836,
    0.11047612673004191,
    0.4058539740402277,
    0.25140285584673133,
    0.27873541450602674,
    0.41635464785629345,
    0.3930412769804713,
    0.35127610151795824,
    0.29602383467118326,
    0.3390055220824025,
    0.26943368802764306,
    0.3572285530316808,
    0.09506603570921562,
    0.34500221039425977,
    0.30373534945191183,
    0.3848553008550424,
    0.10194377358392372,
    0.1268362969578672,
    0.3372012100643631,
    0.3345994068799497,
    0.3447018049481027,
    0.042999252022243306,
    0.02586529923880903,
    0.1851707554864472,
    0.3650857167474446,
    0.1872435964343406,
    0.38589725092875593,
    0.1296187337346642,
    0.3069860312913184,
    0.14162367553436173,
    0.3662420897810394,
    0.44874411585530694,
    0.34828173289127373,
    0.3153474366799387,
    0.2989341389249417,
    0.16997996911519753,
    0.12419105208116787,
    0.32305837320186814,
    0.26636739846281465,
    0.08300493052365093,
    0.48254981193578206,
    0.42519206866013676,
    0.3955683402150949,
    0.368689136454331,
    0.36370613581737893,
    0.15941727704292327,
    0.18412540814228867,
    0.34606570060824154,
    0.38107782524961265,
    0.3182173351001067,
    0.3192949203723177,
    0.33233060848149526,
    0.46564759636610603,
    0.1327339584503705,
    0.22507538326270385,
    0.29365940672381985,
    0.4518851092287502,
    0.3175604331042754,
    0.4480667579544558,
    0.19694620082523312,
    0.3979272024215165,
    0.14196340257886075,
    0.1124227626950214,
    0.1813525126356776,
    0.3120268578081852,
    0.09702358630902902,
    0.246154217573921,
    0.07746239221617396,
    0.4060989389240165,
    0.18456481254729074,
    0.32185631772314066,
    0.2683479348498941,
    0.09876457898856175,
    0.40558349348692657,
    0.0462493556028507,
    0.12045875294442153,
    0.1975094971779525,
    0.42042848109628617,
    0.32526638214406217,
    0.10053217157285527,
    0.39212184548982715,
    0.3949569399585215,
    0.20332866003847155,
    0.3948880548790731,
    0.3913593389808015,
    0.30803788404696736,
    0.14371841803427282,
    0.3165460948882211,
    0.20920543193185567,
    0.21254682812037845,
    0.49268401423788816,
    0.022021034742077783,
    0.38128592613495577,
    0.3127114439440257,
    0.2573190216208074,
    0.1581485049552442,
    0.2828899148485005,
    0.0966254551258161,
    0.34142264386283816,
    0.09372534268339261,
    0.03889542160704481,
    0.2430587982220855,
    0.3177428737554064,
    0.3343780783245761,
    0.3429705703858056,
    0.2753382163433863,
    0.12177739985352705,
    0.37411342083738236,
    0.00816118327941552,
    0.2758254716640178,
    0.21531090518030255,
    0.22044960199892502,
    0.345351261861895,
    0.34556283230003304,
    0.3725414242919004,
    0.360825322762377,
    0.3298573955975423,
    0.2753597564836545,
    0.0694738191883039,
    0.11973412238674007,
    0.43260505733580557,
    0.4244058535403461,
    0.24670457538600943,
    0.45696634157920746,
    0.2416610744221966,
    0.09381049129156704,
    0.20215132512340767,
    0.07734833066804216,
    0.3150257079405631,
    0.35696797516031503,
    0.3223380795851803,
    0.05731679532443065,
    0.29526783357364805,
    0.22234383326023177,
    0.2818897439730254,
    0.30819177316989044,
    0.057167821401300334,
    0.33901202749389286,
    0.07119710269211275,
    0.44865744931778473,
    0.35949568893608763,
    0.20742584047747986,
    0.11916612768127763,
    0.23325680560008952,
    0.07972251673264118,
    0.24343575067677964,
    0.21264643319853158,
    0.3745590415244752,
    0.2960463144820001,
    0.4267344294421624,
    0.31442959540099213,
    0.34985763268364994,
    0.21270483733724543,
    0.3554102182377621,
    0.038798852387587214,
    0.4261365098438441,
    0.3610728898107619,
    0.30204892994654864,
    0.28631768844514593,
    0.2282952005387059,
    0.4495803503612238,
    0.3968242821856679,
    0.13904066576092064,
    0.326310862100022,
    0.346027390962798,
    0.38017147686429914,
    0.26858805681624004,
    0.3156222541742334,
    0.14771237927763334,
    0.27330260080568797,
    0.20765952931468526,
    0.4211771816764821,
    0.23687880187089852,
    0.3127079743912308,
    0.33688324000718195,
    0.40099222704522186,
    0.3463382050673397,
    0.2184791851408306,
    0.26203349332790543,
    0.06353271600351466,
    0.3063219010604977,
    0.2894826434175789,
    0.2660594756522687,
    0.05921355646798369,
    0.3265713676890379,
    0.041421039194670536,
    0.3441533987594614,
    0.35740730728296716,
    0.5095685567730152,
    0.42908161804907624,
    0.3639540642775133,
    0.38443512355511195,
    0.1415208177504634,
    0.38328120812141353,
    0.3651710099203188,
    0.16545364836487206,
    0.3793131239593149,
    0.06361273256484666,
    0.3547303304546647,
    0.21113016634481746,
    0.35421792087627024,
    0.3541331336798453,
    0.43520414993209794,
    0.0899112922089168,
    0.3079710228733159,
    0.23538812296904668,
    0.30710645368624084,
    0.35037539115593647,
    0.3629956003179267,
    0.057182494718328696,
    0.3565623266127132,
    0.14001720030798065,
    0.30611423386925396,
    0.03690678959677725,
    0.17396431680602223,
    0.17466870830573353,
    0.3851894621585996,
    0.0813615190164743,
    0.188048966376853,
    0.35871995475703156,
    0.30019351430713465,
    0.2962514517909976,
    0.4125325017586296,
    0.4082183658464162,
    0.4274351706832041,
    0.31794418009985953,
    0.4449221504635178,
    0.14350207696104184,
    0.08278165034483018,
    0.11307749622035593,
    0.36776182618754844,
    0.3613350578938253,
    0.39131965597071006,
    0.30527908359858547,
    0.3232815088159891,
    0.3121242944158415,
    0.4248246213344536,
    0.28943038327860593,
    0.11358491831660768,
    0.35050383689169706,
    0.3643287759793608,
    0.31850436831153345,
    0.14691539408770857,
    0.3224884268729586,
    0.3050221198447144,
    0.31724795650568616,
    0.2945370590162257,
    0.024884427750755424,
    0.26678923825679257,
    0.5579067638642606,
    0.10514400234310466,
    0.2832778542203785,
    0.31628204746406047,
    0.3611645438304268,
    0.3117820374890962,
    0.18177023233571163,
    0.10314026332170936,
    0.29360599006724863,
    0.29535782509926534,
    0.08994830077206224,
    0.242045977935379,
    0.34893017785216757,
    0.3028202549022613,
    0.17026714689132408,
    0.3328996151398562,
    0.37504434522165964,
    0.2914798770274838,
    0.3054331895685582,
    0.17688835470626044,
    0.4805207018095742,
    0.3935023660904414,
    0.37144367224406916,
    0.3103894457360497,
    0.4307566169431563,
    0.1669191007266111,
    0.4053295294505761,
    0.19430283528963105,
    0.06970230369631698,
    0.32681264617298206,
    0.303352108432777,
