{
  "config": {
    "mf": 0.4,
    "mf1": 0.25,
    "mf2": 0.0001,
    "T_coh": 40,
    "tStack": 3456000.0,
    "nStacks": 3,
    "gamma1": 1,
    "gamma2": 21,
    "gamma1_upper": 6.4031242374328485,
    "gamma2_upper": 23.685438564654024
  },
  "mismatch_list": [
    0.384867898551691,
    0.40341171586432806,
    0.5147778930318555,
    0.4975799896368911,
    0.17610291809663584,
    0.15728088633096396,
    0.35432415843651716,
    0.20854119455050965,
    0.2215200180503282,
    0.3571626831366153,
    0.3565188649674334,
    0.17432537061016679,
    0.3876976409561166,
    0.3502889646334785,
    0.22242443186949812,
    0.08676387692165574,
    0.08488923627747327,
    0.3644345323769088,
    0.3377656278511967,
    0.24102929155822972,
    0.029189098113530362,
    0.4226805604752675,
    0.37106451506928095,
    0.42278995968926286,
    0.4712286030479337,
    0.3957851594599257,
    0.019897104021738457,
    0.145736775516174,
    0.4732680472652311,
    0.2176624759937032,
    0.022355713116445325,
    0.47082862911291984,
    0.44074167679612314,
    0.38347720576842864,
    0.41257208394443473,
    0.4221453283445557,
    0.44735176379397773,
    0.22507256507328718,
    0.33839713996409665,
    0.2426050630910363,
    0.16262746119770347,
    0.3879203968383302,
    0.40389376631568924,
    0.18271051135621305,
    0.3316860023543058,
    0.35763410809444673,
    0.3738495870315201,
    0.35852442687117925,
    0.507539871893412,
    0.19263732447470758,
    0.07056357726105353,
    0.09054492626720666,
    0.3357884728791325,
    0.3983369042581232,
    0.044232953753840495,
    0.4409281650499111,
    0.03381931955423669,
    0.0428767938245499,
    0.0197289393231192,
    0.17134242593678634,
    0.3882559130600435,
    0.3752031447991299,
    0.3284118324194867,
    0.4828277929516331,
    0.4974219083147848,
    0.3584105822976459,
    0.11003864101672528,
    0.3456374379940109,
    0.24117235623896996,
    0.495722534102142,
    0.3766407307043477,
    0.43615845690077554,
    0.47962371874708953,
    0.3987680499216045,
    0.2986369226575747,
    0.38990687622308373,
    0.3202490680737422,
    0.3084407836366532,
    0.41715134638555945,
    0.4981810347734455,
    0.3750557973939568,
    0.18324612296883663,
    0.2140914427804705,
    0.40959830104863865,
    0.2572880314332457,
    0.4489234694491582,
    0.155811911850472,
    0.3632120042922657,
    0.49911640347427616,
    0.36569923716546093,
    0.17934385625832353,
    0.16756278609547917,
    0.32025622401836434,
    0.1606533962926352,
    0.41300447647705474,
    0.36836992243714994,
    0.09664433903521169,
    0.3435479563760605,
    0.35224687445144537,
    0.3228561088076559,
    0.07146793686852176,
    0.34405093254427116,
    0.41209746049620405,
    0.22963236551350788,
    0.42432013918095446,
    0.3246085562762459,
    0.43945376939925085,
    0.42868759650360544,
    0.4156435563266628,
    0.23573101931768936,
    0.46079604896444265,
    0.3597830599491429,
    0.3277852535714398,
    0.3999762661170034,
    0.3234946142300729,
    0.4825134735052777,
    0.3796866693750833,
    0.03405036982680771,
    0.5081447660607858,
    0.07428716220282094,
    0.39210006482635285,
    0.043386492243769205,
    0.39978473617495897,
    0.06252571667598565,
    0.39147863608996586,
    0.3836450451968378,
    0.3236961733369286,
    0.32772941551870677,
    0.33096921523465916,
    0.41027822421114113,
    0.25503564365173925,
    0.3736566475852319,
    0.07980374496603691,
    0.033367085538800884,
    0.21269684675468695,
    0.5253218521623042,
    0.339638425297522,
    0.08100496785191878,
    0.3813403973349094,
    0.4538732146595814,
    0.36241227326904474,
    0.34768864615057343,
    0.10614114493596026,
    0.33668947136109645,
    0.4644970818383101,
    0.485838494016275,
    0.32445524558388766,
    0.3935560827101427,
    0.34399607030216844,
    0.5446367225079721,
    0.30406074919921183,
    0.42948906230128026,
    0.20438022959956745,
    0.46220013203802063,
    0.5059326575736295,
    0.280625681102267,
    0.4918044917864393,
    0.19291938795856187,
    0.0556454927686469,
    0.32214593551561455,
    0.3264302320878845,
    0.5008763863694,
    0.41087119180414483,
    0.15776868322270352,
    0.3212037361403719,
    0.3267726331957115,
    0.4223199442356752,
    0.36604277671902324,
    0.4398443104981719,
    0.3273123106859613,
    0.11856473218714617,
    0.3736315475673529,
    0.3142944005492296,
    0.11356912387709947,
    0.3748131458172257,
    0.4101907265246255,
    0.13823902611496935,
    0.42045137530208115,
    0.13382066400443843,
    0.42895968503435017,
    0.3561485990449416,
    0.4571491193688544,
    0.3371481023573308,
    0.2859449332713585,
    0.07248776740057385,
    0.3230042693883543,
    0.4304629213103055,
    0.323019177606317,
    0.44490540654385113,
    0.005445565434011836,
    0.38764061024594654,
    0.42653224766811076,
    0.10848119303908739,
    0.37844527561825464,
    0.4399836345714961,
    0.32217553510473323,
    0.10719718888473627,
    0.17080410373907864,
    0.1305279536676439,
    0.4824388239920608,
    0.4061237646644008,
    0.00928722346204384,
    0.14004080623209048,
    0.4737465739559829,
    0.38604602725265613,
    0.36823878433077983,
    0.12087425910222603,
    0.16627477027520354,
    0.47130997481215914,
    0.3544665725768372,
    0.3454988186728086,
    0.029459289234716177,
    0.207877860168722,
    0.468878905261907,
    0.32368495151468035,
    0.45222333573057477,
    0.4124473970305649,
    0.30793151891104736,
    0.2561655239382069,
    0.30739737101436926,
    0.47064750781759845,
    0.15967606773470225,
    0.3356360295740012,
    0.3711681136311963,
    0.08052747118349891,
    0.4741888330183091,
    0.44609562445429146,
    0.4136902002916373,
    0.3874983587407316,
    0.4110025467573216,
    0.4306927247137378,
    0.44417105483285935,
    0.07992127593528467,
    0.37132164117036126,
    0.2232311562022361,
    0.35751890822837135,
    0.015566348021126516,
    0.3809778836857582,
    0.40997192809663474,
    0.0033999410827226114,
    0.12033756325556881,
    0.17386055947994064,
    0.32550516361037357,
    0.378415838664241,
    0.35209990652818396,
    0.38445036002533206,
    0.41289605307368965,
    0.43531421807047327,
    0.35487207610542265,
    0.36356714514998806,
    0.48844108939065073,
    0.307748174935957,
    0.4472438825076295,
    0.30243288022108833,
    0.18032497963537425,
    0.42986670101520086,
    0.38671261433654475,
    0.268562439032165,
    0.37279549470400464,
    0.39361609506390527,
    0.11798043846641168,
    0.24163028248308244,
    0.016910689799450315,
    0.4141499155219053,
    0.11918361297355412,
    0.06719833166740774,
    0.491042221049081,
    0.43730834130516405,
    0.3536689558099819,
    0.3741887896489478,
    0.08617687261583712,
    0.3832538535574965,
    0.29896549978147263,
    0.45122204560049817,
    0.4260912896866249,
    0.3186703691090448,
    0.4666105250284042,
    0.3553677879056079,
    0.5315809183917644,
    0.24794751786844793,
    0.16745468796232416,
    0.42784747776263105,
    0.11338870733389995,
    0.3698882837778747,
    0.31942196014117163,
    0.3542106933448956,
    0.31311253124084837,
    0.48161399295096086,
    0.3860020073508899,
    0.11733705399084321,
    0.3246772425022777,
    0.23494972027304048,
    0.3640776025330309,
    0.3695260953989336,
    0.39926078007819715,
    0.37843307798537607,
    0.06500048085779392,
    0.012931876166161468,
    0.33661400867235436,
    0.33176558513237575,
    0.014744064930005645,
    0.2821393260249454,
    0.22949640256568804,
    0.4190086934969052,
    0.3467551206476,
    0.36819227069073623,
    0.4902104509101657,
    0.4336410823214448,
    0.32612382754997477,
    0.3268331334547892,
    0.32060117307617036,
    0.3702879866543801,
    0.4029480973915389,
    0.2359008645790608,
    0.34980306515129783,
