{
  "config": {
    "mf": 0.2,
    "mf1": 0.15,
    "mf2": 0.005,
    "T_coh": 40,
    "tStack": 3456000.0,
    "nStacks": 3,
    "gamma1": 1,
    "gamma2": 9,
    "gamma1_upper": 6.4031242374328485,
    "gamma2_upper": 23.685438564654024
  },
  "mismatch_list": [
    0.2478106333216995,
    0.3500987899839761,
    0.3252590966964365,
    0.3491563737619267,
    0.19237098238434122,
    0.33050386198741616,
    0.3352285202124535,
    0.12453918698277293,
    0.20718595622014765,
    0.019706387255219258,
    0.3482454003268532,
    0.32493859711608925,
    0.054451317403983755,
    0.31991935250410897,
    0.32924685526050296,
    0.2560124843043571,
    0.3254088294164837,
    0.34682765590445125,
    0.3755281981624185,
    0.35153090050732394,
    0.3489174627926117,
    0.35484643397052684,
    0.322227144644735,
    0.06681830763861309,
    0.32620162134188924,
    0.3403741323010558,
    0.31644091287735004,
    0.3503016501716722,
    0.35046797167243426,
    0.2774799386887339,
    0.3099008131863676,
    0.19551303840215997,
    0.3397928202239138,
    0.09090857836209318,
    0.32225359995515607,
    0.3294823508926119,
    0.3319523986563738,
    0.09719561782962151,
    0.34616714053115105,
    0.3190301179614102,
    0.3385729485126532,
    0.3452750327682631,
    0.12526519009170559,
    0.22390506186585185,
    0.21654506439862253,
    0.29181541002315814,
    0.322214675953348,
    0.008989709643210022,
    0.3320447753960409,
    0.03415391417702137,
    0.33762256317045647,
    0.10216287341968824,
    0.28703979279853925,
    0.3345880089570742,
    0.329317709954602,
    0.09636037814179851,
    0.2176388939034713,
    0.33067484569452293,
    0.3445592214592467,
    0.2267110053332388,
    0.03687349840362802,
    0.3534338938714864,
    0.3205758019997829,
    0.3289913555104731,
    0.27922338701484456,
    0.36224025953960604,
    0.07778164849327791,
    0.11246526520743945,
    0.28234945058066696,
    0.23297354111160662,
    0.06467065686475731,
    0.3851628102088441,
    0.13282761405301752,
    0.3457950314108021,
    0.3194104130487132,
    0.34949145629002654,
    0.19308489628379868,
    0.31912829535315723,
    0.3264413454867295,
    0.36116323566227887,
    0.0010046512555809592,
    0.32560057620533484,
    0.361327659753482,
    0.34601193242923395,
    0.3219360278066997,
    0.2687062626767288,
    0.03967266540830465,
    0.15487020038054447,
    0.22680625529309503,
    0.3539245097717134,
    0.2961631884980984,
    0.07317538862471527,
    0.06130844712640575,
    0.2884642594719498,
    0.042058305552546804,
    0.09902168478909643,
    0.2919256224126788,
    0.34462601027571965,
    0.08480770187814272,
    0.3595507628074332,
    0.3558932619300168,
    0.01823345532050446,
    0.022999856555837347,
    0.3210075439919827,
    0.11921624841796702,
    0.046913939248849165,
    0.3240930572049466,
    0.32433641353379955,
    0.12570669019020825,
    0.05449718050360719,
    0.34728742534642093,
    0.3353478943795585,
    0.33324838359679676,
    0.36329288815117605,
    0.14033907901474785,
    0.22904845127468515,
    0.3279449070328949,
    0.24832526500577193,
    0.35991099956511374,
    0.08600415413427653,
    0.325982389220285,
    0.3502736227219023,
    0.04110689018801811,
    0.3229511961324071,
    0.07950796592165693,
    0.32292940302833073,
    0.3258933193944206,
    0.25353940068530095,
    0.04690244636809247,
    0.18300336296870218,
    0.35909966723773273,
    0.05745106770488581,
    0.3692949909146609,
    0.22939258715696598,
    0.33293780475785745,
    0.3244577393221651,
    0.30362624241022623,
    0.34525204700674966,
    0.3458115117681136,
    0.03804935021312246,
    0.027987766804245123,
    0.3308567259536679,
    0.32291216370719567,
    0.36800242131144395,
    0.3399647797416509,
    0.34719152484614446,
    0.17194097733506333,
    0.024331838066177527,
    0.3649084510730176,
    0.055848027686132895,
    0.352118338506756,
    0.3410745474867943,
    0.1630062925690611,
    0.1383780249180834,
    0.3561456716130508,
    0.324587034230678,
    0.17687548905731382,
    0.3150773801566306,
    0.34951590576748537,
    0.35133427466532136,
    0.31961820650126244,
    0.35207816763580924,
    0.3315968783167397,
    0.05171818025195647,
    0.11618516375349246,
    0.32241791562295585,
    0.3611177520445672,
    0.3490120080003461,
    0.32300313094261895,
    0.3238332205187821,
    0.2508133110544924,
    0.3859856354169818,
    0.3322950166110075,
    0.3235012280576782,
    0.3269999428608664,
    0.32690561449993877,
    0.355534272041475,
    0.3268300433877933,
    0.3302169736621121,
    0.34013451657961896,
    0.1867434282677811,
    0.05215696976537501,
    0.3679782971041952,
    0.21761330598027714,
    0.32509516051054843,
    0.2843342494026684,
    0.36827478090069704,
    0.34746117385031344,
    0.3245865463253628,
    0.34147381666968624,
    0.32547263658936404,
    0.13151872672759413,
    0.32572564260111647,
    0.3309681852123272,
    0.3225981153193487,
    0.32298361473001325,
    0.3225428735953341,
    0.10502752815999739,
    0.34390217563485426,
    0.07223362294308606,
    0.3358809038305013,
    0.32985505634167944,
    0.3427136924988678,
    0.33067755627960704,
    0.3401054048958154,
    0.07205786860623124,
    0.35214408906505523,
    0.3244460838063033,
    0.09920014971103537,
    0.3307612591470049,
    0.3445822614324618,
    0.11999299367967454,
    0.13631255908397838,
    0.32876442532722994,
    0.33056073006248116,
    0.048209056802045215,
    0.36209280371102953,
    0.362860332983451,
    0.3331054273394599,
    0.08032287622134898,
    0.009246130992168469,
    0.11239050727081921,
    0.21271961566939362,
    0.04855958966512456,
    0.2676495139758309,
    0.2437866613409091,
    0.3203311445900896,
    0.32646406018973445,
    0.34442965549222543,
    0.33407717209211957,
    0.32474018228793117,
    0.3250831255127749,
    0.3398615064499456,
    0.25684739872197,
    0.1652445853081301,
    0.14266844741264353,
    0.11551613714302814,
    0.13060623536487348,
    0.33591234661747715,
    0.06568463253302767,
    0.06583338944244457,
    0.04365386435646753,
    0.3756126057819382,
    0.3222807058059974,
    0.33871552528807825,
    0.24203112380532318,
    0.3443778291054169,
    0.2930359864865407,
    0.11281682809285076,
    0.33489739513857647,
    0.08652729705551311,
    0.35568248683387504,
    0.28320740497149494,
    0.0600229792561092,
    0.3373751409639773,
    0.1524308906516366,
    0.052544149738791755,
    0.042540356003908014,
    0.3237864900319318,
    0.039267920843542754,
    0.3473232592812331,
    0.31379971877137636,
    0.09285781430779085,
    0.02823779117240503,
    0.3272551173406862,
    0.06271220492977361,
    0.01813771745533308,
    0.3905373583136518,
    0.34104283364131,
    0.32574624304775585,
    0.3436855456749308,
    0.3687781907625212,
    0.3560756300944769,
    0.2652978645685437,
    0.03662455826950176,
    0.32419909529343766,
    0.312001733473373,
    0.11905480597035639,
    0.3299034131795803,
    0.3205034293780367,
    0.06943976868517432,
    0.07667052545559243,
    0.13876666860744558,
    0.3288886243357847,
    0.32736093858237053,
    0.31709042327520864,
    0.3537863783558263,
    0.1923204028666714,
    0.32431055455209695,
    0.34152553463309143,
    0.3408238725782142,
    0.1800565232886423,
    0.02514121877229795,
    0.33926946045587053,
    0.3540181333805192,
    0.09566570939643836,
    0.11396351400684,
    0.09364914251725098,
    0.10030281572325837,
    0.06540175587364813,
    0.340357868790551,
    0.019921932981109065,
    0.3508010483675718,
    0.3223413144884784,
    0.26566758837401866,
    0.16319668406537022,
    0.3448339663633739,
    0.007984299423805508,
    0.3394922705497858,
    0.3633020499287604,
    0.31414201145579995,
    0.1009323220031961,
    0.3038481851169146,
    0.29409685527676643,
