{
  "config": {
    "mf": 0.45,
    "mf1": 1.0,
    "mf2": 0.01,
    "T_coh": 30,
    "tStack": 2592000.0,
    "nStacks": 4,
    "gamma1": 7,
    "gamma2": 19,
    "gamma1_upper": 8.717797887081348,
    "gamma2_upper": 47.70744176750625
  },
  "mismatch_list": [
    0.21010802163497472,
    0.3644707385145515,
    0.16049746447973043,
    0.23723052778547987,
    0.2823339190131204,
    0.2904754414933649,
    0.27227705882540026,
    0.19458372450131683,
    0.19230863753842167,
    0.1751682516258469,
    0.31361923797633706,
    0.21673096422630853,
    0.22378738406995313,
    0.16911872491621752,
    0.07349293468942732,
    0.07618089843491364,
    0.15916631272409335,
    0.13691831140335026,
    0.1520021198967577,
    0.15703369427283811,
    0.107221613926091,
    0.17352303305992295,
    0.0716344109089679,
    0.01576470822940336,
    0.02127920098512169,
    0.20471590289762592,
    0.31417443870586836,
    0.2338770604445249,
    0.12278588319923994,
    0.33132494414742825,
    0.3064054594569745,
    0.29283618304088377,
    0.024552579482394768,
    0.14873994516371808,
    0.023587031852518564,
    0.064384924908758,
    0.06247233393057829,
    0.3098301971949244,
    0.058621058045907386,
    0.12456027032442342,
    0.03273183334928364,
    0.09373813665932375,
    0.2375385228783757,
    0.05074502863682138,
    0.07701836174077872,
    0.2790089309180234,
    0.053196845945205934,
    0.19303897840174472,
    0.18987655331155803,
    0.2697639460843061,
    0.23225367114826873,
    0.1128858757107885,
    0.10553158030323313,
    0.2662096060929973,
    0.2419811406675246,
    0.26954312350538173,
    0.18714514787378578,
    0.3337543539273458,
    0.13984061452719104,
    0.0437607465783704,
    0.3275509380947934,
    0.2857056737885984,
    0.03281849988680584,
    0.22966617986913426,
    0.13788176284507955,
    0.33321679009118854,
    0.021415380932320878,
    0.12196757471609661,
    0.05826615170793073,
    0.15898271555536408,
    0.281007031916127,
    0.14610814480409892,
    0.009634369852593158,
    0.3581599111100574,
    0.16702759653380111,
    0.26275190760349604,
    0.201167779188408,
    0.2925283325126877,
    0.24032312812566953,
    0.12803300354270253,
    0.24179429079305015,
    0.13995677226346975,
    0.26007362969289544,
    0.02271602953630294,
    0.02459262390423572,
    0.0677787258009535,
    0.04566480823926267,
    0.3418645781500865,
    0.2604035986201588,
    0.11565147070006034,
    0.205613721965652,
    0.1604277120120833,
    0.14394205962484305,
    0.06769755272202319,
    0.17873574700483627,
    0.10159891449258224,
    0.21543566451621857,
    0.05362786559762035,
    0.1449365924770265,
    0.21270151234915036,
    0.04988436269664052,
    0.31200466712676794,
    0.10751616450190667,
    0.11648488619433138,
    0.2562339912665574,
    0.23980956202967682,
    0.05023991957576621,
    0.12353046368549198,
    0.1590503718348643,
    0.14503034268483825,
    0.22951727822835383,
    0.07092315258601672,
    0.322958768123715,
    0.12475008377524352,
    0.26304898806155796,
    0.06685134325182102,
    0.28204262114304995,
    0.1945305246917953,
    0.06150902705354879,
    0.26241044578259953,
    0.20164693888585142,
    0.11043586546115128,
    0.13757355090513404,
    0.2731956229278457,
    0.11617190361929292,
    0.051590226154125056,
    0.21270382538434693,
    0.1799564513298362,
    0.10583935854907928,
    0.28108784358330785,
    0.22013394497694047,
    0.0702189056510052,
    0.19888907810801817,
    0.15577901724338827,
    0.09090474082585187,
    0.30801793411839673,
    0.1856875742881851,
    0.296926641221352,
    0.20937009112491287,
    0.09419691273409724,
    0.2707062187975166,
    0.08185397866629812,
    0.04138511486677351,
    0.13142355172915282,
    0.056018604320344965,
    0.24208963647471463,
    0.17136359785685723,
    0.2659673156561546,
    0.33722882192202236,
    0.3164063008235273,
    0.07857214313408752,
    0.08387564371046698,
    0.16661226215131356,
    0.3607053340615539,
    0.14227197593055574,
    0.1511666804966896,
    0.14038887615113257,
    0.2672036329687315,
    0.33102656260706825,
    0.2762658880219183,
    0.09550587380831704,
    0.04633450421102514,
    0.04044421551821096,
    0.21117505368410128,
    0.02103560946598089,
    0.1083442311022856,
    0.2830524055710609,
    0.0987553991301253,
    0.11697553878540787,
    0.001624762660904125,
    0.2662085218577489,
    0.11279516136167225,
    0.1046782871627414,
    0.26686983307692375,
    0.08437851201867545,
    0.06726718361075781,
    0.35987300280253126,
    0.3238813800377545,
    0.12230932566639267,
    0.20027581499072328,
    0.09416915631173817,
    0.0529887450598628,
    0.23240278963609884,
    0.11110722392696129,
    0.2625372290243126,
    0.09128321120989377,
    0.17534107872444205,
    0.050867547219890716,
    0.1988238794284143,
    0.26743088867679643,
    0.21633557977239157,
    0.2213790807362044,
    0.1859389000187645,
    0.22955833460309327,
    0.3505837811706792,
    0.24610296938784657,
    0.13175149675061923,
    0.1563007512449189,
    0.04722126407951752,
    0.37245548057787714,
    0.2502428686956419,
    0.057297568219359,
    0.3452036613034127,
    0.06016226231033473,
    0.11234542058063544,
    0.20390113624962738,
    0.29715845071746017,
    0.09121873535378885,
    0.15485452598825153,
    0.28821061862415465,
    0.30335803558546826,
    0.27784113727314547,
    0.15231437964829722,
    0.35883531738746144,
    0.1630491037133178,
    0.22650194772020021,
    0.3052162702365281,
    0.11528911928004466,
    0.16578939988012695,
    0.11389580470349925,
    0.11343673949932619,
    0.21327109726631044,
    0.03770384706905191,
    0.09366115595668725,
    0.08437439192473152,
    0.25554167091927826,
    0.22434656032872857,
    0.05994425874305619,
    0.0514778271000408,
    0.2926604646482929,
    0.07919528927251862,
    0.21646272442585407,
    0.235475367765368,
    0.025057399414050358,
    0.1709011353822392,
    0.07903475017340536,
    0.2502583371185191,
    0.14288543623410113,
    0.2887534590718541,
    0.1474066249375842,
    0.09769241489259277,
    0.3493971941148289,
    0.3346422703134365,
    0.018885715533101123,
    0.10389713180744328,
    0.23361619344375956,
    0.361789641592305,
    0.03984629591989265,
    0.022765904357729398,
    0.07712165321877641,
    0.0998624033187429,
    0.22972682476069484,
    0.18463991390882997,
    0.26612799931996767,
    0.1032144972950499,
    0.1115438093203175,
    0.033778120363990784,
    0.35715272884664256,
    0.28953381932130345,
    0.09560547888647015,
    0.19674749664537614,
    0.026494733941680865,
    0.193567073250066,
    0.27248783415768946,
    0.1504239793515348,
    0.1992747767270494,
    0.25606774186180253,
    0.29186709357586277,
    0.15387900339409002,
    0.29253563303002694,
    0.09381511736196023,
    0.2696451861834312,
    0.3092290971732108,
    0.25701883302170003,
    0.14321807960831062,
    0.3127757752354308,
    0.2740768170553963,
    0.10982074266355833,
    0.13439457315682177,
    0.032869169814081126,
    0.2787524731406016,
    0.10726259801848058,
    0.23316450103927563,
    0.22568190446065947,
    0.13812773968176684,
    0.20203610705767755,
    0.13115032444655572,
    0.20476389837795517,
    0.22928893828504054,
    0.06754626576369628,
    0.024249861001041154,
    0.3169994497867526,
    0.2721940786877226,
    0.24955604180695465,
    0.2540642919698068,
    0.19736984767795843,
    0.1587466414006122,
    0.12225092152767879,
    0.2395455868878661,
    0.16185239712848246,
    0.13849847585437014,
    0.09018249558571689,
    0.34389368827629435,
    0.33606088371244464,
    0.4002771016165514,
    0.11750797057472274,
    0.15671529052155764,
    0.1304056716779538,
    0.24324839482585592,
    0.13592500735111498,
    0.003403920421180579,
    0.04243610023422373,
