{
  "config": {
    "mf": 0.25,
    "mf1": 0.35,
    "mf2": 0.005,
    "T_coh": 40,
    "tStack": 3456000.0,
    "nStacks": 3,
    "gamma1": 1,
    "gamma2": 5,
    "gamma1_upper": 6.4031242374328485,
    "gamma2_upper": 23.685438564654024
  },
  "mismatch_list": [
    0.34591473084811714,
    0.37313334202889026,
    0.2583055850738271,
    0.40015375522831204,
    0.4202567552930408,
    0.3650050563254159,
    0.08586754064603651,
    0.4019146597223645,
    0.16302640511038533,
    0.37673798649716617,
    0.13405128058339597,
    0.4106037654797448,
    0.24581916646039115,
    0.04831607070116656,
    0.3634017994598563,
    0.14248987406730124,
    0.3574156349366661,
    0.17510975972181156,
    0.3687722274753361,
    0.1107154199005302,
    0.20207883443973995,
    0.13268568781801263,
    0.06964132779203003,
    0.36914124652868924,
    0.24774341081161314,
    0.26663369510970336,
    0.39459770634627117,
    0.3836214088949042,
    0.24656148729153027,
    0.33363236507981425,
    0.26986460410657975,
    0.3821975385502121,
    0.0791424706289132,
    0.4188529974896729,
    0.25392408692044033,
    0.3388492655561291,
    0.33714072956590196,
    0.3770652625402237,
    0.19784663531278687,
    0.20113115968262735,
    0.3035566345852658,
    0.3158303806930012,
    0.197107350336942,
    0.3718030952930039,
    0.03888605361689089,
    0.35112057213728876,
    0.16214297121976654,
    0.13653878451509963,
    0.33113109137588326,
    0.24549107724180838,
    0.3642060300543169,
    0.15509441997870346,
    0.37215102599440253,
    0.38793606402011643,
    0.42229262153802716,
    0.3740085357408533,
    0.33668410440262986,
    0.3602121455679603,
    0.4027290821167414,
    0.3328631552446406,
    0.14756869733943062,
    0.3770843992709177,
    0.2948005231646059,
    0.31709156172094394,
    0.03934793731522619,
    0.11115073986504105,
    0.3880964764453951,
    0.3921555776088758,
    0.11648115964467916,
    0.20922447883851647,
    0.21825864207710616,
    0.34504587990525093,
    0.4303238682954898,
    0.37997876202374886,
    0.37765378477368944,
    0.3891258482369433,
    0.418845299428034,
    0.012721317916826456,
    0.37753858490761405,
    0.35501535763296965,
    0.4168614222049612,
    0.3898143368483116,
    0.2113945732568688,
    0.06612179569539572,
    0.3865719891823802,
    0.1253776251609952,
    0.23158832371021418,
    0.42436296642528365,
    0.28225870019205035,
    0.3312836973161196,
    0.3205709771583332,
    0.3678451531648629,
    0.08458565074805101,
    0.3793426419162058,
    0.34468629368799064,
    0.353298201982175,
    0.33030571821776644,
    0.41726172141018514,
    0.368322270351371,
    0.22058540831332107,
    0.3785490910269767,
    0.3936708488826047,
    0.06063513779150852,
    0.36429060030894167,
    0.12306701401188169,
    0.3868521552566756,
    0.3801621059988392,
    0.37459619058709215,
    0.3960313347972661,
    0.15072875164220798,
    0.4049726876025753,
    0.4340208352917311,
    0.38319579282499455,
    0.3744487889702173,
    0.0666840794652471,
    0.4381545317567269,
    0.3645879514926704,
    0.370548094399053,
    0.3279166627363183,
    0.26978306970724925,
    0.36140653777943016,
    0.4045298322115306,
    0.3980448116094576,
    0.037341453812551766,
    0.4172075639202043,
    0.3670542586490162,
    0.3741767004394726,
    0.34627751555577674,
    0.36320745050932435,
    0.32231388336742706,
    0.3814353220245555,
    0.3989853304219481,
    0.4011635023838512,
    0.32845238277234523,
    0.3399615270395499,
    0.3353391120838859,
    0.3846236206239095,
    0.35494401503355544,
    0.3833349542632136,
    0.07763202419663408,
    0.3733054099700307,
    0.26012536347590687,
    0.36025361751974744,
    0.34797184808016307,
    0.4138184651778182,
    0.37105448590446966,
    0.3705780734700834,
    0.09798320543166555,
    0.10641355873691506,
    0.37776876779295815,
    0.09620809747177224,
    0.42519050805146774,
    0.3755336735442884,
    0.3683374496278421,
    0.12011827692226291,
    0.3389294446629176,
    0.36228286993712855,
    0.3388138653149304,
    0.3448927860596994,
    0.09903811093470623,
    0.2821954893478885,
    0.36345644485515227,
    0.3230197197233338,
    0.3779096640056311,
    0.08063578616346063,
    0.17759075824931334,
    0.38731815904433875,
    0.43393686136582477,
    0.14570121263987026,
    0.38035575019724926,
    0.19854119563474368,
    0.38668680956654383,
    0.4054635203496091,
    0.1009379600201711,
    0.42602515141057223,
    0.3334938541820154,
    0.26822990445404427,
    0.4146499642582251,
    0.42092941408751783,
    0.3529040286992412,
    0.41452397626351484,
    0.3488930133151529,
    0.04055512348829315,
    0.38518438646611375,
    0.3622160811206556,
    0.33349732373092306,
    0.36079150602384163,
    0.3741885728021411,
    0.09034607774543507,
    0.34232862678181664,
    0.2938666181797207,
    0.3823331220161202,
    0.09035583585173794,
    0.05780268480199881,
    0.4016396979714307,
    0.40088675164676174,
    0.35436709410424977,
    0.37903423154533383,
    0.3836339317979929,
    0.376309388783664,
    0.3766044088642204,
    0.18724082063071845,
    0.36618069128810365,
    0.3633189639796854,
    0.3687347129777718,
    0.3771762338935679,
    0.3715814778565257,
    0.42158884522678436,
    0.4281003753509801,
    0.3413717902471197,
    0.02228794848934214,
    0.15473824909864914,
    0.364891482810391,
    0.3772564672120581,
    0.2597732584734787,
    0.13920789764743985,
    0.4086043837099908,
    0.335878897997539,
    0.38446770776987044,
    0.2512472757264612,
    0.23088926381701771,
    0.3573629411626307,
    0.41018557641296566,
    0.397315555798424,
    0.39133904095813327,
    0.23385491495756144,
    0.2812339906068469,
    0.1300061118272477,
    0.33841183133525266,
    0.371853295328762,
    0.4248379693554261,
    0.33290983151978926,
    0.3764270281763151,
    0.16719723659103375,
    0.055259722299473894,
    0.11208372325099769,
    0.21051563893748967,
    0.40274951992827573,
    0.22973824096689388,
    0.3792781299912036,
    0.3526489626428248,
    0.3845569402308399,
    0.09867624782597523,
    0.14253768878818524,
    0.3598940855141888,
    0.3954192304735685,
    0.28353440995604406,
    0.3859704561405107,
    0.3873898269139631,
    0.39088030153849557,
    0.21222417492771684,
    0.32567452096642985,
    0.37154933031742793,
    0.3867502914692141,
    0.33537586761762667,
    0.4143349400597478,
    0.3920782717222765,
    0.09956548236867405,
    0.08473896144040925,
    0.2545724588725636,
    0.39519143290309844,
    0.18090130423596143,
    0.41656678160631655,
    0.41197597207273345,
    0.30821618455658245,
    0.13615155032998122,
    0.3541181539701235,
    0.4296158634715157,
    0.09393922933295429,
    0.35470786886102623,
    0.3611220889807018,
    0.3171797099478798,
    0.3693296321920361,
    0.2577935013397338,
    0.13788805955827654,
    0.3271424112128882,
    0.32364960548518334,
    0.3426013116412799,
    0.367144466920616,
    0.22527705161203374,
    0.16959382749901578,
    0.3861442588561049,
    0.1218077303934978,
    0.35872869656311906,
    0.16561051429448728,
    0.17444469056557008,
    0.3796760980932552,
    0.2967733954122372,
    0.40602466567372514,
    0.31582642323877835,
    0.05001408962126729,
    0.37247569987577933,
    0.3476773701166235,
    0.32209871712344906,
    0.3537162284138491,
    0.37961033929911425,
    0.07455247427085532,
    0.24353051105045906,
    0.36596536240902056,
    0.38103523966613834,
    0.3840636137455288,
    0.1060447565303687,
    0.3906214948746631,
    0.42546308448752757,
    0.043957124615679695,
    0.36146275531407496,
    0.4126234224259281,
    0.0860151048980164,
    0.07794363305790536,
    0.3591953508912024,
    0.3485303912425983,
    0.409892995858985,
    0.39286661828814406,
    0.3930246996102504,
    0.09174669127010536,
