{
  "config": {
    "mf": 1.6,
    "mf1": 0.9,
    "mf2": 0.07,
    "T_coh": 10,
    "tStack": 864000.0,
    "nStacks": 12,
    "gamma1": 9,
    "gamma2": 93,
    "gamma1_upper": 26.758176320519304,
    "gamma2_upper": 100.0
  },
  "mismatch_list": [
    0.6273408497561501,
    0.4586534040153341,
    0.5277699140624518,
    0.7789355073184234,
    0.29907542946818383,
    0.6972680693992785,
    0.7128363825454216,
    0.35080872544600816,
    0.4243960784088375,
    0.4704309064215226,
    0.5337250746577097,
    0.7896522484376988,
    0.20973912981252602,
    0.23281680017755432,
    0.7978457985840541,
    0.33059441122408717,
    0.37554527532141335,
    0.3303946409301088,
    0.3447764215323428,
    0.5200291268883442,
    0.559407212959904,
    0.5095086322993816,
    0.5078139730348593,
    0.1568014656254686,
    0.619091583485063,
    0.06748831438650786,
    0.6319741381768568,
    0.33820313857834894,
    0.49726116824366834,
    0.5121367094531086,
    0.14257261636633178,
    0.3471469928797205,
    0.44524624223132087,
    0.7668490386034272,
    0.026797192655435655,
    0.7269668645865329,
    0.38635488116622047,
    0.5388222259062118,
    0.5131602272686614,
    0.5207492757581432,
    0.49211208213990687,
    0.7665689536037422,
    0.11019107147678116,
    0.8220062537589071,
    0.6332889357182021,
    0.2333349018599292,
    0.17388103969026442,
    0.4236265426359682,
    0.1722011802331387,
    0.5187830156326083,
    0.24570943825460723,
    0.2954524040904716,
    0.6784347723697463,
    0.39940912446616333,
    0.535609637677946,
    0.27456282832667955,
    0.2772327027386583,
    0.4581382297673893,
    0.45727696771571097,
    0.7953046228635015,
    0.2456003642162125,
    0.4809966678206541,
    0.6879084109853386,
    0.3424610919568956,
    0.6728947924519464,
    0.680103870794754,
    0.6967886749054791,
    0.5869251237084999,
    0.7449655988506242,
    0.34106877161490184,
    0.2790240215511217,
    0.5876717008057926,
    0.8158829689779773,
    0.3164917669159359,
    0.691641540424671,
    0.5926944464291968,
    0.6343928495570846,
    0.5335341408787703,
    0.6653773576825042,
    0.7283644705740254,
    0.31021908810851195,
    0.15182450182384585,
    0.4902647083792823,
    0.5453130527904251,
    0.6152382665988514,
    0.6886340623476311,
    0.1748232940945082,
    0.5482899012294465,
    0.4994128325497748,
    0.5802400290228018,
    0.3780467680419139,
    0.5217463382403278,
    0.515694626520626,
    0.5325955728734384,
    0.6457480966526088,
    0.3531378790173752,
    0.6729257744663314,
    0.40086969739977685,
    0.6709925835075067,
    0.4233610677025592,
    0.8043208634023316,
    0.3156086033177807,
    0.730804839547861,
    0.5868121735300729,
    0.57169810062633,
    0.4372436665227164,
    0.4347878200946255,
    0.5556431828238098,
    0.775768226559138,
    0.8398136069971321,
    0.3777944123516916,
    0.708537228237859,
    0.46473222160938854,
    0.4292563785272468,
    0.5595609574792317,
    0.35412534602003903,
    0.6615521495879961,
    0.540208745591094,
    0.5826519639344415,
    0.8250767800996911,
    0.7009230526028525,
    0.3100811192080574,
    0.5995963338979667,
    0.4339307865593462,
    0.46085071461385024,
    0.7213147747724109,
    0.7728475550447123,
    0.7641337618519081,
    0.6197538071013704,
    0.6626012282430633,
    0.6805312762215452,
    0.5580441398563367,
    0.4317010031233557,
    0.5635609713574394,
    0.5569849778160103,
    0.5774196085846689,
    0.29921600053257624,
    0.5100842526471325,
    0.5199404906792114,
    0.5678170815365301,
    0.35803813319458017,
    0.6402126976275746,
    0.2980678499067504,
    0.5007416167222861,
    0.3122416200292028,
    0.563364047180268,
    0.3754257926272672,
    0.80759885810541,
    0.13520529392905395,
    0.5437413999837148,
    0.5747256099445165,
    0.8550372011861964,
    0.7468750450635161,
    0.2834048187522342,
    0.6271117509061223,
    0.4685834242374006,
    0.5314193405617833,
    0.5980807902511663,
    0.7966574634995006,
    0.47959475199913953,
    0.4973694833175812,
    0.5727951837848756,
    0.4935126968794525,
    0.3279150497560851,
    0.6797746428448678,
    0.5583676755726089,
    0.7632613321799965,
    0.6316891470139139,
    0.45871824126678545,
    0.7613243463987623,
    0.7742111025010807,
    0.42723699088798084,
    0.6472587883479002,
    0.606988675057272,
    0.4693650492302311,
    0.5768903934938096,
    0.7897740893429135,
    0.6076300000444537,
    0.15517652266978116,
    0.4996877403274585,
    0.45350811273398195,
    0.67814029415078,
    0.8242438843455226,
    0.08969453089110128,
    0.5986190587040595,
    0.2717963485785083,
    0.4495566725826141,
    0.2662505408977227,
    0.4649064581697268,
    0.7830781794133487,
    0.7407269719604909,
    0.3566065093347752,
    0.7923085699125012,
    0.8360746769006883,
    0.6391202766794176,
    0.31013549359200865,
    0.6476552930779295,
    0.21497110568005764,
    0.3766565619581197,
    0.8172443208585233,
    0.8174941557024309,
    0.5114049592690868,
    0.7718104165272973,
    0.7508099506315289,
    0.7386712082378438,
    0.4065903379701365,
    0.5815764570518805,
    0.3249000091401008,
    0.606300809283827,
    0.6551491728425595,
    0.7973344733702674,
    0.6616273141775758,
    0.6630720301746931,
    0.4876337037911252,
    0.35113090586856277,
    0.45910563842303226,
    0.5929660201843351,
    0.678711604664509,
    0.42375567502138384,
    0.42156866465512166,
    0.5112557143249017,
    0.6117628869187376,
    0.8333075059527211,
    0.4043690657786927,
    0.6939413654399885,
    0.6060977862849263,
    0.4165272972960372,
    0.45550299666283317,
    0.7471906929703517,
    0.36110115120816844,
    0.6121294667634816,
    0.5114301135204861,
    0.4582081629232189,
    0.44510203897976525,
    0.49026969586016317,
    0.731055785732617,
    0.31617690507945656,
    0.7648532059689738,
    0.712999478591401,
    0.553078018404455,
    0.5584263055788334,
    0.4373802801294533,
    0.49669405914046405,
    0.29218560411350075,
    0.4134475820638478,
    0.5524510866365546,
    0.7933230750248317,
    0.33747783959242306,
    0.579467836874246,
    0.026403723783333857,
    0.7825752841264856,
    0.7097176890659131,
    0.8065557698485747,
    0.7838729914140516,
    0.5230268739564916,
    0.5960478767805985,
    0.4829461765158391,
    0.8334936962036488,
    0.7893445696579228,
    0.31806976249724467,
    0.6983671854984006,
    0.4748937802101746,
    0.3104838582891878,
    0.28970438658701586,
    0.6360678299568269,
    0.5511163120658114,
    0.49218223214273127,
    0.38239140600664007,
    0.5389512498681299,
    0.17523936926582004,
    0.3224233996122559,
    0.46764382620884337,
    0.11966820675016505,
    0.030195076640775496,
    0.7802570542224826,
    0.5100066756347356,
    0.7490222369003544,
    0.5168275436450657,
    0.5678257012045742,
    0.702068953441107,
    0.19946031119929072,
    0.4642508754926357,
    0.5887754520094289,
    0.5917641999272912,
    0.43878544865589014,
    0.5807057621559275,
    0.6211852412200549,
    0.4029828171525539,
    0.38124466488628056,
    0.4243613828896662,
    0.28222907434631744,
    0.5420084130128581,
    0.26194303798085955,
    0.6231483570641649,
    0.6018501873503823,
    0.8353791401648015,
    0.7952831956698257,
    0.3606368817922578,
    0.6505303860646314,
    0.5649629413907027,
    0.5050236943290065,
    0.04304738117679178,
    0.41470393934008903,
    0.3946379484626253,
    0.479797449727548,
    0.650808898923604,
    0.5008542687360954,
    0.3724103183172933,
    0.6322146214941127,
    0.706927464571809,
    0.46708278882149407,
    0.6765185767941405,
    0.4529916916158169,
    0.7321906273741358,
    0.6535806372113997,
    0.59461137386341,
    0.8028348651585754,
    0.6026579424060887,
    0.5172537022016367,
    0.09475004751659774,
    0.5862919575894985,
