{
  "config": {
    "mf": 1.4,
    "mf1": 1.0,
    "mf2": 0.03,
    "T_coh": 30,
    "tStack": 2592000.0,
    "nStacks": 4,
    "gamma1": 1,
    "gamma2": 15,
    "gamma1_upper": 8.717797887081348,
    "gamma2_upper": 47.70744176750625
  },
  "mismatch_list": [
    0.5367553219325756,
    0.5435244194353939,
    0.4018020423522527,
    0.6176984345666919,
    0.5698919003000874,
    0.5637001942082177,
    0.5974177419629978,
    0.37851678931053917,
    0.27584549387493823,
    0.5730160518860056,
    0.2489102712930069,
    0.5341278223727751,
    0.6290870609100232,
    0.5941709272293105,
    0.5781552185399023,
    0.5818681821480521,
    0.3172395717530985,
    0.5790723008541749,
    0.6076334787557837,
    0.3506753629079941,
    0.20734358316330115,
    0.25553639430773606,
    0.7187502078117559,
    0.5594858802212072,
    0.5891271371360981,
    0.42519792353047814,
    0.40405815519830085,
    0.5899851647705079,
    0.675115268663375,
    0.6182482864023311,
    0.565708017182382,
    0.5743530585119839,
    0.17579009668197992,
    0.5512641243325809,
    0.4301136654408544,
    0.4638757391231688,
    0.5624380359555539,
    0.5325475494982304,
    0.6602917489119338,
    0.5840585541968722,
    0.4244028176816506,
    0.5100078166133175,
    0.47496081573812277,
    0.2946847318570579,
    0.30376093740377413,
    0.510725616488934,
    0.5866673687692253,
    0.36478690151298526,
    0.5560235556613127,
    0.6565096472361108,
    0.5088179045693721,
    0.4855291458336887,
    0.6014271354880606,
    0.4448402184199136,
    0.52897054899023,
    0.5244762131797324,
    0.2717895866577191,
    0.5128540787050704,
    0.4504172715494647,
    0.6073040880873194,
    0.6603992327662253,
    0.5120770434437162,
    0.36219102548126314,
    0.4760583870800793,
    0.5535148160023871,
    0.23857187135245192,
    0.5143988609458174,
    0.4164397964644679,
    0.6072782832884075,
    0.6025994467798068,
    0.302486093598704,
    0.6044590909366896,
    0.6998925739715884,
    0.5233722087086353,
    0.7075248130850714,
    0.6701324848734727,
    0.41998940196185863,
    0.6086812836998385,
    0.5276289524350334,
    0.6779271966389285,
    0.23924185645361395,
    0.6612314556017231,
    0.5747279509197062,
    0.5683657307644379,
    0.5915722321859426,
    0.5809972159730115,
    0.5454639355889089,
    0.5190836246071093,
    0.5991858766649155,
    0.569593085065628,
    0.6001002845322421,
    0.5661310496351332,
    0.5519564085386851,
    0.6837594787459532,
    0.6853267046563423,
    0.6882007231704542,
    0.34626368196459956,
    0.6407794899699566,
    0.48785699891200607,
    0.4270615070754301,
    0.5094671807772897,
    0.612754032704583,
    0.4995912794525277,
    0.5818707481714734,
    0.5525460879491155,
    0.39554166802798424,
    0.5497555916903054,
    0.38545900304135217,
    0.5920118534379943,
    0.6216794211282465,
    0.5338771471833448,
    0.7120468872473407,
    0.5343994955848494,
    0.31566034697262724,
    0.4995527529600345,
    0.5839662496360584,
    0.560170213368823,
    0.5317954877887644,
    0.5712936357703954,
    0.5567805325705715,
    0.6812015148067503,
    0.6448737068326192,
    0.5955649646293549,
    0.33055665505041115,
    0.570684259419619,
    0.5499297921535485,
    0.5816851270969471,
    0.5127144653462512,
    0.5490445502144039,
    0.39049795021712175,
    0.5282823848780698,
    0.38370261422129215,
    0.20116908027070607,
    0.6662606085190821,
    0.599148253701796,
    0.08343125182332227,
    0.6863515960954809,
    0.3414036336048162,
    0.581458015953582,
    0.5184617434098013,
    0.45046700180619137,
    0.45702395061207246,
    0.5427538895855302,
    0.6502455142296479,
    0.5563327795541567,
    0.5567073105501295,
    0.43546787208568405,
    0.5666963698936496,
    0.5372557326408877,
    0.08894675653193912,
    0.3261826332113111,
    0.20558329109634688,
    0.5677325012381966,
    0.5389282377938964,
    0.5500614905950544,
    0.5001339753355274,
    0.5862119176825469,
    0.5452033938587181,
    0.639527993363902,
    0.30247445614037116,
    0.5552259560714138,
    0.5225900414004387,
    0.5305897459101924,
    0.35309002708853343,
    0.4629709086672031,
    0.5282525322675639,
    0.6143997933881311,
    0.5433320761023275,
    0.5250364013914063,
    0.5310703512546336,
    0.4667351927437773,
    0.5591690666816242,
    0.5406080434642444,
    0.6297499984820707,
    0.4441617401426391,
    0.556825564474555,
    0.5537534923217351,
    0.38064196267975536,
    0.5080283644614864,
    0.5692585623503214,
    0.45539727246889616,
    0.5524594575527683,
    0.28822587019998214,
    0.5674134469457671,
    0.5272072572057552,
    0.5072152964487103,
    0.5818773258653137,
    0.530746634750636,
    0.5328837347075847,
    0.5203671061529916,
    0.6803271513612645,
    0.6820021141141697,
    0.3192018929880049,
    0.5435058790126462,
    0.24812644149076274,
    0.5362084336732821,
    0.5713830851783885,
    0.6179683368611939,
    0.5339665243089879,
    0.7388860465862637,
    0.4065915431385401,
    0.6824963085403909,
    0.37503762296311954,
    0.5288096846205422,
    0.5327776242179412,
    0.5224415373125827,
    0.16501785807736466,
    0.5703477850808651,
    0.4672688171918654,
    0.56078931169566,
    0.5008546665051397,
    0.5104817358403936,
    0.639532041175496,
    0.531339313878587,
    0.5455743107371961,
    0.562798761022697,
    0.6169310851402234,
    0.560838210705363,
    0.5270250334016738,
    0.5605901376805288,
    0.13695878951929058,
    0.4118267368942703,
    0.4733810488400273,
    0.6489050741920496,
    0.5596983903298938,
    0.5954528547046702,
    0.5598914203452842,
    0.5425737981107707,
    0.5229557178085495,
    0.5020789126652845,
    0.4945542839002052,
    0.5264958543181042,
    0.5047662258696217,
    0.6004852603277744,
    0.6400872057638524,
    0.2751966152199451,
    0.2313038810706693,
    0.5951190909540374,
    0.5543610254725893,
    0.42897243555956227,
    0.5137134797041281,
    0.5940054367892296,
    0.5247784979669866,
    0.5285174832210981,
    0.4879498094492692,
    0.6338893195310669,
    0.5138379499106446,
    0.59976265367589,
    0.5605847887866366,
    0.5750703885523262,
    0.5486174699500587,
    0.5383897704283654,
    0.47542414560093954,
    0.5864583282133335,
    0.5980313829724179,
    0.49666077228197403,
    0.6072287698787304,
    0.3712970113561354,
    0.4188370405986829,
    0.5013018412627553,
    0.5491784532675814,
    0.5465306785086359,
    0.5685698561205369,
    0.5774453335815991,
    0.4882001955093,
    0.5708784459526076,
    0.548860049516301,
    0.48318278847379864,
    0.5584536159823793,
    0.17357623286944449,
    0.5123106961397467,
    0.39659626751292915,
    0.6254067327828502,
    0.4156204398872511,
    0.5033470342118145,
    0.5574504453893836,
    0.3038381349534603,
    0.5563551870826237,
    0.593597583629956,
    0.568874273237113,
    0.41023005592629974,
    0.5928900839891993,
    0.5421544520578641,
    0.7087473063982312,
    0.5283848812502187,
    0.5077210560509146,
    0.4435132590405704,
    0.5598319319713219,
    0.4205603241024917,
    0.38978633048242106,
    0.5363180859980704,
    0.3195459569734975,
    0.5267546612718976,
    0.5217554332473945,
    0.6126653784024386,
    0.5339721261911047,
    0.538887831960306,
    0.6094549216907478,
    0.5265715700796175,
    0.5327439045017158,
    0.474884015741361,
    0.6228045320455124,
    0.4558446279323865,
    0.4530935255542683,
    0.4000125482159415,
    0.4065401142465909,
    0.07509608492771332,
    0.5566326428826895,
    0.5260784237474697,
    0.5765266610556288,
    0.49419547431533434,
    0.5816395892165143,
    0.5191381254989289,
    0.5269452698285665,
    0.5798361445866737,
    0.634956604568418,
    0.6184456172175401,
    0.6300346825171259,
    0.5080773718947141,
    0.575024453118969,
    0.564500215256838,
