{
  "config": {
    "mf": 0.8,
    "mf1": 0.15,
    "mf2": 0.03,
    "T_coh": 40,
    "tStack": 3456000.0,
    "nStacks": 3,
    "gamma1": 5,
    "gamma2": 9,
    "gamma1_upper": 6.4031242374328485,
    "gamma2_upper": 23.685438564654024
  },
  "mismatch_list": [
    0.21581846496097137,
    0.0826927949721032,
    0.11339239372961436,
    0.18063160102009074,
    0.1988253733749636,
    0.21267548734422403,
    0.14543346104526017,
    0.07413721263596701,
    0.23302845756541102,
    0.09489769221870172,
    0.1638306357048459,
    0.22680582159948157,
    0.18379669701112455,
    0.171392517549141,
    0.0059524448447436495,
    0.17346264558959074,
    0.018252971533110177,
    0.06319490592155502,
    0.17362191956913406,
    0.08248332095680184,
    0.24986357625271588,
    0.06503387526603037,
    0.30919996430701563,
    0.09005821360950075,
    0.011217051618539144,
    0.1262010466978514,
    0.2916671410190564,
    0.11613848747834378,
    0.20224401749476667,
    0.034039961180084656,
    0.024716524301316878,
    0.1201499907677472,
    0.14191463370074772,
    0.10088586257485416,
    0.10553272700797703,
    0.14756495673201453,
    0.23815325236056722,
    0.2899171330770421,
    0.18124110318210762,
    0.08322667181027292,
    0.024987474386326248,
    0.23714870952838965,
    0.12968984075963172,
    0.15108465146375388,
    0.0560154334209286,
    0.05477658761407904,
    0.21974572326596012,
    0.10999364530432877,
    0.1435355093693542,
    0.2453039926593019,
    0.20018787607335103,
    0.36529096884008966,
    0.21061110574415265,
    0.160848449995289,
    0.16116417894588816,
    0.3536310618305058,
    0.049611730371379434,
    0.07187365724391395,
    0.14392111720342216,
    0.049909244190213246,
    0.360029289498185,
    0.1136034940959662,
    0.06677970890701511,
    0.11713018213722261,
    0.09661929322903436,
    0.20766648874386173,
    0.05615074582832824,
    0.13877702304246695,
    0.16992175408249352,
    0.026588562783818586,
    0.06097537043126818,
    0.10118473168623004,
    0.14131282960036975,
    0.08116142282297462,
    0.03716689213313396,
    0.11960939167856885,
    0.16664769257107778,
    0.10510678566785726,
    0.1254750978006204,
    0.07825957885531125,
    0.07229672536384454,
    0.19623589723239504,
    0.1328541235751403,
    0.4734515538754265,
    0.17725963317543633,
    0.09984304628128869,
    0.0465668759346775,
    0.12817299734655405,
    0.15350016225562313,
    0.004961021244373232,
    0.1809650029854384,
    0.05691903406457329,
    0.08231938477091381,
    0.22900654562928455,
    0.07880039479129633,
    0.14167588536653777,
    0.2683126857225135,
    0.28805723801571725,
    0.24424426231481147,
    0.07306913368941748,
    0.2333245076682994,
    0.23421054372059896,
    0.22858499543700106,
    0.06686005064890865,
    0.10853220625037067,
    0.21498295421463995,
    0.04399225379836998,
    0.1672679286500278,
    0.14450161610503887,
    0.06775996489683893,
    0.14288111991834418,
    0.07630557227986552,
    0.11845435716252051,
    0.18529895747644962,
    0.1576522906991911,
    0.13869603076015322,
    0.26567474431864074,
    0.372588460215279,
    0.016055445993706455,
    0.12248445506560104,
    0.20757091351379542,
    0.1294168306299584,
    0.02206036776567881,
    0.0832811003587622,
    0.20232078126434916,
    0.19503532488693337,
    0.2276601980179985,
    0.10472670742736093,
    0.04186509504775021,
    0.1793013542842044,
    0.1279644449301813,
    0.06571347315832278,
    0.22936504761251122,
    0.038944385407901315,
    0.06839521761715502,
    0.08374211666987058,
    0.2819482839882161,
    0.12991666251947148,
    0.0925796540664577,
    0.5216305773947396,
    0.11573732088589293,
    0.05801497782578766,
    0.1934836775613755,
    0.2044315680810608,
    0.1509691263274684,
    0.17889704341305598,
    0.29568108383503555,
    0.07998296885179941,
    0.1980295455942638,
    0.20040022330884158,
    0.01929264354797806,
    0.3190415566304652,
    0.1467413725600533,
    0.19532557433774173,
    0.23257264557766416,
    0.00546735853808822,
    0.05402185230325462,
    0.1320925033782022,
    0.24017383090567912,
    0.18043399936745785,
    0.1133090703441283,
    0.1797940844407971,
    0.0934602147368873,
    0.21822372974122262,
    0.23271489708287918,
    0.1004884908015211,
    0.24518179948370944,
    0.20442696008641778,
    0.18246590815822142,
    0.1650833597073262,
    0.19634518802298706,
    0.19194167991871713,
    0.14718384846918622,
    0.045517228966700025,
    0.18507359943255527,
    0.035470065870470247,
    0.15295370830266306,
    0.16252765745490588,
    0.11798672702380686,
    0.19901625277658783,
    0.13216026800530536,
    0.09572192693108315,
    0.11193377368414376,
    0.06404375274650034,
    0.10258236356730778,
    0.15155005892269857,
    0.1996834904008966,
    0.24515913899240613,
    0.2608010581256781,
    0.13422009582243544,
    0.1889068004351248,
    0.18682463739690153,
    0.08727411745789188,
    0.04557111539817248,
    0.2574104414556449,
    0.18079504930066362,
    0.2095920883876258,
    0.07035399482234879,
    0.15318828233584345,
    0.08311467043459678,
    0.10896259295002841,
    0.2540274686355489,
    0.134018319868773,
    0.2690460074111733,
    0.10331086041451785,
    0.1854748744484095,
    0.134825206836616,
    0.21991312900075582,
    0.17944127468624707,
    0.1512607852825205,
    0.4824794827683227,
    0.1083038123511821,
    0.16237288304660222,
    0.09310876027487935,
    0.039321373581401746,
    0.161869147914568,
    0.08693182477346827,
    0.02090012892626894,
    0.12082839600260259,
    0.11668206821111468,
    0.13687885451975426,
    0.07560754240900106,
    0.07576063625455257,
    0.05351518973932954,
    0.18469693652926494,
    0.18701925740594189,
    0.13865255297540383,
    0.17271343987233795,
    0.08538017744791042,
    0.36378621463648725,
    0.03201721416690547,
    0.1673017567518777,
    0.21017280413604925,
    0.283988324534232,
    0.1758585859571526,
    0.34349970796156304,
    0.241937229138009,
    0.23662334392738407,
    0.06162363395998808,
    0.14709494127842684,
    0.12026253426044017,
    0.1598970346307603,
    0.14134307972990862,
    0.15884711660427442,
    0.21078133048743583,
    0.05458695508159349,
    0.11891992725657022,
    0.06430917323793808,
    0.21521595610847155,
    0.2694576368620489,
    0.17227080132809997,
    0.0761829454106596,
    0.10413574566731948,
    0.13301784291422158,
    0.20428844918861888,
    0.046904506412756404,
    0.19325831951748115,
    0.23350682162105782,
    0.04828224259931665,
    0.14217506671563068,
    0.15236952300533194,
    0.10405507865521585,
    0.5624718844562149,
    0.07255509833406357,
    0.25269733032306596,
    0.04581907972166845,
    0.18360581760950032,
    0.058610439157068754,
    0.04520019893526049,
    0.18849012929599274,
    0.23689461928260355,
    0.18162709049808737,
    0.13225454215453133,
    0.22643371247913255,
    0.014451104894113161,
    0.15875923943584702,
    0.1503938317492132,
    0.15178745196436644,
    0.11836225148136185,
    0.09727048418964511,
    0.09455789327255551,
    0.08429496760362919,
    0.04313820265006314,
    0.05594192235344707,
    0.02896639644301846,
    0.23764442132857486,
    0.25628159119150923,
    0.20941801461352316,
    0.024518001049755392,
    0.198841528462065,
    0.026484042622974636,
    0.024505532358368404,
    0.2720957409010267,
    0.04625103856067498,
    0.21716031300101776,
    0.0430650168527917,
    0.2212612655981974,
    0.1633992189828562,
    0.02841256969862956,
    0.1969566960179662,
    0.23045833500034316,
    0.11911899262514852,
    0.18379138426435968,
    0.11950281147306095,
    0.023707969803214775,
    0.1547539162804354,
    0.1908357612043932,
    0.12636200124014688,
    0.24789157139231155,
    0.12225790436426967,
    0.07398422721381887,
    0.3346141932089869,
