{
  "config": {
    "mf": 0.3,
    "mf1": 1.0,
    "mf2": 0.005,
    "T_coh": 10,
    "tStack": 864000.0,
    "nStacks": 12,
    "gamma1": 1,
    "gamma2": 15,
    "gamma1_upper": 26.758176320519304,
    "gamma2_upper": 100.0
  },
  "mismatch_list": [
    0.7672459499215719,
    0.5998693984761945,
    0.35800652774508507,
    0.8131168822649842,
    0.6874208034116104,
    0.6150925725242063,
    0.738426116921948,
    0.8075575487528966,
    0.6684421646837997,
    0.8311226505034699,
    0.8028676903724162,
    0.8254255242791111,
    0.6200283625026876,
    0.8095604695734934,
    0.8305024138865346,
    0.471301709740973,
    0.5899476455458055,
    0.8217495069170396,
    0.6550683973369889,
    0.6410602170009562,
    0.794343028417907,
    0.8175346383257764,
    0.8322688495063424,
    0.686021056060044,
    0.7895607119000101,
    0.5206925160572489,
    0.7552372344071561,
    0.4051863078904224,
    0.8151632538021681,
    0.8346886586744815,
    0.5529222951562995,
    0.7747398974508877,
    0.6199201016405234,
    0.5576767197294877,
    0.8228876012634807,
    0.7340195149284519,
    0.7711085099109377,
    0.6534878538034908,
    0.5326751557205376,
    0.7164594621348825,
    0.6320171551994542,
    0.754714741573136,
    0.7229348657765893,
    0.2605341288437621,
    0.8327871815886493,
    0.5560008719417662,
    0.5954414912654573,
    0.777922858958486,
    0.8056746662968702,
    0.6784633690671882,
    0.8167676505050963,
    0.8238948013426732,
    0.8201281283838295,
    0.8242639020337321,
    0.8020398227579403,
    0.8234829546877603,
    0.6242283093101197,
    0.2779317632382109,
    0.7967788978166002,
    0.8256371940519303,
    0.8015772068003651,
    0.5811587013163588,
    0.6048091459123311,
    0.37177040283557805,
    0.8225584275253431,
    0.6959152694220908,
    0.39909588898214515,
    0.6989736794370391,
    0.7623630435039526,
    0.41320964669878096,
    0.7200989136724524,
    0.8165144951915805,
    0.5211268605878744,
    0.6228421148957297,
    0.7738309155074117,
    0.7646960461094776,
    0.8089509533298646,
    0.7134966545387756,
    0.5982229334562711,
    0.6850160786625484,
    0.3407574335420883,
    0.7964543456300397,
    0.699019488364695,
    0.4712453295223197,
    0.4447513973891405,
    0.8350890666504176,
    0.7512744368944344,
    0.8074819775752017,
    0.7051365252415865,
    0.3249831157508658,
    0.504834061632036,
    0.5822967685569256,
    0.7005486391604204,
    0.8068225594168897,
    0.5239208799043878,
    0.4217958118821961,
    0.7216757708070384,
    0.8263743111990739,
    0.7706129061042755,
    0.7897662421922884,
    0.4601521962317847,
    0.7699878446417053,
    0.7912990793869258,
    0.7675841499158688,
    0.8119628225585495,
    0.5918540830066443,
    0.7982888169944725,
    0.7265185605306159,
    0.8075435621217307,
    0.31486367967882356,
    0.7171192733283726,
    0.6142049093509087,
    0.8187816169694917,
    0.5795721402787546,
    0.6106843983899978,
    0.7944061037875255,
    0.7127506195589701,
    0.8247224250042801,
    0.3493943951340402,
    0.8030091830365367,
    0.7990870443353439,
    0.7220102844024233,
    0.5757460105845187,
    0.6178848028530125,
    0.8000021251005492,
    0.610561012449945,
    0.8073135145661006,
    0.7689688535071695,
    0.6647077070566241,
    0.8317500430712343,
    0.8223283664167758,
    0.8213504948936328,
    0.8098451896776927,
    0.7415587970326224,
    0.10060957858713991,
    0.8198151504056177,
    0.6873451509162924,
    0.8070628665459624,
    0.5643786471631588,
    0.7387286184797226,
    0.7833709228563563,
    0.7964572595115327,
    0.6588844978577143,
    0.8359205393461825,
    0.7586730124048408,
    0.4223148893760477,
    0.7317215602184647,
    0.7443238130635785,
    0.21601793454755364,
    0.8256504217186144,
    0.6751729598736562,
    0.5827644533130046,
    0.673261562037811,
    0.7506950488301484,
    0.7626698820016236,
    0.4493735995072369,
    0.7068626273203578,
    0.7879108586457927,
    0.6605055104616206,
    0.6324031428502347,
    0.7993994124313828,
    0.5328141004324688,
    0.7989423802839243,
    0.7288120698772093,
    0.729397123069235,
    0.44601821753288184,
    0.41335130199814746,
    0.8321234942551268,
    0.6133573357657783,
    0.7726563231011548,
    0.6704130870197232,
    0.6015218810002241,
    0.7944587976072669,
    0.7197268855469635,
    0.7298498182767972,
    0.8333932553862354,
    0.7640109993469653,
    0.6745144768680095,
    0.784534591595249,
    0.8143282437898003,
    0.7678868412147638,
    0.8237719710730446,
    0.621605870178258,
    0.7732695664025073,
    0.7477665843768463,
    0.8140973966108767,
    0.6263182806461997,
    0.7710158349265263,
    0.6685244039065853,
    0.6640514467326741,
    0.4959907159127638,
    0.7919004503153118,
    0.8279095608165287,
    0.6916710045100922,
    0.8265720078936643,
    0.6154044256086326,
    0.538781350247688,
    0.5844948381199235,
    0.6262702761427213,
    0.7342900315544905,
    0.6291292140283091,
    0.6184969348135164,
    0.6248297344502544,
    0.6083608557346217,
    0.8180754682837958,
    0.7928902890819814,
    0.585202193017028,
    0.7967804699573126,
    0.8206220651792192,
    0.7099159956426765,
    0.6895808163270174,
    0.4952220475278738,
    0.7517835123206499,
    0.5406222728102167,
    0.744038767688887,
    0.2505949468361644,
    0.6999184275817234,
    0.7911020874450686,
    0.7872978864031839,
    0.6147626669274613,
    0.8264137095874453,
    0.6012733472382855,
    0.5191807672328578,
    0.814798666239189,
    0.7490457919051667,
    0.7296280380128445,
    0.8036774241569504,
    0.7662381264072692,
    0.7947937177907671,
    0.8184462630920017,
    0.7305770688856764,
    0.7249346558686983,
    0.7374525823387014,
    0.5189999710509262,
    0.6256904543844457,
    0.5899434441352809,
    0.6347690519872238,
    0.7937281994229051,
    0.8176065366574966,
    0.7870400959851538,
    0.8021933775361476,
    0.8286550943376587,
    0.8105007181430351,
    0.8266079096242442,
    0.6811625720352164,
    0.34068972306795564,
    0.8156420384137946,
    0.4723921790661766,
    0.7784521824728429,
    0.32344496580485527,
    0.42069151856107273,
    0.6120546274443942,
    0.7700378007681371,
    0.46186192636244694,
    0.6074371417484351,
    0.47557554716189027,
    0.7576833769322286,
    0.8257492768423782,
    0.711276385264683,
    0.7995996706310996,
    0.6885944877710763,
    0.7643664928890991,
    0.5582144731707682,
    0.7666942098491254,
    0.6229043770891175,
    0.8096014536555145,
    0.48820433665799534,
    0.6979630098059295,
    0.7616460660214529,
    0.3777313098761988,
    0.8282905880923026,
    0.46005835569477616,
    0.7651829489304727,
    0.7751336780405446,
    0.737065293605952,
    0.8270273865827874,
    0.5662074805057262,
    0.745486926132047,
    0.25843830263882195,
    0.686886519522247,
    0.7843827038283144,
    0.80486184244266,
    0.6637787616366874,
    0.7703471059003743,
    0.7331094080911902,
    0.4833758588360759,
    0.42653749669443863,
    0.8065965370836009,
    0.8271942503453017,
    0.6313222961104263,
    0.8178814444351803,
    0.7271058635102129,
    0.5722743173033168,
    0.8355059007862113,
    0.783722716446641,
    0.8342312063859705,
    0.7104883361796308,
    0.8007570101483309,
    0.6257137383305145,
    0.6731181990683602,
    0.6060218898367391,
    0.6301479341041015,
    0.5214454088232657,
    0.7640287536946662,
    0.7974624537560231,
    0.8181763292422618,
    0.34815950571028614,
    0.38867216236462104,
    0.7714963407611741,
    0.7889353929316336,
    0.7106301812201178,
    0.5398189631179041,
    0.8162402650607556,
    0.34365033508823994,
    0.7010244014670567,
    0.5916749131771739,
    0.7146535603620174,
    0.7313980516080668,
    0.7198475880054555,
    0.7194373134912551,
    0.5888080332704008,
    0.7633169534341679,
