{
  "config": {
    "mf": 0.4,
    "mf1": 0.75,
    "mf2": 0.1,
    "T_coh": 40,
    "tStack": 3456000.0,
    "nStacks": 3,
    "gamma1": 5,
    "gamma2": 5,
    "gamma1_upper": 6.4031242374328485,
    "gamma2_upper": 23.685438564654024
  },
  "mismatch_list": [
    0.5264406190499269,
    0.2018482178607824,
    0.2705289142989977,
    0.18599899318027635,
    0.1864041714386517,
    0.24177865991058756,
    0.3124282711422113,
    0.4602206459627841,
    0.35307956618928926,
    0.3596794071755259,
    0.0519119328737699,
    0.24641853103419337,
    0.3296153321968392,
    0.1003490040930919,
    0.2923841991972114,
    0.11888078640795542,
    0.29527796562132413,
    0.2918733623322568,
    0.3345801482603302,
    0.16073888814618859,
    0.3355436528343341,
    0.25822448436811,
    0.3470224385485966,
    0.3908361190016243,
    0.34313226104755873,
    0.24937258087057704,
    0.3806280555748007,
    0.2895182975877636,
    0.4480369997032451,
    0.3338990866520924,
    0.18512049255451068,
    0.1072527016672592,
    0.3481596374147914,
    0.4180459478867249,
    0.36242067608280554,
    0.24416099314102707,
    0.10924075319136156,
    0.29068954140261505,
    0.3765428785828107,
    0.16475483679512998,
    0.19565290459250093,
    0.37234141749071165,
    0.16781508735510975,
    0.17549319908781222,
    0.23470874925906157,
    0.17655531474717667,
    0.36756216808208,
    0.35170725117289725,
    0.3882619305589302,
    0.25228515875517354,
    0.3277616714812079,
    0.233415258056916,
    0.32225565999982003,
    0.2086685920494636,
    0.2763828022700825,
    0.14130751685360488,
    0.32795531567961794,
    0.24808001126736007,
    0.22302791653262824,
    0.012175297657479843,
    0.3284748264168418,
    0.36948814720775586,
    0.35902724040428485,
    0.19613549716087897,
    0.15160752332648206,
    0.3273802379481695,
    0.38291551832729576,
    0.19245658266129798,
    0.0610247030797993,
    0.2060942951833662,
    0.24148835624807752,
    0.33603313028882587,
    0.14636655285462016,
    0.13782880616833754,
    0.3487609536098542,
    0.16952438230916045,
    0.3487919084915149,
    0.3145332030951412,
    0.14315884646606386,
    0.13283162571894203,
    0.3931878226206132,
    0.37691233132977725,
    0.32512747068475123,
    0.33588285545176183,
    0.14142363831860888,
    0.46964762719176556,
    0.14159364621508536,
    0.29777614925825924,
    0.2709850515569546,
    0.41328209460137105,
    0.2882609113789386,
    0.35846414345890826,
    0.007551581620975418,
    0.32037001438019597,
    0.197266678528187,
    0.30604289164783083,
    0.3406442692105399,
    0.3168519459995071,
    0.3440130927764968,
    0.27980838548770093,
    0.32888098048584746,
    0.3325212420421288,
    0.3727185140876154,
    0.30804465873245884,
    0.2217318773805036,
    0.21373776563869354,
    0.19962944133431912,
    0.3397571489242067,
    0.2242838932372095,
    0.47364747496530724,
    0.40637427693787587,
    0.18969682756374456,
    0.41817974236647737,
    0.400850158748126,
    0.32005911027104655,
    0.4507695947382556,
    0.22476946744918005,
    0.24679779609916447,
    0.07202143834270057,
    0.37511586395942104,
    0.2833626672851138,
    0.21801788790993398,
    0.3442745558137117,
    0.41797606900325607,
    0.2363132529937599,
    0.08660265132085185,
    0.36032127372344724,
    0.3708385606966681,
    0.21777220047790868,
    0.17437502852890802,
    0.4470939871524772,
    0.48978347954771395,
    0.38632922918224577,
    0.3234127545605323,
    0.30985722697821483,
    0.18566949445744982,
    0.3664867705558033,
    0.3284360108384371,
    0.11426639478414038,
    0.30250384333859076,
    0.35289513798016525,
    0.006163870481305582,
    0.3629187731978648,
    0.36634256742932775,
    0.03960815348330242,
    0.37589325976154875,
    0.3306949040241455,
    0.43286975822990553,
    0.350493451172225,
    0.3503446942628081,
    0.41678281523752153,
    0.34873254667817255,
    0.479326150716554,
    0.45869035804768915,
    0.3118460374661407,
    0.12106372899960653,
    0.02634677859431443,
    0.23468467926351452,
    0.35742669412380934,
    0.3248958782951634,
    0.1648355038072336,
    0.35100748652757896,
    0.2817250944123891,
    0.18150608997993192,
    0.16025835562247448,
    0.3750255472644179,
    0.33679317834641515,
    0.17480292149028837,
    0.07685397785408617,
    0.36698887933678703,
    0.19935540118231385,
    0.22933355061383368,
    0.29849488799916646,
    0.32998630287145286,
    0.3888552776338457,
    0.338313057614787,
    0.1732118622576073,
    0.30111114472236616,
    0.41766955604194295,
    0.3426286343389279,
    0.23145919143680635,
    0.33030420029011937,
    0.35071138221298886,
    0.2829825890446174,
    0.12675416869011844,
    0.15820443688082783,
    0.08648826463030167,
    0.13507674913242304,
    0.3575631449769443,
    0.2978159948589959,
    0.13408234388846008,
    0.3898436111672202,
    0.20352715426189089,
    0.11936489690398056,
    0.32345704552080695,
    0.37680423319662226,
    0.32492244202898785,
    0.2067239098867073,
    0.09221535143115098,
    0.5012138000006722,
    0.22481912536792126,
    0.3115814843619299,
    0.2343784915724115,
    0.09018181628933696,
    0.30849293529367183,
    0.32292636717303647,
    0.16228522272498155,
    0.23647458701796717,
    0.35784070888955893,
    0.3293923594678189,
    0.3484658251058944,
    0.4100743340011131,
    0.22804965488288592,
    0.3245225765173774,
    0.33096834784743223,
    0.28314408570392974,
    0.27877142405791716,
    0.0038137932133671744,
    0.25520955479073687,
    0.39576531797710984,
    0.16730479260717193,
    0.2570607217680908,
    0.34394191281218756,
    0.29213704804924073,
    0.24029212083875043,
    0.3436574098017576,
    0.38987586712972133,
    0.25567203481779066,
    0.3309153288031867,
    0.47692571077775253,
    0.3972965817028351,
    0.323032838955141,
    0.33256791831727744,
    0.2838750762894172,
    0.4019224662074068,
    0.07339451232291612,
    0.4217635695413072,
    0.3188594053128118,
    0.2592509287277674,
    0.4790922814354955,
    0.45207522936157807,
    0.3371190990969306,
    0.11574485631242681,
    0.31208847219606506,
    0.3445516318210112,
    0.2987384069631244,
    0.1759209836257892,
    0.049467310398097125,
    0.4095134055238038,
    0.33828139798100443,
    0.38956713148863925,
    0.276463144011976,
    0.37452278794301397,
    0.36998125684626026,
    0.37159839190745064,
    0.351264829475466,
    0.24804509893147653,
    0.21464803432164517,
    0.12432814082812278,
    0.19808907004271123,
    0.27413654041086616,
    0.3487107535740962,
    0.192395269226695,
    0.43666511946470066,
    0.3864924064043102,
    0.28054973050820975,
    0.1352499013075971,
    0.30437474337535714,
    0.23883154917201926,
    0.3435252958847572,
    0.4354234546493636,
    0.3014193382464314,
    0.0917012076523937,
    0.24289926999606748,
    0.3646121841233225,
    0.20584123495991208,
    0.36874284473302416,
    0.3498338573978535,
    0.20043914731064963,
    0.045546720132415335,
    0.3679678342457705,
    0.4198625277984053,
    0.08356386859473837,
    0.36093532966840547,
    0.21008449327400838,
    0.26184951243621857,
    0.2616831909354565,
    0.47662212524833025,
    0.3267179878004155,
    0.10430542829358586,
    0.35197039477286435,
    0.32010497337067,
    0.3248346732839638,
    0.1304633333192383,
    0.20808950265209067,
    0.39294603843110903,
    0.15396887662837044,
    0.22283275440657108,
    0.22510682686875055,
    0.40929682977558196,
    0.3261491986263622,
    0.32147902316151583,
    0.3608367185830449,
    0.3630396110809152,
    0.43481633780222073,
    0.16134904084862564,
    0.3837794902170105,
    0.35847498579924475,
    0.25957462679851384,
    0.3245514171426725,
    0.32348301292591286,
    0.3743489852274197,
    0.040734347374055645,
    0.48816547709929664,
