{
  "config": {
    "mf": 1.2,
    "mf1": 1.0,
    "mf2": 0.008,
    "T_coh": 30,
    "tStack": 2592000.0,
    "nStacks": 4,
    "gamma1": 1,
    "gamma2": 15,
    "gamma1_upper": 8.717797887081348,
    "gamma2_upper": 47.70744176750625
  },
  "mismatch_list": [
    0.5520067893365608,
    0.5033665504462856,
    0.42604434984773,
    0.4471767815213931,
    0.532404755716016,
    0.5672594493993193,
    0.5737765706304091,
    0.49324900922583004,
    0.33331668429874123,
    0.4945611145822702,
    0.509964049650457,
    0.48272903602234274,
    0.48682798737892347,
    0.32340026871686395,
    0.5314642539203778,
    0.49682290159278497,
    0.4440691464524256,
    0.5102098096400947,
    0.45713316924276143,
    0.5307279497631886,
    0.5039538806803446,
    0.524616151809126,
    0.3875061837550334,
    0.5111613344940915,
    0.49440014178905756,
    0.5039970693844059,
    0.38712590631224414,
    0.5211754396718496,
    0.5245927684689355,
    0.3282672561822371,
    0.44855130268696625,
    0.5074034474054828,
    0.5158892507182697,
    0.5239002674157817,
    0.4927037473194091,
    0.43278037817547205,
    0.5023269495489436,
    0.4347295440226978,
    0.5569283138349285,
    0.03874030368417355,
    0.41750364809019913,
    0.5290484693634151,
    0.3135513648497872,
    0.51459380644348,
    0.5367091696521686,
    0.32879896514805307,
    0.5345108465448603,
    0.5282499662441426,
    0.5538838173985929,
    0.431558408909349,
    0.013140136104773555,
    0.570743205675957,
    0.49968983643660736,
    0.60069505984834,
    0.5138573938627659,
    0.567104982017597,
    0.4554927213119304,
    0.4879419668143058,
    0.34684924128108613,
    0.5559884987216144,
    0.34201969607295774,
    0.3285724322634871,
    0.3472191100654907,
    0.5384317303324786,
    0.5320939416114743,
    0.3211835858926827,
    0.48135137057454924,
    0.5579558074386634,
    0.5138852948498247,
    0.08629356059675151,
    0.4834017317116258,
    0.4978682489369435,
    0.3159788230062576,
    0.5131835055147096,
    0.5132857488986339,
    0.5026702907109374,
    0.5070091833279893,
    0.37378106659257243,
    0.5171065216316497,
    0.5473417948979648,
    0.4861327757376486,
    0.5523065081003938,
    0.5005654648232162,
    0.4790217827198345,
    0.5383248970193361,
    0.33585683063869554,
    0.4951731653799927,
    0.6022111459961794,
    0.43354039094342633,
    0.4710661343023409,
    0.4097942656387924,
    0.5026260539128026,
    0.48794095486140726,
    0.3539389110056817,
    0.32649098971595636,
    0.493632864644939,
    0.5614156021163116,
    0.45564570690547984,
    0.5669251073898872,
    0.4345664027589884,
    0.5097607555413818,
    0.2828518943324566,
    0.4015859181260714,
    0.4278070995145806,
    0.15101582723246207,
    0.23250730991404472,
    0.561703502715937,
    0.5017206090568628,
    0.3463936456297079,
    0.5534254750179188,
    0.5323026207556165,
    0.5259483516588366,
    0.5034155217383385,
    0.4962268613355639,
    0.5128364418116964,
    0.5341256177611033,
    0.3716755540225272,
    0.14731728395311594,
    0.04156683269440555,
    0.31215335192049865,
    0.488371107125623,
    0.5288069378912463,
    0.5658814586809512,
    0.5698600960661343,
    0.5319751094282495,
    0.44243921560350413,
    0.5746904002389366,
    0.5457503182591866,
    0.21340930111930664,
    0.5264930353064584,
    0.5361133462419972,
    0.5647303622588986,
    0.3622581757843141,
    0.4253243092192668,
    0.4122821879809487,
    0.5547039329404836,
    0.5247615116147617,
    0.523039493052076,
    0.5222065835342542,
    0.5187002028820997,
    0.5478332064537151,
    0.5279367306808795,
    0.5325280694049341,
    0.3290814445714365,
    0.5168987460168811,
    0.5865830514080747,
    0.5375269721588627,
    0.4971337879796765,
    0.5762007760811343,
    0.49873448061806613,
    0.552345034592887,
    0.45653149096224865,
    0.5797669342366507,
    0.6276278971127249,
    0.5240230389870756,
    0.4848100087345992,
    0.5557946013180253,
    0.609418852798151,
    0.6184865290275797,
    0.5778340680593259,
    0.4803748721686642,
    0.5321119037754228,
    0.5396869133383777,
    0.5341887925349103,
    0.4285828698348117,
    0.36452574538282034,
    0.5351775789402772,
    0.6397254326026359,
    0.38282807006993175,
    0.3164780049146215,
    0.5142328283881122,
    0.33046095321915225,
    0.5617222961269093,
    0.462560019649234,
    0.46391173573341576,
    0.5204199084095888,
    0.4656276825787104,
    0.6047374864073041,
    0.5080785645534873,
    0.301097911069001,
    0.540221730445239,
    0.3759970265932548,
    0.6141269275172835,
    0.46562569481408833,
    0.6289800107498311,
    0.3747703228332137,
    0.3692103644794124,
    0.304440536057472,
    0.5231036436376064,
    0.5396246059527695,
    0.5337256072367932,
    0.4216771586906949,
    0.3391619410875718,
    0.5378931906845977,
    0.5518834756476426,
    0.5078838359028744,
    0.4881754388044615,
    0.06696251350595708,
    0.5453537772876713,
    0.5607654585201952
  ],
  "statistics": {
    "mean_mismatch": 0.46918163640156485,
    "std_mismatch": 0.11144202017627965,
    "min_mismatch": 0.013140136104773555,
    "max_mismatch": 0.6397254326026359,
    "valid_samples": 200,
    "total_runs": 200
  },
  "perfect_2F": 3458663.0
}