{
  "config": {
    "mf": 0.4,
    "mf1": 0.65,
    "mf2": 0.05,
    "T_coh": 60,
    "tStack": 5184000.0,
    "nStacks": 2,
    "gamma1": 1,
    "gamma2": 5,
    "gamma1_upper": 4.0,
    "gamma2_upper": 6.000000000000001
  },
  "mismatch_list": [
    0.469469064608837,
    0.4293316992708159,
    0.41707876027131896,
    0.44648339241209023,
    0.46013015156158743,
    0.13267392574002648,
    0.28750527661001657,
    0.4309504981698114,
    0.43814746896196793,
    0.3634377909363742,
    0.4185842927607802,
    0.458895063406059,
    0.46251781759409716,
    0.43318908189877003,
    0.3116145414698178,
    0.11044479653970035,
    0.4388628833131907,
    0.4542463699814379,
    0.44290946493728783,
    0.2465490970491462,
    0.09464575876206392,
    0.33113149312161355,
    0.41382916360671473,
    0.12949769563935165,
    0.4619818441246032,
    0.2736835942243528,
    0.46457500881844416,
    0.44409406388601363,
    0.49170636171233945,
    0.48235552208080584,
    0.4462064426685479,
    0.4347884368512661,
    0.44424535080059907,
    0.430538416612214,
    0.4318899515997525,
    0.06486225879386814,
    0.26358199418271816,
    0.49154936449376346,
    0.43495407180815693,
    0.45994178381222783,
    0.2763269589956804,
    0.49055728952831446,
    0.45718193606772567,
    0.21492738517229215,
    0.45405377371583217,
    0.4831852509353333,
    0.3714379268271527,
    0.03974458316226515,
    0.4932211101987475,
    0.09552716948182244,
    0.10053387728195312,
    0.45392294270035216,
    0.17626768748590493,
    0.46353620332730017,
    0.357641398691979,
    0.4734964914157506,
    0.4824705232662361,
    0.3582120676793903,
    0.09956153539231957,
    0.11603395534686844,
    0.49108979344601666,
    0.46300207305719554,
    0.4778121801506942,
    0.11789421336587001,
    0.16448978795255967,
    0.4538571296398027,
    0.42507987197353886,
    0.3182796227440685,
    0.1343952571227007,
    0.44560003006944887,
    0.07105186690799327,
    0.48247316157124437,
    0.4722902077683265,
    0.4908109643619205,
    0.4570662843413345,
    0.44411007442188594,
    0.4897030569642578,
    0.45606094556851495,
    0.4470182816466493,
    0.10125055657393325,
    0.4598591289690227,
    0.46156304031040923,
    0.37948707013698946,
    0.2589562142563883,
    0.4442301353703457,
    0.43650116663678995,
    0.4187782985318013,
    0.4817800463185164,
    0.16505836075243013,
    0.44318793260973904,
    0.05187811175426321,
    0.4992411801102161,
    0.0510083384894728,
    0.47138646180890864,
    0.06071289169794082,
    0.4724671549097049,
    0.4213765229886719,
    0.2658919928527233,
    0.47935782933274734,
    0.2675964101704128,
    0.418815776919385,
    0.44816128211503875,
    0.4366799569775578,
    0.44737907889182515,
    0.45379381031960353,
    0.4628437747566977,
    0.13974957064296578,
    0.07371843430692812,
    0.47987096158627907,
    0.3907207560153354,
    0.46916612936802116,
    0.12754983143760878,
    0.4594803334239272,
    0.13860996744403903,
    0.12331654455771889,
    0.4480011406151515,
    0.4733725272215251,
    0.07887960944411998,
    0.27004880502853706,
    0.4672661883504016,
    0.29693501240364767,
    0.45629268271527124,
    0.4612068329931245,
    0.4650919720354126,
    0.4553986948702677,
    0.45557246158917036,
    0.021769124458605356,
    0.14763925913504075,
    0.4466677846333551,
    0.4595924071750331,
    0.4614381364459068,
    0.4397698096950842,
    0.46817542776682297,
    0.1949241180110216,
    0.11297424436053269,
    0.26447612659237973,
    0.4405129804606408,
    0.4452727718249264,
    0.46112034718648265,
    0.3807181104820942,
    0.4317171968334557,
    0.43456859014762944,
    0.4752418566728155,
    0.32776602788363124,
    0.47000239977332264,
    0.24260949327196082,
    0.4341599781418237,
    0.4573133453418376,
    0.4463363701549155,
    0.4573393669802756,
    0.43427841273788115,
    0.2760380465266895,
    0.35565088791612937,
    0.024028670062972365,
    0.25078303446999706,
    0.110057435538619,
    0.14208248281126218,
    0.07027418133034181,
    0.11644957873858662,
    0.4573835676244557,
    0.036114636882492064,
    0.5119045743149081,
    0.4450276985884707,
    0.3961056811019297,
    0.4560396222814616,
    0.26238933575430945,
    0.4336402681963535,
    0.13107532975198488,
    0.3948315243475797,
    0.4773208410193543,
    0.4740466322217275,
    0.43024993783719706,
    0.46678229429894813,
    0.019704235166220444,
    0.44822778185771367,
    0.4668870313936611,
    0.45853090503258487,
    0.47677937409285676,
    0.12931099038355895,
    0.4255041692447364,
    0.18073755442859374,
    0.4604409294350991,
    0.08039139435503924,
    0.479147234767222,
    0.46304638212486915,
    0.14614099101964345,
    0.24886574569341885,
    0.45452801807636484,
    0.4596380173246286,
    0.48003894571886224,
    0.47629905801668854,
    0.12010113743472906,
    0.47695704405752515,
    0.4442825762000312,
    0.4016134138654855,
    0.48977711021031267,
    0.034620055165873485,
    0.43611770888147433,
    0.11768257070657422,
    0.096133690504415,
    0.24120620413686225,
    0.4976435960747804,
    0.04753647366321061,
    0.444638277541013,
    0.09003111031439921,
    0.4422209757536156,
    0.4983920434503536,
    0.07565892571111356,
    0.04563602666928811,
    0.44655744565814504,
    0.44225426176611754,
    0.44770059069119256,
    0.10321222670051407,
    0.050118976713524895,
    0.07111843893299717,
    0.11286430293813211,
    0.07785630851254532,
    0.48894163491063014,
    0.4659680338628255,
    0.0677482030613012,
    0.48426493208352367,
    0.09105101397651114,
    0.31471444143107447,
    0.4391159437470003,
    0.22522277413796093,
    0.11303828650402178,
    0.18984483875258049,
    0.08075179404740564,
    0.23299955763214655,
    0.44757330150983327,
    0.14975756506855256,
    0.4579848843193607,
    0.16875798719735388,
    0.4649175547755489,
    0.4502910447976962,
    0.10385163618279912,
    0.436676704272753,
    0.2801158541169123,
    0.47794890217598723,
    0.43778565976418615,
    0.020953056964257834,
    0.4710728649245662,
    0.14019707054177052,
    0.10209430820028566,
    0.4612564186708147,
    0.4453952542314075,
    0.46069706186789106,
    0.4722974360012259,
    0.13446023893646672,
    0.10874645093764637,
    0.3232992690810892,
    0.48038723812112205,
    0.13110496550687262,
    0.29625808839261447,
    0.2548937305199123,
    0.4472477780412067,
    0.20645018591015019,
    0.08770347475611942,
    0.039153819687393385,
    0.14028814627630354,
    0.46005530320991367,
    0.41323066592264057,
    0.10489712778937507,
    0.4692570966790607,
    0.46043438788432517,
    0.4473025680465845,
    0.47693781695801263,
    0.2660646030543621,
    0.30648025535901186,
    0.4536016116068073,
    0.4634431036875553,
    0.14655271116559593,
    0.1670090439650038,
    0.47636783465272675,
    0.4568259455974279,
    0.3598755009165399,
    0.47009980021164266,
    0.44765183626028576,
    0.015977430565594766,
    0.48503069107689106,
    0.4444839547686098,
    0.4622926219981149,
    0.2726551612474195,
    0.2840736007586753,
    0.4611316593709703,
    0.1682183996114102,
    0.2779102311299752,
    0.10434460166654137,
    0.14750380205050512,
    0.47583525845269553,
    0.44685029751406613,
    0.4830555764371173,
    0.03455160380031573,
    0.24846638582572442,
    0.4269802466851324,
    0.4326824911960123,
    0.43524518888818214,
    0.4418700811875119,
    0.46570340825637674,
    0.439080814535109,
    0.4511925138637507,
    0.44384147328734247,
    0.4514865583781002,
    0.3132586030427969,
    0.011649309270064129,
    0.44698586302209525,
    0.4529808148242383,
    0.41777267062966583,
    0.4611667524416971,
    0.07191238803467238,
    0.13957190067829736,
    0.1844998496527557,
    0.44487283369860003,
    0.031000734388462584,
    0.4413609967444039,
