{
  "config": {
    "mf": 0.1,
    "mf1": 0.08,
    "mf2": 0.001,
    "T_coh": 20,
    "tStack": 1728000.0,
    "nStacks": 6,
    "gamma1": 7,
    "gamma2": 37,
    "gamma1_upper": 13.2664991614216,
    "gamma2_upper": 100.0
  },
  "mismatch_list": [
    0.05506178892482164,
    0.017700135952223403,
    0.007233256782730045,
    0.037974679426955794,
    0.01725831020027663,
    0.04891818829106461,
    0.056678816965198116,
    0.012223881945026467,
    0.02388374485652481,
    0.025628929470840205,
    0.03231779187307338,
    0.0509277093920662,
    0.02142448308826551,
    0.024317330422668405,
    0.009059867443600536,
    0.04146851820750371,
    0.05424319151937425,
    0.03436742966811676,
    0.06710644682862897,
    0.003394089162930483,
    0.030150406159842474,
    0.017319352629318604,
    0.06474509147853112,
    0.06829639471270646,
    0.032966272811084094,
    0.07693904853827235,
    0.011089555315120427,
    0.019319874580035135,
    0.08992471397610324,
    0.0017627492208958536,
    0.015369898145882297,
    0.06226002491788817,
    0.043829873557601554,
    0.0020539747349397866,
    0.05763413640087983,
    0.06453193088262256,
    0.039674759866348525,
    0.030198004075205575,
    0.037554755221485894,
    0.056406782410195797,
    0.06329275873072081,
    0.01741335580157329,
    0.02892001631123095,
    0.0495727409449303,
    0.06148967596878834,
    0.02830059287052619,
    0.004568098792888676,
    0.042052270317560494,
    0.04194341312616061,
    0.008274881322350321,
    0.036222230438313914,
    0.04897380954523607,
    0.006680947486922229,
    0.05472339918940425,
    0.0512799773351521,
    0.0478529274290089,
    0.054332532481240293,
    0.03184669177682584,
    0.06743887327168879,
    0.07505844297569156,
    0.01829733257595906,
    0.04751464611708892,
    0.029423968727193796,
    0.0027101537412666226,
    0.02708494861756246,
    0.007764206649548042,
    0.04298883248819024,
    0.06401258233002746,
    0.06904169783390453,
    0.01651289865558116,
    0.034130958020265,
    0.05360143283820298,
    0.06540192102584241,
    0.0032654988950019262,
    0.03493025604317337,
    0.024135287370516595,
    0.06347295858341664,
    0.05205726538808619,
    0.010116129155371197,
    0.07273059048629348,
    0.035186460767553794,
    0.04207493082851924,
    0.029471566642556894,
    0.034301399758193914,
    0.05259081741884203,
    0.04594250540464029,
    0.07124161059635852,
    0.0638829078271248,
    0.0402372609709129,
    0.04579635053013127,
    0.02613288188680305,
    0.025766844159546044,
    0.03555477538825641,
    0.05014489174076419,
    0.022741611734805232,
    0.04300769817673963,
    0.06469066288283117,
    0.024685428196376206,
    0.016306568740009453,
    0.04064710179112365,
    0.04052111368713294,
    0.014331201040692097,
    0.012331004360467796,
    0.009578131761221534,
    0.06032087066670584,
    0.0685674534562321,
    0.04835037443512713,
    0.030069739077769247,
    0.0919581966700325,
    0.09527140190389494,
    0.05804397722109058,
    0.05269533767034551,
    0.038411517698021695,
    0.046443747233167874,
    0.04474095620633989,
    0.012554898882619963,
    0.013399409503948405,
    0.020737945502663804,
    0.04421250007996233,
    0.028640608958404735,
    0.006237929076503945,
    0.06723818137798242,
    0.009238766214327449,
    0.0206945761036997,
    0.061745013305189486,
    0.0052012920177645396,
    0.005581750070177109,
    0.05140108638175935,
    0.02356129337522673,
    0.07141411238073822,
    0.07751184987509072,
    0.048683234572176604,
    0.012593714494692832,
    0.018944729278995667,
    0.004463470117887784,
    0.015520389960287725,
    0.010571616267991659,
    0.06300662912105516,
    0.07569174462406483,
    0.03682127026150555,
    0.01577334197974584,
    0.039778195882877905,
    0.0057884052562410465,
    0.017900177304945315,
    0.0692359927412637,
    0.04098039562216276,
    0.025679237973638563,
    0.03128711810669154,
    0.03061109760033863,
    0.03351858210689191,
    0.06078611589409323,
    0.03639885231559521,
    0.025456969803947547,
    0.0587581627985319,
    0.04811921553864848,
    0.024759156174615174,
    0.023383695686468736,
    0.025202066161536047,
    0.02279246235509064,
    0.004996371607659166,
    0.06002270604882765,
    0.08690533642022259,
    0.03697360527536695,
    0.025121073808970593,
    0.00866314586657643,
    0.03102776910088622,
    0.029453243071494564,
    0.008391653429061162,
    0.0688426322926593,
    0.02251088653231622,
    0.011453966689916278,
    0.0766825185433997,
    0.011427077662558537,
    0.016648536450841384,
    0.07560793326056671,
    0.015030966292977855,
    0.02133752744334249,
    0.04915032299901996,
    0.01846463003246308,
    0.06855205731959983,
    0.01822121928077707,
    0.04318952438189662,
    0.07999615747125179,
    0.022521403611565013,
    0.03562882863698762,
    0.03400898158567847,
    0.05408250789621226,
    0.034633500930761514,
    0.041073531406438164,
    0.03168069540229075,
    0.06484863591855791,
    0.0004117924431641316,
    0.02356248603369824,
    0.09324686414850203,
    0.06175628934892015,
    0.05429154839921922,
    0.05421760357398543,
    0.0625057125630198,
    0.003895439414955482,
    0.06959725983463465,
    0.02449265121798078,
    0.0629477551619614,
    0.047322085985688316,
    0.08107128487157182,
    0.031168719647519546,
    0.04886961456422482,
    0.0062579874235248415,
    0.04447781237812521,
    0.04966034713083778,
    0.01974966532376937,
    0.07514745866706538,
    0.0385840194824014,
    0.01880779040176652,
    0.06620555598864719,
    0.0600887359587505,
    0.04161629943447388,
    0.04024018840534298,
    0.04003255740780235,
    0.082532833616662,
    0.03593577555815603,
    0.010557412789830916,
    0.0810435284562348,
    0.06583388023952486,
    0.011568895597171145,
    0.027875898031170236,
    0.05369218330553536,
    0.028486756015579588,
    0.08527356278419831,
    0.06824619463340552,
    0.020332766892841695,
    0.06232312739338094,
    0.015452083156919268,
    0.08657497002361356,
    0.03137602537456795,
    0.050940178094268374,
    0.05223312830088561,
    0.06793285072588989,
    0.04266377884295431,
    0.004931209085715605,
    0.026309070070094708,
    0.06796711255107153,
    0.08167791433958217,
    0.06602578982994099,
    0.028234996654592986,
    0.02684685061724955,
    0.06137095223912412,
    0.07226057462502004,
    0.015645619099796566,
    0.046650727689724045,
    0.016345492775579732,
    0.020895159573908667,
    0.05159841714704601,
    0.06666744008761485,
    0.01741021152014839,
    0.03349331943199532,
    0.0863586651462801,
    0.03096683509534166,
    0.009918147849100079,
    0.06651532192074827,
    0.03775414603322334,
    0.0162446589229882,
    0.043278756920265254,
    0.07841946297191192,
    0.0027255498778988784,
    0.06170413764666582,
    0.04077439097708328,
    0.057921567092514406,
    0.006290406049250507,
    0.043774035456435274,
    0.050966199733646834,
    0.05901686126335276,
    0.02352312830413832,
    0.004905295869834556,
    0.02479092425935638,
    0.08323422522140891,
    0.03832542944107795,
    0.06682281095940375,
    0.07878550069916893,
    0.09905478563427692,
    0.0551977519905741,
    0.03631113770619032,
    0.07276821343989484,
    0.04255589746303111,
    0.038962309064865766,
    0.011742698463519776,
    0.05990799398856761,
    0.050304816399444306,
    0.05206030124601368,
    0.014208682488618514,
    0.015407737946478475,
    0.002941746331734918,
    0.0019285287484361265,
    0.008140219338566792,
    0.006784275079954198,
    0.026494365827168825,
    0.05476102214300561,
    0.03201095337540237,
    0.0018356098111555418,
    0.04874384330722893,
    0.10087987836618366,
    0.04604919412609197,
    0.05400140712014939,
    0.01049843040723974,
    0.05590890171008793,
    0.002341513850071771,
