{
  "config": {
    "mf": 0.15,
    "mf1": 0.15,
    "mf2": 0.002,
    "T_coh": 10,
    "tStack": 864000.0,
    "nStacks": 12,
    "gamma1": 15,
    "gamma2": 21,
    "gamma1_upper": 26.758176320519304,
    "gamma2_upper": 100.0
  },
  "mismatch_list": [
    0.16459028440892876,
    0.15156835131121416,
    0.182707417132192,
    0.19779969691295535,
    0.161634171963787,
    0.1695513099564322,
    0.08429796815450089,
    0.2510025107629295,
    0.1432699963016745,
    0.12850797449402276,
    0.08786900446520489,
    0.14159170898526124,
    0.10434259960297483,
    0.11586796316593577,
    0.07750154964283673,
    0.1509435609073876,
    0.18357849151038594,
    0.23963295176574714,
    0.1777879719959454,
    0.146152434980326,
    0.22220799464995095,
    0.08353531727371719,
    0.10693739074299695,
    0.2626397131634691,
    0.1264329656005854,
    0.08758287485553924,
    0.2251543489803258,
    0.05634910110957354,
    0.14294852063185312,
    0.0427355551982399,
    0.1770444578624546,
    0.05117567393064344,
    0.11201648947918014,
    0.11656409623105828,
    0.14619862339022277,
    0.07798945538118286,
    0.12990381859968234,
    0.1768391037583596,
    0.1558231061965872,
    0.06908994629025209,
    0.1797350953741874,
    0.22649500552580354,
    0.21668056475197636,
    0.09150753440304679,
    0.19405339401868765,
    0.07009969432163375,
    0.10967763200479493,
    0.1950281212604058,
    0.20572659302036747,
    0.21117373531850975,
    0.17411095171652285,
    0.2383653184457752,
    0.03477770418231715,
    0.0868303073600147,
    0.1842075104306115,
    0.11692558017142406,
    0.12732014086814478,
    0.0895128131094417,
    0.0816432188204109,
    0.22587525681460655,
    0.07064311289065393,
    0.08141205992393225,
    0.05774125881632116,
    0.08360687678200794,
    0.14722647814567197,
    0.08363788590226727,
    0.10874426832733877,
    0.21860676239521817,
    0.08487076949131923,
    0.05047059592698458,
    0.027313505350103268,
    0.05696538026885341,
    0.0921137301770675,
    0.147016516042937,
    0.15495181497139843,
    0.2237400728801065,
    0.12155087235919664,
    0.12710481180228803,
    0.1426111067079124,
    0.1642542799904544,
    0.13966865562344433,
    0.11443661036487435,
    0.2287314570068848,
    0.13048171584087898,
    0.03833236854491221,
    0.19111056345197863,
    0.06873832888815065,
    0.04429652829045527,
    0.05898964696550279,
    0.1092533166476799,
    0.13956196690199263,
    0.037213438051638424,
    0.0360623057796338,
    0.14133707640159326,
    0.17785015287171016,
    0.05782225116888662,
    0.14137627149590706,
    0.2559125230549014,
    0.05521705137311312,
    0.16340987779262336,
    0.1396281594471616,
    0.17616508908670878,
    0.1870463086515554,
    0.13352435023695414,
    0.07959347260187011,
    0.24264777553473657,
    0.23930220588689716,
    0.08016421389223767,
    0.08686348495022223,
    0.15198800445794053,
    0.1696161472078835,
    0.12583679900007513,
    0.06249161750835647,
    0.16609888895189498,
    0.0850038051226416,
    0.11881399222581839,
    0.10093474065587325,
    0.18091853784842027,
    0.2466146118227367,
    0.07615482138150402,
    0.10263048415536957,
    0.15745623512632909,
    0.10791070847924877,
    0.09730689043252627,
    0.06310421026872438,
    0.17095658690636645,
    0.20113908642144235,
    0.07620643096627129,
    0.1918220926537334,
    0.029215578765171293,
    0.10771776886560723,
    0.06693210184479328,
    0.24413664700117413,
    0.14613871940790363,
    0.16041223914797345,
    0.14596648868226744,
    0.21531659715455542,
    0.13521185355064727,
    0.12293430197440273,
    0.16814332241906269,
    0.16440574761633653,
    0.23134912550486048,
    0.15485548069394942,
    0.22429585172783142,
    0.2180126558411587,
    0.24358395822312537,
    0.0817977223042205,
    0.09177599098263457,
    0.10174357994655372,
    0.09120004536439132,
    0.07669617990407339,
    0.14465564859857752,
    0.23233409876708389,
    0.061069318069328804,
    0.12548577792720944,
    0.06657007578694045,
    0.24662393624351397,
    0.18040450204719827,
    0.16726270677309663,
    0.21003078902055958,
    0.13156161387508508,
    0.23291963986484795,
    0.2090620792829477,
    0.260814512008065,
    0.03064210672059796,
    0.08258574428339821,
    0.07554591502004805,
    0.1719578236932014,
    0.11942333228126399,
    0.08471962713592934,
    0.10183129455595862,
    0.04897771279114284,
    0.10014563444172145,
    0.09412341391331519,
    0.10715358719683299,
    0.08912389802423114,
    0.0877104893119911,
    0.10511414121054619,
    0.16546211775160458,
    0.19638558344798215,
    0.12416431234077331,
    0.24545805837586154,
    0.2012909335295654,
    0.1991299990144304,
    0.1490368252819309,
    0.22350544443171072,
    0.15767926226050197,
    0.10094932361627493,
    0.14454895987712582,
    0.09848783916631872,
    0.18552295851294137,
    0.21795085444763487,
    0.13146061738724743,
    0.2258618123009277,
    0.21701109378383152,
    0.11968072966411593,
    0.08823374111049298,
    0.06545971074996208,
    0.12609533482964988,
    0.07344455921673998,
    0.14826707266206685,
    0.2568369417938212,
    0.041484022767633376,
    0.024766745819433892,
    0.13771535210584995,
    0.06225091734410571,
    0.17725241413048745,
    0.10854070321095104,
    0.18142639351028989,
    0.21476515524672687,
    0.18130739872188212,
    0.09674335930473649,
    0.16061970751026797,
    0.11544923161893737,
    0.005392659490693632,
    0.23293563233071596,
    0.10615175408076227,
    0.24422918645621378,
    0.06694630532295402,
    0.2140048354711375,
    0.20432684566880113,
    0.11886847503326704,
    0.19085674404454123,
    0.15262000502434486,
    0.23365399221280758,
    0.10642714976418431,
    0.14988111905626453,
    0.11015274377044663,
    0.15667921813213853,
    0.21146783405523506,
    0.22137438059011222,
    0.20191550708639716,
    0.09733985117573898,
    0.16871232893347166,
    0.16209405022805257,
    0.2096965735897925,
    0.0957291116982123,
    0.27008298626068283,
    0.08166609617836446,
    0.06131793314889051,
    0.14402440699665503,
    0.07800983899869599,
    0.23277630400127158,
    0.05886539363747064,
    0.22832828423176477,
    0.1472153647371874,
    0.05598707505172072,
    0.07001761773409419,
    0.16937588073762241,
    0.1646899256030488,
    0.13578075164155887,
    0.012806549820109155,
    0.19217680012551103,
    0.18654772319871435,
    0.22944098037393745,
    0.22276355665068107,
    0.06792038202368772,
    0.11514499528520422,
    0.21539493313143432,
    0.034203276493037636,
    0.09747212784257948,
    0.18205665930073567,
    0.09743873340537713,
    0.13872450380799586,
    0.04545731025372941,
    0.15864249661149465,
    0.1768973271764689,
    0.19065355841039444,
    0.1361988868593215,
    0.09173587428859277,
    0.2764219118250244,
    0.20438604489838713,
    0.06581696617392885,
    0.2396834771155403,
    0.0551111216161433,
    0.08639509544140994,
    0.14114668474014086,
    0.11350199981719798,
    0.05938376637858905,
    0.2454287840315608,
    0.2180010003151871,
    0.15204910109873118,
    0.10132788425748282,
    0.03689293819329372,
    0.20301134337472257,
    0.11645556431015062,
    0.07423930345275712,
    0.10650120301291552,
    0.11021318987025286,
    0.04634540712101678,
    0.20064516317898995,
    0.11334386414622513,
    0.12966420267040568,
    0.06434685197254326,
    0.07736081594319823,
    0.23531146221771806,
    0.19172532468229475,
    0.1640132003439627,
    0.21165491880001644,
    0.12197394084609144,
    0.128366373406405,
    0.2072482083830229,
    0.1649787658001497,
    0.26769035073158215,
    0.2453802645164697,
    0.10784608807479226,
    0.19365856985286822,
    0.1450827287548765,
    0.05139783367683704,
    0.05344768831887524,
    0.15528993364807228,
    0.17008318142297818,
