{
  "config": {
    "mf": 0.25,
    "mf1": 1.0,
    "mf2": 0.0008,
    "T_coh": 20,
    "tStack": 1728000.0,
    "nStacks": 6,
    "gamma1": 9,
    "gamma2": 43,
    "gamma1_upper": 13.2664991614216,
    "gamma2_upper": 100.0
  },
  "mismatch_list": [
    0.08103854097535393,
    0.06949479962958197,
    0.3250270272673169,
    0.31622401508908127,
    0.17665901232916117,
    0.09777967109298366,
    0.30503579439131756,
    0.30353190627048865,
    0.2865071944953824,
    0.2790392550525079,
    0.2388562600420488,
    0.20705933465053425,
    0.025123350702416208,
    0.3049336594567571,
    0.19195659200227083,
    0.284952293119022,
    0.014522026396134138,
    0.059829061682452944,
    0.141617676412891,
    0.0543705891288313,
    0.12971646279615742,
    0.29317339638665685,
    0.2543066084230095,
    0.14631479916769785,
    0.10107661280223457,
    0.22219514646550784,
    0.20310512969998243,
    0.02045170746950074,
    0.2968181606755998,
    0.02691656692608434,
    0.2747404802271863,
    0.11492424504447694,
    0.3023678173905435,
    0.287380545767022,
    0.2987267395005125,
    0.09407988187910499,
    0.15011488011668103,
    0.04886343442487244,
    0.2897143615487776,
    0.2552016986058798,
    0.14230166604630357,
    0.27539725556274885,
    0.18256944823173746,
    0.0197426177964377,
    0.33638102749262094,
    0.25861833985627164,
    0.2242955264573392,
    0.00307673358601068,
    0.0145660463360827,
    0.3441255010656403,
    0.06217046710902731,
    0.24072060208001805,
    0.27427409655307605,
    0.18067187439181195,
    0.33025656360615685,
    0.22010116346002365,
    0.10128109951835029,
    0.24084447592580926,
    0.1565634760486531,
    0.293314563780285,
    0.2301354870865988,
    0.2782566542482007,
    0.32446973049062827,
    0.10288077979914113,
    0.04999830317226553,
    0.03940207477036174,
    0.06143752426653402,
    0.04505907074774156,
    0.2625330244420174,
    0.311249545027899,
    0.28938453726965563,
    0.26082210165288366,
    0.17799766303993683,
    0.20633349354712133,
    0.1321015628921881,
    0.2629665015846636,
    0.23934481632137938,
    0.3460035044642833,
    0.2934848970947165,
    0.3048596604197746,
    0.3049539888625215,
    0.10766897829177262,
    0.16727257331136094,
    0.05223421253585972,
    0.3051283880581059,
    0.21664543553881546,
    0.24449482402486888,
    0.03921786324826173,
    0.07511818432276461,
    0.16182700315393111,
    0.23703691375550479,
    0.20683197057646496,
    0.11982455343343063,
    0.29484696728093274,
    0.20688016482106383,
    0.013226148755086825,
    0.3050006109664079,
    0.32615766749831104,
    0.11393493484235712,
    0.1992020464284595,
    0.16824648737684852,
    0.14666495285258427,
    0.1090935004124972,
    0.21399822163779547,
    0.33100766738446635,
    0.031937659091153044,
    0.19948259222800854,
    0.2599028872418396,
    0.005277080042454305,
    0.33485030455618303,
    0.27090624587651885,
    0.18733449830767185,
    0.23902691862697253,
    0.3592357791469738,
    0.2746404595508253,
    0.13226051173939155,
    0.12536434361010998,
    0.06501951135047646,
    0.08579453768925457,
    0.16470033425880018,
    0.06518290556107371,
    0.1249373176655597,
    0.32321711382504764,
    0.08113688108750503,
    0.09883587859300562,
    0.32111792649168774,
    0.14666392282935886,
    0.004525596781903858,
    0.348684600708244,
    0.19868730587450437,
    0.29583882543524176,
    0.03414754681536877,
    0.30498434744179637,
    0.02945562838843759,
    0.21930549762427853,
    0.2690132800352333,
    0.1409935907617976,
    0.2624380996700348,
    0.06667568027341804,
    0.3056593921366726,
    0.22493685144452083,
    0.2821291078817052,
    0.016047328157701542,
    0.14554797398226388,
    0.28142522253651786,
    0.319264155744716,
    0.16767205968756901,
    0.10856873068503159,
    0.20810513349480483,
    0.08419648376092488,
    0.018313596100570602,
    0.05690119355838654,
    0.19256734156318275,
    0.33115262960050384,
    0.006556802582387492,
    0.05206279498645411,
    0.13173834417586378,
    0.04325772276176766,
    0.2791711522371074,
    0.1253538807426099,
    0.23746708398147998,
    0.09640762594500565,
    0.15312791489796318,
    0.07139427088071214,
    0.2919566136869703,
    0.11919119757330865,
    0.12141030129480425,
    0.2894455796986976,
    0.18082334201769407,
    0.22475404942788715,
    0.05632654902211221,
    0.018762252532854216,
    0.2212238887757068,
    0.17282672960144715,
    0.23537142041178594,
    0.14441614109279827,
    0.06549126198770847,
    0.06359482659450577,
    0.08795444218116417,
    0.11000685995468115,
    0.29724030756276665,
    0.0018666189314148734,
    0.0650686271948033,
    0.052468298866768445,
    0.1513851156005908,
    0.008131979152763612,
    0.08873151338710343,
    0.25381973270788877,
    0.2952556696544207,
    0.2712575380081281,
    0.013738991897837309,
    0.018932694270783132,
    0.24865622627897171,
    0.13892075033830842,
    0.17328671628921014,
    0.033568348492203214,
    0.03322377861743343,
    0.2656903166866039,
    0.30089141462630814,
    0.2350399697802028,
    0.1442483015188072,
    0.07650004179725825,
    0.3271727824928145,
    0.2738659905088239,
    0.1094785664635497,
    0.021889403045160665,
    0.08001144518438663,
    0.07898890318031056,
    0.1485099412962658,
    0.1724337486350837,
    0.16569880624645117,
    0.3171898516040118,
    0.24306352543555618,
    0.20093774398675152,
    0.2246116893757875,
    0.05202289513940714,
    0.119241506076107,
    0.140021519895766,
    0.04914555236513391,
    0.3323088035651381,
    0.10822166706982136,
    0.03929712082486862,
    0.036970786264434286,
    0.0879430577139361,
    0.2638875591951637,
    0.2945659877873941,
    0.16195960509126386,
    0.20116012057993993,
    0.1245723641732768,
    0.1597705346785509,
    0.013749617400583513,
    0.1644720485850029,
    0.14185642495418835,
    0.22455861607380517,
    0.250782356851438,
    0.1559997822856172,
    0.1629173098438886,
    0.16276638433549354,
    0.04017545957738906,
    0.008847682659168675,
    0.2403477336724242,
    0.0685082542266461,
    0.093084716808125,
    0.048327063383183926,
    0.19375940370545977,
    0.17458758141113834,
    0.2760004154788421,
    0.28264254735369143,
    0.0018106724067511843,
    0.022361045258895252,
    0.21869556123959716,
    0.3411916696492164,
    0.09351889870350434,
    0.276198613632108,
    0.07882691847517964,
    0.09710115684619032,
    0.27545244312293066,
    0.06861949673498902,
    0.03707389701047143,
    0.25375294383348407,
    0.06679234395663147,
    0.2992717302102451,
    0.01991869755623195,
    0.1592479334210335,
    0.2237868034074903,
    0.238079839377094,
    0.04329523729187161,
    0.1513647861948264,
    0.32174060263731485,
    0.23055698343278117,
    0.3047204988608485,
    0.2927848065719385,
    0.28852029357179854,
    0.08371074649252697,
    0.2685787728693617,
    0.31592856105863837,
    0.27790498263435054,
    0.30264516469691893,
    0.2151874105573911,
    0.11134177005479615,
    0.3287423210413253,
    0.27913726989416676,
    0.29597018050235424,
    0.13553772037211378,
    0.03576858652514943,
    0.28344130325911276,
    0.11466598027364573,
    0.06733240139723193,
    0.1960031195608675,
    0.1496045849261197,
    0.04650609074417877,
    0.25716833821365565,
    0.2148382868957301,
    0.12569004779633036,
    0.24780331283659396,
    0.15927005181450518,
    0.2824941155857368,
    0.10271771085903612,
    0.31616844804665856,
    0.15463126090130502,
    0.01767780071175689,
    0.006770180025290865,
    0.10312646744427276,
    0.07828274094167759,
    0.09458220794260667,
    0.06690217695950805,
    0.13708053252851293,
    0.09351467018710534,
    0.3080850968324834,
    0.25859226400514446,
    0.16725419552854992,
    0.29103696558193654,
    0.1799286855288134,
