{
  "config": {
    "mf": 0.15,
    "mf1": 0.4,
    "mf2": 0.05,
    "T_coh": 15,
    "tStack": 1296000.0,
    "nStacks": 8,
    "gamma1": 13,
    "gamma2": 83,
    "gamma1_upper": 17.776388834631177,
    "gamma2_upper": 100.0
  },
  "mismatch_list": [
    0.5583273965481449,
    0.007429028913493137,
    0.635764639620755,
    0.01029364823738197,
    0.33300832807600167,
    0.6329983603485972,
    0.14815404049311554,
    0.6827423798567192,
    0.0823014073072188,
    0.13373618179515662,
    0.6050759657925522,
    0.6360866210690723,
    0.05805178418706425,
    0.06424717130497284,
    0.3461143355436293,
    0.1371203661994147,
    0.13792573544335932,
    0.1350544661490484,
    0.0722919007408067,
    0.6931985909580063,
    0.3880079926861891,
    0.034675186531670336,
    0.16044065595308243,
    0.4880673147592913,
    0.24163303612784365,
    0.28814943466577536,
    0.37347657851504423,
    0.05025679005349468,
    0.13465467281856394,
    0.44616906769149456,
    0.12443945086279029,
    0.398843360524966,
    0.034198629412183094,
    0.06849693609841032,
    0.07884414551060497,
    0.42364785862278537,
    0.25944368082223707,
    0.14449084646027857,
    0.14521460900197822,
    0.20369965321849895,
    0.4555302382828967,
    0.09558942157400752,
    0.30324110884498107,
    0.5333432408254984,
    0.06433268125072644,
    0.4681988656306976,
    0.38843445818064903,
    0.13028181129003066,
    0.3120132872191616,
    0.15440956647397172,
    0.4079960690000931,
    0.46465569633575066,
    0.12342952274607927,
    0.5757917368045793,
    0.09693604058448035,
    0.1850247292160957,
    0.5907971059328723,
    0.04366276612169677,
    0.1102320781851479,
    0.4440577382236252,
    0.2204789019568839,
    0.41073448345053665,
    0.5389523101708117,
    0.07955229507827015,
    0.07126310694713736,
    0.06470059809255718,
    0.12799299266595002,
    0.09438151227266497,
    0.14559850022927942,
    0.24060763960167256,
    0.634742206668359,
    0.213906201299809,
    0.3789197961523849,
    0.07064256351155447,
    0.34277727919062345,
    0.06772626235232006,
    0.22062924911425286,
    0.20319215928009154,
    0.1556893966510749,
    0.15340440898821567,
    0.6338228121163617,
    0.11221376937093015,
    0.3376832572827296,
    0.1717550746502549,
    0.13933148136475898,
    0.030725248665524413,
    0.08157171761796903,
    0.07548403110798338,
    0.44227236572986894,
    0.5610471260273482,
    0.19054586715903432,
    0.12366299453372431,
    0.19540569445641118,
    0.11717963478362442,
    0.3344553471833906,
    0.07069988336530138,
    0.4568190676047558,
    0.5893733617219606,
    0.39216581441031245,
    0.13654507147561687,
    0.2604006983047201,
    0.1619361041928931,
    0.16729410101362896,
    0.6660742289937553,
    0.2534960051025512,
    0.4142453425631068,
    0.12606869361620188,
    0.13223466184322144,
    0.33163019398831106,
    0.05498860542024633,
    0.06719520438828656,
    0.473230760912746,
    0.5932038892496578,
    0.5276058342792675,
    0.18773907366490278,
    0.038990728206456715,
    0.3446642082978909,
    0.10778763579673295,
    0.3906052398297376,
    0.27503872884947994,
    0.6786638156605068,
    0.2607788069490456,
    0.06824112908402151,
    0.617423226091477,
    0.3757535428440247,
    0.4099191753921025,
    0.09896652231412031,
    0.08599589957041191,
    0.4640846662668974,
    0.1832504881945677,
    0.4048721369708864,
    0.08347960858852353,
    0.4936889612225768,
    0.0019222751457066345,
    0.08335752380544846,
    0.09463016334062131,
    0.11941901232326257,
    0.33249461786089535,
    0.2680381170522011,
    0.04962121190217489,
    0.08291689098269793,
    0.17487195915645992,
    0.16779754714395337,
    0.10339308958204069,
    0.11230990481290164,
    0.15135845884911564,
    0.06662142759251988,
    0.08195307896521835,
    0.20084761101258233,
    0.08109783494310806,
    0.20157802352470405,
    0.13504839443692387,
    0.2677774671245701,
    0.01376529420914793,
    0.14485182420253845,
    0.06147724177731157,
    0.30992852149183703,
    0.49013805772289976,
    0.11465705524274994,
    0.10564540565108704,
    0.05788748654826635,
    0.13995542206784012,
    0.1911861436590219,
    0.0053827173629571205,
    0.02773081035383047,
    0.6324932878668109,
    0.16537825899148284,
    0.5150882769117074,
    0.18942679278865643,
    0.37663032698771953,
    0.14561071593581565,
    0.23575092044264517,
    0.045270541035810956,
    0.20016649502032868,
    0.20841094041568675,
    0.05267723472256034,
    0.09515970337662367,
    0.6564469150208954,
    0.34588093603827147,
    0.2733224582222836,
    0.15289134931369414,
    0.19431394279059358,
    0.44804710607743686,
    0.5715591390543511,
    0.21976186166789355,
    0.15203227433036243,
    0.6539716080958474,
    0.14576655654701154,
    0.18719854672124653,
    0.07487433001547998,
    0.4359625196101845,
    0.021833732235182274,
    0.6961578639369791,
    0.5076938350726379,
    0.29978391933065446,
    0.07981764335456891,
    0.06194866685440786,
    0.06301699905917375,
    0.3987984009423297,
    0.4730431160951836,
    0.6074803999350038,
    0.09560662475836032,
    0.609956754953216,
    0.20006457699538144,
    0.18805942876175816,
    0.09197964415140884,
    0.054471859349077764,
    0.6638928579895925,
    0.46779466308069423,
    0.023317976720477456,
    0.6387837261923831,
    0.6007367516687089,
    0.24354989010201056,
    0.15826835637596273,
    0.11420536323005832,
    0.5560005935821425,
    0.08304374639672799,
    0.4659211784788453,
    0.461322037250243,
    0.11205756734829828,
    0.21985944275560895,
    0.158748599892097,
    0.16668078580676574,
    0.4448448200489091,
    0.14215511663180733,
    0.6479132320533201,
    0.016722651707510014,
    0.15516983157070566,
    0.14662967933842624,
    0.12867251844788533,
    0.13173490210954408,
    0.14542140862564773,
    0.6354845457578682,
    0.3169092556601368,
    0.1981152682742633,
    0.05331151179271059,
    0.07401041211890609,
    0.17424693421907084,
    0.028619882486348766,
    0.10474093739139587,
    0.2104842132593471,
    0.4612364911633458,
    0.6525095181315781,
    0.4497814472764323,
    0.15564682238391608,
    0.12479638079696716,
    0.15751445212050208,
    0.08332543046993317,
    0.10272382788488728,
    0.15373134177320594,
    0.16501525734518147,
    0.06468339490820439,
    0.13146572287202393,
    0.14544352700552987,
    0.7076348997097721,
    0.5159517249734146,
    0.06319430750966704,
    0.1786607075221574,
    0.1652767746602588,
    0.3494503799446144,
    0.33284880106815873,
    0.07241008228037316,
    0.14013489898694928,
    0.2955978352322372,
    0.14777434163847175,
    0.1556078622311171,
    0.15482858689285048,
    0.07573665770173553,
    0.1448848572077873,
    0.16744748402706017,
    0.43313498109962756,
    0.04104318375140444,
    0.3972892190679517,
    0.10580478809435556,
    0.4375896300361238,
    0.17559875755422183,
    0.21971842001328837,
    0.4642750216702297,
    0.2832010615665827,
    0.35814377062575065,
    0.19504594551303364,
    0.5191439276228784,
    0.052881938159901144,
    0.33664362114598073,
    0.13572466751593534,
    0.09801897381125996,
    0.05154926963085725,
    0.16140735926204988,
    0.06624693306255425,
    0.08955406743995221,
    0.2639338565028904,
    0.6652937248566064,
    0.1763602514498381,
    0.18007519960030788,
    0.05380086287703164,
    0.4725271289880306,
    0.03906337190508931,
    0.10040956589571343,
    0.05654426480529176,
    0.1421345161799563,
    0.5690954334363982,
    0.1655985754028581,
    0.08727847647442855,
    0.12105613384597859,
    0.2559593131679245,
    0.10679079077400451,
    0.3804280383570294,
    0.6036048044012395,
    0.0627686371203662,
    0.08397401943294835,
    0.1634560561280634,
    0.11033753804216775,
    0.16298766690702937,
    0.6252690708140893,
