{
  "config": {
    "mf": 0.55,
    "mf1": 0.05,
    "mf2": 0.1,
    "T_coh": 30,
    "tStack": 2592000.0,
    "nStacks": 4,
    "gamma1": 7,
    "gamma2": 41,
    "gamma1_upper": 8.717797887081348,
    "gamma2_upper": 47.70744176750625
  },
  "mismatch_list": [
    0.16930535794364232,
    0.31132174348497493,
    0.38067181529026134,
    0.3201129397260615,
    0.3756455175257231,
    0.3501552191181611,
    0.5008903378448121,
    0.07345838372617827,
    0.01210570339544893,
    0.20568043857460364,
    0.5227811559335569,
    0.41308437750006577,
    0.43554539490594474,
    0.7148428769647427,
    0.15533368568569494,
    0.03024763354814684,
    0.11966950196593536,
    0.3689315714558735,
    0.353727123720494,
    0.3436354957224751,
    0.09204101936617631,
    0.16318723528396412,
    0.03546497356345335,
    0.2545199599035349,
    0.10851301038928672,
    0.375227870108039,
    0.5512100932760357,
    0.25184262166348287,
    0.24438619129552813,
    0.4689545500149046,
    0.05668699920980935,
    0.4851521572378196,
    0.16825502311734114,
    0.37446572501076286,
    0.26345593769145786,
    0.3769853431633474,
    0.12741325467471643,
    0.5194277608749518,
    0.3464903594138653,
    0.2135129540090538,
    0.3567789568153438,
    0.1958823491995019,
    0.15509320230759957,
    0.021818861009425906,
    0.10523312648052323,
    0.31112289474041815,
    0.10401372323782136,
    0.7423426969816914,
    0.45129015320677757,
    0.04038190813260284,
    0.42687592214207876,
    0.34365024132185334,
    0.42081389058591784,
    0.313355479681576,
    0.01006271505806152,
    0.21809471532174754,
    0.5040435469353873,
    0.5017105979514026,
    0.4417835785487959,
    0.4940931586490602,
    0.0803510840473143,
    0.33670694335579193,
    0.3719643942927013,
    0.36747949132886476,
    0.22432798376480595,
    0.4785849081970787,
    0.2241935385940042,
    0.11653273710996083,
    0.2598979835826544,
    0.31291405137077694,
    0.5014016631879581,
    0.3518177854480595,
    0.25795120305297514,
    0.2136458812505078,
    0.19999629914368547,
    0.5235263146786081,
    0.37029611765716136,
    0.6345980841129467,
    0.38460433653621245,
    0.017279746283169285,
    0.47614718594692335,
    0.02022836018237126,
    0.5204622658666264,
    0.1733106675159361,
    0.12696192368198195,
    0.3460427871033253,
    0.30598441476884536,
    0.04939660139955977,
    0.3992992659871933,
    0.027227026428451026,
    0.018482885997145135,
    0.04883250994099158,
    0.1598700536826556,
    0.5161527198836312,
    0.4962028635953993,
    0.3471511646565909,
    0.41320476375381326,
    0.5223120434827486,
    0.03879610565829126,
    0.22771838738655648,
    0.4677528198067517,
    0.49861384137609405,
    0.5359412058257261,
    0.5214598345775053,
    0.5065140853723943,
    0.4447155313663475,
    0.06760785032580546,
    0.22382764533884375,
    0.431135882433047,
    0.31030465853962474,
    0.18072401760335435,
    0.33512880281056906,
    0.5111563470119489,
    0.16166214998356299,
    0.07848648854946383,
    0.32562772161117937,
    0.3018041096274597,
    0.5025842747145642,
    0.34279434601676545,
    0.12320454256982258,
    0.3372190638047868,
    0.07429628072614271,
    0.009919668287622457,
    0.12759576760819727,
    0.025230877053794547,
    0.4825098759374659,
    0.37826560814465954,
    0.5825147839090237,
    0.2393806385654093,
    0.5215578494439608,
    0.11090324313556207,
    0.35729049900553944,
    0.07937895872359779,
    0.43544022408684985,
    0.00839653461066847,
    0.08443561507509124,
    0.49630080617950484,
    0.14994279574829436,
    0.17586440293767036,
    0.14650417979916494,
    0.02809831787406622,
    0.019529462141251855,
    0.10255998061676505,
    0.05445333003340312,
    0.44330201387300683,
    0.33318361249258743,
    0.33521142153649724,
    0.16002430421732816,
    0.1740952201416792,
    0.3301697276314317,
    0.16662556210369395,
    0.030506838054864618,
    0.15481968589560288,
    0.4206623506393663,
    0.3616085020234721,
    0.12672570496253027,
    0.4933210385874988,
    0.34569915681193203,
    0.10264469553084013,
    0.04555349342042682,
    0.08690420188865107,
    0.486120993714616,
    0.33102085230142664,
    0.11619546766535817,
    0.4421316903458826,
    0.49281983277333785,
    0.01596977325605097,
    0.4802987227130515,
    0.3721038992279956,
    0.2607699255694187,
    0.032082521000191114,
    0.47320435463571286,
    0.06826648709803423,
    0.41280623501767594,
    0.33532562764932883,
    0.08506251989571681,
    0.07309444209446493,
    0.29061075405236536,
    0.3784974899231176,
    0.05550901375359641,
    0.4866617018329937,
    0.5580569304461642,
    0.14669175249713834,
    0.33052579048700664,
    0.5875187825686198,
    0.1906275669269506,
    0.21537444136585884,
    0.5316602836532888,
    0.3881740003856986,
    0.34845000620182565,
    0.0523160855117547,
    0.4998221854192622,
    0.01740443333673542,
    0.48388645715001105,
    0.3884616841382744,
    0.3714454793028165,
    0.12784752703287602,
    0.059508685302598494,
    0.2104668312198456,
    0.27175373461217195,
    0.354784325370035,
    0.1774825156223843,
    0.4112013500029925,
    0.1176544146156068,
    0.04605889161088156,
    0.5636886651734097,
    0.3072679324559027,
    0.5203952239871003,
    0.15073031195038308,
    0.02791464842298706,
    0.46106417255936477,
    0.7266778106774909,
    0.22388012232486637,
    0.04805619750313633,
    0.05047100624837545,
    0.43726398005701056,
    0.12421396558608408,
    0.6334584444433522,
    0.49507475296061276,
    0.5111291688483889,
    0.05098789733246325,
    0.49879021030983395,
    0.20515913826717233,
    0.18919247315216678,
    0.4925006339162086,
    0.31949087782287877,
    0.531265369034646,
    0.4451396480543471,
    0.06914934371963238,
    0.5247439831449126,
    0.21404661459831686,
    0.09720255740736511,
    0.1278710187965914,
    0.15612597252287663,
    0.13661421955734868,
    0.09060592559139251,
    0.05642027733870266,
    0.2957818333637401,
    0.037605326226147186,
    0.1059740928492806,
    0.19367607503370526,
    0.03603181175131749,
    0.021744410189035692,
    0.038530106610683505,
    0.49872920400652393,
    0.477860422204097,
    0.08673347097820282,
    0.31840367899813193,
    0.007270953858128252,
    0.15417709580505046,
    0.028429081907178477,
    0.7442491258895427,
    0.40591378768476455,
    0.39473731003837037,
    0.5248415643172686,
    0.19903537758420242,
    0.22447739138203565,
    0.24280335239756218,
    0.3788997412002744,
    0.4295199382188299,
    0.14006295503546318,
    0.020650633670448577,
    0.4135994253842313,
    0.469936903291131,
    0.4928480228897963,
    0.32297401969954254,
    0.5569461314341773,
    0.12401374347687934,
    0.49035301687735044,
    0.31417971531741057,
    0.1243377852514515,
    0.5725819240925457,
    0.3393669338318695,
    0.29269046182349867,
    0.3000972342170766,
    0.1390399429374217,
    0.06552293822547987,
    0.3209275618093602,
    0.19078998536716107,
    0.02721271452317213,
    0.40089547711988954,
    0.16135227554956993,
    0.0650091552824375,
    0.3508079287376986,
    0.08524626162914586,
    0.05845863960569689,
    0.43880561801553725,
    0.16080668837257445,
    0.127330129972339,
    0.3396525936786483,
    0.015387394362959748,
    0.3467475400147861,
    0.3980857176148328,
    0.13746035674520096,
    0.11533942779557048,
    0.053436751064502165,
    0.2061835237298618,
    0.11095991249787851,
    0.3767351739503663,
    0.2141131866425687,
    0.3388502595948314,
    0.3402294791131476,
    0.06801104127351092,
    0.0033249880950969725,
    0.18637035336527827,
    0.36073908991895415,
    0.5232363178908357,
    0.5008687615633689,
    0.25172733131540287,
    0.07461591327737137,
    0.5800048515913249,
    0.07097917140718411,
    0.2688122766656094,
    0.14229503400017174,
