{
  "config": {
    "mf": 0.5,
    "mf1": 0.1,
    "mf2": 0.001,
    "T_coh": 60,
    "tStack": 5184000.0,
    "nStacks": 2,
    "gamma1": 1,
    "gamma2": 5,
    "gamma1_upper": 4.0,
    "gamma2_upper": 6.000000000000001
  },
  "mismatch_list": [
    0.2458697877212562,
    0.25253291737262407,
    0.050163864039830454,
    0.22494159587817247,
    0.059702023326953214,
    0.09435417184690024,
    0.09627413506965125,
    0.14014827996969925,
    0.11337974822619165,
    0.03666737985231275,
    0.02675313560743178,
    0.021770280975869267,
    0.12612023153475624,
    0.07697171737031104,
    0.19539763954826436,
    0.3138659191710084,
    0.26516750706921177,
    0.13603765620211294,
    0.009436964026530506,
    0.15006418670814708,
    0.19471088514048793,
    0.26028114934685687,
    0.03555813523156367,
    0.12589543349158344,
    0.018669079932690694,
    0.13707259458865573,
    0.0015005811499251155,
    0.24810887742651777,
    0.20170759774016528,
    0.30969465052939577,
    0.14157715704926185,
    0.23866215528557302,
    0.0538950055801958,
    0.08893921345260881,
    0.006222785703133583,
    0.02227112523347192,
    0.19363163768627156,
    0.04282294298948148,
    0.049798910560737396,
    0.06646866127344116,
    0.16406296079984733,
    0.06444092509815941,
    0.27716384380077835,
    0.022644174333412363,
    0.11118301596572083,
    0.15291225503518704,
    0.3290736874974701,
    0.29261043294223776,
    0.010451735643283815,
    0.2077912399599845,
    0.21826032336222698,
    0.006670863860570279,
    0.08097630296126246,
    0.05888335366876189,
    0.14244967704255404,
    0.036924704943533046,
    0.011141381344220016,
    0.11845165468707534,
    0.13845174142587013,
    0.26647899764648736,
    0.06991696206045116,
    0.08670099113529517,
    0.15286368131010275,
    0.067685461999734,
    0.02063154516489045,
    0.04325808261002816,
    0.051560286353674545,
    0.2177667073375238,
    0.15087729062700583,
    0.18498537005661153,
    0.003517908669831669,
    0.16335625646926843,
    0.1730943486783899,
    0.21067306413466488,
    0.30138015878982033,
    0.22584295652073347,
    0.23328803640716347,
    0.035215806121445876,
    0.227351055032874,
    0.2436009899787779,
    0.22621239150422418,
    0.27606182741292873,
    0.0684705203749429,
    0.029462421862802356,
    0.2817215337731954,
    0.3074555608241342,
    0.30094603112187956,
    0.13052005690064938,
    0.06508951443622675,
    0.3236269248784211,
    0.10599863820092174,
    0.09328699554162595,
    0.1525027033591044,
    0.059557169539648305,
    0.002441263379459097,
    0.06802967045040564,
    0.04227128425459571,
    0.3292542487552983,
    0.14331092099252313,
    0.09794551936299029,
    0.030307257724089678,
    0.0010036401380881612,
    0.16881190981478375,
    0.07975610496550688,
    0.050968727773183835,
    0.23288108689492462,
    0.1321108463971596,
    0.22218084460455784,
    0.19850476774242048,
    0.005657248761080881,
    0.0755263599197377,
    0.3401188610617985,
    0.03668212544742762,
    0.2595953346093574,
    0.21466001283734162,
    0.2880181920165613,
    0.169579548148705,
    0.29994983606367787,
    0.07464625028190108,
    0.01832573886996698,
    0.17007771796013485,
    0.33809452215597946,
    0.0820089283132774,
    0.07938182706597353,
    0.25926543805982666,
    0.06645478306627423,
    0.010164413385530813,
    0.032676238774554306,
    0.04267389682709489,
    0.023786813390156883,
    0.03318655201725524,
    0.05569396818421007,
    0.20898744022251392,
    0.09235990238994293,
    0.023030017405584823,
    0.03483213151914325,
    0.17233711899984386,
    0.056440355513406926,
    0.014610138030335448,
    0.08231352604766008,
    0.31885267704833664,
    0.027685360804473407,
    0.3210674076087271,
    0.04352653917991361,
    0.06891035834687423,
    0.2934051048672029,
    0.06373140175674973,
    0.12074047463468511,
    0.2621878126210729,
    0.3097634633065985,
    0.04527244655444594,
    0.3244928671797748,
    0.1918313740003354,
    0.2336624588713548,
    0.030716520270856345,
    0.2881034851647748,
    0.13363340137509902,
    0.27687869001289517,
    0.32895095210283753,
    0.21739488703717624,
    0.37428599515419264,
    0.013583006135324085,
    0.03321083887979738,
    0.08329165052361319,
    0.10796912677163989,
    0.2764357439008171,
    0.3547923184123331,
    0.30323550161045026,
    0.09071808156916263,
    0.020278518270081477,
    0.16518434885186747,
    0.03354340987550092,
    0.07331842389827274,
    0.1419471702913845,
    0.012381962956752037,
    0.23379762682657446,
    0.24024868012467257,
    0.04569262373289077,
    0.0022539075827054406,
    0.043222664268820876,
    0.044129735215372425,
    0.033244883856753775,
    0.3206699993639155,
    0.20524972099021008,
    0.24943229458807747,
    0.040958926289372186,
    0.2680720278951964,
    0.14606249241035546,
    0.24898689087681355,
    0.291549545199586,
    0.0026159697686387214,
    0.2881383975296791,
    0.1174438221739055,
    0.22006889951599753,
    0.10855085495538734,
    0.3113610473420342,
    0.054740997958747026,
    0.10787834016642284,
    0.0044419659636969235,
    0.014200730918910793
  ],
  "statistics": {
    "mean_mismatch": 0.14078760199036622,
    "std_mismatch": 0.10475044953495291,
    "min_mismatch": 0.0010036401380881612,
    "max_mismatch": 0.37428599515419264,
    "valid_samples": 200,
    "total_runs": 200
  },
  "perfect_2F": 6917324.0
}