{
  "config": {
    "mf": 0.15,
    "mf1": 0.1,
    "mf2": 0.0001,
    "T_coh": 10,
    "tStack": 864000.0,
    "nStacks": 12,
    "gamma1": 13,
    "gamma2": 25,
    "gamma1_upper": 26.758176320519304,
    "gamma2_upper": 100.0
  },
  "mismatch_list": [
    0.09792208535683203,
    0.03038221559730559,
    0.06113816699018431,
    0.0595926984580986,
    0.023970483654453013,
    0.02631503336245227,
    0.04106745969058319,
    0.07120106020832707,
    0.03784435438306867,
    0.010434677390762512,
    0.09806791496084882,
    0.008802470060748602,
    0.06615568117983847,
    0.013239593268765695,
    0.04745588058149256,
    0.06957698464061893,
    0.014135496627866595,
    0.08007574031835091,
    0.05103732554794796,
    0.03195251311029825,
    0.02761242893246333,
    0.04616856839674066,
    0.05912289944381999,
    0.042977339597464755,
    0.03376904038590959,
    0.0706914697704989,
    0.02558859592980359,
    0.13758394282698874,
    0.09358818131834949,
    0.014373594628179505,
    0.09799191008916423,
    0.03901944824800097,
    0.07960279702264739,
    0.07116267829024385,
    0.016536534978016593,
    0.039689722308991135,
    0.024637288163526054,
    0.1575174944023659,
    0.04988912071037341,
    0.10676402157063797,
    0.01829126086010409,
    0.08344706054682524,
    0.12684280642079615,
    0.02258949356793865,
    0.014891642098805682,
    0.028133403837519583,
    0.05289993280995865,
    0.11428514273899222,
    0.07713171709317038,
    0.1421940557251239,
    0.10208348761093486,
    0.054985458782644825,
    0.031478919273610274,
    0.14462968117094774,
    0.03383756403627287,
    0.06652844116393491,
    0.13676832706772013,
    0.12076306722701376,
    0.05143111969054199,
    0.03471384274234251,
    0.04918480167119642,
    0.11337492747823318,
    0.007488377272136365,
    0.09463609442081956,
    0.07487195456014593,
    0.10813254295495014,
    0.04260598911883465,
    0.032973320338415754,
    0.012387926696608176,
    0.016875033136931394,
    0.09860130435635854,
    0.06968389020906544,
    0.0684438506691844,
    0.04213358794061819,
    0.041643296885329036,
    0.08722919740698701,
    0.06573629909185563,
    0.016334108308351657,
    0.15414281304547184,
    0.019290600235734368,
    0.10488574711325149,
    0.03701838417979739,
    0.05732046722287198,
    0.07128747373576305,
    0.0732300975388625,
    0.06456315684987672,
    0.035661138839215865,
    0.030692306799898907,
    0.04788957457113357,
    0.02541956369734101,
    0.07547576501722361,
    0.10797885264737112,
    0.03476816291454504,
    0.014764352912846048,
    0.03854184274190881,
    0.11182550148849199,
    0.07000688380785057,
    0.011111673708592118,
    0.04542944541489498,
    0.07162011702581769,
    0.05728598855069552,
    0.03228981861074154,
    0.03618894442460897,
    0.10830016568194639,
    0.09163818471742614,
    0.08754525190193789,
    0.05171323763080346,
    0.0775963117795733,
    0.10022397041860036,
    0.06250744733897837,
    0.10032214789550534,
    0.042492578140543524,
    0.05431236571072199,
    0.04659456431806554,
    0.03224753344675154,
    0.05446470072458339,
    0.008306757830588936,
    0.09365150064083708,
    0.012003456974791429,
    0.060476349961992144,
    0.093464361684307,
    0.06128703245212859,
    0.05960278184335775,
    0.051770593660933485,
    0.04075769375848211,
    0.04581695099463922,
    0.0765152210868957,
    0.01741834328245416,
    0.0921296684311868,
    0.09426393076595888,
    0.04623134560174119,
    0.0016610479803250385,
    0.08727983118027759,
    0.059048087230606915,
    0.03476219962218748,
    0.0419708442710054,
    0.03088866175370887,
    0.0991159364868163,
    0.14226236252849234,
    0.021778052113320335,
    0.06802750443912904,
    0.03725257893420353,
    0.11599373442293166,
    0.05099373930198904,
    0.06194798209234147,
    0.006877085593737372,
    0.041720928109474774,
    0.12263299307509964,
    0.06647618103818317,
    0.030216327646267905,
    0.11302179214716798,
    0.05894757864850761,
    0.1020375160480329,
    0.005903008893003681,
    0.026484390865407083,
    0.06610428844206602,
    0.028849107343924648,
    0.13037855088309314,
    0.09155486125966636,
    0.0744346825950904,
    0.023784971050384074,
    0.023139742817295673,
    0.03191543227418394,
    0.04223333755823561,
    0.0920387011168596,
    0.04070413255076144,
    0.019294611905138547,
    0.10807209685514393,
    0.01841323729469062,
    0.006190331161140845,
    0.13512636162293928,
    0.04363742184969836,
    0.053807437483282455,
    0.09830205550350625,
    0.045711997049146094,
    0.04146656658455032,
    0.08386893637524852,
    0.1160354232576859,
    0.04444951384530114,
    0.07199569602084681,
    0.04079293139514044,
    0.041759310027558,
    0.01509396034497321,
    0.04261553038660675,
    0.08895454052127633,
    0.05533458244430583,
    0.05661875034763284,
    0.041428618360456734,
    0.09664984403822015,
    0.06493157989407675,
    0.07591292855878175,
    0.052377114705446426,
    0.11203004241635642,
    0.11573850551002793,
    0.04418040672472889,
    0.03273587287908731,
    0.041086108532137754,
    0.021798544154330874,
    0.08482523162240693,
    0.01601501795547329,
    0.022236141389878644,
    0.08238494396619442,
    0.03860234305346374,
    0.04689272893594372,
    0.07115292017547692,
    0.062107147786539724,
    0.10188593999865338,
    0.10779431585477887,
    0.01959906508586653,
    0.08113037567766042,
    0.07600953389497428,
    0.10611196265721272,
    0.022349118674180126,
    0.019299165692029777,
    0.04636752551448847,
    0.015455661132333806,
    0.06324938933175671,
    0.07823796203724716,
    0.064904690866719,
    0.05700072632900915,
    0.12021748018804537,
    0.10825446517778797,
    0.04910337562464132,
    0.052239416863735406,
    0.05712519650403612,
    0.020645460259372857,
    0.009240067296296372,
    0.032306298982347895,
    0.10576717593544811,
    0.08100319491519818,
    0.03867487837323119,
    0.07903834429512963,
    0.14466741254804652,
    0.07074416359024029,
    0.06273773884747774,
    0.06614180297216997,
    0.0366981011684475,
    0.06869951327607778,
    0.09134175487550651,
    0.03841108400403205,
    0.03352888233914588,
    0.09867671289880738,
    0.10066937414596167,
    0.041374948729238664,
    0.04045974598759874,
    0.07123120194060713,
    0.10215998038835779,
    0.08213600361614048,
    0.06132617333469369,
    0.044244810282190586,
    0.03325175187976528,
    0.026251171922477633,
    0.10534128843762065,
    0.059126368995737116,
    0.009344153853810213,
    0.09993231121056678,
    0.05133202061390902,
    0.07778702871151792,
    0.10009039266979093,
    0.07440540825078962,
    0.031472197016770835,
    0.00935152665163411,
    0.0010119165013298683,
    0.03486270820428678,
    0.07861007148035913,
    0.0686648177569065,
    0.09135601256541596,
    0.08842500015992466,
    0.029346012232555826,
    0.07729988193765366,
    0.13381828633843332,
    0.049187620682129084,
    0.03861155905074361,
    0.12087729138153545,
    0.07975187933158649,
    0.025097979604022207,
    0.029630298642765503,
    0.07486469018581944,
    0.14519364599272716,
    0.044448863304316674,
    0.0679594144827554,
    0.08043559790625553,
    0.05406689491258518,
    0.04981756120208264,
    0.08843736043862943,
    0.02297016846734604,
    0.04050506700951622,
    0.0978837576504975,
    0.0717650792418552,
    0.030294609411398107,
    0.11631927597390593,
    0.08243893886790472,
    0.08582435415104239,
    0.06644961728131767,
    0.11435827438799544,
    0.04600951112603982,
    0.05523092958078163,
    0.061770384403583484,
    0.08853060464640224,
    0.047694303852297705,
    0.031205800483633854,
    0.08874647582974605,
    0.14653186300951318,
    0.08807414172230509,
    0.07010988613039032,
    0.07423659286532186,
    0.026513014668723387,
