{
  "config": {
    "mf": 0.75,
    "mf1": 1.0,
    "mf2": 0.002,
    "T_coh": 6,
    "tStack": 518400.0,
    "nStacks": 20,
    "gamma1": 37,
    "gamma2": 83,
    "gamma1_upper": 44.67661580737735,
    "gamma2_upper": 100.0
  },
  "mismatch_list": [
    0.5849166506093968,
    0.20182257621970898,
    0.209260101885024,
    0.2611787014247399,
    0.21641003273858286,
    0.26860198870527274,
    0.13322923463458056,
    0.230742020765155,
    0.3524474161061486,
    0.14767142878740921,
    0.5420972013792908,
    0.34461620167171103,
    0.3404097099076239,
    0.08251858470635172,
    0.11582180689716226,
    0.2663063190202249,
    0.291653830863448,
    0.311922608518868,
    0.22608540071392777,
    0.12565657281911236,
    0.18601838032834525,
    0.12091431685074737,
    0.17148787734860022,
    0.4281287490009277,
    0.24379461024577334,
    0.1015171133915986,
    0.20557246303065396,
    0.20867355239495256,
    0.22651327188694984,
    0.2886687046618521,
    0.11512592511672343,
    0.5310596774590775,
    0.08399238603658823,
    0.0962236211835065,
    0.2881999174083729,
    0.040847921257825597,
    0.2288452828645646,
    0.11094292411742142,
    0.21332580326673395,
    0.1781015299767699,
    0.25305876133210137,
    0.20519105936609078,
    0.5087025862348963,
    0.23676362387736263,
    0.2855637087371079,
    0.17708782894323216,
    0.3861621121965317,
    0.2754665350378539,
    0.2063996258029114,
    0.0073500906742878175,
    0.3455898090585696,
    0.24998398984869988,
    0.18937483538072333,
    0.09307318579252588,
    0.28343591834700116,
    0.46192630529444767,
    0.4606423833627147,
    0.2373139862812006,
    0.10676290444056477,
    0.3161982875245322,
    0.24171616588234862,
    0.20809769454399552,
    0.10200327455863882,
    0.12128657093952991,
    0.26359994646727136,
    0.4810700963457398,
    0.08848708943776505,
    0.3930611493456791,
    0.26379686795499935,
    0.16882704706610532,
    0.22369227262618288,
    0.20224623241961862,
    0.20394717967892584,
    0.2952944367861367,
    0.07136144807354558,
    0.2674466234534687,
    0.22675917958658195,
    0.39106458854527987,
    0.21052978543197476,
    0.20266742131819415,
    0.24731981842898174,
    0.1906875938967986,
    0.15740837649188444,
    0.4547363835984319,
    0.3658576614759894,
    0.2830437716412124,
    0.48869112754777855,
    0.15734489488464246,
    0.1893355127657111,
    0.1509114580580844,
    0.3519940494860075,
    0.42824126822218495,
    0.37595380713302085,
    0.07221030253669868,
    0.4047130827001948,
    0.1588849535361218,
    0.1453580767761336,
    0.23320346225858782,
    0.3980613411076799,
    0.26430189369682316,
    0.4989183999902953,
    0.32122371772309644,
    0.43668272851992357,
    0.3343975647838637,
    0.2400100784119287,
    0.2771770944919419,
    0.4829245817109836,
    0.3728054278264853,
    0.18689946391517506,
    0.175120001922953,
    0.0856217301550954,
    0.11557507676375213,
    0.3420133529705675,
    0.3416260380632247,
    0.013721485152715446,
    0.31190364113986213,
    0.4973322336451349,
    0.13652925016894107,
    0.19826513891282388,
    0.032012206767742024,
    0.20959329036934993,
    0.10144021583335246,
    0.06930125145957097,
    0.3228460197523792,
    0.3518020111988366,
    0.17404564639828524,
    0.23107541485792543,
    0.22611762983760447,
    0.3924039219528078,
    0.2589700041117191,
    0.19319519448602357,
    0.3796687405083994,
    0.4406005460279208,
    0.21435420530405405,
    0.08526304622365041,
    0.30069679866559607,
    0.2888972898500344,
    0.24466037600348728,
    0.1754965737890702,
    0.4357629905455262,
    0.1418675136158249,
    0.22649019233905376,
    0.09408673261973025,
    0.26399481748494985,
    0.2717234847076888,
    0.13159413347962717,
    0.3005631017745544,
    0.2622266362642883,
    0.42454884897148004,
    0.21213774627225304,
    0.1241100889037421,
    0.20797129675273396,
    0.10900619537437414,
    0.30513089897775403,
    0.22844928100044135,
    0.3513841634374843,
    0.18366020567616678,
    0.29846784892079115,
    0.2057244076711457,
    0.4084789555677003,
    0.1177783768551046,
    0.3469512453738823,
    0.16594590733531964,
    0.2646312270228146,
    0.302850958338711,
    0.27320489355037214,
    0.14824317446947607,
    0.12943678687562232,
    0.1296646010321377,
    0.17121416110684834,
    0.2807382327508281,
    0.23160043602097774,
    0.30425526401470365,
    0.033961991647015584,
    0.2619648967144291,
    0.326645972219562,
    0.21591292292187256,
    0.3433295554280883,
    0.10176970336567723,
    0.08137139239021686,
    0.2797907890385332,
    0.2624345578037975,
    0.2989517997970529,
    0.16804599198752887,
    0.12485243819263983,
    0.3335082054571424,
    0.3187469069984366,
    0.33580022559230027,
    0.20847066826233385,
    0.1994928269349838,
    0.29471205086706653,
    0.18468562639104152,
    0.2645927782436915,
    0.261350590084349,
    0.3473515136132291,
    0.16530564263912034,
    0.2766500172444445,
    0.021748130413658296,
    0.37477937169798864,
    0.2558532885056379,
    0.27699148146866187,
    0.3205571351460001,
    0.13543335715971108,
    0.25385338656801537,
    0.15737013332120586,
    0.5934138821977083,
    0.22250575769503578,
    0.1072944022696191,
    0.0781222649458722,
    0.18455187809788878,
    0.38351911844659786,
    0.25127603331399095,
    0.10933681375314372,
    0.2363809351600213,
    0.3730226531481085,
    0.26630205264500134,
    0.10095199858186715,
    0.22108669961314964,
    0.054828884267510695,
    0.30594187008500645,
    0.1250133268004677,
    0.21798653548685135,
    0.1066622591069779,
    0.1567337237833411,
    0.32984693588578057,
    0.21415188659465775,
    0.4054712124372086,
    0.050977529689200794,
    0.35153338376608634,
    0.22140390204091503,
    0.14257156833193294,
    0.20392276367614046,
    0.25693298984986285,
    0.5955686843972123,
    0.19583849664862413,
    0.2657633585203892,
    0.0837175903505027,
    0.4878307076096219,
    0.060318424127441615,
    0.2936109662446127,
    0.11967861009925163,
    0.21514744268296762,
    0.3718272456517364,
    0.1773095262485234,
    0.36297754978742625,
    0.19998752085247112,
    0.0971784667998037,
    0.3939274805266154,
    0.41094671952080175,
    0.3187864866240045,
    0.27053589033220804,
    0.19110996504393007,
    0.27794211211184666,
    0.5173643045788145,
    0.3364002938375982,
    0.25741344538256794,
    0.49788943252975276,
    0.5178715920135281,
    0.258014387463755,
    0.21923720025268506,
    0.33053916811632933,
    0.26942766081630753,
    0.3455395377938873,
    0.26904445807785493,
    0.3511130687033999,
    0.2601757434324278,
    0.2450803826535069,
    0.2486287731888336,
    0.017323128275169842,
    0.19304576854897706,
    0.1764954196124922,
    0.0710916897943505,
    0.39582781657498467,
    0.06352488781955078,
    0.2552745521364578,
    0.0031949496192166947,
    0.12367584386894027,
    0.2998113973014316,
    0.2078869972904855,
    0.28065886789124783,
    0.30184764053162094,
    0.3571701906743964,
    0.19713768500736184,
    0.14633934307755014,
    0.1934362189850986,
    0.3800707050174134,
    0.3352061199918931,
    0.26360431564671716,
    0.21970228655416316,
    0.27811934659101295,
    0.2508060124098446,
    0.11100645712677452,
    0.2990835948099828,
    0.3061238849605075,
    0.2366797356320032,
    0.21708268076479223,
    0.24940319739507466,
    0.2684272215274406,
    0.1620426880268825,
    0.19884886128678336,
    0.23851170687257342,
    0.2874883579840403,
    0.11463832469057166,
    0.1512258333697378,
    0.2552452529331153,
    0.34845018233645997,
    0.27607827156237763,
    0.2549583777509149,
    0.09684065212547634,
    0.2616860916636757,
    0.2387710305232097,
    0.26532268822169647,
    0.2736001757849396,
    0.23997569039958466,
    0.22100152631501202,
