{
  "config": {
    "mf": 0.05,
    "mf1": 0.3,
    "mf2": 0.0008,
    "T_coh": 40,
    "tStack": 3456000.0,
    "nStacks": 3,
    "gamma1": 1,
    "gamma2": 11,
    "gamma1_upper": 6.4031242374328485,
    "gamma2_upper": 23.685438564654024
  },
  "mismatch_list": [
    0.3287733160463059,
    0.3745781923021335,
    0.03614717002448526,
    0.006698614706702225,
    0.31801446173038767,
    0.1837695369485816,
    0.34602879226845723,
    0.32962172917763777,
    0.0019069508183852698,
    0.3348309315923137,
    0.35919751935926975,
    0.12006574578333253,
    0.35403439689102395,
    0.36106982890027983,
    0.21624690003936853,
    0.08270515524008683,
    0.07555376440093196,
    0.33251197184114106,
    0.18108947305250153,
    0.37703170549688225,
    0.3248542437082712,
    0.367627059488994,
    0.34595040214782424,
    0.1334352730171772,
    0.36882486703766987,
    0.0014568852710167654,
    0.2720344816781254,
    0.318743934388228,
    0.35557335867838813,
    0.3194484154515927,
    0.3674211634460037,
    0.36922912369711663,
    0.3509384208196354,
    0.3671935827223404,
    0.32202108596663964,
    0.32793444417447015,
    0.3383591917729189,
    0.32800036560371615,
    0.12868237049556325,
    0.32985966433632247,
    0.37274762577141896,
    0.3451694825850872,
    0.3662758870362582,
    0.32295228036644075,
    0.1045506820319977,
    0.31998863505885927,
    0.3665227671257205,
    0.35989007384826427,
    0.0034048201358740406,
    0.32391681496277663,
    0.31980886905607997,
    0.2231708727899651,
    0.32365258712877587,
    0.166765657233939,
    0.0989456257716358,
    0.2991970379593588,
    0.32293883586442346,
    0.36814987714002045,
    0.006347322879799321,
    0.37141450581534347,
    0.004667410668060558,
    0.11645595120339677,
    0.3188093137004571,
    0.3267062238611504,
    0.04086109433258944,
    0.3674363427224748,
    0.09352619037783497,
    0.17853095179159373,
    0.3672602631154099,
    0.34012242737014375,
    0.32365865883936434,
    0.07738763784544916,
    0.05065606459259202,
    0.36342928479260933,
    0.36715292394607846,
    0.06985839144556695,
    0.01754637621337986,
    0.3624494082846973,
    0.3632274546272452,
    0.32718404579978033,
    0.07560992772387508,
    0.010626360917006113,
    0.3194599083323494,
    0.33749576200022097,
    0.3632954903128568,
    0.0025694178129459927,
    0.05178778807691686,
    0.3261153705245123,
    0.07212866908862865,
    0.35012546214120394,
    0.36137731767222325,
    0.17335931808618382,
    0.32085125165603195,
    0.3300782459175065,
    0.324606496231582,
    0.32402849106824266,
    0.3639271108491602,
    0.34049166327030356,
    0.3196650996232178,
    0.36788722144536856,
    0.3307951956722582,
    0.3225088286466775,
    0.37000890481411836,
    0.3459911693474895,
    0.24354666613756046,
    0.3572215570446426,
    0.33062036293433195,
    0.028860900471544222,
    0.3261691485325814,
    0.22063018717891086,
    0.36765611696109585,
    0.326253230881891,
    0.2126951661919348,
    0.028550592691113326,
    0.3679072255632894,
    0.36224860814166515,
    0.32627155443705974,
    0.36179106137946443,
    0.048468405582894517,
    0.25764447337180846,
    0.31120709835011023,
    0.2046195200507942,
    0.2478292821470783,
    0.04744141910622035,
    0.03961726104918509,
    0.1575649556477805,
    0.33953970578875803,
    0.3256838995908209,
    0.27654223888473084,
    0.3289267351620675,
    0.2567690628130387,
    0.3180792447138983,
    0.159455642955661,
    0.01040767091241872,
    0.32096677679231744,
    0.32969112015579144,
    0.21955647021538635,
    0.022901408105581843,
    0.008072339227337964,
    0.37153875903559985,
    0.01771627568645296,
    0.14138373850617053,
    0.14149985997117456,
    0.19768649394601664,
    0.3265557863889813,
    0.3680142936741124,
    0.16916691034826573,
    0.3661485437490059,
    0.032264636373384614,
    0.3306152128226721,
    0.32812049873464466,
    0.13278993692034816,
    0.3394458653331455,
    0.32930784342489583,
    0.021010829221104702,
    0.3198879097171331,
    0.357338979590487,
    0.11870275517962993,
    0.3642677771825333,
    0.04822076652960864,
    0.07091497751135979,
    0.37612219577775413,
    0.35706445153316657,
    0.32333837610582383,
    0.3661284312076817,
    0.328622173822015,
    0.3497962886885875,
    0.3309923094195759,
    0.36539885012643797,
    0.3652601223818323,
    0.3261112504351844,
    0.08451831981456129,
    0.3493790754324386,
    0.320177725474328,
    0.31903857498687266,
    0.3629253328137684,
    0.3248331553563167,
    0.014221680972592623,
    0.36631101621894846,
    0.27853695844814014,
    0.33171869201042037,
    0.31995339745276563,
    0.007990479557797317,
    0.0418794069369944,
    0.3748059898726036,
    0.020265201476162953,
    0.35122183959603176,
    0.36249250658753496,
    0.3232533721575856,
    0.2945353737316766,
    0.347061308338703,
    0.3238809268162628,
    0.27722601107805284,
    0.3347356816324575,
    0.3189994883499595,
    0.3182108707255835,
    0.3382066942560859,
    0.023531456502536404,
    0.28297310199682296,
    0.37159654870959347,
    0.01794906073347782,
    0.3232692561861786,
    0.3233152277092054,
    0.04574535180738019,
    0.3575425987420066,
    0.36055823307150164,
    0.3046803347377417,
    0.31916461719328454,
    0.32314847251482987,
    0.26783887544980806,
    0.3675794616149167,
    0.3432542373763445,
    0.36888824051693675,
    0.18010439222122798,
    0.05346433916315131,
    0.3533610875561267,
    0.20964548691378312,
    0.32070466321468233,
    0.3235770160166304,
    0.3281788847373568,
    0.323720026485669,
    0.013003001918768969,
    0.06007458879611098,
    0.13474952730106718,
    0.3632116248103539,
    0.01954960701395333,
    0.1022956378771088,
    0.1002030119804608,
    0.36480935208234194,
    0.019370274704787468,
    0.3676199035443719,
    0.07147010533658907,
    0.3193170604984159,
    0.3646830930291233,
    0.3224324985707085,
    0.36667916788507465,
    0.04447918330288262,
    0.36622503646008,
    0.020279730212213874,
    0.35908351215063133,
    0.0653558927740247,
    0.3257571938114957,
    0.3237275077005012,
    0.14675449179186045,
    0.3710338312461286,
    0.038709865586422615,
    0.03131159465780544,
    0.32691098145840536,
    0.15295023875375538,
    0.3462274781551237,
    0.33136371378780305,
    0.019683401493705857,
    0.041007032233518856,
    0.32223375847234026,
    0.365361444052277,
    0.1580280862152545,
    0.3670720942988698,
    0.3276979185200292,
    0.31854026102500665,
    0.35678396018866104,
    0.3397491798040594,
    0.36462698391788184,
    0.33058436636441474,
    0.330962059290037,
    0.03208877361312643,
    0.3246128932123805,
    0.37266245918807567,
    0.009898297763409508,
    0.35999513612612505,
    0.2041219650527518,
    0.32591283560702633,
    0.32438325244405325,
    0.3659553332442093,
    0.3106900271394621,
    0.32310331416732835,
    0.32532453022036734,
    0.3667692135215694,
    0.3723718844670572,
    0.35580625214881634,
    0.32329760890615855,
    0.3259934484074283,
    0.04873556084878611,
    0.320239201544036,
    0.1996760633977661,
    0.33942287957163214,
    0.36207805812817184,
    0.3188331668491975,
    0.35779278574527157,
    0.3279756450677489,
    0.3243628688442206,
    0.36282580012947924,
    0.3577582528912998,
    0.3697836009819257,
    0.3445039797352322,
    0.3427318534189314,
    0.24301777677594552,
    0.0032130191353211897,
    0.3265903192429531,
    0.03348949556120008,
    0.365449050162196,
    0.006354153554211322,
    0.3245849199743123,
    0.36599696783110147,
    0.3184004490463674,
    0.38021067968354677,
    0.1340760553310649,
    0.3174757058390665,
    0.012434104321312322,
    0.3681059656616576,
    0.20468419461090148,
    0.33680412911015506,
    0.3645633935918082,
    0.024335199191681842,
