{
  "config": {
    "mf": 0.45,
    "mf1": 0.8,
    "mf2": 0.03,
    "T_coh": 30,
    "tStack": 2592000.0,
    "nStacks": 4,
    "gamma1": 1,
    "gamma2": 35,
    "gamma1_upper": 8.717797887081348,
    "gamma2_upper": 47.70744176750625
  },
  "mismatch_list": [
    0.4709629151066931,
    0.06755616844563167,
    0.48762244268660193,
    0.364554441475728,
    0.49486813386344247,
    0.4058726228865002,
    0.4378822832779988,
    0.30558758466793057,
    0.08697149675640183,
    0.039928770081121036,
    0.4863038680598463,
    0.529749102180932,
    0.3472267719945794,
    0.4921531726602709,
    0.5352750155479334,
    0.5512694370852981,
    0.5009818111586022,
    0.532467785925123,
    0.5594238258238237,
    0.4909159518183203,
    0.5203507703419158,
    0.43849693624031744,
    0.5466867722432307,
    0.5243663078667194,
    0.2723796997622489,
    0.1261035707769977,
    0.38721054894396933,
    0.5441693948434928,
    0.60593726499201,
    0.5009255393492102,
    0.21970531064207255,
    0.3449190134095324,
    0.4163183982578219,
    0.47866582828778437,
    0.27205320038778036,
    0.09717935477304933,
    0.22104838898544205,
    0.5395971025186351,
    0.3875250494483556,
    0.3851550557600504,
    0.12645038149178628,
    0.4495789408554009,
    0.49414881605847816,
    0.293138467828138,
    0.5671142341583834,
    0.3377917568629923,
    0.5536967868182437,
    0.5425142013132835,
    0.5501665529906244,
    0.49994145129658635,
    0.6042429305693334,
    0.0395955484481124,
    0.5460577350932833,
    0.34158845957349365,
    0.5128629332929323,
    0.4825567510413718,
    0.5305716030403691,
    0.6756396048295018,
    0.38701198932881214,
    0.504655489309585,
    0.18255890505539865,
    0.40151909309359496,
    0.5598764578988562,
    0.3515544608473978,
    0.15348029395207796,
    0.4183940220761862,
    0.32914577586284166,
    0.5148806228078571,
    0.150565580474976,
    0.307452180165781,
    0.5705915573058807,
    0.42715406462446864,
    0.33193825988627385,
    0.496171854467295,
    0.5270987252573902,
    0.4980659773050769,
    0.5116681060491942,
    0.21053137935830044,
    0.49012937528678024,
    0.12447916952784302,
    0.32396508299893106,
    0.5069233480374908,
    0.519958674734919,
    0.3993038920575865,
    0.4913270576833391,
    0.5316356353719751,
    0.4732396645636358,
    0.46019533871364593,
    0.3887674384783235,
    0.05078059155296894,
    0.5283672804980196,
    0.5209029713539265,
    0.5930040009726313,
    0.06602248154559325,
    0.5548938909560035,
    0.39821412720941846,
    0.4210543016816633,
    0.45678682836324713,
    0.10154795543590739,
    0.48722626312683615,
    0.490463861860912,
    0.526982928932861,
    0.522023600765499,
    0.5376250231664932,
    0.4709578192010256,
    0.5235587694537103,
    0.5888961227458388,
    0.32681438094937953,
    0.4448748778066875,
    0.6589461406863181,
    0.5494573547146452,
    0.6220440494422839,
    0.31296356478045395,
    0.5194828761667456,
    0.3553145164065032,
    0.31769574566327585,
    0.16324173617578375,
    0.5389829193915908,
    0.51331545694444,
    0.4986314421282931,
    0.4858206966919838,
    0.25976729709404717,
    0.4947553372564338,
    0.5139858395985265,
    0.55969076454198,
    0.5000430079981866,
    0.4667373250730991,
    0.5303788621543783,
    0.09031679619181886,
    0.47544048141201545,
    0.19720591130840015,
    0.5137489703379258,
    0.5717796622910787,
    0.5586166488225639,
    0.48816412661670316,
    0.331883253018005,
    0.31043216460483675,
    0.5125785022461017,
    0.4117059530875984,
    0.5263760463231559,
    0.5223321018348441,
    0.5364382554047682,
    0.3641946199379586,
    0.5229713669373014,
    0.3947312021798044,
    0.5434601604263386,
    0.025861829686014148,
    0.556897521553874,
    0.06400428605421928,
    0.46145446110761423,
    0.574133284027133,
    0.48316977765081787,
    0.5740753858648684,
    0.5218128977155597,
    0.5375682815218268,
    0.5437887198477791,
    0.3378179953560036,
    0.5634215818905536,
    0.5379129599072936,
    0.4887749124733025,
    0.1344130051560446,
    0.6143023929216497,
    0.5635116456985207,
    0.43939952594343645,
    0.4981011426683001,
    0.494257420289193,
    0.539947129797994,
    0.32460644428953533,
    0.41466515635105977,
    0.5115176503378911,
    0.45885164597030237,
    0.5124851495912144,
    0.5033383603298273,
    0.5353544538504663,
    0.5314769394727841,
    0.5098757567600622,
    0.5650761610207887,
    0.5802471781693425,
    0.45660305048864314,
    0.5337217039898989,
    0.4981016125035744,
    0.5300831550609644,
    0.21961083761076186,
    0.51779125233219,
    0.4107742697386473,
    0.27530568928593424,
    0.47650046593202744,
    0.5290426867754237,
    0.477845532040019,
    0.2227902490531735,
    0.5276577569514659,
    0.49300440575379073,
    0.3012528121448226,
    0.5363050028927396,
    0.03122980611849853,
    0.48789715175737186,
    0.5531142272192777,
    0.5380438632429505,
    0.3296109850667556,
    0.5106801147496761,
    0.11314862205265104,
    0.5211390455086784,
    0.14706603050488642,
    0.5329806291976168,
    0.10569978133143511,
    0.3955664247328228,
    0.5534058142187478,
    0.4913405022004193,
    0.5335944147717366,
    0.49325341844917353,
    0.5257850296892524,
    0.19768326394709626,
    0.46625346702291265,
    0.4721710423028116,
    0.5255959752031062,
    0.5470718564622878,
    0.5093324464770884,
    0.15911585964386776,
    0.304747736044519,
    0.5256759194820882,
    0.04742871442371162,
    0.48462800177756754,
    0.5267391567078454,
    0.5727111649341551,
    0.533796949916138,
    0.03712963608149864,
    0.5131139698941122,
    0.513027881615389,
    0.38189071255651397,
    0.4393672157330341,
    0.4644192301120174,
    0.417728879892467,
    0.579810086799537,
    0.04845787052149402,
    0.3390399284809517,
    0.4776521044717042,
    0.5228687621416277,
    0.538435561297023,
    0.5288006493268056,
    0.33630317414928734,
    0.38181055143048215,
    0.49208363703967345,
    0.5286780946025613,
    0.5502154520003273,
    0.34093603908335574,
    0.5237695086448245,
    0.17455508045170107,
    0.5056013761402902,
    0.5156082169418841,
    0.4534519737273897,
    0.5991888041000862,
    0.3786753045038554,
    0.19913982557979842,
    0.5516326558935125,
    0.5083511412949354,
    0.5004314172053388,
    0.4511943068108189,
    0.4594465658511001,
    0.5025260512817251,
    0.5355446287130359,
    0.54509359696923,
    0.4332003747695277,
    0.43569230878210313,
    0.496403085704604,
    0.13083857067146545,
    0.44756974451658865,
    0.5130919237773947,
    0.02042793175042697,
    0.457385723773289,
    0.5707483738639745,
    0.5220312988357626,
    0.6239523396206449,
    0.5348592474713465,
    0.5612840120983306,
    0.502364717076763,
    0.35896867832301477,
    0.5190881061128026,
    0.5027874242589396,
    0.3720126789024301,
    0.5000964246547578,
    0.5048178716086206,
    0.5215347190919949,
    0.02576193547846145,
    0.0614924743954232,
    0.3710500948488995,
    0.23334065312596589,
    0.5006884893827348,
    0.5878871695648515,
    0.2340032654274388,
    0.5488499299873159,
    0.5373837446825489,
    0.470720190975751,
    0.5755129010983737,
    0.5371070478471569,
    0.5690294995835091,
    0.4960329277907998,
    0.5408942454286474,
    0.530408931611934,
    0.4974412048137732,
    0.39536099829442567,
    0.3268279700311595,
    0.495635447148736,
    0.4211717243590652,
    0.5186278121086815,
    0.4968317561806469,
    0.19328907533237594,
    0.5894973311910773,
    0.3060216401790405,
    0.5548651225807459,
    0.5524843949634816,
    0.5305504243118504,
    0.48221980686734367,
    0.5141564620854499,
    0.5590321639109261,
    0.09071420455153284,
    0.5398003604865353,
    0.2976912439185245,
    0.504228951162864,
    0.3164351414811347,
    0.5186500027900987,
