{
  "config": {
    "mf": 1.4,
    "mf1": 0.1,
    "mf2": 0.07,
    "T_coh": 40,
    "tStack": 3456000.0,
    "nStacks": 3,
    "gamma1": 5,
    "gamma2": 21,
    "gamma1_upper": 6.4031242374328485,
    "gamma2_upper": 23.685438564654024
  },
  "mismatch_list": [
    0.03420411421277941,
    0.20492353927382992,
    0.07672256868920768,
    0.14347359960603273,
    0.05623271392127225,
    0.11498198924635,
    0.4917301675434325,
    0.3360941726649204,
    0.6406614488988032,
    0.026723007803991304,
    0.10705347366357584,
    0.5053486349114035,
    0.6418649486761556,
    0.14975321207043055,
    0.4217728397422949,
    0.0695451562332452,
    0.4406392708916448,
    0.03215057495304453,
    0.18950377969405302,
    0.06698050905004727,
    0.4810298618653314,
    0.03613361709906462,
    0.19149291545218902,
    0.07693768072148402,
    0.08072425966060656,
    0.10332864185266973,
    0.7382380665678496,
    0.2702705955404804,
    0.39519544456902295,
    0.1499245210477474,
    0.10558672186285285,
    0.21201079766989434,
    0.305309569959171,
    0.1637428127481202,
    0.2276723414391754,
    0.5078999460159874,
    0.6193768505842016,
    0.3763103645942943,
    0.09922980351185572,
    0.16269273208652926,
    0.222676678917427,
    0.05243485894819974,
    0.12030015718140785,
    0.32442532072455893,
    0.46327601746961244,
    0.15209336859696104,
    0.09773627113050155,
    0.4274283670969233,
    0.28377429673598936,
    0.41573278878763226,
    0.013771073308207293,
    0.14779448907693843,
    0.053326533017474274,
    0.37550380289666135,
    0.3026891931466434,
    0.6190410090922782,
    0.05838036469512803,
    0.08367760474486835,
    0.36570449570052416,
    0.1716693224979321,
    0.06461579462265457,
    0.3968803442573165,
    0.056722787704482476,
    0.08649205944941946,
    0.4078441188055948,
    0.045866243902132266,
    0.1902515216953604,
    0.09462321837308298,
    0.34051291425736313,
    0.24570835774215202,
    0.43788607540999497,
    0.5423707275893433,
    0.049728177106593545,
    0.4001108195605795,
    0.3200720668677487,
    0.018140319617013845,
    0.0327892972222683,
    0.38913197415923345,
    0.06904283060545471,
    0.04031030344349476,
    0.22823912478026642,
    0.15184166366604898,
    0.3565051494069077,
    0.05271307340123457,
    0.0978348822158621,
    0.26959625618325117,
    0.5410945299200345,
    0.42251694955958957,
    0.2513251237300773,
    0.08983215081348453,
    0.03570512780896577,
    0.06644804171612129,
    0.2123495123820069,
    0.3953779753685881,
    0.43661600366297626,
    0.16217305871420035,
    0.29545328626456546,
    0.04617373267407567,
    0.044928056192814106,
    0.026426795065997866,
    0.5123423239103637,
    0.06464463524794968,
    0.08026074961122077,
    0.2992345524569231,
    0.10166873375885183,
    0.0325985804557491,
    0.2833249901524444,
    0.3950349779320426,
    0.043607242293020536,
    0.23043328919416584,
    0.0932474338077833,
    0.629380535895682,
    0.25960520219826283,
    0.24210983919616624,
    0.20370052328387167,
    0.5110076318149395,
    0.32295965315786956,
    0.2401518751664977,
    0.31111786588914075,
    0.2122335535521079,
    0.0344349476385437,
    0.2938585948478717,
    0.03510164314583566,
    0.04744076856580016,
    0.08473776878297223,
    0.03482581400767486,
    0.27981510773870955,
    0.2528527552717898,
    0.31667217999672775,
    0.1711220011577451,
    0.072039978744676,
    0.13756235565456781,
    0.36871649784600646,
    0.03396016155520795,
    0.6283166583560128,
    0.04280935446765681,
    0.13303405221302467,
    0.32608045818862874,
    0.3364075705123472,
    0.07006266113750678,
    0.1358946952874093,
    0.126974539257458,
    0.3193538702438583,
    0.1469575688263633,
    0.16335715070235055,
    0.31729572298948044,
    0.29100505350640743,
    0.2964021536791151,
    0.10852613453978223,
    0.4187866423668135,
    0.2825865725638264,
    0.313758788936606,
    0.4003082585781073,
    0.5954051950640029,
    0.5697990025263737,
    0.2869355436962037,
    0.15071021124023254,
    0.09609246391208337,
    0.007094685399194913,
    0.10131050283413355,
    0.7200095445121982,
    0.09416296102579816,
    0.050962360707098406,
    0.30013517145697527,
    0.3000819897776247,
    0.05679434715070344,
    0.056445006945061105,
    0.4834042801873253,
    0.058436744864877876,
    0.23306971267039145,
    0.022277973536232554,
    0.27708863862598926,
    0.06067904926987138,
    0.5573826796432133,
    0.06339906719009149,
    0.2989093906702312,
    0.3598398738125062,
    0.07129727843162512,
    0.06802234953298246,
    0.5169689673787591,
    0.26356010847110967,
    0.24843889273249853,
    0.3405096073435605,
    0.5616546701592013,
    0.09159029051075121,
    0.7257841207637215,
    0.13230241108711702,
    0.02750810166775795,
    0.011300320792323536,
    0.08021683813285792,
    0.43098611844324375,
    0.10096826436141164,
    0.10029484660311104,
    0.007667811509382799,
    0.2872795711550811,
    0.05828115728104897,
    0.12290757739723332,
    0.3157990463294287,
    0.43892260314616527,
    0.5313831541040264,
    0.15650565899690352,
    0.04134531325201795,
    0.00953583832596,
    0.0645706904868547,
    0.032531791639276206,
    0.20266085126900377,
    0.08930770681140757,
    0.734997616311477,
    0.31857793815767604,
    0.617049515125119,
    0.43465982861946323,
    0.0805700815810214,
    0.15220986954387683,
    0.10618348427497433,
    0.2724678500213757,
    0.09998627359713398,
    0.7710391006235322,
    0.32793303467022644,
    0.2934965691040356,
    0.6126686946180032,
    0.2081368836793612,
    0.4005890209811212,
    0.04619270676966456,
    0.6626912954764347,
    0.20383572726786794,
    0.3279813372964256,
    0.5540393626828981,
    0.31242501844011034,
    0.06804219101579827,
    0.2093576227778488,
    0.11680968255687539,
    0.1300225379728575,
    0.08837439815524084,
    0.11497353222088753,
    0.39834617445911086,
    0.06863559230241542,
    0.5375297310524952,
    0.12490110430320561,
    0.3469526138768295,
    0.5702767160416004,
    0.36542216115816145,
    0.008303606346715708,
    0.0868012829958167,
    0.3197291778546066,
    0.08807916122787769,
    0.23191446130753637,
    0.01937818961323312,
    0.6187795189492125,
    0.10775302146208743,
    0.38809913281877756,
    0.331014319370459,
    0.10470431799456603,
    0.22443910133912662,
    0.013043769118434245,
    0.09601027897233262,
    0.1876643766559642,
    0.10439753397474451,
    0.26226981575936337,
    0.5985782872810349,
    0.15421423879018564,
    0.005864513464614559,
    0.0301469104588576,
    0.00797605924514976,
    0.15794026325852878,
    0.06389510426048679,
    0.08370601167655001,
    0.1403314893765123,
    0.2769108784561722,
    0.5075606349751564,
    0.07946535552413446,
    0.15498762292638885,
    0.0986477866825919,
    0.36775776390175063,
    0.32957608292482105,
    0.5395114398075007,
    0.2998595591656212,
    0.21812300439949645,
    0.040752887776031074,
    0.04694527361242168,
    0.0095818098489868,
    0.43197759625531584,
    0.10412517438549139,
    0.45278675794616147,
    0.21678733649344184,
    0.024741570107494216,
    0.16239370034004832,
    0.3900983519534265,
    0.16588856611241706,
    0.08323230982724791,
    0.6613756316883009,
    0.03203217659656985,
    0.36854193616658865,
    0.21524859155288445,
    0.09282588361549982,
    0.5414242454896677,
    0.23917086021285033,
    0.30164025093078783,
    0.08379415990348582,
    0.17439671320958103,
    0.01960533664328299,
    0.1174293223071069,
    0.023454042192533726,
    0.21511799556353117,
    0.135784428686187,
    0.6291639059357584,
    0.49514149308350847,
    0.04329107964880792,
    0.6105849594404311,
    0.20788881093246186,
    0.21702879541273593,
    0.2140714386625496,
    0.07981241883830612,
    0.2561653070914002,
