{
  "config": {
    "mf": 0.8,
    "mf1": 0.05,
    "mf2": 0.01,
    "T_coh": 60,
    "tStack": 5184000.0,
    "nStacks": 2,
    "gamma1": 3,
    "gamma2": 5,
    "gamma1_upper": 4.0,
    "gamma2_upper": 6.000000000000001
  },
  "mismatch_list": [
    0.040076431334678746,
    0.004827086212579438,
    0.032241026871678624,
    0.09850722534160629,
    0.0961401959140245,
    0.03790947939375365,
    0.1350079221432578,
    0.11592524272406077,
    0.12294125470557962,
    0.08274324449353218,
    0.006618242325062308,
    0.06834539966345347,
    0.040958926289372186,
    0.023309460889477426,
    0.08527348741998346,
    0.009714528169869256,
    0.07746815240584504,
    0.1120179491479359,
    0.09584665737597799,
    0.10256884169013433,
    0.03136843459605743,
    0.0917177461791561,
    0.029457506664430734,
    0.055934090081129685,
    0.05403479960447109,
    0.08286887118132456,
    0.08126557684189831,
    0.03923759490669797,
    0.01302469742617083,
    0.0758059479682883,
    0.04542503455095326,
    0.12829347203830385,
    0.06720319430068292,
    0.09964191334216141,
    0.0065554289811661165,
    0.03912982195416722,
    0.12716724107024108,
    0.03746328057687081,
    0.12080270971994934,
    0.11916074433451106,
    0.03197596757125592,
    0.028034050759542715,
    0.014792506346388486,
    0.01447309073456194,
    0.11255789814552457,
    0.04073889887991303,
    0.03181260950772843,
    0.02491861009755223,
    0.02866825591414016,
    0.012739615920616655,
    0.15389587296814372,
    0.04126005447196313,
    0.016939942058485077,
    0.09811249154296751,
    0.031250831246783434,
    0.024966244152359585,
    0.038761326640953435,
    0.05494794226665819,
    0.046126679118502545,
    0.03435239370160698,
    0.08813796383570516,
    0.08866063735666414,
    0.01616796678482418,
    0.029780897804351975,
    0.01968088797395523,
    0.11865086478578409,
    0.09568792538150614,
    0.030310799558210404,
    0.03289648303100044,
    0.017554341854938038,
    0.05954459241440327,
    0.051402132617834655,
    0.01675432103762729,
    0.0870728114356427,
    0.0068548223878611945,
    0.03812892854458085,
    0.0054009356224665045,
    0.05905603615272967,
    0.04674382564345729,
    0.08772754477167458,
    0.1621510931979437,
    0.13623621575986075,
    0.03112578281762301,
    0.08935917378406666,
    0.02029687798164607,
    0.11988335077746873,
    0.009030086796620656,
    0.022984768667634287,
    0.0691051592235143,
    0.029034799604471095,
    0.08042240347417787,
    0.03360774114830599,
    0.13489935408510811,
    0.08028716323662921,
    0.041213360087432704,
    0.049795151879629684,
    0.05139042288053755,
    0.05813515928134017,
    0.03244464619245604,
    0.09250099749614013,
    0.013757929371490693,
    0.07937018961100542,
    0.029395560708482475,
    0.10025949356109014,
    0.045035505080002085,
    0.08013045514736922,
    0.12218048319291286,
    0.0389968947511464,
    0.04743585666125031,
    0.12771752644087594,
    0.04479661198267537,
    0.07157931106266589,
    0.04387118132455922,
    0.027753956734689156,
    0.05934032255266491,
    0.0049271972382367735,
    0.047357936310594276,
    0.050275178826481935,
    0.11363982004591373,
    0.06007196428674689,
    0.06140138088161311,
    0.06878061156632916,
    0.05374567028849323,
    0.0867828870140459,
    0.0006835739853006655,
    0.023231685103479383,
    0.032338535733492164,
    0.036099385311074234,
    0.03636870926890761,
    0.035575844402167316,
    0.10487139528025305,
    0.021761028837757976,
    0.019431658503582312,
    0.0871187107145542,
    0.05882025119554972,
    0.09926741859564109,
    0.015172494549912393,
    0.06514553324119746,
    0.025267010923305556,
    0.012133384027340068,
    0.05776182105208375,
    0.12206475918419273,
    0.027680301041443797,
    0.00663884278882573,
    0.043943897347527655,
    0.01853803207022373,
    0.02644868243770709,
    0.062326883822058254,
    0.13820872823579075,
    0.09030968641034388,
    0.010943255480446184,
    0.03177437215569035,
    0.01596904581543141,
    0.009532593547790185,
    0.031977557782493796,
    0.029137874205617205,
    0.051245063116929675,
    0.0893011310738841,
    0.0641262801200465,
    0.11606286827846622,
    0.036361842447653135,
    0.06772926509110465,
    0.03271274135069651,
    0.06291179242828147,
    0.0633895063406059,
    0.07177476248026693,
    0.039457622316157126,
    0.00797360827603754,
    0.06289776965645655,
    0.1098550450174345,
    0.04137751325657914,
    0.12642323905790104,
    0.0200835728287834,
    0.01772608466862889,
    0.07335398680413802,
    0.027917387080545645,
    0.0832471246089526,
    0.12684189830743697,
    0.01405797331914672,
    0.015351682443489676,
    0.013912324426222873,
    0.055142454013982295,
    0.10361715230754107,
    0.0899242770321454,
    0.17616967264778846,
    0.031304103323252355,
    0.1261311461664344,
    0.05241928955144478,
    0.07361333580057017,
    0.04020343138672203,
    0.008030855880601158,
    0.045740040940711144,
    0.04169476039853585,
    0.04067117033764522,
    0.04117230372456385,
    0.06979292558389666,
    0.05669789745161421,
    0.048887358109788184,
    0.05715609513511013,
    0.08079010368177271,
    0.1287996651882521,
    0.02989185117935848,
    0.04460188338836428,
    0.03420154048099553,
    0.043941512030670836,
    0.12035875165526533,
    0.1277665338599342,
    0.10272952530748902,
    0.006745965200395529,
    0.0707445947274378,
    0.06714753690735718,
    0.09891663245303094,
    0.011441136162560067,
    0.06402898810521994,
    0.0076951044624218624,
    0.013990967600168852,
    0.09500998941786704,
    0.10885154944400433,
    0.10442223288788144,
    0.026753424736747758,
    0.07613165214273736,
    0.13437921044566392,
    0.06610103334817531,
    0.09567101131652143,
    0.0742933679517501,
    0.06606966281739171,
    0.0121421301891484,
    0.03949369119832536,
    0.09155496637426055,
    0.015819276829754876,
    0.0278631030514708,
    0.044359737586232816,
    0.03496274568763625,
    0.12691259042519357,
    0.05127903581155708,
    0.01278970757460982,
    0.03594238809249825,
    0.047960481805092145,
    0.055668813933719995,
    0.03183068008997704,
    0.06808077405700473,
    0.1377938999496915,
    0.01986954485263079,
    0.008331405804560148,
    0.09559713877628909,
    0.04110059965420134,
    0.06109598804161149,
    0.0847924485205253,
    0.013261711182943683,
    0.08293696113523735,
    0.0667163005325762,
    0.027070165902401508,
    0.036835725396540855,
    0.04745045769170719,
    0.12737476363678418,
    0.0043237120734619765,
    0.012469930551138302,
    0.019272348250478508,
    0.06018978448300787,
    0.06048353986804138,
    0.054619563646036325,
    0.025739881919587353,
    0.012215858164722754,
    0.041627465550242,
    0.04614446057143518,
    0.03962343797887043,
    0.06961829147704603,
    0.06749680512105845,
    0.09858044734087767,
    0.09762306789334597,
    0.0446329647898319,
    0.12289000653432254,
    0.025019371664170516,
    0.10525933453996635,
    0.053847877501691406,
    0.1102181191559737,
    0.03255393707389567,
    0.12209106995194671,
    0.0049643503553399295,
    0.08354326531084293,
    0.017234998525440488,
    0.1872845263772675,
    0.07695639351656422,
    0.01926620425251398,
    0.01721996380100964,
    0.0984705782008061,
    0.00422584180000347,
    0.042633274158199994,
    0.03550218870892195,
    0.09116175050453065,
    0.1252234246789219,
    0.06504744612075197,
    0.016041978685386826,
    0.037076208705105446,
    0.008625884012883603,
    0.03645414698177907,
    0.06080187124493301,
    0.07170797360827603,
    0.040437481568006105,
    0.0672165665315469,
    0.01377650593004227,
    0.011196749608229776,
    0.00783294686381431,
    0.06653429362816814,
    0.020476282722210335,
    0.07623949737759711,
    0.008410554954809088,
