{
  "config": {
    "mf": 0.8,
    "mf1": 0.8,
    "mf2": 0.1,
    "T_coh": 60,
    "tStack": 5184000.0,
    "nStacks": 2,
    "gamma1": 1,
    "gamma2": 5,
    "gamma1_upper": 4.0,
    "gamma2_upper": 6.000000000000001
  },
  "mismatch_list": [
    0.5161015844969791,
    0.5278158499868996,
    0.5324005118635274,
    0.44784374527347054,
    0.49536512881012706,
    0.5123690060246531,
    0.08407683485840269,
    0.5708276599291663,
    0.4477547167241576,
    0.14782958275628594,
    0.50015087595518,
    0.4931352617823934,
    0.23010676614488199,
    0.18182804367395464,
    0.4506467669988133,
    0.24566525560892277,
    0.13109682111941365,
    0.2847182353105864,
    0.47478764973835297,
    0.14073460364115573,
    0.5008810334247414,
    0.5263706678450732,
    0.03990938088780273,
    0.23714137855775289,
    0.4825594103151887,
    0.22262902595030384,
    0.10813230776102646,
    0.2500942306090154,
    0.13013835579498595,
    0.5311870918020373,
    0.42573629104893107,
    0.45768582055871687,
    0.4910405207653029,
    0.13007404140647535,
    0.28414187311789807,
    0.5194790768153481,
    0.4571659185037684,
    0.23820930993219028,
    0.23772612958372516,
    0.2659815294404032,
    0.5137466251611578,
    0.43380203088629243,
    0.4941360413688271,
    0.2614944083115676,
    0.508995708122926,
    0.6078692523640661,
    0.532962892667409,
    0.4403426068135072,
    0.40820905755398673,
    0.30824414255129234,
    0.13305783426474174,
    0.604682770489835,
    0.5526650134346914,
    0.4519306285868499,
    0.48721221090138306,
    0.05047495192206145,
    0.4568850570756819,
    0.1623907879810947,
    0.24821529644032872,
    0.5176070510976011,
    0.4350375744394825,
    0.5048575460100118,
    0.36406430277933166,
    0.1200472473020541,
    0.5518173300556906,
    0.5536360620090451,
    0.5144076981213216,
    0.488234291544881,
    0.0999538532568444,
    0.028279743921894328,
    0.5245003281183295,
    0.5393057141864732,
    0.1234567323277512,
    0.48821134561854534,
    0.5263026113789703,
    0.533805024612619,
    0.4374565191899602,
    0.4421741687471784,
    0.4970462263271997,
    0.48254764949989837,
    0.555335211966371,
    0.22615817521549314,
    0.5076320292534963,
    0.29497300829601963,
    0.47934179928999693,
    0.46841024484285826,
    0.5122479025245483,
    0.08788890163826775,
    0.21762451119215862,
    0.49811888670079224,
    0.4644613249396151,
    0.5296355277400852,
    0.570007486988729,
    0.46776323551496457,
    0.47929006815141234,
    0.5259415214521727,
    0.6216595073613833,
    0.3743277113284396,
    0.5230140653664508,
    0.24194266971742026,
    0.4963240053518726,
    0.2645161154065391,
    0.3071724279775308,
    0.30252262927775664,
    0.5793819259401247,
    0.5522317548686124,
    0.4801207682551863,
    0.2919362506472151,
    0.1474930425033635,
    0.5311834730896403,
    0.48559041092154337,
    0.509541640234094,
    0.5532748898387839,
    0.48743147197525677,
    0.5206078683528261,
    0.558922754090694,
    0.38440158981575384,
    0.2682911726277983,
    0.3695012536689203,
    0.14286783459919636,
    0.4964399275137724,
    0.5155680300270783,
    0.02059779320727551,
    0.5283734195481624,
    0.47548038643199075,
    0.5725578156722575,
    0.49516268652455314,
    0.21197948433974165,
    0.5545419737602525,
    0.45542622251890325,
    0.3310226211950875,
    0.3804691186052245,
    0.49885911899464086,
    0.4903661243640409,
    0.4515599161748147,
    0.24986806108420195,
    0.4397623380562994,
    0.5286591333405996,
    0.4315029559839659,
    0.5078917129897139,
    0.2829712196574636,
    0.4881857267796438,
    0.5027873546667965,
    0.20780488837246647,
    0.22426912510078753,
    0.5224647201515448,
    0.5200548633037914,
    0.34048123633144556,
    0.2780168734120952,
    0.24487177067241356,
    0.519000090883525,
    0.10481148118905623,
    0.20533355453569563,
    0.5911006325770779,
    0.32479424145557895,
    0.4399484138926232,
    0.4676963715790834,
    0.5304678727131305,
    0.25425706576100027,
    0.45750122510473734,
    0.4486901950005179,
    0.3207767305037197,
    0.48892386186517134,
    0.5342136101396275,
    0.539816034877916,
    0.16945336317157889,
    0.5369410501219508,
    0.39093435261392956,
    0.5285264746338635,
    0.5268398668047317,
    0.5264697300969415,
    0.5209053018388218,
    0.45766234004986805,
    0.532810413285953,
    0.48201265576938507,
    0.5294018329383552,
    0.550221806862461,
    0.38019315066322024,
    0.38791256327549456,
    0.5307616463649972,
    0.5002990786765305,
    0.14730963957960566,
    0.02769211437469716,
    0.2337044242152239,
    0.2485344833224382,
    0.4393093410589639,
    0.5451823386322991,
    0.504995303811489,
    0.13116253364680489,
    0.5034859717680794,
    0.1965609732506945,
    0.5040038177364387,
    0.5257884663664717,
    0.05548267417528586,
    0.19432329309392185,
    0.4577323292373649,
    0.5098466401187379,
    0.555412027361344,
    0.5208423033457283,
    0.5289587874001115,
    0.5478400361575163,
    0.4783905713903633,
    0.44670520788555956,
    0.5112749623505326,
    0.46189224474639307,
    0.3172721720341374,
    0.14044148793699748,
    0.49226409789454373,
    0.5534977696250546,
    0.469144720094257,
    0.027461339215923856,
    0.4438294006949587,
    0.07078341262450286,
    0.26804534691519194,
    0.5664991453198226,
    0.32452682683378586,
    0.11518024361499546,
    0.47144593332663637,
    0.21468792608198056,
    0.33804168959334396,
    0.23922148023832823,
    0.538255876374021,
    0.2707529662227952,
    0.4912203460983955,
    0.49420763430386355,
    0.1378809199422548,
    0.47264084860882355,
    0.4915651106976748,
    0.21306888125817042,
    0.44247328822417714,
    0.5261718031501645,
    0.6035346517384182,
    0.44116722090097704,
    0.5268461173079629,
    0.29884420812619045,
    0.35144112365178365,
    0.5367787837683301,
    0.5188522171360287,
    0.5222227187599944,
    0.2836609133429493,
    0.23694917558339323,
    0.03609279071744139,
    0.47219496567108676,
    0.32368765565326435,
    0.48784581454471504,
    0.5103857460224297,
    0.5041891945033221,
    0.16836166343617018,
    0.2459040906271258,
    0.4273262216866379,
    0.4561586416837128,
    0.5055828099934909,
    0.48651651344305685,
    0.16967879250522025,
    0.5348347538982289,
    0.532722906240716,
    0.5543662606003383,
    0.3647231551659792,
    0.4917921026571239,
    0.13896127007969103,
    0.4917514332643893,
    0.5207194727328887,
    0.2079919922520849,
    0.522578668470319,
    0.09639287577125406,
    0.34739330598359935,
    0.5083677792785803,
    0.5253091514607943,
    0.30756933493271255,
    0.500414877473235,
    0.17239471840264392,
    0.4984128248395862,
    0.5091293537512249,
    0.53002421034891,
    0.2816156006474635,
    0.5129950432693368,
    0.4818320902451203,
    0.5208513501267208,
    0.2372940224261361,
    0.4905070074171338,
    0.23502311591008174,
    0.49494338432894763,
    0.5134579506040322,
    0.5194005343076401,
    0.3423027234408297,
    0.41189525071286015,
    0.4544990097106316,
    0.4694217983230194,
    0.5386531123030569,
    0.10586715828742192,
    0.37685895952842013,
    0.5314291754370513,
    0.5140430717255905,
    0.4744039017373422,
    0.3549902169568883,
    0.4951496098138457,
    0.2139918174063365,
    0.09654650656120008,
    0.4864006735246206,
    0.5229319863898093,
    0.220997151146177,
    0.17899492084094581,
    0.5125637174246516,
    0.4409981694616119,
    0.4956021133503998,
    0.5461553610497785,
    0.5128388218102883,
    0.5429127891333937,
    0.5666822192697262,
    0.23334000342815173,
    0.5377336715020925,
    0.5126425066627502,
    0.3699868601995607,
    0.5388078122580293,
    0.4700096334788755,
    0.17032925605858376,
    0.1468712819187854,
    0.4629342283080746,
    0.10712663468851044,
