{
  "config": {
    "mf": 0.8,
    "mf1": 0.9,
    "mf2": 0.0001,
    "T_coh": 10,
    "tStack": 864000.0,
    "nStacks": 12,
    "gamma1": 25,
    "gamma2": 61,
    "gamma1_upper": 26.758176320519304,
    "gamma2_upper": 100.0
  },
  "mismatch_list": [
    0.06658970043997171,
    0.11559994028033763,
    0.2215275287802042,
    0.21532201832942593,
    0.1549366898935097,
    0.2685070507258248,
    0.3025916034891983,
    0.1723660923726997,
    0.03451813832951701,
    0.004560075454080318,
    0.25923586588577174,
    0.15770018799550217,
    0.29293985217323515,
    0.39181763644798984,
    0.22026396134138515,
    0.22635687399010287,
    0.19931952328790353,
    0.10895677838226286,
    0.11949727710649778,
    0.20801129295779627,
    0.072465386611628,
    0.07002412314393881,
    0.05965330719315093,
    0.15585937385647092,
    0.17747576653515257,
    0.12535355547211766,
    0.2748412598680291,
    0.0902436959054842,
    0.026784290259243834,
    0.2197787119787256,
    0.0957999122420212,
    0.16153615712212813,
    0.16062057489824727,
    0.00623131524316192,
    0.18327154458921752,
    0.18745831794171436,
    0.02663553322079697,
    0.09465745384980939,
    0.17469811916674807,
    0.15048823643001322,
    0.18821966774052912,
    0.20723449281060052,
    0.36571348678800053,
    0.13536597755221594,
    0.1315610175458493,
    0.08660738864933921,
    0.10432243283245653,
    0.11517822708716045,
    0.25859811887400463,
    0.23380003866381918,
    0.1914835402830699,
    0.20334517932324872,
    0.28759278476320255,
    0.1329285631186848,
    0.18350107713323502,
    0.12881356612147357,
    0.11604745826589843,
    0.08178124193261414,
    0.2102466602039034,
    0.026236426326829838,
    0.23020764292412535,
    0.24230152509575692,
    0.08765150692939994,
    0.22834189138068975,
    0.1963725726282929,
    0.06246147577607642,
    0.37800475393666744,
    0.13692299318677584,
    0.0994639217017545,
    0.2407909689298373,
    0.13570875843927846,
    0.045180721911835864,
    0.116023821943463,
    0.030484675802358276,
    0.08640951576656551,
    0.28210173094860913,
    0.2536296121051799,
    0.1983534699259782,
    0.14340671833190882,
    0.210509261914631,
    0.2008646123377483,
    0.01291735863446243,
    0.039455093860595356,
    0.1670730740761261,
    0.11231931630744697,
    0.012548068202283116,
    0.17568558616941193,
    0.1382669566489246,
    0.0770241609837394,
    0.024231567436216895,
    0.32810842306371624,
    0.13333737391567016,
    0.25157580000548624,
    0.07887809436595727,
    0.18872578862644018,
    0.2127450628547278,
    0.21093265567201805,
    0.11690899137632028,
    0.3068355160248303,
    0.1926018202353592,
    0.39308689612042297,
    0.14215128265539553,
    0.30691639995389836,
    0.2956958690539063,
    0.2717335171617591,
    0.19466132456866694,
    0.21159333425348742,
    0.21881189965231837,
    0.04457235766786695,
    0.014207164559654772,
    0.0474424360678137,
    0.15062663902445741,
    0.15452251213340254,
    0.11736220159549514,
    0.008783929642691448,
    0.16712278624968868,
    0.171497728581941,
    0.035976109099192646,
    0.2400917457950386,
    0.28394259929938903,
    0.12169182290582996,
    0.28121488095154196,
    0.2680793742402901,
    0.27528519987817535,
    0.10573519100371209,
    0.04010617696254391,
    0.35026769219393106,
    0.20461346318420512,
    0.16472250686402057,
    0.22570248397148332,
    0.0819161207633925,
    0.2196056138651101,
    0.08359115537488346,
    0.1468947022435966,
    0.08189855615681203,
    0.04003060578484897,
    0.048666971047565066,
    0.10329674654695556,
    0.02112935432831481,
    0.2840213689702576,
    0.004139609131123366,
    0.22445734852722402,
    0.12575727036472473,
    0.1984962094603188,
    0.09922045673831978,
    0.19932082436987245,
    0.30391610493356186,
    0.3040789570266721,
    0.30240739196709826,
    0.13375935816759085,
    0.3814052942976938,
    0.1868423640529267,
    0.10333024940765533,
    0.2438950794489441,
    0.08809279056385966,
    0.21693183620722462,
    0.2800389196986304,
    0.09885609957527264,
    0.04328970769350369,
    0.285774089017643,
    0.02205615838417763,
    0.3918278282567464,
    0.2343554922410519,
    0.2096340674435355,
    0.07888763563372937,
    0.3383896812056433,
    0.15860422311690883,
    0.08883093773422863,
    0.1332047177665887,
    0.09773169369537962,
    0.026927734546317597,
    0.257429150936676,
    0.07422466628060673,
    0.028004596722596205,
    0.11653330395779377,
    0.33558313897517894,
    0.32694991799388773,
    0.25355729363240725,
    0.1647250548162097,
    0.2873631980074363,
    0.04544050461163083,
    0.3245526744661471,
    0.15598547038395905,
    0.05793349367722954,
    0.22535401085080678,
    0.20065714397545378,
    0.06498904434770418,
    0.023164897068694852,
    0.08621923252861052,
    0.1220739615224524,
    0.23446592157316423,
    0.3529053106154302,
    0.26148055755265615,
    0.029904501667716025,
    0.0802492179142073,
    0.07215789757297254,
    0.14431519881670932,
    0.168001883966691,
    0.07553984330419307,
    0.24483489432449612
  ],
  "statistics": {
    "mean_mismatch": 0.16533379881347826,
    "std_mismatch": 0.09548117205845166,
    "min_mismatch": 0.004139609131123366,
    "max_mismatch": 0.39308689612042297,
    "valid_samples": 200,
    "total_runs": 200
  },
  "perfect_2F": 1152890.625
}