{
  "config": {
    "mf": 1.7,
    "mf1": 0.65,
    "mf2": 0.005,
    "T_coh": 40,
    "tStack": 3456000.0,
    "nStacks": 3,
    "gamma1": 1,
    "gamma2": 23,
    "gamma1_upper": 6.4031242374328485,
    "gamma2_upper": 23.685438564654024
  },
  "mismatch_list": [
    0.3316859481426041,
    0.46869285070173256,
    0.6019603385022022,
    0.3998843230709498,
    0.5930022884927748,
    0.5667507327524658,
    0.6113528139830627,
    0.39079274964027827,
    0.45537899888551586,
    0.31308087160706577,
    0.36837355462116267,
    0.44246072985647666,
    0.4276931370479408,
    0.33785393871323754,
    0.158329069582996,
    0.624609526665706,
    0.26651291143835465,
    0.4896998308920178,
    0.5911693095413354,
    0.5980942852084131,
    0.5786565440408817,
    0.31840587021653566,
    0.39519848042431716,
    0.3282085385381771,
    0.5900164163875035,
    0.37915398519435056,
    0.39775683905011994,
    0.2574952285570764,
    0.1065662188888531,
    0.04226539425297413,
    0.5574615576691614,
    0.44101029577796014,
    0.18854444942107865,
    0.5933568330217787,
    0.6110261342687238,
    0.34039001632964877,
    0.4434115488922869,
    0.3053934354616739,
    0.35183811822075894,
    0.31067625736723475,
    0.5442490004175385,
    0.43636066654805145,
    0.559183321314599,
    0.6548616349316786,
    0.6082770859822526,
    0.40094394499203684,
    0.1842689893561829,
    0.03268271701676041,
    0.08472996229792995,
    0.009719615994663833,
    0.0016727562671166672,
    0.472976550945284,
    0.29948034831235176,
    0.46273677367297616,
    0.3817474730028436,
    0.5709406196462556,
    0.3451852581902768,
    0.5466829702938307,
    0.3720137619657423,
    0.39677354720500185,
    0.3164942571918057,
    0.32071116861888427,
    0.6022834673500811,
    0.5518862094213215,
    0.5586506100280155,
    0.46514474903831154,
    0.3701278994993116,
    0.4242168116775475,
    0.46340287285154963,
    0.08142955389949649,
    0.4507090402674762,
    0.30057710524909137,
    0.6182814218341531,
    0.4474544407569645,
    0.32853402559507916,
    0.4867076160176496,
    0.5983405147574552,
    0.38717406434126656,
    0.516403051424895,
    0.4178443887798692,
    0.11357389450684753,
    0.19176397396060174,
    0.6679843091819118,
    0.3215935182754694,
    0.6701817805096139,
    0.31834683367340333,
    0.5291097321822671,
    0.37606250869420166,
    0.3591637454691215,
    0.16151210964728674,
    0.25804959741848216,
    0.3766813894806096,
    0.32090676443855487,
    0.4808936820707049,
    0.5344502353384182,
    0.43771042949654354,
    0.11990668865059594,
    0.5043481579568521,
    0.29839736114783955,
    0.41482848339186573,
    0.5990087552982452,
    0.42253120723713206,
    0.43629702201027615,
    0.5203343756075098,
    0.3210953127370068,
    0.44592165910359216,
    0.343397247845383,
    0.39993354729607755,
    0.1670721701952521,
    0.479877917416279,
    0.6067484244182082,
    0.40749662179780965,
    0.10393462025407724,
    0.5910918410196311,
    0.6294247726442549,
    0.48977941367008776,
    0.3154510614163284,
    0.5617634188327765,
    0.38271179075237277,
    0.6713696673168819,
    0.5155640169179542,
    0.4010609338442678,
    0.5286325065723556,
    0.3281337263898552,
    0.6312396719931832,
    0.6645462030612047,
    0.41943501431893676,
    0.5835203094924364,
    0.38102114462370085,
    0.5981481987457364,
    0.4199454717019796,
    0.42360096674643377,
    0.39998315100311704,
    0.4015841851889077,
    0.5840348327531055,
    0.07660698934122048,
    0.32596959525868796,
    0.22085364781324632,
    0.5646827731800833,
    0.553173574701177,
    0.3263265251025658,
    0.4647344206682763,
    0.3910632118199725,
    0.5548112559973051,
    0.39278513810051524,
    0.42028543328323087,
    0.3495847546286222,
    0.4969596451345377,
    0.4782050527257589,
    0.36570991687069243,
    0.5908845625782478,
    0.04186520347115357,
    0.3683304021066234,
    0.29105140451134603,
    0.32485543636570824,
    0.5230088556983167,
    0.5868493687752091,
    0.1304446844938595,
    0.5936269157195612,
    0.42383564920301753,
    0.6149022980448766,
    0.4436962687495236,
    0.35578473010324835,
    0.518131428897938,
    0.3206909476541567,
    0.3940925074982915,
    0.3892808937037554,
    0.345938150303244,
    0.45145244533264894,
    0.18315461361639648,
    0.6236648877638876,
    0.4383308824223003,
    0.4319810658042236,
    0.2061936652325503,
    0.24199924732473385,
    0.5115076263395576,
    0.35658088315415826,
    0.32065435475552095,
    0.3682463197573137,
    0.6422815113918844,
    0.011723822605867592,
    0.07260833422511583,
    0.3967371169414712,
    0.4996217649573609,
    0.3594911841472841,
    0.10049369512488261,
    0.342224052409271,
    0.6131387642832926,
    0.3965387563250148,
    0.5795245818082226,
    0.626405343495642,
    0.3800665849804746,
    0.5455058716151975,
    0.20271701459194688,
    0.36105464962380873,
    0.6016699535221397,
    0.5205253092208358,
    0.39458502080807745,
    0.49871892327753975,
    0.4379348117298076,
    0.35581362494024515,
    0.5801238921703232,
    0.3772654663545374,
    0.42929205697736583,
    0.4212165192596286,
    0.6236553465043915,
    0.5859266585067213,
    0.35410037253197163,
    0.460137322577298,
    0.3602642430132772,
    0.3773638605930912,
    0.6063936901482484,
    0.39642686337274197,
    0.4109113084633899,
    0.2072612562737847,
    0.37116827626630133,
    0.20729367487139086,
    0.19944577208901865,
    0.3947243990931033,
    0.37289470211808373,
    0.6203189415360408,
    0.3455504282128104,
    0.3661953284475579,
    0.5786387626027298,
    0.44996932159801784,
    0.40519343765182664,
    0.46155929551243124,
    0.4991424250910838,
    0.3848433406508288,
    0.6613074062617335,
    0.5213977381360131,
    0.4751994475610752,
    0.4384628337041956,
    0.5030250671655878,
    0.3236764402775162,
    0.38431960140087373,
    0.5182926544987418,
    0.6117693224870897,
    0.4176088389360585,
    0.40465853079132497,
    0.3676061879838462,
    0.3193349503599711,
    0.4216449001263241,
    0.16907773209899793,
    0.2443637449053198,
    0.3746135925433322,
    0.2664037832828677,
    0.07567595757652443,
    0.3340790695016784,
    0.07956868302754139,
    0.6243955259733142,
    0.6050348738455754,
    0.3204037882703442,
    0.016704685333056638,
    0.4609257233548673,
    0.4542883136593647,
    0.5097194533595588,
    0.5849298408420335,
    0.26136729934975234,
    0.3558733120237976,
    0.43617119665067094,
    0.5336600455746934,
    0.3525611938978008,
    0.3152249444086105,
    0.3863132909419511,
    0.49590257116342973,
    0.35648801850917605,
    0.3891362568836664,
    0.040190495582776334,
    0.2806881329826053,
    0.39466238090637845,
    0.6233613564461671,
    0.43542605681104435,
    0.6134282005585757,
    0.3060638173646803,
    0.47896672713439875,
    0.36575735210966465,
    0.6230733838868294,
    0.33063711435015186,
    0.5854916909182715,
    0.35907630199430757,
    0.44435407353773965,
    0.39994970238317895,
    0.5304389488958214,
    0.29405803969836175,
    0.39106207337423715,
    0.37252454461899526,
    0.44165503554607066,
    0.32424501260476274,
    0.6107047673011495,
    0.6189766326965301,
    0.3042331424105624,
    0.3477915941720686,
    0.4519219186692198,
    0.20523059435215987,
    0.45184407066560367,
    0.5033909419402434,
    0.46392390151642054,
    0.4577530919372996,
    0.591220268540917,
    0.4186557753189518,
    0.3757595737051996,
    0.6734794783229632,
    0.16735661899398044,
    0.6469848644181604,
    0.5737271824302911,
    0.3816108595146036,
    0.38619478416207303,
    0.32273087977676923,
    0.4690056522204408,
    0.30973904546854686,
    0.404104541411831,
    0.5476425987311643,
    0.46776095154980957,
    0.4736360362962522,
    0.3217371792849281,
    0.49913825079005425,
