{
  "config": {
    "mf": 0.08,
    "mf1": 0.7,
    "mf2": 0.07,
    "T_coh": 60,
    "tStack": 5184000.0,
    "nStacks": 2,
    "gamma1": 1,
    "gamma2": 5,
    "gamma1_upper": 4.0,
    "gamma2_upper": 6.000000000000001
  },
  "mismatch_list": [
    0.2415844575644903,
    0.0675000578258632,
    0.041094672503223795,
    0.46236862686705255,
    0.05323839290361007,
    0.4294502784315313,
    0.4422458047336252,
    0.43713121555747025,
    0.44265503113922733,
    0.12626421793411322,
    0.3298670583405134,
    0.46109374728941266,
    0.45250725714583107,
    0.4695738378447144,
    0.47261128587371987,
    0.1654153631753338,
    0.43613661071050636,
    0.47774137960944413,
    0.31776967091301256,
    0.46612148924728075,
    0.4522180194063597,
    0.44585558424360877,
    0.4421562830691655,
    0.4804853975238965,
    0.45508650749134055,
    0.4668768034441084,
    0.4799908779700809,
    0.4691786342109372,
    0.4680736903887633,
    0.38660803606020827,
    0.19564108643231773,
    0.4064720151735065,
    0.4403049157766303,
    0.43302062793104845,
    0.4360901331729629,
    0.051971428240995064,
    0.4483238812141118,
    0.216849444582584,
    0.06751574309125499,
    0.07277731838342016,
    0.4575196391087878,
    0.3282243701317851,
    0.3974191233020881,
    0.44938039587585943,
    0.020632340270509388,
    0.24112676585729734,
    0.4485526186442148,
    0.020173419763723523,
    0.12254673775392783,
    0.10567510249634252,
    0.4829830411199713,
    0.43352447190530435,
    0.2394486593073618,
    0.293116409245199,
    0.4426933407735944,
    0.3604873708314781,
    0.3638490051060237,
    0.41061466001283736,
    0.11329864745305986,
    0.46490533906194886,
    0.43810644874026355,
    0.44735421377065104,
    0.2561440702468586,
    0.4369616050724847,
    0.018421874367529623,
    0.19303053783835358,
    0.0658399495758473,
    0.06301949309848323,
    0.05583867740685699,
    0.43505808607957996,
    0.04373890466249935,
    0.43431480689052987,
    0.4517411728819832,
    0.4497728889222994,
    0.44670219102195646,
    0.45689696298566496,
    0.4158130605494614,
    0.3201614208971104,
    0.13074254190929435,
    0.44099203159605166,
    0.4101377050649674,
    0.4435092998444484,
    0.335096973972579,
    0.43658494185609453,
    0.48427707551479476,
    0.4352842574870036,
    0.08241168545043456,
    0.3769620315382258,
    0.43730584966432084,
    0.25421051794625665,
    0.1587408129159848,
    0.16202618933344126,
    0.4397571241463457,
    0.43931743073907237,
    0.44707057791167676,
    0.40817325206872024,
    0.44626025686248433,
    0.47022549918176404,
    0.43844328439337776,
    0.4486727157338391,
    0.44346712310548014,
    0.4378790846744115,
    0.04518455124238867,
    0.44356076486269247,
    0.3156911202604477,
    0.24727871487801634,
    0.44630991482250354,
    0.0531465943457871,
    0.23921027218633806,
    0.4504884116970156,
    0.256126071946939,
    0.4526522916389584,
    0.13494922889211428,
    0.11319897012137649,
    0.43614846501246146,
    0.4507907686791995,
    0.4441130018562102,
    0.4372792859084154,
    0.020658000497302424,
    0.4486924126684901,
    0.45451974174969495,
    0.4534740694372965,
    0.18822875044092222,
    0.2235582566658764,
    0.44779726830622263,
    0.08577599417115299,
    0.11606532587765205,
    0.10864980946378076,
    0.45014940757403155,
    0.45439982536589313,
    0.10170542927029544,
    0.4484595912867989,
    0.0377899244215968,
    0.43499668224109916,
    0.43714906929273184,
    0.08804551473692124,
    0.03209928122452048,
    0.4333835213637652,
    0.45803110886875265,
    0.07678739743137515,
    0.44894630434908317,
    0.4364756148334904,
    0.3764302504438135,
    0.13373069338992558,
    0.44263855076821657,
    0.4496510209156147,
    0.47519765602863534,
    0.058487029658885234,
    0.3358160385814159,
    0.11774083026374377,
    0.450130758733151,
    0.2108621547073144,
    0.463949766672642,
    0.45164015832721344,
    0.44902773039269545,
    0.3715597948338374,
    0.44418336870348635,
    0.4328831108001365,
    0.27525645770327234,
    0.110057435538619,
    0.4831099688896856,
    0.3555290199094447,
    0.46496551410083675,
    0.035710506381084,
    0.10301034215563253,
    0.1666716300532576,
    0.15240642329688375,
    0.4564150928394234,
    0.2780866000127217,
    0.197949350326427,
    0.02118768540417387,
    0.03338467788102907,
    0.44972901354859973,
    0.001072163785974915,
    0.43399390949095895,
    0.2072295339813685,
    0.19097627404833087,
    0.416823278379488,
    0.07486598856204427,
    0.1462680633540157,
    0.4424919260638513,
    0.17741683195225896,
    0.01485813870111546,
    0.4482093498638201,
    0.43542911127430856,
    0.4429000320933541,
    0.44160950339148686,
    0.4542426835826592,
    0.45160098130489845,
    0.45319256590702756,
    0.3461665066817785,
    0.44955896936964024,
    0.03881763457524012,
    0.43845683733006424,
    0.20709039049805417,
    0.43599844303863344,
    0.4574394057236039,
    0.03535935882682889,
    0.473955375781372,
    0.2620569093232639,
    0.060757417612601415,
    0.4439051540191866,
    0.21650111603915967,
    0.25785318591593276,
    0.47832758929758923,
    0.48209725731930864,
    0.41793960666847857,
    0.1266611924849508,
    0.44979807931395394,
    0.04668375902806289,
    0.48484731080823207,
    0.4514014097945447,
    0.44014542481770397,
    0.446479742154476,
    0.0827756992592507,
    0.4810229250634639,
    0.4347450674538694,
    0.3945254809666171,
    0.47120763532697635,
    0.07685461999734002,
    0.4481116241550196,
    0.4441053399293368,
    0.4431452860356323,
    0.47691403607177346,
    0.1730618216303424,
    0.44796677036771465,
    0.01729571568179584,
    0.43676958706551094,
    0.44637482435394055,
    0.45393476086114276,
    0.4691089540457865,
    0.48987685982432505,
    0.4762703619320777,
    0.16224556620193947,
    0.43393507167515744,
    0.4625309368368096,
    0.34063943839521665,
    0.16790650136179908,
    0.4487343725604714,
    0.44912816668883326,
    0.43594011119913495,
    0.37699629336216917,
    0.4421943397153811,
    0.12426416589083633,
    0.4519733437227134,
    0.44487550814477284,
    0.32762551103606596,
    0.034885765007257145,
    0.43321954890044123,
    0.4603818747723107,
    0.10491028317325207,
    0.4314916398258285,
    0.469135156390047,
    0.08674428825036286,
    0.4467985072253416,
    0.43912559343792107,
    0.47109866971601716,
    0.4514531639421047,
    0.44188695911133213,
    0.44279475288117365,
    0.4524216025859726,
    0.48436883793145324,
    0.36656501361799076,
    0.09045352824504288,
    0.4144339137122469,
    0.4761275320499847,
    0.4516545786518478,
    0.33985741587782553,
    0.4468193606772565,
    0.4832666408377811,
    0.48728940543447463,
    0.10871189998438702,
    0.07344115929290534,
    0.43453830385178077,
    0.06877107029890189,
    0.46880829569833404,
    0.4363307610461855,
    0.09195866318169464,
    0.10023289366402018,
    0.39284520594681177,
    0.44728016052459624,
    0.12278020967657995,
    0.17124117432762978,
    0.4771172216985769,
    0.020340897920003702,
    0.4413788504796655,
    0.4829779090746127,
    0.23378027906761578,
    0.4410700603702012,
    0.47963333342970976,
    0.4466072843239867,
    0.44778118548802137,
    0.43564538000266,
    0.4773031318487507,
    0.22350194873158968,
    0.45817310750406226,
    0.4487571776352692,
    0.4835486864855175,
    0.028671797748260886,
    0.43793022442217505,
    0.43793810319603543,
    0.40582071524810187,
    0.444278925942417,
    0.4454776560864612,
    0.3326968392383177,
    0.4366104936593941,
    0.45317868769986064,
    0.22968223242527452,
    0.49060654993552416,
    0.46054675076474705,
    0.2150026310767754,
    0.23939206224375914,
    0.06669707343306368,
    0.38402979766730466,
    0.06555848218674284,
