{
  "config": {
    "mf": 1.6,
    "mf1": 0.45,
    "mf2": 0.03,
    "T_coh": 20,
    "tStack": 1728000.0,
    "nStacks": 6,
    "gamma1": 9,
    "gamma2": 51,
    "gamma1_upper": 13.2664991614216,
    "gamma2_upper": 100.0
  },
  "mismatch_list": [
    0.5147616423254108,
    0.4644769926964848,
    0.45906763598718997,
    0.33955474589706514,
    0.5907004569941993,
    0.07220235120691074,
    0.011897852488313845,
    0.5551733024919081,
    0.37930453482362153,
    0.028134921766483325,
    0.5293618420631777,
    0.33002502522743726,
    0.04489296594970906,
    0.5624208440704219,
    0.39407582684030185,
    0.08229733778028694,
    0.21559112544999817,
    0.3371038869498551,
    0.5389620380061222,
    0.3517257713871041,
    0.4667410921694056,
    0.31015544351553215,
    0.3585801964698827,
    0.28711290236366477,
    0.2441418513290498,
    0.41368047573628497,
    0.08872511640075623,
    0.5502722622443469,
    0.46801897150988286,
    0.1326016662739929,
    0.42729749119953575,
    0.1818920182199182,
    0.17933685586819953,
    0.3141916166301261,
    0.5990268123719451,
    0.2590145193158087,
    0.37131675892241356,
    0.4602744437251148,
    0.09037098509144384,
    0.10968755275480796,
    0.4151856107273341,
    0.25126294400370897,
    0.27830067418814924,
    0.21857689172168165,
    0.4878921311972025,
    0.19968024826378744,
    0.5721838921064767,
    0.1896112833297897,
    0.3103070195649117,
    0.5240454042911635,
    0.46349066414054374,
    0.41608135145118885,
    0.1559988064741405,
    0.1503323234407373,
    0.14164364384052075,
    0.48748521781142184,
    0.26261228201862435,
    0.17887399595775516,
    0.2661301908155973,
    0.417291954011523,
    0.1961407631908298,
    0.4092826560460791,
    0.39714540447548347,
    0.034232767684333226,
    0.43538181822518757,
    0.10259329489575786,
    0.14148436972282508,
    0.24642270223232055,
    0.5457578059768019,
    0.22762293516936238,
    0.5529409439978541,
    0.5345108739551905,
    0.2662114542269063,
    0.3302643158862217,
    0.3693686597326949,
    0.36262862143968405,
    0.13334783678317025,
    0.4175338468342453,
    0.18573340852141468,
    0.28403405451945457,
    0.09708321275736892,
    0.446201127973013,
    0.4366371996899522,
    0.21384133283704285,
    0.4783189327051131,
    0.23993789285221345,
    0.1977612607831234,
    0.12039589105303394,
    0.6043119970708308,
    0.12435399924949254,
    0.09652434383996779,
    0.44409077301941985,
    0.38469714010256645,
    0.08310465914200367,
    0.09038876654501912,
    0.06656053451916835,
    0.32209726173204584,
    0.1385387201451834,
    0.25216773808959747,
    0.5055135516903061,
    0.29859516758640514,
    0.0912464506212829,
    0.38426030183150056,
    0.4214528141481388,
    0.6134023857289523,
    0.48873859344148435,
    0.6085150339479392,
    0.1915671347995732,
    0.20336811089295098,
    0.23389360814208424,
    0.3181201252117917,
    0.20334973311013996,
    0.29251494048688437,
    0.5410914212835108,
    0.49242081804878257,
    0.1577607967305545,
    0.15875688340126246,
    0.5021142581994998,
    0.4773528793431878,
    0.2471722880816663,
    0.32372551160440427,
    0.18003016992238938,
    0.39154885459790983,
    0.4358832226889613,
    0.09706337125734285,
    0.08572005074653373,
    0.3966277364870982,
    0.21384382657748327,
    0.338982269830739,
    0.1285558976798781,
    0.16245943741432511,
    0.098778630986373,
    0.06583832560291868,
    0.07324332520554655,
    0.1822474846561777,
    0.45298854733439203,
    0.05866513543775391,
    0.4059570905335119,
    0.2575482541485812,
    0.3949565509097653,
    0.3618032475656485,
    0.07564338774421986,
    0.21051777315917772,
    0.2527377204154832,
    0.2240585669037491,
    0.2765264862882766,
    0.11792085366590145,
    0.3707347415883153,
    0.1711488217672748,
    0.5547876672174942,
    0.4618883816958151,
    0.3445971432793749,
    0.13385672246826524,
    0.12174950420645221,
    0.33460629747526127,
    0.3581706809201642,
    0.3616305831460227,
    0.5811911470479588,
    0.5918192248522269,
    0.17774915638387254,
    0.29430203078294886,
    0.22103588243119743,
    0.24744855115306763,
    0.6163119302819564,
    0.28239393227412973,
    0.06013297274569388,
    0.32986103468760425,
    0.11945358243704146,
    0.21077885694094162,
    0.42038158999372555,
    0.08364200599516887,
    0.26546620531745696,
    0.248563144706445,
    0.11429381661878504,
    0.1323253489908429,
    0.10025107629295292,
    0.2375141939911047,
    0.20737154011132708,
    0.1250030223049903,
    0.30349672284557905,
    0.19262621552227652,
    0.17629904631775914,
    0.12249328939868653,
    0.26963985942676716,
    0.34576822547490305,
    0.5389859453873012,
    0.21330756395929218,
    0.1764721986431233,
    0.19701834297886836,
    0.43668452654657175,
    0.6086442205451035,
    0.49722305738432865,
    0.06831938049415744,
    0.45339491860268566,
    0.3346541664493679,
    0.19415233046007452,
    0.23535060310028316,
    0.20304809894034465,
    0.5680563179835658,
    0.5124592151461554,
    0.22581052798665263,
    0.31101209756857057,
    0.297651503676695,
    0.13437715525583446,
    0.12300672887067278,
    0.45227381963946367,
    0.28181874562036835,
    0.12245637119781834,
    0.0494458854529603,
    0.5892094712695621,
    0.2948356370254534,
    0.08684700457861587,
    0.5862238134213761,
    0.37338130494835087,
    0.054368745929375316,
    0.3934250147970968,
    0.23949438653605684,
    0.21760894094855165,
    0.3717893227358761,
    0.1983832321760173,
    0.11769430276806273,
    0.5172049116278021,
    0.1537637102867769,
    0.10661808354312377,
    0.2297956878457151,
    0.5768133585988995,
    0.16962471266417892,
    0.4321830539928417,
    0.5359880356839077,
    0.08669141685983216,
    0.25925603265629005,
    0.22164072291150053,
    0.06611957615520087,
    0.5536861929073035,
    0.5195077725010471,
    0.10650001035444401,
    0.0577067801441447,
    0.25600967050858103,
    0.4234717138816664,
    0.4834054042391202,
    0.09110929489705893,
    0.22987570438680385,
    0.16011261081288022,
    0.5185488208782021,
    0.5234747172125447,
    0.053089565506929184,
    0.5887517072634961,
    0.3373783068218005,
    0.4591152881143018,
    0.5694404523515051,
    0.3343885830924615,
    0.1251266793037867,
    0.05968854482980926,
    0.559086225195821,
    0.39686919561583084,
    0.028009692626974485,
    0.17542276761168948,
    0.29282340533701656,
    0.35905232658935565,
    0.513238617457289,
    0.10242605165100255,
    0.08479563200761393,
    0.19715885983151205,
    0.11079959835599619,
    0.012191029625311161,
    0.5332056718933659,
    0.08788721961276981,
    0.1147407924868588,
    0.5143520725639436,
    0.16809751349140684,
    0.12103038535987873,
    0.16840023189617626,
    0.4285726599525777,
    0.14105327789712194,
    0.29135936285148595,
    0.11883377951409575,
    0.15142138326047455,
    0.2679861300325173,
    0.1902416575437329,
    0.49076329383212336,
    0.471248582227242,
    0.3822814645802661,
    0.2821115432751247,
    0.1561011040439471,
    0.3656338497291527,
    0.09967702808591435,
    0.07740873912905356,
    0.39288625843846525,
    0.5005342025717403,
    0.09180580744442239,
    0.3935539845472663,
    0.31625562053857637,
    0.11051856465070882,
    0.3518954541605511,
    0.3987389588286706,
    0.35790591073948835,
    0.23480051648617226,
    0.5252457608309924,
    0.20343246023866396,
    0.17541918963627495,
    0.26806592972661125,
    0.27735061329209193,
    0.4174684674653069,
    0.13834897902471546,
    0.4293961364154086,
    0.5454208257468509,
    0.16558143781050458,
    0.05977376569877372,
    0.3239204570527479,
    0.2799193827927356,
    0.6055193469262427,
    0.1863036076942952,
    0.2257372337024033,
    0.4229280784656514,
    0.2107014425637907,
