{
  "config": {
    "mf": 0.4,
    "mf1": 0.5,
    "mf2": 0.008,
    "T_coh": 40,
    "tStack": 3456000.0,
    "nStacks": 3,
    "gamma1": 3,
    "gamma2": 5,
    "gamma1_upper": 6.4031242374328485,
    "gamma2_upper": 23.685438564654024
  },
  "mismatch_list": [
    0.017080155578909958,
    0.1401798592469062,
    0.32151496551973135,
    0.13691311631521763,
    0.28055780805176045,
    0.3328035765844915,
    0.04530179166421359,
    0.3486687937169939,
    0.3563340572763976,
    0.05900141394960329,
    0.3897134488714804,
    0.1478092346597961,
    0.37326610648631087,
    0.29814283720844,
    0.2755484841811881,
    0.18948849199417853,
    0.1358843950640896,
    0.1508513242997122,
    0.1508770748580114,
    0.20712485963235142,
    0.16968268047807347,
    0.22873017437410692,
    0.022799490106418654,
    0.14140612793896543,
    0.09914837753592853,
    0.2629744052461314,
    0.15936283252238048,
    0.14218699329000084,
    0.2696527447764044,
    0.18806890437391935,
    0.09468252597472368,
    0.350835852280052,
    0.275129427727182,
    0.251890605990328,
    0.16349869745544368,
    0.009358349214651342,
    0.1669877625757324,
    0.4258061903474764,
    0.1995689410752414,
    0.34564605765457845,
    0.19254402613611193,
    0.012147324419411649,
    0.32822772948057277,
    0.2728683660734063,
    0.015394930620406304,
    0.0877498793518579,
    0.040742153859097935,
    0.076489241525166,
    0.2017264583788034,
    0.05413754007464518,
    0.07055045802924635,
    0.23409794601620432,
    0.059555240693992186,
    0.2056274240084761,
    0.31923243603208945,
    0.15381112057647423,
    0.31110480086903525,
    0.21672699886946917,
    0.09682312922736074,
    0.2601960555349009,
    0.3232163997770381,
    0.04512039931038379,
    0.3497265182285221,
    0.2502533041761117,
    0.09107289402989298,
    0.08395028960433155,
    0.25479835903347475,
    0.13538407526926138,
    0.423692801369084,
    0.10580676715998232,
    0.3410229921584942,
    0.27820431544661606,
    0.21898225987116482,
    0.10592169596754931,
    0.06851068854173883,
    0.0620655677521042,
    0.4049707901930164,
    0.1986488600742852,
    0.19162042137454638,
    0.24720107694798094,
    0.29926800107686125,
    0.08281173544559471,
    0.1285023876459772,
    0.14834603892985668,
    0.07557512381139489,
    0.06959719946686044,
    0.16103125185336256,
    0.27207091194165606,
    0.1183670763228116,
    0.1172405029501466,
    0.0062755465867716295,
    0.32726357436614867,
    0.2607523218058655,
    0.09972085310569623,
    0.1645022102652893,
    0.11044945729207563,
    0.2383409874834939,
    0.09870313683000978,
    0.2951338167065502,
    0.3211367846887939,
    0.10334018894512811,
    0.3280790809945592,
    0.048517846654829,
    0.34669581304595926,
    0.20029288413951013,
    0.06400916568082687,
    0.08258046832621696,
    0.29399276880953595,
    0.07245285506469028,
    0.24449472037658485,
    0.15292356659652756,
    0.07581636588388223,
    0.2203992995414449,
    0.37085233046889543,
    0.13969450188174237,
    0.11446247850912616,
    0.34981477487886126,
    0.24433284423536075,
    0.11548388118052702,
    0.15635907055555393,
    0.32338640767351456,
    0.20795971983826264,
    0.13084314050122622,
    0.09982835491013271,
    0.24999888866011552,
    0.33604673742594815,
    0.07273508118364962,
    0.3293500743405065,
    0.0043349845133431805,
    0.29782353028552977,
    0.174117848216126,
    0.17205563508412192,
    0.16968625845038454,
    0.13168624088579317,
    0.32320566586010496,
    0.32446771427527465,
    0.2239200785072179,
    0.18775588600840434,
    0.2673618124750016,
    0.3716015361861482,
    0.14332007206686775,
    0.15518679671837055,
    0.25934910611951445,
    0.319563127412353,
    0.13592489120524648,
    0.356190884172254,
    0.12307894058625185,
    0.12512922714388577,
    0.1909531837502376,
    0.2565016364886387,
    0.30114898449014055,
    0.32527812500372705,
    0.1383214821132285,
    0.31630126353381577,
    0.26991236461576207,
    0.36109964533620525,
    0.19525520754895778,
    0.3667958314670955,
    0.07313375403782307,
    0.2907931399645304,
    0.07023960813179862,
    0.3555786172134513,
    0.34930328747348643,
    0.09956076595062767,
    0.13756121720883246,
    0.15388566166628773,
    0.3357913460993217,
    0.04357254680394371,
    0.3529249544160906,
    0.12002178009326799,
    0.13005067384603075,
    0.25998994264510383,
    0.12479062085517659,
    0.08163165512336902,
    0.08251845013949213,
    0.24302748067054672,
    0.1256465694130423,
    0.11646793198946861,
    0.4031614746493614,
    0.04880072331420853,
    0.30841806893364826,
    0.13097167644591554,
    0.05405123504556656,
    0.06743393572292009,
    0.16667637056126786,
    0.21533982984681616,
    0.29421856054704376,
    0.27674287639265793,
    0.029385886590638007,
    0.2978899938317926,
    0.1659310138748345,
    0.17019617371641058,
    0.13854163583376133,
    0.12274640600813111,
    0.2239732059748668,
    0.05144083318614856,
    0.1006763885595528,
    0.07107479360791993,
    0.03366871944696258,
    0.2865048859380375,
    0.32661449766190354,
    0.322339850772533,
    0.22304217421017075,
    0.0717001797985298,
    0.3146129485083162,
    0.12168174239878757,
    0.3263502698279028,
    0.23773490065868302,
    0.31699154113133965,
    0.3863383367481284,
    0.20140200134423336,
    0.13858543888872082,
    0.26616194488166184,
    0.02255423636800681,
    0.03984907028557966,
    0.009759949500715648,
    0.22809736118036655,
    0.2580619576864658,
    0.32476593284623034,
    0.24080176504626807,
    0.07396926478415448,
    0.07646148513390454,
    0.20608003750582368,
    0.3161860094560387,
    0.16845511070517388,
    0.3613868589317194,
    0.31865432244534675,
    0.2820016283026717,
    0.23045405227591023,
    0.18225133824296189,
    0.14276835957884446,
    0.06171156534011717,
    0.14226961192336504,
    0.10182719456286991,
    0.34249115346346093,
    0.29466775870718537,
    0.16886831229539825,
    0.04313798580325641,
    0.09884842419051901,
    0.22779914260941087,
    0.17369955072594348,
    0.10625704955415755,
    0.058446286124374004,
    0.3116059338393887,
    0.18537241433222948,
    0.042104277075573605,
    0.1930811014646809,
    0.24519616558465532,
    0.15425121117073315,
    0.3499156086439908,
    0.09595107979409528,
    0.11144678996792944,
    0.29374773191793085,
    0.35114664796579803,
    0.2362011974063821,
    0.4184932486373076,
    0.32001931888201157,
    0.13088146817431578,
    0.0596070670808007,
    0.19527212159988272,
    0.136695835814874,
    0.33735692583221194,
    0.03449696582526853,
    0.10834972966250722,
    0.22947807901051934,
    0.274229296632445,
    0.19188887772127836,
    0.18612346324733947,
    0.33428008649151736,
    0.41904772592211664,
    0.358792232677491,
    0.16483317270406125,
    0.04110775757524503,
    0.0655354419299973,
    0.24778618384424067,
    0.061095286715389975,
    0.10589941495815779,
    0.33448777152066317,
    0.3303310350824522,
    0.3564254039937327,
    0.14923755036402617,
    0.2767389731501368,
    0.18237906101212598,
    0.3379590552028,
    0.288900717882196,
    0.16346373090785843,
    0.36529736582088823,
    0.4143965787645609,
    0.2864801654020703,
    0.026097513189978078,
    0.3091897725070993,
    0.3582657828424518,
    0.1165213847273276,
    0.20639424852877572,
    0.2583493881287866,
    0.12319267673638183,
    0.2422555602502889,
    0.31351499891413964,
    0.16224244969235402,
    0.17280559976519827,
    0.11190325249609649,
    0.2165309151444834,
    0.2216554388811312,
    0.036347753320710684,
    0.1418078908601348,
    0.39814412744694,
    0.21597763051711133,
    0.17142444824143202,
    0.1597939239741601,
    0.15734702460701666,
    0.05515108204930207,
    0.289219374264686,
    0.38147467971997706,
