{
  "config": {
    "mf": 0.4,
    "mf1": 0.2,
    "mf2": 0.08,
    "T_coh": 10,
    "tStack": 864000.0,
    "nStacks": 12,
    "gamma1": 3,
    "gamma2": 57,
    "gamma1_upper": 26.758176320519304,
    "gamma2_upper": 100.0
  },
  "mismatch_list": [
    0.6885046304194555,
    0.4157402321487278,
    0.6281652971344891,
    0.6081337920711852,
    0.3933133772506247,
    0.6457233313961539,
    0.20672898864717382,
    0.6159073679941768,
    0.6681437096250756,
    0.4634249865679471,
    0.6271117897889381,
    0.34337406344809596,
    0.3921677469962895,
    0.4717601513915253,
    0.6167642313268693,
    0.3546283555955536,
    0.4282161474689152,
    0.7230981551049775,
    0.6987474210471956,
    0.7669819682706358,
    0.6711229157659325,
    0.21195658591497704,
    0.4432095749411748,
    0.7398692740611084,
    0.4490082910656457,
    0.5918816702054531,
    0.615396759732432,
    0.43877928649087744,
    0.46905968875572085,
    0.7388419201225374,
    0.6204380448167851,
    0.45020838702366794,
    0.6123401419742169,
    0.7345329921161857,
    0.5127010586050239,
    0.33159991065434863,
    0.7177793601668445,
    0.6452181820412904,
    0.6032481629361572,
    0.3016785625924065,
    0.30016147993988,
    0.575181486197499,
    0.4123225863455753,
    0.3893291154179496,
    0.4170276089342891,
    0.7217549247580476,
    0.567910191390162,
    0.3703476634766334,
    0.7387982180262042,
    0.6041784285195717,
    0.25986666673914366,
    0.5784996380255132,
    0.6253430422767935,
    0.5741317106470477,
    0.4453788273389813,
    0.271348074085894,
    0.5273836367978606,
    0.5038108740738859,
    0.5442889461711726,
    0.6213714253696629,
    0.7873541152915967,
    0.8237238819207446,
    0.5874523686761739,
    0.723542793864918,
    0.6519402553020491,
    0.69877416043853,
    0.43212478647857755,
    0.520062995939618,
    0.43542708588773843,
    0.4580524969581726,
    0.6866637759904253,
    0.6479385373038662,
    0.4365214579316955,
    0.4210280932811994,
    0.6652380291000679,
    0.63999080066246,
    0.502915890916869,
    0.4470925540043663,
    0.47729671662056067,
    0.7213736648322387,
    0.6208877107056616,
    0.7160338669811891,
    0.5542760008900948,
    0.5208291550624898,
    0.45755792616297203,
    0.7876119946695008,
    0.037892647442655754,
    0.7254869049054682,
    0.7629426084879964,
    0.7594972980550551,
    0.7879228439489238,
    0.5567055228651462,
    0.43996161787057364,
    0.5179738075094057,
    0.44304611614755024,
    0.5035353380621422,
    0.31507959300194505,
    0.3402526173155038,
    0.5565632211908473,
    0.2669375240559589,
    0.4497544650379008,
    0.5851244687247061,
    0.5266986827700102,
    0.540653314188145,
    0.4715486418808315,
    0.581887583674277,
    0.3932660050417554,
    0.49965954501761384,
    0.5191949372216264,
    0.6449959706058066,
    0.731889215756359,
    0.4507729675285907,
    0.5263947727789958,
    0.5347869014500881,
    0.7459653001422851,
    0.5460920508712602,
    0.49205605876383723,
    0.2553991837029763,
    0.43021145503727976,
    0.5633066983011863,
    0.6069525401363526,
    0.49231361430828224,
    0.7659438661453518,
    0.3570351475459066,
    0.2534082555966296,
    0.4610168376011942,
    0.44136927565521716,
    0.5058336920656303,
    0.4844796203142132,
    0.4684362014025297,
    0.5125916337371409,
    0.4450887342422205,
    0.5823673814954876,
    0.30359423797112234,
    0.5750818688572334,
    0.34466378417107524,
    0.6678775493630039,
    0.3987323755133777,
    0.43005576824667285,
    0.7460477080472974,
    0.6128279585286999,
    0.436329501793673,
    0.8019949806507773,
    0.4216997547165871,
    0.47762659497086407,
    0.7362226625817543,
    0.7658971724446825,
    0.37565933407866686,
    0.7427785475954477,
    0.7304605550587989,
    0.7632068103286728,
    0.6208555124074457,
    0.5199264924263006,
    0.4782663665208541,
    0.743727934773588,
    0.6152184045996903,
    0.47449540299321813,
    0.7265445758240643,
    0.4474665970702301,
    0.7356681054934218,
    0.5702786784684996,
    0.7015167522652951,
    0.409528427895614,
    0.7597104113124032,
    0.6169070264616772,
    0.7153821290138546,
    0.7710430094743916,
    0.5397580226183099,
    0.6799833076188363,
    0.6453624267163437,
    0.5731169399514576,
    0.6801050998407275,
    0.6842589578821086,
    0.7559742367506557,
    0.4141478967685704,
    0.5716441762209006,
    0.7304600615982898,
    0.42673231171818626,
    0.6965822088573069,
    0.6528221925968579,
    0.606661922737801,
    0.26097115472353644,
    0.5152698906500379,
    0.4852618169036293,
    0.3103424954801427,
    0.5107280801246941,
    0.5604757153607367,
    0.630986318340912,
    0.6437182779827354,
    0.42526136762325645,
    0.29503251309132417,
    0.3592255570630389,
    0.3957070924974877,
    0.6245041594113997,
    0.6051676934751,
    0.5359822170094287,
    0.5895844264881105,
    0.3438365593102079,
    0.36908255409654317,
    0.33211187593249336,
    0.81879160534697,
    0.697037148605374,
    0.4509897817397568,
    0.6325346123706362,
    0.5358843884635086,
    0.8318085384327727,
    0.186933080135662,
    0.5238552707929889,
    0.5239207468342841,
    0.3115956384428883,
    0.7600285545549758,
    0.29297848372238205,
    0.5768405621115061,
    0.5185679956448718,
    0.5662308219127199,
    0.7681740917573086,
    0.7714667224246201,
    0.4219509261156962,
    0.7402035010321478,
    0.33705776893218975,
    0.6683829762894037,
    0.6190607965360121,
    0.5592097424247557,
    0.7018639017334154,
    0.49504479486077535,
    0.46757350906757394,
    0.7021940884965369,
    0.6159272606209482,
    0.5958886312215448,
    0.4987008746136469,
    0.7621635731299665,
    0.6858594353606653,
    0.390789080016553,
    0.5460065896793482,
    0.7627979628762797,
    0.4725757799304299,
    0.4558669603635672,
    0.6692092759118167,
    0.41698227225001966,
    0.2882935696494122,
    0.2935281987294695,
    0.70974520625379,
    0.7806765922624213,
    0.30960508043192336,
    0.5378443519229121,
    0.7547889908698279,
    0.6699264590791647,
    0.8153431491032833,
    0.8024470984215583,
    0.6341052971709589,
    0.2813344194553344,
    0.6170667534602019,
    0.6212101871483292,
    0.7719810933227464,
    0.4188424950040304,
    0.694077896773852,
    0.7495355023459401,
    0.5627531898164354,
    0.23367279599747703,
    0.6175588261115754,
    0.6893082925410156,
    0.8090637099191472,
    0.6249484589172403,
    0.4521355970417829,
    0.6954451216380347,
    0.42380405537488924,
    0.670845004975489,
    0.3491896189124384,
    0.6015558401203526,
    0.48348276840335813,
    0.4151558515408792,
    0.7975890413924737,
    0.5624272591502045,
    0.7509561134689464,
    0.354071793823903,
    0.48428346976186376,
    0.5737388543992762,
    0.6119354118329463,
    0.1654748265342706,
    0.7349785869558626,
    0.568776337948681,
    0.4238484051381406,
    0.7973527971737635,
    0.4013298899504805,
    0.814746832919372,
    0.7276409833926213,
    0.5379065896296167,
    0.6215802825301205,
    0.516678288625445,
    0.761340897358167,
    0.47743494724565977,
    0.578351044729724,
    0.6394877176734782,
    0.5052341992296919,
    0.41852384288030803,
    0.7455838705894263,
    0.6614410663718611,
    0.5551395567809414,
    0.44940756230003504,
    0.5551278679351331,
    0.49564249890236844,
    0.5114206827904348,
    0.6886699088487073,
    0.5570950174131998,
    0.6957900505338643,
    0.7183035385925884,
    0.5370532422030512,
    0.6689494997950809,
    0.6115939371606801,
    0.6050520078270084,
    0.5869785849049174,
    0.6224426356109762,
    0.440201686408229,
    0.7812650593401105,
    0.45941432459803755,
    0.3207330466890629,
    0.48791361199672817,
    0.47169396600074825,
    0.6399284087493463,
    0.5339040697581066,
    0.47570197562042166,
    0.7451877914277051,
