{
  "config": {
    "mf": 0.75,
    "mf1": 0.08,
    "mf2": 0.0002,
    "T_coh": 60,
    "tStack": 5184000.0,
    "nStacks": 2,
    "gamma1": 1,
    "gamma2": 5,
    "gamma1_upper": 4.0,
    "gamma2_upper": 6.000000000000001
  },
  "mismatch_list": [
    0.20270213030480014,
    0.03501384929423534,
    0.27798265802362765,
    0.10157994714716104,
    0.07438856377903581,
    0.02783476837850497,
    0.10756044248350517,
    0.09929307882243413,
    0.058063961187280626,
    0.2375314428131126,
    0.13482215655774202,
    0.061037656202112954,
    0.08564617510827893,
    0.19738670467753408,
    0.16248879623900586,
    0.21191169412431404,
    0.12232974620228644,
    0.2748656271503993,
    0.033049649286139716,
    0.033564082621593334,
    0.3027486078423436,
    0.08645689371028085,
    0.19117909826348933,
    0.1791171291771958,
    0.17757628677002077,
    0.12869275962366927,
    0.3166314410783367,
    0.23486191183868896,
    0.07610143812921767,
    0.2512355941318314,
    0.19577798916343322,
    0.19554177051227933,
    0.01386129310195278,
    0.21007095233414097,
    0.0443011888997473,
    0.08545968669947321,
    0.14531364748197279,
    0.3430554752418567,
    0.2611629937605894,
    0.07934807121833311,
    0.070389182515772,
    0.01593116987503831,
    0.2092852434179711,
    0.1653397558592056,
    0.06410098130489843,
    0.18017527019134577,
    0.15679410523150583,
    0.010488527348741998,
    0.13515371560083964,
    0.09330940306361424,
    0.1007992979940208,
    0.01364444611496938,
    0.048381887783129886,
    0.09956710113165214,
    0.13512444125759687,
    0.0636403983045457,
    0.0013121411182365425,
    0.1643484759993755,
    0.14065375029635754,
    0.05481993026200899,
    0.21423347481394528,
    0.28452232945707295,
    0.3115165989140303,
    0.04691860431496591,
    0.23378808555914718,
    0.05134524642491601,
    0.1835761537705354,
    0.1122204842337784,
    0.06550846281507867,
    0.11607703561494914,
    0.08920000809562084,
    0.2986584399738627,
    0.07705975724702631,
    0.2414339657555238,
    0.05793703341756634,
    0.1641641560604396,
    0.1504978806821139,
    0.29419645180503434,
    0.05272634488501327,
    0.08837324281658214,
    0.1893744976378135,
    0.21975273660897574,
    0.31775904541065036,
    0.30231036008165013,
    0.11999415958781724,
    0.04978879103467817,
    0.0028506704908837525,
    0.05959143136359168,
    0.05769814032023963,
    0.0302312167139875,
    0.0013130807885134706,
    0.10149147357647181,
    0.2748127887679043,
    0.13286626901748075,
    0.29114230655803114,
    0.23548057629255262,
    0.20436151573152608,
    0.03412694511747324,
    0.34800124903864504,
    0.03405162693066101,
    0.23843750180705822,
    0.10983632389422493,
    0.3948093336725784,
    0.20302725622061724,
    0.20191201216656163,
    0.2175484147039605,
    0.08786343555018418,
    0.2299568329931245,
    0.29677281085738405,
    0.2245012519299382,
    0.09710306881855979,
    0.09031662551392736,
    0.2519306610074422,
    0.01343836919500616,
    0.021654484684820133,
    0.21209572493393394,
    0.25728764897388007,
    0.08261682270012086,
    0.08532350679164763,
    0.009576830333134797,
    0.060092058774207355,
    0.060095889737644057,
    0.1598392874697137,
    0.1857248182822249,
    0.06413191814170806,
    0.30905755408163854,
    0.08992832484256909,
    0.20391148595120653,
    0.015596502691793931,
    0.2820682721053819,
    0.17899583942914307,
    0.1070206380505745,
    0.0768325016046677,
    0.24249246818131878,
    0.01291677990898209,
    0.09318608941034967,
    0.010309628584480694,
    0.0872544569284058,
    0.059027195503460875,
    0.28525541683773487,
    0.08996829697050303,
    0.043962979882382194,
    0.11459958481030226,
    0.20517208976887003,
    0.034453733526857225,
    0.07548486986289488,
    0.1398066014005424,
    0.2904425413310357,
    0.055918332533408895,
    0.24449483325912347,
    0.16847789317250034,
    0.08499014069032515,
    0.227142014537422,
    0.11675258626173142,
    0.15794787576691552,
    0.24656442090289302,
    0.026141771668796585,
    0.15720763243568317,
    0.17389718850653144,
    0.180446618054391,
    0.00047489490149364206,
    0.08980089109655184,
    0.38955368553139075,
    0.29139804143801357,
    0.0469109423880925,
    0.008463248772646054,
    0.004005452978899342,
    0.14351049250287684,
    0.293717798222433,
    0.0759771125233472,
    0.10448280547957879,
    0.23566699241902933,
    0.11677470465440373,
    0.18106694500182152,
    0.30762470147398124,
    0.2038350835294594,
    0.22830510949327196,
    0.15645654675510168,
    0.0055671849791537765,
    0.04188124880734157,
    0.16108984404364696,
    0.08903809567867324,
    0.09816034244476185,
    0.07550583173830328,
    0.2430470182093643,
    0.1503330769720065,
    0.03972029629972301,
    0.09966417629949172,
    0.1941548171835335,
    0.07886204483817433,
    0.026582260181688862,
    0.23431704764272868,
    0.12752178589395893,
    0.2846612560934003,
    0.1716599781418237,
    0.16389295276205235,
    0.007974620228643464,
    0.2128355345711923,
    0.11941994876628521,
    0.1278410569411275,
    0.014292890888378736,
    0.24866566820676217,
    0.08658974863097268,
    0.24293151104763117,
    0.21567102577298722,
    0.11331129686063389,
    0.1177859344370363,
    0.21501918373011514,
    0.2025874182486859,
    0.09251241810412125,
    0.22925620037818115,
    0.0510462144298659,
    0.2394930406573644,
    0.01947791919413877,
    0.09454499719544564,
    0.020370895086536403,
    0.03377637582185008,
    0.07162145166046967,
    0.03026735787848473,
    0.04692959122897307,
    0.1358477705238445,
    0.004786391261355554,
    0.3083765099778527,
    0.20139938588933287,
    0.3059387161501853,
    0.165242752973695,
    0.22699882324368398,
    0.09601623171979899,
    0.25568905298583844,
    0.2659522763151047,
    0.2597112754650645,
    0.2506946331816368,
    0.09996487078810869,
    0.033050227544771674,
    0.10229402427529737,
    0.12223115310553798,
    0.24870152024194342,
    0.322191976083223,
    0.14094548177617922,
    0.2702936975591703,
    0.281178548917789,
    0.029094793937536504,
    0.2870189611005418,
    0.09928079082650507,
    0.022578252849369408,
    0.0023965206178115225,
    0.28653821133039964,
    0.02180078411870493,
    0.15765224104132813,
    0.14073051412974968,
    0.04294734087768095,
    0.16894693320534543,
    0.27860161160680724,
    0.17787069269601521,
    0.20091386548547704,
    0.26535464601897846,
    0.23298748648320447,
    0.1364524844882122,
    0.12827511232673927,
    0.04071923808642654,
    0.12189561853434568,
    0.047380777526556526,
    0.07951988631435296,
    0.08512639288047973,
    0.06067378695795481,
    0.2506730207652675,
    0.21973958122509873,
    0.260880803548195,
    0.06745473680558367,
    0.267790126812118,
    0.28773470072224505,
    0.03877585538908132,
    0.1064367413969572,
    0.2874948679546414,
    0.05348473108082321,
    0.1283385039292674,
    0.11272140077371005,
    0.2154480347880393,
    0.1868221363186899,
    0.01706036441858986,
    0.0028869562200389744,
    0.12085648777272123,
    0.10483163999930609,
    0.23927460345914314,
    0.015554289811661164,
    0.2346222236357433,
    0.10024330231939538,
    0.22013142373057773,
    0.11426932684912654,
    0.22029839591055494,
    0.06938236195520808,
    0.2483113402300313,
    0.06284630463821249,
    0.12539784193878553,
    0.179427870909543,
    0.2613817923704556,
    0.08410685063001277,
    0.24837090086912272,
    0.08764051684756524,
    0.27516241839325056,
    0.2955798632996594,
    0.20700386855024777,
    0.012756963679575326,
    0.2458618366650668,
    0.0678866960036546,
    0.06580792850410275,
    0.2249239589898978,
    0.16228293616602962,
    0.2198433063672058,
    0.21169463029034366,
    0.34224258816998493,
