{
  "config": {
    "mf": 1.2,
    "mf1": 0.2,
    "mf2": 0.07,
    "T_coh": 15,
    "tStack": 1296000.0,
    "nStacks": 8,
    "gamma1": 9,
    "gamma2": 87,
    "gamma1_upper": 17.776388834631177,
    "gamma2_upper": 100.0
  },
  "mismatch_list": [
    0.6495206094148547,
    0.32666591878593515,
    0.4506606167356047,
    0.2899676233179189,
    0.6948241834559145,
    0.4744316226910869,
    0.3797993993052805,
    0.7068389813748784,
    0.2154901230591483,
    0.47199823949261305,
    0.38819563750375147,
    0.5907644343390595,
    0.38847298463972485,
    0.4961845433291834,
    0.16521403363497214,
    0.6819029295143614,
    0.5098174525293308,
    0.18488659776526298,
    0.36715802237975265,
    0.48894272553952944,
    0.18893968245523848,
    0.14354235828768466,
    0.5629568601962261,
    0.6169660044838149,
    0.4802710556856958,
    0.7469567711444484,
    0.04049860899966519,
    0.19660449618956694,
    0.6723255626019542,
    0.4616039381703098,
    0.19120038326959962,
    0.3657722986519064,
    0.7355317786184369,
    0.42433461263344036,
    0.1958126437333281,
    0.25293711845794703,
    0.35051068881550146,
    0.24939687659563148,
    0.7015298835214311,
    0.7048999186679704,
    0.7611986044025117,
    0.20462320400201003,
    0.6096614095277306,
    0.2732730171378412,
    0.38324661386397396,
    0.28206948236051976,
    0.7833696961426124,
    0.2610748751974029,
    0.022757499865554944,
    0.06537188369375209,
    0.4848870025460713,
    0.13907408414005185,
    0.1763134848100219,
    0.14053035538020195,
    0.8086782909113409,
    0.4695068497586639,
    0.031283412487256634,
    0.2585060349927226,
    0.5422079405272906,
    0.754869260135856,
    0.6887347983121797,
    0.06330988688689441,
    0.7793353325650209,
    0.6770394519614811,
    0.7019257193966916,
    0.7376935791933412,
    0.7158312412430009,
    0.2605743203585664,
    0.11749493012037603,
    0.15600425829410333,
    0.12822227208093764,
    0.17587870685253432,
    0.6432771184348167,
    0.40517872229203084,
    0.5095635609955527,
    0.6292035764119188,
    0.1846471988300678,
    0.14019792914138474,
    0.19128242366556777,
    0.5084308614140381,
    0.584501824694058,
    0.2633482254120235,
    0.5625659214459233,
    0.46141542596530105,
    0.3761774061761456,
    0.35680054888277607,
    0.192475876509471,
    0.14481337002574984,
    0.33134648601106437,
    0.20160238265548933,
    0.26463087459832735,
    0.4890868564201995,
    0.581393577921173,
    0.07327775885588127,
    0.731699877727283,
    0.610417229263802,
    0.4866959390654536,
    0.8004749741373977,
    0.16192569554353678,
    0.6871813073957501,
    0.42759161635337595,
    0.6291101876968608,
    0.6540159894201862,
    0.767056722368361,
    0.29336481853387236,
    0.15136409686751698,
    0.2918903321573487,
    0.6870359477161978,
    0.34820979904945903,
    0.14053801730264479,
    0.6611412520217356,
    0.5173275460279149,
    0.4775899972301428,
    0.6609850861402473,
    0.5025755624573895,
    0.5167380839758265,
    0.4979116201583156,
    0.3812592846597904,
    0.6508500975232618,
    0.44043444401332077,
    0.5023318265849627,
    0.7014473732905961,
    0.2970542510369617,
    0.5629901823306238,
    0.44533858035274915,
    0.311984012892847,
    0.5547622172967466,
    0.4151215484485041,
    0.6168687125252482,
    0.20079332701489766,
    0.23201616694548355,
    0.36801449520074525,
    0.5592637412964898,
    0.16283406704673656,
    0.33514448650952305,
    0.22353008186402717,
    0.494734596789163,
    0.307634426260791,
    0.4792035547272327,
    0.49365838581509264,
    0.13544298344273017,
    0.4493029746763344,
    0.5437659852278135,
    0.44180122978192143,
    0.46779632557329975,
    0.09674398654739896,
    0.600239919367663,
    0.09152159129744393,
    0.29173861163652304,
    0.5743161300526042,
    0.031127282746911955,
    0.694801559100022,
    0.5262422289313035,
    0.22020242220835687,
    0.2630006921751822,
    0.6007710496139836,
    0.6819351312733074,
    0.14103235586478238,
    0.6479036907914101,
    0.41438864219747407,
    0.6895260002278337,
    0.36772695626227714,
    0.642341568791631,
    0.2894753086598228,
    0.5966158300521994,
    0.4311614216711549,
    0.5194332013362393,
    0.17767477712479565,
    0.10584338683571855,
    0.4805948803323366,
    0.2637356584713973,
    0.4395469982322644,
    0.6126247664559301,
    0.34265288137435806,
    0.026822655697492266,
    0.7076005656233537,
    0.6774307521232199,
    0.1773775523598432,
    0.1478414196009902,
    0.5617030155013701,
    0.6643420562633758,
    0.15560287475330056,
    0.525872758020298,
    0.05420990834027725,
    0.2775779333164096,
    0.3965428321703595,
    0.12719947771710563,
    0.7394527674285605,
    0.3450216442080781,
    0.09166890259875062,
    0.6522368693442724,
    0.3171517627336814,
    0.14615435101782134,
    0.2735286795876556,
    0.2792227167615685,
    0.5893246796015338,
    0.1625963306041469,
    0.3504595852384535,
    0.6699528603835818,
    0.46592150374913766
  ],
  "statistics": {
    "mean_mismatch": 0.4142502504400546,
    "std_mismatch": 0.21052635082117863,
    "min_mismatch": 0.022757499865554944,
    "max_mismatch": 0.8086782909113409,
    "valid_samples": 200,
    "total_runs": 200
  },
  "perfect_2F": 1729335.0
}