{
  "config": {
    "mf": 0.3,
    "mf1": 0.8,
    "mf2": 0.001,
    "T_coh": 40,
    "tStack": 3456000.0,
    "nStacks": 3,
    "gamma1": 5,
    "gamma2": 5,
    "gamma1_upper": 6.4031242374328485,
    "gamma2_upper": 23.685438564654024
  },
  "mismatch_list": [
    0.13018804629809433,
    0.13458906066408685,
    0.09019959772748884,
    0.16498198382517984,
    0.0746292380404378,
    0.057084488178108427,
    0.10741474044358833,
    0.06694884941626467,
    0.05203629451742966,
    0.24548495131951825,
    0.15428568981300325,
    0.1371878612193448,
    0.2049114500643547,
    0.03327796150123478,
    0.19186968677888272,
    0.22509061756994747,
    0.2550522866441558,
    0.0583478376741185,
    0.07971798205397512,
    0.09608839803445718,
    0.19267500160737697,
    0.10899121672851679,
    0.008420812045753375,
    0.13067432526218675,
    0.09639442309045515,
    0.2832354324212648,
    0.08631001655516946,
    0.039903932527682394,
    0.1799186087195619,
    0.029879646769562646,
    0.020527694535709844,
    0.061043785598791554,
    0.027573589403390466,
    0.062787450771709,
    0.14964289125750657,
    0.05661967704788227,
    0.03558564521845744,
    0.1151920053786682,
    0.17256110499061,
    0.09411379101237209,
    0.004959937010339581,
    0.126678760213078,
    0.19651541276627027,
    0.14821094336926377,
    0.02018128176195837,
    0.2773776954193606,
    0.18178126857767252,
    0.12180778460519949,
    0.11725020684474777,
    0.017865683136290063,
    0.20067122760555262,
    0.08385726232424431,
    0.22904866812149188,
    0.05508613643068638,
    0.2687655160666678,
    0.24775089202644535,
    0.1915125400881981,
    0.1843376755822147,
    0.1415078290913219,
    0.11792188982859453,
    0.1956716618412831,
    0.057556780523166776,
    0.22125730814397457,
    0.15452357075998627,
    0.02196246143244013,
    0.06357991742690447,
    0.07956434609140678,
    0.048410724332304284,
    0.05007383091652146,
    0.015098609459009503,
    0.05362231206185425,
    0.10036911663441613,
    0.09063773670048718,
    0.23884542736765,
    0.21406173476794843,
    0.03975083868213088,
    0.03272847169298049,
    0.19550718353837826,
    0.07893570719869597,
    0.19407908468095492,
    0.055595401156292225,
    0.13619903978065512,
    0.026456286231713172,
    0.24360472687006246,
    0.26898686244463765,
    0.007907752501029751,
    0.2306225964564413,
    0.035053286307934826,
    0.11426780428838414,
    0.0405971917687988,
    0.039786618405241364,
    0.042061775101454486,
    0.08139453314020957,
    0.11807579684967127,
    0.08898362925874931,
    0.1340130071220081,
    0.08077727870485209,
    0.06521125595393566,
    0.12065697860188238,
    0.20350731277907505,
    0.18523861985247694,
    0.10543086322051554,
    0.15254961427832137,
    0.24014433973996382,
    0.15618488835804792,
    0.04450921658561475,
    0.0899403573700429,
    0.16532021063197724,
    0.197966497385207,
    0.16178295130889275,
    0.18064374444126763,
    0.2256952948905146,
    0.02697942915294975,
    0.251025820925088,
    0.09168266725041826,
    0.06458998985265368,
    0.21317922247625826,
    0.06514804510977382,
    0.09872888738830898,
    0.18954004732247864,
    0.21431615028394463,
    0.33614220423261115,
    0.22860592115385053,
    0.1981512508645411,
    0.19714936440574596,
    0.18521980839199312,
    0.30822534633416676,
    0.21365379171278728,
    0.1684972874090829,
    0.06577473238122405,
    0.2356442263832956,
    0.2803485508832658,
    0.1261709049917159,
    0.051966903539276,
    0.05071970913036732,
    0.2737111411877632,
    0.14228668860939503,
    0.007524042076520685,
    0.1875161618635641,
    0.024424323229247952,
    0.16802683826188178,
    0.1845299644880827,
    0.15415997287680142,
    0.25221533408340646,
    0.25683108099976354,
    0.22697539580234458,
    0.24083944217893744,
    0.28287351510083214,
    0.07478309084981288,
    0.07129662789120492,
    0.08243290407423708,
    0.2503812437920825,
    0.21949922265840957,
    0.04435059314649162,
    0.08634536258466648,
    0.08550204535329278,
    0.01596187659660238,
    0.03418503169378716,
    0.06201905411206057,
    0.2632130993686397,
    0.06586353114858007,
    0.259788058268038,
    0.09565356597526146,
    0.20068158204057399,
    0.2827209091605958,
    0.21724770226413004,
    0.07207857747627398,
    0.01108011286008903,
    0.010557945749482739,
    0.2315624105168099,
    0.017684507629266988,
    0.172666980443996,
    0.10503419619930433,
    0.08089795395279743,
    0.1273332580874914,
    0.08589779077557537,
    0.11175774828878053,
    0.02161084433532713,
    0.04843587856188499,
    0.11030373623795293,
    0.16292345708889017,
    0.08403626936320008,
    0.01638147516762529,
    0.11880684164686042,
    0.04270581011744315,
    0.22888814727280987,
    0.21006633235394473,
    0.09407779444245487,
    0.03637789502684618,
    0.03715355605452006,
    0.011234399363077558,
    0.014907567422280207,
    0.08028644595781831,
    0.031204689182087457,
    0.08760621834239915,
    0.08032244252773552,
    0.2919328867807042,
    0.10118413535751153,
    0.16727025975320015,
    0.08754322434504404,
    0.2781731979298503,
    0.019088157009231495,
    0.016039290906605056,
    0.1609326949797037,
    0.1199005627283058,
    0.15039730129812087,
    0.1848513856673585,
    0.08498280567457735,
    0.03326993816938576,
    0.042366011171296944,
    0.007590939316396947,
    0.17989811669632588,
    0.06780214160074795,
    0.10909036993089417,
    0.16897456723069607,
    0.10868855279802314,
    0.010525743998683307,
    0.02071494175332136,
    0.0845629902567477,
    0.03869978220990966,
    0.22273674548289127,
    0.2393463434911967,
    0.2083645186147262,
    0.13804158709744152,
    0.10990175646997685,
    0.18205449555415257,
    0.23572820030920186,
    0.1347286015842177,
    0.2720873380872659,
    0.06821436738034203,
    0.18427565739548987,
    0.1755394958810491,
    0.28617321874714374,
    0.11129646091916374,
    0.30345444552759426,
    0.07343300263111073,
    0.13500589443832395,
    0.04278658555295014,
    0.10914197947089596,
    0.023705801335147474,
    0.248932002371003,
    0.29846398732920737,
    0.26676098418525396,
    0.12298884073805545,
    0.13792340558777358,
    0.03480261139935473,
    0.058469922426307594,
    0.05722782391735708,
    0.11694195910898081,
    0.20074978036129063,
    0.22164470496419805,
    0.10350081821721349,
    0.1600837939430567,
    0.026019339916151844,
    0.264460185354145,
    0.10009545596432264,
    0.22369477467502524,
    0.023760338307040114,
    0.15327952062977518,
    0.21840935060778366,
    0.2416518045286504,
    0.09534900463520891,
    0.02555333612848867,
    0.024315032438655935,
    0.06776636187763747,
    0.08084070639582067,
    0.047968248423171336,
    0.2252057632243212,
    0.11207044138408546,
    0.04093850864259212,
    0.23375451488604537,
    0.10995336600997864,
    0.2651707381280981,
    0.005403063459892719,
    0.051191893052022305,
    0.24788506598810964,
    0.049024075525140626,
    0.06850732741623451,
    0.04367056156058575,
    0.009669199112099066,
    0.033998218169789096,
    0.07998090880713547,
    0.09034683670925864,
    0.07368085853120333,
    0.016752391630537277,
    0.1483981363751736,
    0.08347821410607995,
    0.25627139939159294,
    0.21873201865619818,
    0.10581067040250346,
    0.27839253847485784,
    0.060344779917296795,
    0.3439579052641839,
    0.08049071564975814,
    0.2809990913034564,
    0.07131061451023901,
    0.2085929125139148,
    0.016804543287555887,
    0.17506704090088573,
    0.20540277071670363,
    0.07157245702936572,
    0.2647446341528733,
    0.07079701284849857,
    0.16606220619290626,
    0.07419413492273369,
    0.17459968182068047,
    0.3392631718984754,
    0.027714322980958356,
    0.29032344978115276,
    0.03405947739269038,
