{
  "config": {
    "mf": 0.75,
    "mf1": 1.0,
    "mf2": 0.0002,
    "T_coh": 30,
    "tStack": 2592000.0,
    "nStacks": 4,
    "gamma1": 1,
    "gamma2": 39,
    "gamma1_upper": 8.717797887081348,
    "gamma2_upper": 47.70744176750625
  },
  "mismatch_list": [
    0.6708459116669206,
    0.6314260816113991,
    0.3858269924846595,
    0.5579817929434501,
    0.5040319817594044,
    0.815015967893915,
    0.7095006691899953,
    0.29968009277584173,
    0.5175110498028282,
    0.5039428576219859,
    0.3430131446898928,
    0.7273734379422776,
    0.5051379739951235,
    0.4692186335802402,
    0.4810064392008579,
    0.3909199345757995,
    0.4731455168028996,
    0.3207842981918715,
    0.4913832210692063,
    0.589011196246869,
    0.31232263718394904,
    0.010259250767421709,
    0.22556820432427713,
    0.5014163726461615,
    0.5185593968645074,
    0.20713208500751304,
    0.4996106872634741,
    0.4638648967706848,
    0.10198172181761775,
    0.08863015983940596,
    0.7940921972938066,
    0.3034077658421949,
    0.7734052598131241,
    0.349945094327021,
    0.5830967291080156,
    0.582161937618019,
    0.5576076233592268,
    0.5570249191955611,
    0.3982654838190177,
    0.4998977566160758,
    0.2425078621511979,
    0.4916489671285894,
    0.4884719771448992,
    0.5413238555752389,
    0.6271495325211303,
    0.5567681361475647,
    0.49938856360225164,
    0.1640659718116183,
    0.22628553436461935,
    0.5450329159364945,
    0.49437296362549765,
    0.49497550929420914,
    0.0853236760258817,
    0.5859563272933238,
    0.3265707171478888,
    0.697842140552162,
    0.5197783302719349,
    0.13271892372159266,
    0.5509167353589932,
    0.6191833308805522,
    0.2625087497784546,
    0.5984188525090216,
    0.22095919256567356,
    0.35768971442400077,
    0.5565748892851247,
    0.6935678683559148,
    0.5963535289255171,
    0.4861190059499939,
    0.6453684433764647,
    0.3533220534316913,
    0.7277772432899572,
    0.49261111748802067,
    0.610126171733033,
    0.35795419554226077,
    0.537618300907953,
    0.599955936679505,
    0.7690863171246428,
    0.3340695049728811,
    0.5432033412371674,
    0.4989774215960579,
    0.5093167612071615,
    0.4962430164407651,
    0.5061642026577353,
    0.6835047918861038,
    0.6147406769502284,
    0.49283616858441376,
    0.49162623432954794,
    0.5017050322104608,
    0.4973379494769505,
    0.49191908627014114,
    0.6347054595437134,
    0.37756208403314695,
    0.6294508218358619,
    0.4931437661243852,
    0.5824430075355795,
    0.6027256156215458,
    0.16012181310733437,
    0.35136182838493185,
    0.6663426128450362,
    0.7039539204356371,
    0.0054616543579462445,
    0.3482580242805087,
    0.49098212630964777,
    0.4685262409506112,
    0.6722763793713112,
    0.486298663730654,
    0.5120522505977028,
    0.34054716004092916,
    0.2766711751577707,
    0.7748516115639038,
    0.5499776792103529,
    0.6983379071194934,
    0.5718339101946737,
    0.44979148710526246,
    0.2936053395260996,
    0.5235811769821772,
    0.4446082282179307,
    0.3961467074377671,
    0.6724689034102523,
    0.4450742325276935,
    0.5008818446686997,
    0.32882968514675776,
    0.6554070522708367,
    0.1968005518901979,
    0.10632798723435875,
    0.5263640474530735,
    0.6194597747277196,
    0.367572880124927,
    0.6753048652671454,
    0.626459995044322,
    0.18817647244206498,
    0.5214233319908091,
    0.5263996465103961,
    0.5054886156744565,
    0.5800356800135544,
    0.44250896807115125,
    0.5605054950488036,
    0.4044132783833272,
    0.3669653469740729,
    0.617833313431593,
    0.48859203812807217,
    0.4785950638672387,
    0.42219491716298135,
    0.1752988658321043,
    0.21869017732016946,
    0.5441595283027324,
    0.39793500891530503,
    0.5034418325136997,
    0.5027093954622297,
    0.4377854972114915,
    0.38327448586287344,
    0.3161700098217257,
    0.5389488021224411,
    0.48215666823471176,
    0.3875767313285294,
    0.22010669453103066,
    0.7507745776614578,
    0.5017417877853816,
    0.38012210801932195,
    0.5020411812786401,
    0.26259245273963117,
    0.6507584297844916,
    0.5737999539705996,
    0.37597114951199295,
    0.7795651074592783,
    0.5842773890111745,
    0.36927592457076575,
    0.3876430865257315,
    0.6270626852777333,
    0.7061170239679598,
    0.6122821735244787,
    0.4430552057892958,
    0.7776003647656505,
    0.49758183012549084,
    0.37671732020994264,
    0.35215642825731014,
    0.10397526902767806,
    0.0702914771302982,
    0.46895473072077937,
    0.5040151761130542,
    0.6035075299415178,
    0.6786872455480578,
    0.4863824028330055,
    0.3125383999983809,
    0.5867147859907553,
    0.5846786283354329,
    0.643609777662383,
    0.5480196226340903,
    0.794560894121103,
    0.7876019289557022,
    0.5000645481384548,
    0.5760907623445966,
    0.39081259528620776,
    0.2677731456035417,
    0.47345669231919074,
    0.5264935412829076,
    0.20248671522691308,
    0.4958308624816728,
    0.3625838800529338,
    0.37805916975336396,
    0.35265026127178195,
    0.5049866147544467,
    0.35791465709686904,
    0.11167933872636765,
    0.464492741261859,
    0.17850661195567416,
    0.08980727790742019,
    0.5606189421969613,
    0.5611795641027346,
    0.488373781572569,
    0.49359061561142625,
    0.6610602187148256,
    0.4914371437022268,
    0.4717017491461286,
    0.6046992490442105,
    0.4169763483477267,
    0.5161421666605468,
    0.6597393671940484,
    0.42975355477368543,
    0.612954688507887,
    0.5275097226988842,
    0.5009236961492879,
    0.009885767865522447,
    0.7816397193247441,
    0.3741873656813233,
    0.49419413709186133,
    0.5511784697479573,
    0.32291792859602525,
    0.4420219657387444,
    0.5258052687472226,
    0.35114136721775696,
    0.5214488476603215,
    0.5689171005294248,
    0.4130803658296467,
    0.4328919098413576,
    0.4213104703296856,
    0.5796551495825405,
    0.5819296582866366,
    0.558222565450945,
    0.4662303728121217,
    0.4462890819823521,
    0.6584930026348362,
    0.5407964112680667,
    0.15429130191788204,
    0.7513694433304932,
    0.062140630226917425,
    0.5034242679026756,
    0.47122728780142825,
    0.09521934657333955,
    0.5217407599303661,
    0.5059103831860845,
    0.3508242645487745,
    0.7868105637184817,
    0.23633068481165678,
    0.40364159201586514,
    0.48913856497561625,
    0.5993358625409443,
    0.4590449651150923,
    0.0795489668105471,
    0.49346661524018415,
    0.4429231097948656,
    0.5370799419659469,
    0.7987812617549171,
    0.6145527066993306,
    0.5989256602052992,
    0.6043744844461394,
    0.532724099137845,
    0.7196200897515482,
    0.35548503046990176,
    0.25924693645716446,
    0.15831750108929502,
    0.48689694474072176,
    0.5253755501771062,
    0.6692073430771869,
    0.5006316754557185,
    0.2884104793216099,
    0.4951076414298143,
    0.11078773594043241,
    0.5016566391772072,
    0.4891619844569817,
    0.5549644385294994,
    0.49861539544661676,
    0.11489836089652088,
    0.5228024069444256,
    0.639859010385239,
    0.566302756357305,
    0.4922790523726103,
    0.4967470412665718,
    0.48586283730197166,
    0.2603496037047885,
    0.5018688962976692,
    0.5222729748726312,
    0.42212711631878136,
    0.5624957534119438,
    0.5544416564338953,
    0.0590851107322231,
    0.34684692824588953,
    0.7854087921069987,
    0.6738690848100376,
    0.296454637476548,
    0.6129724699659608,
    0.4566773567443336,
    0.38435329993503264,
    0.1868584760741085,
    0.5098191235389207,
    0.5399241440107279,
    0.34350545977501684,
    0.5100178277187777,
    0.4961793718316839,
    0.589327973645277,
    0.2936333127955083,
    0.5113873614022082,
    0.49765234155781185,
    0.38592312801001777,
    0.31304242482418765,
    0.4185062042832208,
    0.4926484151805656,
    0.7301445806019038,
    0.3884559738326328,
