{
  "config": {
    "mf": 0.4,
    "mf1": 0.8,
    "mf2": 0.05,
    "T_coh": 15,
    "tStack": 1296000.0,
    "nStacks": 8,
    "gamma1": 15,
    "gamma2": 79,
    "gamma1_upper": 17.776388834631177,
    "gamma2_upper": 100.0
  },
  "mismatch_list": [
    0.6189321911189934,
    0.5685729770645411,
    0.386000279877016,
    0.025232300814592462,
    0.30937787502797326,
    0.6782913088934391,
    0.1073305948947888,
    0.27730441714165766,
    0.0674480478289003,
    0.5971554534672656,
    0.48865713822281565,
    0.0530682096140068,
    0.1937909804427261,
    0.2141919331810972,
    0.2570165861827493,
    0.16717787109581683,
    0.185905344321012,
    0.5962930896398665,
    0.1805907168725941,
    0.6377453549956602,
    0.2587679137192359,
    0.31543238396813567,
    0.20078277380096696,
    0.44811736446059197,
    0.27117495146967235,
    0.08791947579728808,
    0.15203458736355271,
    0.21506004345032848,
    0.02103031461299196,
    0.1796674552182318,
    0.14743613281667883,
    0.28452599589089655,
    0.23589577414618718,
    0.399150885515844,
    0.11232045802683234,
    0.06427434944495877,
    0.0748395622353384,
    0.14602995320155598,
    0.583213248360204,
    0.25895924493344535,
    0.43032891042836796,
    0.06987478105695208,
    0.1868812274804534,
    0.17129037182586793,
    0.12897032147113538,
    0.6100170022395944,
    0.2468959094586288,
    0.25649832218354957,
    0.28036593341587007,
    0.44249582642073726,
    0.09344104743394989,
    0.2574910471159078,
    0.437636215970222,
    0.16036063946115578,
    0.33004786243929013,
    0.45701968709287,
    0.17611832263459107,
    0.12590446825969118,
    0.3446411502482752,
    0.11486638474647132,
    0.08430442176772406,
    0.3384155491343184,
    0.2912892326570217,
    0.21392210340299225,
    0.2446125120060879,
    0.07063020324044385,
    0.17348536804116738,
    0.15943419738615686,
    0.1834833817239152,
    0.26013166363177437,
    0.1374825004582697,
    0.7048443516596881,
    0.43314502833754787,
    0.22397382282512718,
    0.4487297761388653,
    0.14852304156925425,
    0.6149505574699118,
    0.058579300319025106,
    0.15731574811299862,
    0.29537975957176504,
    0.0968775642141383,
    0.20654200959793123,
    0.12683293423873163,
    0.056086645645050025,
    0.03437709437927152,
    0.4165882644791541,
    0.21789423193130755,
    0.15177032332156193,
    0.42922422023314216,
    0.3607606785514167,
    0.33812013142654584,
    0.18002908350107644,
    0.007649273042581207,
    0.403414456226136,
    0.2973846533717374,
    0.09826003523906066,
    0.43605590832524255,
    0.15269560887996572,
    0.5157054230797922,
    0.5052537296214548,
    0.688066006449893,
    0.1976777435898622,
    0.47414863753671216,
    0.18078696328233287,
    0.3976583285675212,
    0.6554369869041843,
    0.3737551544499,
    0.3772980707568418,
    0.0554624880951073,
    0.24200565131834217,
    0.4028737485767618,
    0.007247022114332074,
    0.19158723807067587,
    0.5264334155809385,
    0.20080626554430586,
    0.03272790171459368,
    0.42127327706494594,
    0.17204463749276455,
    0.25964831197729066,
    0.1872951881392284,
    0.10238612503910471,
    0.38446876277589426,
    0.18286999423476477,
    0.17034101626582765,
    0.4967290457986354,
    0.178431138978021,
    0.14526889299966286,
    0.10213863048774352,
    0.3028558442542232,
    0.024130285063992955,
    0.22142637817745706,
    0.1653150119901858,
    0.04277152552056258,
    0.4919453678908202,
    0.12885351329502565,
    0.19947352473297478,
    0.03899810099975077,
    0.19473036104713326,
    0.11911853485538627,
    0.22243045142890516,
    0.5225237028076175,
    0.04832772037279156,
    0.20270345873635529,
    0.026050608587945282,
    0.2892557150713195,
    0.2621816615789574,
    0.6660575317854129,
    0.5141355602253126,
    0.5116146793181872,
    0.47024369539434613,
    0.319867408263658,
    0.572062079208665,
    0.46857607074643315,
    0.6378101199249884,
    0.5462033078109396,
    0.3592086332807311,
    0.40102165953192304,
    0.1332228329914863,
    0.13967359343006053,
    0.2991618579670404,
    0.16369805722559763,
    0.2195176198194562,
    0.2908649356311776,
    0.24497862179073873,
    0.490475073886954,
    0.3089995495367862,
    0.1700901967292554,
    0.4670277480135382,
    0.430579476976935,
    0.4496219925508766,
    0.06645510604968048,
    0.10308466106257275,
    0.23956251001109677,
    0.4803846473000253,
    0.05135685418233987,
    0.11387821359820648,
    0.05035964774817545,
    0.2083698117942719,
    0.14238511886966693,
    0.19546474908505082,
    0.2908350830465654,
    0.22094700204876916,
    0.5022138257511142,
    0.3311459026640938,
    0.44759808850937155,
    0.24155786254915917,
    0.21187058752777807,
    0.39391743107594784,
    0.22474746014499247,
    0.3933130065904098,
    0.32445538187888845,
    0.36645608908878635,
    0.25371538184419296,
    0.5063158455495218,
    0.49131094625609556,
    0.35217874715713765,
    0.5800159859506364,
    0.11156416845589422,
    0.32830723268130857,
    0.09266943401812608,
    0.650808788196129,
    0.3608053490049042,
    0.5092449768147336,
    0.5952292389369068,
    0.07164201069662199,
    0.6610471766249492,
    0.17928269660348423,
    0.5444074905266835,
    0.3696402684043714,
    0.21598120891836206,
    0.2972502083175517,
    0.051391766527055835,
    0.4261622702652066,
    0.12326912835078999,
    0.1948718897654642,
    0.19406095478540544,
    0.28843061276297016,
    0.08466568863913271,
    0.403120881716687,
    0.119589381674185,
    0.20252499376926683,
    0.44343990537381217,
    0.1526744301698171,
    0.6012190913711719,
    0.2618831357328354,
    0.2566637763389426,
    0.08404102511317961,
    0.09446745591214174,
    0.11951832818587071,
    0.11428176560762515,
    0.1336408414583443,
    0.22799770547107523,
    0.25321338135961247,
    0.16362454613951868,
    0.3986206226569697,
    0.22628374787706923,
    0.5328889466504677,
    0.031324974802394684,
    0.1049405810686329,
    0.05880785691114078,
    0.24138113235696348,
    0.11424692554519637,
    0.4184241984328044,
    0.33918007888599694,
    0.2522001282576904,
    0.22204706617761436,
    0.013710070541729721,
    0.16416088071051754,
    0.1751793757239071,
    0.1645984053949186,
    0.4039889558447747,
    0.5411101532904921,
    0.4983780938987389,
    0.1623576544918237,
    0.3171835669400479,
    0.28281782087986623,
    0.2408395211789993,
    0.3650238155679855,
    0.5153415540460444,
    0.07268244193852999,
    0.09592105270766557,
    0.18835181061346845,
    0.12364347831618124,
    0.18267895214970414,
    0.3668926018211667,
    0.39147392835726647,
    0.15648146595417534,
    0.39526267672296395,
    0.12441538086115382,
    0.2557915459793411,
    0.6036962053533996,
    0.24559786414515208,
    0.5812411707186189,
    0.6420610773761646,
    0.478876658083386,
    0.2412696730701063,
    0.09206117857136661,
    0.11060440424649763,
    0.394831440597549,
    0.07575949890448966,
    0.07350183394619075,
    0.21246597672741654,
    0.16764004404015195,
    0.17526112699072646,
    0.17750202245839575,
    0.08288038842766364,
    0.22361457985776004,
    0.23699150133780056,
    0.08460742911565224,
    0.09222836750165238,
    0.1664603971131033,
    0.19592251280986694,
    0.004201769354738914,
    0.1275432522750127,
    0.3665856912297299,
    0.205157008692957,
    0.16630477334876897,
    0.4773994611210925,
    0.03621422099066055,
    0.32497263392606734,
    0.191695733783758,
    0.5845007404597501,
    0.06265659957521146,
    0.3666228443253489,
    0.282097889299388,
    0.27993513098417827,
    0.1860563420189657,
    0.22879085900848362,
    0.37671721029692984,
    0.2380419798176289,
    0.47994365306583875,
    0.2035171404433275,
    0.08315339862640524,
    0.541645222921465,
    0.2958774231191137,
    0.14129184927581823,
