{
  "config": {
    "mf": 0.005,
    "mf1": 0.08,
    "mf2": 0.1,
    "T_coh": 15,
    "tStack": 1296000.0,
    "nStacks": 8,
    "gamma1": 17,
    "gamma2": 75,
    "gamma1_upper": 17.776388834631177,
    "gamma2_upper": 100.0
  },
  "mismatch_list": [
    0.683286448632448,
    0.6719188663130424,
    0.651035429307634,
    0.7139341926155259,
    0.6895111100766713,
    0.7093730899405608,
    0.6977214924441879,
    0.6634195174318855,
    0.6739651055812913,
    0.1642256456398457,
    0.6589546405517509,
    0.7233995581239219,
    0.4030883908285921,
    0.6717849272348672,
    0.6753467815010544,
    0.6421105907428942,
    0.7492482642131553,
    0.6931933504921846,
    0.3089904419685994,
    0.6884023720733625,
    0.7133850098679778,
    0.6765305123773298,
    0.011747317315192985,
    0.3428147936976785,
    0.377152927924151,
    0.6170376000892831,
    0.6673972116963149,
    0.6837233950585515,
    0.17829336893862424,
    0.681926529681131,
    0.7112714035080618,
    0.6265003272941965,
    0.6738531403184237,
    0.6752218415676351,
    0.13893833800469663,
    0.6374461786089534,
    0.2274485769352426,
    0.6575400400501696,
    0.08229822688658216,
    0.38470151174066736,
    0.5969272221454424,
    0.03425594926593,
    0.043537356353410654,
    0.03701590383795815,
    0.014552303752144615,
    0.007464374951932279,
    0.5119121209300013,
    0.017104735877631293,
    0.3751409504600334,
    0.7163043288127027,
    0.04718963576088094,
    0.7251989353108225,
    0.6404120292760611,
    0.46493944045414093,
    0.00370786448632448,
    0.6298064468282821,
    0.029766930101871765,
    0.048149544534851915,
    0.6834810686907249,
    0.023578771212682825,
    0.6187398840939068,
    0.7036972136913061,
    0.21575807349778614,
    0.6660593027014493,
    0.7299235405194263,
    0.6438004783352638,
    0.07237155582129737,
    0.7073884351810035,
    0.44888760451295906,
    0.7367340679719498,
    0.7225324778772831,
    0.020304528167250802,
    0.6854024403078416,
    0.028738425437351205,
    0.11760559430207404,
    0.7111578661054477,
    0.18309782800400848,
    0.6043911634036515,
    0.23170542539282532,
    0.6745490018972655,
    0.002239522104212554,
    0.007596290126066091,
    0.6454671633134432,
    0.19845969337275512,
    0.6491280081719463,
    0.1783456290322674,
    0.6510337668150284,
    0.17470751695308764,
    0.6489437967630257,
    0.6746848925971951,
    0.7261446044742158,
    0.17685003622788234,
    0.5992223654696527,
    0.592866656238742,
    0.6661717739403272,
    0.44904640869793,
    0.0324418807041567,
    0.6571814476233873,
    0.6754176542836507,
    0.026627638086635815,
    0.5256415631246997,
    0.6573903434333855,
    0.7175817013920412,
    0.6430732823849222,
    0.7042036595365491,
    0.6818146005594071,
    0.6762141328062702,
    0.7125131047786687,
    0.07417521573371437,
    0.0447110761329092,
    0.678053970003429,
    0.6838480458628221,
    0.7168988325543231,
    0.7196408611191264,
    0.6765546908023969,
    0.2965450223236616,
    0.5454212134634723,
    0.6900307474393277,
    0.17575192372079146,
    0.6892988531403185,
    0.7476506268898204,
    0.011879666183049977,
    0.014230575291832507,
    0.6367125133939078,
    0.6491795454427175,
    0.02323839392227399,
    0.7134517083484885,
    0.08354206048466141,
    0.6284128081899879,
    0.04824813757458809,
    0.689435285957402,
    0.013505945362686496,
    0.6627958297168096,
    0.4888434096769213,
    0.7241977533508622,
    0.6702087758214015,
    0.6629098188837186,
    0.6709932554843463,
    0.1451319903477125,
    0.10939194116106171,
    0.026237096888912532,
    0.6349769795371736,
    0.4467763111862333,
    0.6693159088688053,
    0.008894624568691592,
    0.08295614026464569,
    0.6591615124577076,
    0.05088680246870032,
    0.21012533170341594,
    0.6053348086630032,
    0.6233493978307219,
    0.1874489325640956,
    0.6633914719044532,
    0.6605323460343914,
    0.043093904521459454,
    0.6982186319449545,
    0.15696503445552065,
    0.22497204121131234,
    0.6788355945160296,
    0.6713261515580302,
    0.702726245727394,
    0.23287574790482563,
    0.7198059177219399,
    0.6148633488904091,
    0.18460823867726883,
    0.12322872255224708,
    0.6514958313359328,
    0.2130512464068475,
    0.7167259694644923,
    0.21921938310248298,
    0.5337412993810902,
    0.020070188992159396,
    0.13869814396434227,
    0.7367751965933648,
    0.013133547019049563,
    0.4909413307805157,
    0.659106144225715,
    0.5743853764837386,
    0.6799330203413921,
    0.12809838024068268,
    0.6613730613167751,
    0.6768616013938338,
    0.6056602235199623,
    0.44781088756287835,
    0.6697978871598324,
    0.6637095139681183,
    0.14922837212771875,
    0.2139656896221718,
    0.5654022422543746,
    0.6913535132950257,
    0.5099942550038136,
    0.7291840746508332,
    0.6719585131475698,
    0.7246528968427676,
    0.7136585802544452,
    0.46489560124695617,
    0.7434044400695992,
    0.16603682291013114,
    0.5909149622021463,
    0.694296450477092,
    0.6755592191431253,
    0.07227462527416671,
    0.44184239454447993,
    0.666883465340065,
    0.020660157020258123,
    0.07349532854034306,
    0.19597159248287344,
    0.6880192398100768,
    0.6001671672455996,
    0.5657413907459011,
    0.6908300811122914,
    0.5153676479517224,
    0.615137587888033,
    0.04324085441133016,
    0.7187428621241393,
    0.7227148460878803,
    0.6098696186560005,
    0.47867777337016454,
    0.7214893360496053,
    0.5988984323995811,
    0.6753714659021322,
    0.6817429326716516,
    0.6855740745987899,
    0.07183825710636078,
    0.696214460967854,
    0.6696673814902988,
    0.08259537936924742,
    0.6741270540457552,
    0.46813926888490404,
    0.5170177080038466,
    0.6715297707610631,
    0.19585406148389176,
    0.6157128826118308,
    0.6859244629859755,
    0.033072254530798324,
    0.08311783574110451,
    0.6270290722250397,
    0.6822468847779865,
    0.3601239438835018,
    0.6871898367056394,
    0.003781086443254646,
    0.5331195271466249,
    0.5195120251704272,
    0.21549431543180572,
    0.13173446841582093,
    0.6641033801510526,
    0.11104510935153536,
    0.518328908693593,
    0.695200304337342,
    0.6754090526914743,
    0.6579866000204704,
    0.5247837892225375,
    0.04178776359181672,
    0.017890805750894422,
    0.6523954566823817,
    0.3066774810605951,
    0.11695758359735643,
    0.5479572013686217,
    0.6630425291630115,
    0.7137305372713494,
    0.6968711455470352,
    0.5699009472449172,
    0.017570522936326244,
    0.6448609317707252,
    0.09019253688275987,
    0.20346256731649406,
    0.6669936958280399,
    0.7219021221212133,
    0.6572127097125998,
    0.6830842750751591,
    0.6973174705999025,
    0.47213431089826063,
    0.01629618621305002,
    0.6925322566934844,
    0.6685877732487303,
    0.706552924223298,
    0.7462995986598285,
    0.39439908409668245,
    0.7200671097667248,
    0.547780471176426,
    0.12794290104092276,
    0.6194414198322935,
    0.5389292882623395,
    0.7049584131088843,
    0.0029384195391165715,
    0.717334387546398,
    0.0785664369631956,
    0.5211054881916765,
    0.11606359626930876,
    0.6421859811684403,
    0.7493806672927277,
    0.7010595426786428,
    0.6859084524593615,
    0.6734912590475739,
    0.6560377249930753,
    0.4679125193499683,
    0.7101368065165085,
    0.37189684912836235,
    0.41604014789534216,
    0.09848158044931826,
    0.053036549972214686,
    0.10021758414091923,
    0.503742451560748,
    0.40626826934808896,
    0.7205930356883673,
    0.23425236406448505,
    0.7140123297679855,
    0.7084414435408837,
    0.7003942926484288,
    0.5472397996681954,
    0.02398160039922953,
    0.7057991645324116,
    0.737370603863575,
    0.04023636886171589,
    0.06276552898201675,
    0.6701818506694207,
    0.6684475094704253,
    0.03888252162252339,
