{
  "config": {
    "mf": 0.45,
    "mf1": 0.1,
    "mf2": 0.03,
    "T_coh": 40,
    "tStack": 3456000.0,
    "nStacks": 3,
    "gamma1": 3,
    "gamma2": 15,
    "gamma1_upper": 6.4031242374328485,
    "gamma2_upper": 23.685438564654024
  },
  "mismatch_list": [
    0.21213347875080193,
    0.15008124707731163,
    0.1057018133055249,
    0.029568905295518286,
    0.17979576500354924,
    0.07849030385767217,
    0.17353572296345882,
    0.10326272042342374,
    0.07941190278627547,
    0.06670695680335713,
    0.09357433036892907,
    0.1063839049360947,
    0.16524350107409644,
    0.20120288176395337,
    0.06858018794329586,
    0.12610368248162956,
    0.1769357724695848,
    0.11793940020823798,
    0.1543336671689923,
    0.08275166888013044,
    0.11473760289516509,
    0.12935828199214125,
    0.05649726702548308,
    0.04343257219019937,
    0.2120018527391167,
    0.09550968811899599,
    0.1568079434454854,
    0.17302765089528999,
    0.04859536938823504,
    0.21898464518603883,
    0.11069275940922689,
    0.052717301913965814,
    0.0801979724606724,
    0.2114728549540984,
    0.09712118516321137,
    0.09284919464722331,
    0.12334815589680738,
    0.012231677827229693,
    0.08374732099323211,
    0.13207304137729817,
    0.053065124191961036,
    0.09324206684931673,
    0.12867591930306305,
    0.09932158392280427,
    0.022406563692623553,
    0.12871945129951412,
    0.0842293714445933,
    0.0413398920818497,
    0.05228501780474919,
    0.0737129518585994,
    0.08039671255904061,
    0.019314219805247713,
    0.17396670599183506,
    0.1877885756645189,
    0.07522112139940786,
    0.030129562714319186,
    0.0511782317031983,
    0.15416761672673865,
    0.0683129242540009,
    0.059474248411678456,
    0.12691593640793916,
    0.15976183064676402,
    0.09576572998604266,
    0.03656210638916347,
    0.14448085302329444,
    0.008391646150248165,
    0.04791577149594264,
    0.06982412965010358,
    0.10443049468936749,
    0.08532292989093365,
    0.051650307201449926,
    0.19819527076630733,
    0.09972638269926785,
    0.12188205463650457,
    0.11721773403543992,
    0.11488966671838463,
    0.09163246721466023,
    0.24273891178249052,
    0.14016104778642238,
    0.022942392152053848,
    0.10476443877173199,
    0.12008986999058126,
    0.25154907226972795,
    0.014762605331981076,
    0.13162606589692555,
    0.09562494219677307,
    0.03324781979509928,
    0.03603484337859902,
    0.21912602930402691,
    0.14573737184489252,
    0.13104285641022473,
    0.06686959190840477,
    0.0754620382016851,
    0.0739751196479362,
    0.09099027539652878,
    0.043782454512858525,
    0.12497168793879629,
    0.13099796912123157,
    0.17605960294699147,
    0.046350679668367506,
    0.15138579746660044,
    0.07146056407709295,
    0.11795501317832256,
    0.030370913210209884,
    0.15905810854722288,
    0.08188482377022652,
    0.1171050279076419,
    0.06380890765481155,
    0.11011334474164383,
    0.10636167813840486,
    0.08142706016121909,
    0.037906990284504095,
    0.11513052930896019,
    0.04277997172534487,
    0.1415869781757784,
    0.029770247555567265,
    0.10427279284917296,
    0.11246439782021253,
    0.0829179903808925,
    0.14081787676400812,
    0.13504096940931254,
    0.20035110750711718,
    0.2174950160472058,
    0.07024004182541209,
    0.0531683432719646,
    0.1413561989617158,
    0.09142770961740525,
    0.10462782528349196,
    0.13717897050026884,
    0.034142638143071405,
    0.20437041728156288,
    0.03941852095081687,
    0.14750190852295775,
    0.1317582340256276,
    0.21582356086092952,
    0.09874731936688105,
    0.028726780721581604,
    0.11056753037834022,
    0.13736432030832146,
    0.10566711781644807,
    0.05610434061168798,
    0.01330333474609028,
    0.06420465307709414,
    0.045073994093743526,
    0.17139696290867898,
    0.11202419880255025,
    0.10608704165768108,
    0.07274093604743133,
    0.050668533283979,
    0.10089936128857312,
    0.05914062959952406,
    0.024455223899207002,
    0.22299381737226992,
    0.036710538028370286,
    0.13761342307755275,
    0.07713978194535656,
    0.019262501841842566,
    0.09628610811049343,
    0.10519059695865848,
    0.027817542060961927,
    0.031318100062007345,
    0.08734502636369265,
    0.1686503812546344,
    0.1116485117098902,
    0.10525147669964798,
    0.07628106859070502,
    0.054103386702585174,
    0.04403399680866554,
    0.15553960647292056,
    0.054542609909617165,
    0.09846465955430825,
    0.20098657707424,
    0.011192331082571902,
    0.06819788702303053,
    0.1204348190483873,
    0.08157755184508984,
    0.09729509630220899,
    0.12449012539275023,
    0.07159598490789594,
    0.03587220827355138,
    0.11832012898915452,
    0.10402222636399623,
    0.044385722329181906,
    0.03830132620254294,
    0.06114082454480332,
    0.03686623403560256,
    0.04593053898032776,
    0.08225042748637362,
    0.03310697779412803,
    0.13528015143713595,
    0.09432977043187535,
    0.1561035708055241,
    0.03139735756986723,
    0.1273655682616942,
    0.16386056056417467,
    0.17344025615679584,
    0.1086902333607753,
    0.07876190448310172,
    0.1496464692298176,
    0.014168336658136998,
    0.05869392517765988,
    0.11840887354480885,
    0.09162113696900857,
    0.026862982417735642,
    0.09020230831257296,
    0.07600588999296441,
    0.10644153197498325,
    0.01877557233732993,
    0.13329800898851699,
    0.07924558128551341,
    0.13381383333002642,
    0.20197388058528254,
    0.025737981184419428,
    0.015173313183928052,
    0.2015112379231237,
    0.1382659693307056,
    0.015316974193386802,
    0.1380699398174215,
    0.060740308492772656,
    0.0627892939695662,
    0.1479080083802617,
    0.05266666818459431,
    0.11349095060327324,
    0.08613859915444924,
    0.06613252961232886,
    0.19129179003894678,
    0.016793700947219378,
    0.06829687759030287,
    0.04678003634569328,
    0.1573068537360699,
    0.068705850667796,
    0.17242958740232814,
    0.08619205189230823,
    0.04668776802942958,
    0.03216380260825508,
    0.06615020262707738,
    0.03102785061119899,
    0.13515551873496778,
    0.17633646210748424,
    0.10838431672818069,
    0.11988977459967098,
    0.04786589673039469,
    0.08725785394738711,
    0.11034840668013936,
    0.03517558790693065,
    0.10412436120996615,
    0.07966539670334305,
    0.07006851600128851,
    0.004834491132646167,
    0.07054980748882615,
    0.018278776303111068,
    0.03624897960024508,
    0.08450910382527525,
    0.13567047568925028,
    0.0670971726320681,
    0.030056485340451113,
    0.01685441805310383,
    0.05598084635525514,
    0.09790844749504532,
    0.09079673962152209,
    0.1492371166704127,
    0.05515823799392417,
    0.07828928686783328,
    0.1520721176099015,
    0.0967803561947332,
    0.09633294702074714,
    0.03155402938772979,
    0.1412174170054085,
    0.11009252744819774,
    0.15118022669382022,
    0.1469125189022651,
    0.022939789990373088,
    0.2401195649922949,
    0.07709868947548118,
    0.05953062858142831,
    0.06892768495108098,
    0.18097291789388406,
    0.14951538533514921,
    0.198480858010771,
    0.07029522933772492,
    0.21217039691964773,
    0.019479890765589578,
    0.03939217406379915,
    0.01610000801248951,
    0.10763749632580191,
    0.07942588940530956,
    0.07500123873738344,
    0.025171360478433446,
    0.14435632874452964,
    0.1600191193829494,
    0.11219886890537141,
    0.0060010185294512115,
    0.04708752511763668,
    0.1621518077271408,
    0.06412474502881406,
    0.17428427814029143,
    0.1136302204648957,
    0.1432145760953935,
    0.05223546830941134,
    0.03096789246913809,
    0.14430195440774204,
    0.1195464518929154,
    0.03496502965759564,
    0.06323166145529578,
    0.09530487631003932,
    0.01983139943929921,
    0.08121899565016148,
    0.032113168878883575,
    0.07124631943204351,
