{
  "config": {
    "mf": 0.25,
    "mf1": 0.35,
    "mf2": 0.03,
    "T_coh": 15,
    "tStack": 1296000.0,
    "nStacks": 8,
    "gamma1": 1,
    "gamma2": 87,
    "gamma1_upper": 17.776388834631177,
    "gamma2_upper": 100.0
  },
  "mismatch_list": [
    0.42700537086306783,
    0.6844808050049412,
    0.4833427276212593,
    0.07066793459436048,
    0.6483322886133424,
    0.6650837809534439,
    0.436856073244509,
    0.4851637352826035,
    0.4035049536497062,
    0.14500701427314955,
    0.4841031011414241,
    0.5660524937099953,
    0.5532382898357804,
    0.43791800846685797,
    0.46032999899961313,
    0.31279032180652516,
    0.4102094249163405,
    0.5063829235120402,
    0.5025818510163756,
    0.4750090136012134,
    0.3521804819320304,
    0.6740328340843945,
    0.38139315145567854,
    0.5945978170171008,
    0.5748346831809527,
    0.6000700198516074,
    0.6415620766065028,
    0.4867370315457249,
    0.6113963289850237,
    0.6147564072465017,
    0.6533101167445677,
    0.5596806293878962,
    0.48297777435320366,
    0.05875689789866717,
    0.13773678954462737,
    0.3560149127032361,
    0.4341253568576519,
    0.4319551173257173,
    0.5779480619962286,
    0.0936646888305362,
    0.6083277651878096,
    0.49614706496327193,
    0.03980614468832167,
    0.5168185341614763,
    0.0827640862275643,
    0.6902653396024243,
    0.575121390873118,
    0.5926908657162798,
    0.6710781871718022,
    0.5995191926820256,
    0.48038927336640586,
    0.08349818513633307,
    0.46587936317570205,
    0.3875152443343698,
    0.5858548045458041,
    0.6598763119957949,
    0.6752698731474772,
    0.7173084201347226,
    0.6484782265511924,
    0.5492449825973166,
    0.5995778136169421,
    0.45667092505714635,
    0.6362341492172406,
    0.39569918945534427,
    0.5143456125519059,
    0.679918997577676,
    0.47744066202479457,
    0.39021643340690704,
    0.1112572578644574,
    0.6004527545623134,
    0.40785370903545937,
    0.4742339667767478,
    0.4839242747628996,
    0.41236809928232365,
    0.5307699552601555,
    0.5928179379771715,
    0.5440174914461141,
    0.32040395968151847,
    0.6097122239756299,
    0.3873994481102808,
    0.6320724603907523,
    0.4208155494812734,
    0.5929169647106308,
    0.4206167731914827,
    0.19467889605864927,
    0.6659815992427129,
    0.5300627092210803,
    0.06806114618890195,
    0.49696674610008146,
    0.6961220480636732,
    0.4910539104428244,
    0.47106890612612623,
    0.6517064257796801,
    0.3635774470011814,
    0.6624110349609185,
    0.6204758877855078,
    0.5027750615700523,
    0.7020242220835687,
    0.5338629866115856,
    0.6058485188781095,
    0.5809582217053878,
    0.646383269021373,
    0.44629122475685684,
    0.48308825782918363,
    0.5815718260413998,
    0.6510353208842032,
    0.6127392615988495,
    0.48147925411618714,
    0.44183780461924294,
    0.07784946895649242,
    0.0956518734701454,
    0.5636249292356408,
    0.6070823775205556,
    0.430332235413579,
    0.5745251342860331,
    0.6450801278066489,
    0.5649306364715604,
    0.6412350353980817,
    0.6910184126115821,
    0.5793956593619151,
    0.47865966665722176,
    0.6003559324386135,
    0.5694243539842864,
    0.12498641093000704,
    0.5487340191091237,
    0.6126285251348643,
    0.35947774023596407,
    0.6414973116771746,
    0.4982971377370787,
    0.6376349438019674,
    0.7266707653132917,
    0.6378751378423216,
    0.621380898162353,
    0.578382767671429,
    0.6515548136822852,
    0.5149778657180146,
    0.5614713869120487,
    0.4222055017229206,
    0.5160235374257444,
    0.4132490396575323,
    0.5485835273871804,
    0.5930320019707043,
    0.6082726499438222,
    0.4639509440355837,
    0.6533529078585881,
    0.35719542701773116,
    0.6177785658153355,
    0.5338441209346273,
    0.4624241252831297,
    0.4797583935637538,
    0.45950052361288846,
    0.5605355842808577,
    0.6207354896199744,
    0.30519945285199884,
    0.7122972698690997,
    0.5610550409377961,
    0.5320825293133588,
    0.5848899444351602,
    0.44825368885424477,
    0.6582528518253591,
    0.5862822458511413,
    0.6051831242833211,
    0.3715828548727803,
    0.4773181435479963,
    0.4803114253430951,
    0.5691244909158513,
    0.2979153499243349,
    0.2389821555271952,
    0.6071112181531471,
    0.5587861722249818,
    0.5114718856598303,
    0.4798375788093777,
    0.09824818094396041,
    0.4916228443253489,
    0.3687575571131264,
    0.38777336438194887,
    0.637168470061544,
    0.35109118786397747,
    0.5596465121483395,
    0.5368102245897401,
    0.5722755649439003,
    0.562642865940644,
    0.5318506115948884,
    0.560499840689839,
    0.6210494838755565,
    0.6933127608306333,
    0.6165344430881075,
    0.07927277947368086,
    0.2621341721162692,
    0.5154789988151488,
    0.5950346550197736,
    0.155755245814711,
    0.5586809292148235,
    0.1784856398225672,
    0.45112625922972527,
    0.5028827260368316,
    0.6926787367484882,
    0.5323670685369082,
    0.3363669245505921,
    0.532367176960339,
    0.5748755949555059,
    0.5487545834198312,
    0.6523527378506486,
    0.6275128575732465,
    0.6713498240070871,
    0.5636010399397223,
    0.43320686583424456,
    0.6047879570192173,
    0.6055890254670737,
    0.5929598642480821,
    0.6454541163606042,
    0.5517863555328621,
    0.6385008856025828,
    0.6506938232183428,
    0.6392166970926908,
    0.391517514576446,
    0.6537636880967265,
    0.38383173897883055,
    0.49430242099401445,
    0.6910551681546216,
    0.6253902882097181,
    0.6433835902438573,
    0.6946011925999129,
    0.128606958413398,
    0.6044938042514707,
    0.25105640562737846,
    0.47669532322036673,
    0.555393603075409,
    0.5177525658766309,
    0.3446166465529156,
    0.3574970610022026,
    0.6160352616127277,
    0.5954820100952334,
    0.47206390795053116,
    0.6591754990802802,
    0.7331613352215395,
    0.4852002016964942,
    0.689590403745726,
    0.497118032927184,
    0.6970729034811728,
    0.16079035765853963,
    0.24310239046197635,
    0.3936701533714483,
    0.5961920390023656,
    0.43639939375400083,
    0.40595510633880966,
    0.5826739502154301,
    0.4289182131702953,
    0.3028740593905967,
    0.49493409590182563,
    0.5401872891887094,
    0.5152270227619814,
    0.4521265376610955,
    0.600568767633264,
    0.515439207416047,
    0.7076668123395695,
    0.606609181527423,
    0.052251202921823524,
    0.3185929992580946,
    0.5789944926679739,
    0.6137230958098826,
    0.10622048352802327,
    0.7314740317209372,
    0.6039152206836054,
    0.6953002707405349,
    0.4753356211159113,
    0.6730396393171695,
    0.5139383741458402,
    0.5042184665630813,
    0.5766659549270787,
    0.33352680892206293,
    0.358655673783677,
    0.6424687494759534,
    0.32715172803818354,
    0.5213356349941104,
    0.5843495620560784,
    0.6512112559712397,
    0.6433228731226122,
    0.6083599308056121,
    0.659918597133805,
    0.17015293775454207,
    0.3574405362536148,
    0.5928682464490603,
    0.6062432524484902,
    0.4160329558077661,
    0.6290538436539911,
    0.5030246161665985,
    0.2737601997535463,
    0.537591198561756,
    0.626215065247775,
    0.6008263455636891,
    0.4185254297760232,
    0.14614690594224009,
    0.5313376603437977,
    0.6616887180649627,
    0.6592937167609902,
    0.6498442172146338,
    0.5046072729859119,
    0.5942908702845204,
    0.5701975214692849,
    0.3804044743314033,
    0.5926172100656265,
    0.4768647890426992,
    0.6508664333201684,
    0.6717573876834452,
    0.6897832167468229,
    0.6411034816353839,
    0.5262344224442863,
    0.6490956618484258,
    0.6628256823014218,
    0.5800058302892853,
    0.5663737523354407,
    0.4969884669273841,
    0.5609190056732921,
    0.5156708721465122,
    0.4851658676100758,
    0.4948325031471708,
    0.49046712283536237,
    0.1306967839008264,
    0.49554354400632383,
    0.3655381040413894,
