{
  "config": {
    "mf": 0.55,
    "mf1": 0.01,
    "mf2": 0.0005,
    "T_coh": 20,
    "tStack": 1728000.0,
    "nStacks": 6,
    "gamma1": 3,
    "gamma2": 99,
    "gamma1_upper": 13.2664991614216,
    "gamma2_upper": 100.0
  },
  "mismatch_list": [
    0.1314403403661867,
    0.1987203088551768,
    0.15304133404020803,
    0.18967813571595724,
    0.269631037517442,
    0.15131008899615053,
    0.008185525432949902,
    0.17812153378221174,
    0.005984999300953219,
    0.049027968951216236,
    0.09270990847397689,
    0.04985827819474272,
    0.24814563700309444,
    0.16731542383019027,
    0.006979692626940003,
    0.015408309117667031,
    0.14165750502014782,
    0.009371866542878205,
    0.12739482650793488,
    0.14155073246977679,
    0.09896803825040261,
    0.26461908095600517,
    0.00876959780698989,
    0.15070430435305762,
    0.16325091173651712,
    0.11606145384038968,
    0.05423940698457673,
    0.0008225372381268609,
    0.031036208229164704,
    0.10102003272365093,
    0.009100093084221515,
    0.2653902982854615,
    0.09665629842209227,
    0.224125699172314,
    0.16691775622057617,
    0.13232986488894843,
    0.14661900522906962,
    0.02878584257047837,
    0.09846470837690316,
    0.17970757802697784,
    0.18854934445553567,
    0.021783265705417252,
    0.10224770116387882,
    0.16708966557810595,
    0.012834356630993181,
    0.027653720450599825,
    0.13900731286145862,
    0.03994261800422099,
    0.04428630546645523,
    0.15198360111486872,
    0.2077805549910796,
    0.1226984380387558,
    0.09637169498626795,
    0.18524729076459864,
    0.11978288740999371,
    0.021227197223848925,
    0.25866683510637895,
    0.1282203245100235,
    0.04099917896049208,
    0.09596792080098272,
    0.05890655790963341,
    0.035387297601303346,
    0.07207295188242163,
    0.02233199395966371,
    0.025258339040369716,
    0.03902798867036684,
    0.07044255786081165,
    0.19676601959266662,
    0.2393872037435437,
    0.0037636861386416702,
    0.10153915333827977,
    0.007451749431093349,
    0.012328189358697042,
    0.07019650603907276,
    0.05983808827110262,
    0.16514567730687937,
    0.11101236436426577,
    0.0007621499898234341,
    0.11747194945525634,
    0.10344718066388744,
    0.03283357700170153,
    0.1103419363746744,
    0.09510029359502153,
    0.07573011220102242,
    0.1859145112598981,
    0.024148484332786917,
    0.0196523792091045,
    0.12509394281415098,
    0.14125311400903723,
    0.26051163778488645,
    0.09085776556814748,
    0.05697848374470132,
    0.005967419764930261,
    0.03547044572256281,
    0.16841867850144163,
    0.06586293452037455,
    0.02678473622782283,
    0.14585173558489564,
    0.17403512437173807,
    0.07363469318966828,
    0.08446559953986953,
    0.047321211892425816,
    0.04240017545764809,
    0.18954021346140518,
    0.11617316099736365,
    0.29882059259062305,
    0.1479755902667992,
    0.08683106489756934,
    0.12831068949343974,
    0.1153466143913719,
    0.1464033012379388,
    0.19655802592435287,
    0.14820054664531054,
    0.2889079548466456,
    0.007815244889982108,
    0.039133404203922056,
    0.13671272079109345,
    0.03585207586071736,
    0.018143376509926732,
    0.09314514077635584,
    0.1265304067962656,
    0.1194910671120126,
    0.19735558171655238,
    0.050481210595780826,
    0.14944881706810567,
    0.06856142414118999,
    0.11711073625192145,
    0.21694708021669315,
    0.07391047601618984,
    0.006080977399380321,
    0.04793162272920897,
    0.023875107126984273,
    0.04505869476497975,
    0.07893871677941636,
    0.20542125789163346,
    0.07755992601197356,
    0.16248197666261463,
    0.04708459750581504,
    0.10049344851653515,
    0.17631812011658632,
    0.04950125940702031,
    0.22176270111791566,
    0.02352573697949642,
    0.044243929532252514,
    0.02893696489769328,
    0.0676082431932504,
    0.0994596484332201,
    0.17680109473784866,
    0.21334568095270554,
    0.048318187473966455,
    0.039785450783917486,
    0.10683472641422033,
    0.07390060680298398,
    0.05104326228785522,
    0.09901602729961617,
    0.21197953511468276,
    0.19144170243326397,
    0.07186310773663179,
    0.08873822866702148,
    0.09314458563311301,
    0.09767147036548124,
    0.24010043944541554,
    0.04672202728566434,
    0.09232445401570508,
    0.287047053014096,
    0.16653402887461538,
    0.07923503990592265,
    0.20860778010547926,
    0.016557023852247946,
    0.16040463064794375,
    0.18829817297944626,
    0.10029248666263059,
    0.017777228699988896,
    0.029531153215269286,
    0.17846245341589206,
    0.2853596026036395,
    0.13427854103644776,
    0.0003100783424119782,
    0.030992043500068428,
    0.03960539932549286,
    0.0020495888525293837,
    0.0323465930125743,
    0.014846319108175179,
    0.04526755198944901,
    0.04261532430553609,
    0.09884158895620239,
    0.1027161186956625,
    0.06367523836554549,
    0.10479087404186685,
    0.17081831600986677,
    0.05899026117413571,
    0.19839043040377055,
    0.10508195414885753,
    0.29601711921433016,
    0.05158668584000352,
    0.051465171152406224,
    0.08904917056558898,
    0.10294674987176722,
    0.031447322641771795,
    0.12597477009277502,
    0.1404007224009626,
    0.11616477216613866,
    0.08818863685661951,
    0.1357540500933081,
    0.21850049437529734,
    0.14454024051500036,
    0.011323688502086923,
    0.1988841994769768,
    0.25042437664974765,
    0.059554101661103656,
    0.09441530851595151,
    0.05134353309964386,
    0.05300705066807605,
    0.05909857578907015,
    0.14443248104330877,
    0.09923253316431997,
    0.022368571731107973,
    0.0937207626365883,
    0.051732010004459976,
    0.12054189158810778,
    0.10109102937615067,
    0.15869491282519158,
    0.015524334055418558,
    0.17368106634797745,
    0.10054069737475825,
    0.020664837118861853,
    0.35035046877211024,
    0.02263010588106357,
    0.0674046906708793,
    0.287673994782999,
    0.06173100336398878,
    0.07879376271045511,
    0.20924946401160852,
    0.03231704705553923,
    0.19980265313094822,
    0.0822209703613591,
    0.0535769360481326,
    0.1417264044648413,
    0.01165955016399924,
    0.14381275613656255,
    0.19886914892683785,
    0.14580454840925505,
    0.045620006266063697,
    0.06716622580679242,
    0.07016387595291085,
    0.11508384658976556,
    0.15422206203512548,
    0.06185362833807174,
    0.12182482762228855,
    0.21734505623921993,
    0.14516483834576696,
    0.20171271598177962,
    0.20164165764669734,
    0.19559472903287728,
    0.005547238012690278,
    0.09372908978523076,
    0.007054822012469701,
    0.11031831194556285,
    0.22548068046289763,
    0.17524114222549558,
    0.1634248566192706,
    0.127406792928947,
    0.12487885564884552,
    0.061615656934645165,
    0.14956743267432376,
    0.0533031270642522,
    0.034595725019609905,
    0.013516874406761739,
    0.27101624327346857,
    0.05366884309611228,
    0.2816076978382624,
    0.19361194241723512,
    0.07346586796126534,
    0.15899222287301845,
    0.2361876048222001,
    0.10844982315536121,
    0.13319459301353037,
    0.10015277561318496,
    0.0806379485631373,
    0.2591343890820071,
    0.10213451362492398,
    0.05617624007622903,
    0.20658181568206144,
    0.19793897558218446,
    0.15047435168536083,
    0.3860498802410493,
    0.10505703438551271,
    0.05683587361387647,
    0.1618283880180558,
    0.18012196161645938,
    0.24096146661504528,
    0.11491415780520711,
    0.16581592024872313,
    0.16171199298480904,
    0.012803823752637515,
    0.022736138240444154,
    0.01816323830150355,
    0.12212935453227222,
    0.008640496161740584,
    0.08179523717669082,
    0.015437670026954498,
    0.02304658667835135,
    0.11155288883503485,
    0.23699428963661506,
    0.09355156731269014,
    0.041452237529224126,
    0.04329500468250796,
    0.11878807071884186,
    0.013466479736829257,
