{
  "config": {
    "mf": 0.65,
    "mf1": 0.6,
    "mf2": 0.008,
    "T_coh": 15,
    "tStack": 1296000.0,
    "nStacks": 8,
    "gamma1": 7,
    "gamma2": 87,
    "gamma1_upper": 17.776388834631177,
    "gamma2_upper": 100.0
  },
  "mismatch_list": [
    0.006878021038193382,
    0.04142020816142196,
    0.19786661720630694,
    0.23323152132240735,
    0.1801131478010861,
    0.2323498219831831,
    0.279411879507162,
    0.4289150327496587,
    0.21629223960016908,
    0.44510561454111447,
    0.082552949666663,
    0.36166189410818406,
    0.35388453685269045,
    0.48147021883028757,
    0.29588826546219316,
    0.46116760614364743,
    0.12998581532396053,
    0.33775835857912684,
    0.304500989110818,
    0.0998387526737218,
    0.3951682399147416,
    0.04207754328118793,
    0.24401842388761896,
    0.0382001045491002,
    0.443615009214546,
    0.4666897198974632,
    0.2584505944784428,
    0.3525234613847783,
    0.28011518616158504,
    0.26209188697825925,
    0.23671878026820775,
    0.1916616888264884,
    0.38165936711942366,
    0.3341899266248046,
    0.3676110154736138,
    0.3656622850107932,
    0.27088784622492745,
    0.3554802406248428,
    0.3114556293734398,
    0.29292606505058894,
    0.3839684970662065,
    0.22371230551004984,
    0.41366375928032284,
    0.37485218272268295,
    0.3874608157721107,
    0.36255674882367805,
    0.2576434181773183,
    0.43670861737862793,
    0.23058186952064122,
    0.21524436328267985,
    0.04269765302304764,
    0.03211371912028409,
    0.07777205462690485,
    0.3924621717878185,
    0.0451950783279777,
    0.37182059131536993,
    0.33735531254571854,
    0.05735715140710483,
    0.35951200204009526,
    0.380341877870691,
    0.05905759221340507,
    0.17138144750773565,
    0.4073651530562975,
    0.15712311581761965,
    0.26699884232688825,
    0.3557126281781799,
    0.12460389306616258,
    0.24048808469864935,
    0.44790738441628586,
    0.24984011158072109,
    0.4255344263186169,
    0.21622480022621465,
    0.3688388024039354,
    0.4274955893348353,
    0.4445480289776798,
    0.32484939262639717,
    0.3459436047812709,
    0.41274020849681176,
    0.3682436300511585,
    0.04502499810620408,
    0.34212377503207886,
    0.37935392356928777,
    0.22821252842862355,
    0.43611004775835277,
    0.40169941439782203,
    0.37925157185061736,
    0.0623892273948712,
    0.40981779948430924,
    0.2993318659065269,
    0.2954317305362594,
    0.34180681720272177,
    0.2751513446529323,
    0.20882844290653438,
    0.40785031176796116,
    0.13686051137694288,
    0.3450955167055931,
    0.3343797399109829,
    0.11826198975210644,
    0.1662462969784269,
    0.17586034715158635,
    0.08432863633393492,
    0.22592161361821422,
    0.44248794765143284,
    0.11615199750655023,
    0.2808302025465339,
    0.3303656876560936,
    0.21319928053102616,
    0.4036158346782658,
    0.35777028804780575,
    0.23942683615802873,
    0.2730118612341998,
    0.47614460447421575,
    0.28150669247240695,
    0.5558830264420171,
    0.3078019043202256,
    0.24593282026402116,
    0.11829379395847296,
    0.3809499164705889,
    0.3724795889277414,
    0.23923499896780895,
    0.29243707537770386,
    0.0756007670018059,
    0.4065489414692734,
    0.3058684254200035,
    0.09540914954973918,
    0.14281613814822033,
    0.1971982951788871,
    0.39978646366716375,
    0.3435303883409249,
    0.16728109020193357,
    0.21308435169438356,
    0.25908949761497363,
    0.3131742853161136,
    0.4040838986290074,
    0.291568386850175,
    0.3337231998963761,
    0.41316703540270777,
    0.14878253498029007,
    0.3686015719373561,
    0.08874877047829478,
    0.18437707992281407,
    0.18540341611871874,
    0.20787561779670866,
    0.20528820104421883,
    0.10201806363269958,
    0.3246373886780495,
    0.3357454414452757,
    0.1868988643585294,
    0.20003320648273812,
    0.3388918894069441,
    0.2590950633510878,
    0.26490041524728347,
    0.3225897760463439,
    0.12525493962694245,
    0.30297359210006647,
    0.3554414973189054,
    0.1746850371617695,
    0.29575100139880683,
    0.2850279240931898,
    0.2193488406788521,
    0.3167213939957128,
    0.3623176390176317,
    0.24339014624730604,
    0.07367025167535886,
    0.3594453577713,
    0.32122732721497504,
    0.34378272580552827,
    0.20302836761730403,
    0.061782200746994066,
    0.4037505688616002,
    0.43644308839661117,
    0.2908247466794963,
    0.43284704460857987,
    0.38161867219173196,
    0.2499954462159066,
    0.1912822068187062,
    0.18133002010604102,
    0.3750510312947608,
    0.3852731923501053,
    0.10346819087843796,
    0.3778822562019648,
    0.32107777516276526,
    0.04508332991197174,
    0.25189668721603903,
    0.27843679145287975,
    0.3690096777308682,
    0.10381594096214085,
    0.30281630584312663,
    0.25064728788184565,
    0.33683885560369875,
    0.27536905890196844,
    0.40664908857818427,
    0.3192352273798365,
    0.17914658905669303,
    0.29550943399499574,
    0.17546583042806727,
    0.338513925327193,
    0.09026966208319864,
    0.09025549475490811,
    0.1636653856317848,
    0.04877088307559397,
    0.16145535470074843,
    0.3009923346080074,
    0.14244489632117854,
    0.27558229164919845,
    0.24320185088915888,
    0.28209333551529464,
    0.17983948706175973,
    0.2090473859544529,
    0.3272284195448992,
    0.2640091746461493,
    0.07257842772725406,
    0.26745132944473904,
    0.31382352481971354,
    0.2763977804133506,
    0.35384543213531705,
    0.3631566918074099,
    0.48092470440881474,
    0.4848976280422892,
    0.06522218707696792,
    0.19957370798302929,
    0.1321251541781186,
    0.21499686873131865,
    0.3799632632503552,
    0.2517523394885074,
    0.373511779988909,
    0.35157287702585566,
    0.26111976249775204,
    0.2834488452470927,
    0.322418467025688,
    0.34646960298520063,
    0.28224830873904416,
    0.36445647189577934,
    0.30279230812377733,
    0.048519629845298555,
    0.2175750333510473,
    0.3069410222797139,
    0.35938384554489566,
    0.17534952822796793,
    0.3774007838869482,
    0.3633660935934185,
    0.11261847789694396,
    0.3458246281365453,
    0.1581241532130055,
    0.23622061074484874,
    0.37267272719913075,
    0.3922127978969902,
    0.014691953131008465,
    0.19113099227389088,
    0.4693653933226201,
    0.3702352239102867,
    0.29734945189787265,
    0.4493086849770229,
    0.1555292913849344,
    0.2524212397742248,
    0.14294335497368635,
    0.13077499333557313,
    0.1124021370113645,
    0.4319113865419633,
    0.3806750992146674,
    0.1623747853938893,
    0.16234457139784114,
    0.09229768621507392,
    0.13323931335296713,
    0.34307298602754477,
    0.18695697931743546,
    0.09553275226084539,
    0.34737284244600947,
    0.27019241833980884,
    0.1420210329890576,
    0.29904071285369893,
    0.27202838843460275,
    0.5199689576489406,
    0.3649478468841419,
    0.3583221633105519,
    0.27415551158222456,
    0.35955775672789075,
    0.08900660139672509,
    0.35923559457385545,
    0.051895790915677795,
    0.3308063204788441,
    0.31960646920687824,
    0.3188559622189159,
    0.3563020902302682,
    0.10096158572303393,
    0.34260025986927894,
    0.1765288860258678,
    0.44927153188140384,
    0.2011337043053065,
    0.39199949286747304,
    0.11099646337225204,
    0.1777889831385663,
    0.2170828632575256,
    0.09775695052017225,
    0.42024538679986656,
    0.24463137768304621,
    0.3625257397224707,
    0.0825742006590988,
    0.15084821818379476,
    0.046000953547932696,
    0.41468102404918433,
    0.13099820103843626,
    0.28250483857630493,
    0.14601405109837273,
    0.1118822105195593,
    0.266872637453443,
    0.2587852614681631,
    0.28292660572209716,
    0.3090654709827095,
    0.46331655854200265,
    0.2966788891195497,
    0.05583481415645703,
    0.16974794009937946,
    0.315454213218869,
    0.3127048841430588,
