{
  "config": {
    "mf": 0.4,
    "mf1": 0.2,
    "mf2": 0.0008,
    "T_coh": 60,
    "tStack": 5184000.0,
    "nStacks": 2,
    "gamma1": 1,
    "gamma2": 5,
    "gamma1_upper": 4.0,
    "gamma2_upper": 6.000000000000001
  },
  "mismatch_list": [
    0.08930488975499182,
    0.395009917135538,
    0.07945085669016325,
    0.45265919460137743,
    0.4331839498534114,
    0.14749426078307784,
    0.3713491641271475,
    0.028559904702977455,
    0.037652587996507315,
    0.42767039836237153,
    0.24150444102629343,
    0.06746341068506301,
    0.3465800338859558,
    0.1843990158038084,
    0.43331044392915175,
    0.05386204483817432,
    0.07812187378927099,
    0.28436858494330175,
    0.2580886094614677,
    0.10717459941133271,
    0.14211161258984695,
    0.020793313017180064,
    0.441477515858743,
    0.4594538419503507,
    0.07093296247679737,
    0.31099327485211037,
    0.4532113593125661,
    0.06395583838827754,
    0.07297501055322003,
    0.03424397020811528,
    0.025323174292934257,
    0.00900926948587025,
    0.007167660307749244,
    0.08220033192045474,
    0.012884036013947598,
    0.23330292656693633,
    0.024870614631099904,
    0.027451238340860332,
    0.1996536953617875,
    0.31135779463722946,
    0.45521202575563946,
    0.17848957399686582,
    0.21737696101958562,
    0.4251970416288389,
    0.11808344850317753,
    0.23146652171650292,
    0.015470153180711606,
    0.4526499786044306,
    0.010583795458356705,
    0.2061597555122504,
    0.015464804288366014,
    0.20349774190004222,
    0.43019767771333406,
    0.13435810400559756,
    0.036616709939687624,
    0.34429547859575677,
    0.2825797418653467,
    0.2661071773461398,
    0.3484603863924179,
    0.4330250010119526,
    0.030531622073288498,
    0.005119323668704065,
    0.1896526400397842,
    0.2675088039876715,
    0.38524327340646375,
    0.15586296426939913,
    0.22586659284231467,
    0.21514162999543177,
    0.3850586643382119,
    0.42110448844350123,
    0.4421786905911538,
    0.378761355553885,
    0.10673786957954814,
    0.020805167319135155,
    0.3075136035343168,
    0.03139727524532623,
    0.34659781533888845,
    0.4013348016283763,
    0.31038364568937105,
    0.3549266189796048,
    0.008589887413044358,
    0.4006255674162826,
    0.34419197030063664,
    0.03954465024026646,
    0.01864392568220062,
    0.46961297872586494,
    0.02798381454089156,
    0.3963925335245442,
    0.0070273603071709856,
    0.16702884932314827,
    0.03955448063700971,
    0.17471159350731208,
    0.06207750978702735,
    0.4562432054610745,
    0.08756209052060625,
    0.03224774912827511,
    0.09887731086605796,
    0.4383387280044873,
    0.02122946459033267,
    0.4244891807809961,
    0.1282015289158229,
    0.02187942729265091,
    0.27191932713825584,
    0.43471861212145746,
    0.4483711177161097,
    0.33365544748544235,
    0.0009278159749729664,
    0.3670528470563744,
    0.3817881780805283,
    0.15960581554706157,
    0.4515075563946731,
    0.06166260921859911,
    0.429767597855817,
    0.04668050632325814,
    0.22685823411378975,
    0.06469543117854892,
    0.02347166243574101,
    0.23918179294871425,
    0.04052154591662667,
    0.4496834756813332,
    0.3297599359289436,
    0.36077136810209737,
    0.355681391058965,
    0.3949033007002712,
    0.37429315110476313,
    0.11049843002781425,
    0.39236076977789086,
    0.06807144963656445,
    0.12902728224225568,
    0.4601149722724986,
    0.018902985549316787,
    0.007965440372861166,
    0.036973784644920286,
    0.047631452643509334,
    0.041654426858956935,
    0.02591119103930424,
    0.44519026154637925,
    0.44569262373289076,
    0.42772041773403574,
    0.14061891021378223,
    0.4390985598468771,
    0.21330927295542204,
    0.4616003741333349,
    0.3663192536994096,
    0.4329596939277061,
    0.0282693297404197,
    0.34893607639953045,
    0.04726339102426951,
    0.07144103496729948,
    0.1714915603152666,
    0.26027724610109115,
    0.3782508977465261,
    0.4554196206045116,
    0.17818634962673405,
    0.14938849149670683,
    0.4385375405503866,
    0.20453224659261102,
    0.4469680454279981,
    0.03401591946013774,
    0.0010585024257949611,
    0.4263374037922201,
    0.09830787067823955,
    0.033930843158911254,
    0.4451614570382749,
    0.3023350806381662,
    0.2668531309813627,
    0.3988989955647563,
    0.1837722557290974,
    0.43388002868162817,
    0.23265983068587257,
    0.03917282993991893,
    0.049597459709829816,
    0.14148550305609686,
    0.269840776485691,
    0.12057682744184164,
    0.10752986705834051,
    0.44210995009628007,
    0.050271926121677184,
    0.09670038396373162,
    0.184665448468482,
    0.4573753274389503,
    0.4361058184383547,
    0.46710536016838894,
    0.015138088161311028,
    0.26415042241793063,
    0.005590026195116027,
    0.4187513372230864,
    0.4215202202587129,
    0.0637996362753205,
    0.08956908166746659,
    0.31947676267687486,
    0.05611103722250814,
    0.02190226850861316,
    0.36527679795065143,
    0.32359107284323985,
    0.25836234264136976,
    0.05368538682611185,
    0.021254907970138723,
    0.42528121440095296,
    0.19661617505045306,
    0.2855285717590049,
    0.05070648748359191,
    0.012259805820751389,
    0.4651064285012115,
    0.45327294385686945,
    0.33169218714762366,
    0.025126204946424337,
    0.2602194925202246,
    0.43701867197122585,
    0.10642741697651692,
    0.03560222745225029,
    0.3993177270966212,
    0.050932514326357606,
    0.43525548912006384,
    0.12458900267733747,
    0.4416323807486136,
    0.1227259979298341,
    0.446290470876004,
    0.37817442304244997,
    0.4192174859627717,
    0.05661643526683745,
    0.11374144900047996,
    0.2047821988862739,
    0.0312029803449891,
    0.0854924305945077,
    0.06542100119699537,
    0.44663616111442006,
    0.15732075428055953,
    0.4338729450133867,
    0.4420586657838585,
    0.45466127054986616,
    0.26997319771240885,
    0.06267008032012397,
    0.13441152064672446,
    0.3460052448057918,
    0.2463416467649321,
    0.11425407527770871,
    0.04904833085645886,
    0.37595896965876957,
    0.09559222357791745,
    0.09604536149838376,
    0.3417629949171066,
    0.4209564542337206,
    0.06463919552659123,
    0.3743741073132369,
    0.1521379667269983,
    0.25958413084836324,
    0.1779335783222404,
    0.4418190137220773,
    0.4380260707904217,
    0.44191572747827196,
    0.14450336257394483,
    0.4331119566537329,
    0.3492216638813876,
    0.12695046636558668,
    0.06541868816246754,
    0.2653046266473143,
    0.43894669467365977,
    0.4160988648783055,
    0.01729246297699109,
    0.3179226926034938,
    0.30156180428258345,
    0.43325348545390413,
    0.4460280860217541,
    0.4009119861449232,
    0.3215570481053356,
    0.4234197998646875,
    0.46338354304846385,
    0.018920911566907415,
    0.4281880844026299,
    0.3797063024408297,
    0.39833522953976397,
    0.13022037436463832,
    0.4153902812071727,
    0.32600342329110116,
    0.4351455115564988,
    0.0007621448769176502,
    0.44483246401785664,
    0.3028813181983774,
    0.025128590263281157,
    0.39178988394349257,
    0.08094811285295461,
    0.3256632626508532,
    0.08183696865259957,
    0.16743493144743918,
    0.3581321957058514,
    0.3704956543863809,
    0.13045876148566207,
    0.0313923600469546,
    0.03833580057016301,
    0.07794521577720852,
    0.45588360087432706,
    0.4340937675284648,
    0.048442894068801215,
    0.04075292165173796,
    0.021800711836375938,
    0.12782349233518184,
    0.03258140435891357,
    0.4387784575529251,
    0.2871104705290488,
    0.1341351853029786,
    0.3727511521803242,
    0.16388370062394106,
    0.0019504663655866724,
    0.3839879461988169,
    0.3546434168146045,
    0.3020533964020748,
    0.20379742443605328,
    0.06419653854382912,
    0.0979400981883157,
    0.2941799714340236,
    0.07420142482926914,
    0.20358455297716457,
