{
  "config": {
    "mf": 0.8,
    "mf1": 0.25,
    "mf2": 0.08,
    "T_coh": 40,
    "tStack": 3456000.0,
    "nStacks": 3,
    "gamma1": 5,
    "gamma2": 23,
    "gamma1_upper": 6.4031242374328485,
    "gamma2_upper": 23.685438564654024
  },
  "mismatch_list": [
    0.6298265016575679,
    0.043089732979954394,
    0.6271232619802741,
    0.23644393947817616,
    0.11605142094264101,
    0.4206208246094428,
    0.19334483074395026,
    0.033611153824433346,
    0.5685542820632544,
    0.12707440888401678,
    0.3810729678533307,
    0.32948411362625796,
    0.35346180330190874,
    0.07435768842763844,
    0.15764473419478825,
    0.5007531449533101,
    0.087510452970899,
    0.08360310737824973,
    0.419820431271107,
    0.09623878673691806,
    0.11617312070038889,
    0.41265939053327644,
    0.09213701760832287,
    0.08903117564069939,
    0.16042569394038533,
    0.3759375218163022,
    0.13620627017927386,
    0.14187058277632786,
    0.25106666191646443,
    0.16405016315744833,
    0.06112183743040607,
    0.07553292688905269,
    0.17522778936171002,
    0.06494375263051566,
    0.3233128317900099,
    0.4745029759948066,
    0.16305978742992683,
    0.5575661447874274,
    0.08952266254882665,
    0.07091290060658133,
    0.2922777898168601,
    0.22143594755844173,
    0.3285997702776359,
    0.32061465008541523,
    0.1955370918134471,
    0.08645271985084801,
    0.5805457792526172,
    0.2606446117307446,
    0.07236799299648118,
    0.4844181753911885,
    0.034224833951059616,
    0.5339802012655813,
    0.10096527717644611,
    0.0142253014858455,
    0.16556965217537087,
    0.5787669457686779,
    0.17394540823470628,
    0.2518724833230626,
    0.6825497913101957,
    0.3038508014479661,
    0.3395828495807639,
    0.005256343921055802,
    0.2840430401671606,
    0.20767548610016237,
    0.16533180409332535,
    0.5078542918924721,
    0.10450740013066398,
    0.08472116607512657,
    0.19255387484247988,
    0.07308536156343902,
    0.148240174151937,
    0.19055961489937465,
    0.06532001645325365,
    0.14979284840537316,
    0.03977299822381598,
    0.6295493926045105,
    0.23013627742683407,
    0.22475903562175098,
    0.04583707571188062,
    0.034336232715627614,
    0.3729243271047037,
    0.13075389897483095,
    0.08107535468057714,
    0.1620797743781791,
    0.11335866730630874,
    0.16964835201385067,
    0.08210742784156928,
    0.08299837122773772,
    0.08620228851964863,
    0.37024446513049475,
    0.08610470665611232,
    0.039226243711561956,
    0.19799125717660715,
    0.3446917721024191,
    0.10038552247646015,
    0.21436897277629563,
    0.10191210499268023,
    0.3785142504935246,
    0.07004292930233598,
    0.5669395859616604,
    0.23567574445385173,
    0.12379819959206506,
    0.4598441692390919,
    0.40322812192727014,
    0.03304244030875396,
    0.09653905760398175,
    0.1568068995219604,
    0.26102087555348263,
    0.3767289094959298,
    0.3503895166653623,
    0.3822167481918603,
    0.4555822104141605,
    0.6018507312936535,
    0.0451470942166106,
    0.09934721937348498,
    0.15209774189131584,
    0.6216223157331416,
    0.33648502635034633,
    0.18937099131508597,
    0.09383402913146507,
    0.24100376354900943,
    0.38951854860895124,
    0.0321899251785799,
    0.12433126056847517,
    0.3339202024137449,
    0.1422682504591462,
    0.09280775413429874,
    0.29163505718851096,
    0.37987540029292777,
    0.019243612277074107,
    0.07852243548459684,
    0.1759266531505004,
    0.15984482895370933,
    0.44305755972449684,
    0.1433531856031033,
    0.7148653947738295,
    0.035682208596933454,
    0.49581551499489157,
    0.1634614027987542,
    0.06193339531823619,
    0.16863268642283366,
    0.12353549342468127,
    0.06884647202862308,
    0.3295931067696642,
    0.040222540968097034,
    0.04871253319131944,
    0.23079535594256448,
    0.04944624764565852,
    0.09548496375697037,
    0.02138665063664557,
    0.23030701484672567,
    0.2450196705069077,
    0.0551013078536288,
    0.02955706534091625,
    0.6074364294247928,
    0.5516224717226389,
    0.1257091263508229,
    0.21695594076410402,
    0.07999523077894355,
    0.1142357937914455,
    0.15325928681688616,
    0.06220942492590053,
    0.31225314270526877,
    0.04952995092556925,
    0.04375824893255018,
    0.25558139601116303,
    0.532126330906173,
    0.21150918267570523,
    0.012488257959267716,
    0.3074011281871716,
    0.18369131975215297,
    0.6507814049782701,
    0.33940279808919466,
    0.1277093695055356,
    0.5526669739263002,
    0.027701221138503488,
    0.5767307416617264,
    0.48140883584170824,
    0.34357254143625826,
    0.19936486685997637,
    0.12359921154417117,
    0.10149679608800893,
    0.12492261159611273,
    0.04506629001861277,
    0.05661925480670407,
    0.08341713435766694,
    0.21664117448747583,
    0.07165623754556748,
    0.1135839321392004,
    0.01315405987773228,
    0.3906351269235747,
    0.05169056882439978,
    0.10602941813493608,
    0.09763774796637668,
    0.08183368048987892,
    0.15211421114388488,
    0.5104133176652477,
    0.02110247892658755,
    0.5089555112412166,
    0.18327903329458237,
    0.08487635948135752,
    0.11431413068568766,
    0.018384188696384206,
    0.26405609095110033,
    0.24412885048592703,
    0.07093806710488905,
    0.06921860311757033,
    0.01194970723200126,
    0.11429988200649874,
    0.3446960282013976,
    0.04403902809994417,
    0.15538351198532074,
    0.03156181132498303,
    0.0976991838298926,
    0.3222730483047814,
    0.08969716260694563,
    0.09496954400241321,
    0.3360139563807971,
    0.0082954453220887,
    0.399393438430225,
    0.12095222639250636,
    0.16819313625876303,
    0.12959414284448348,
    0.1094481142187771,
    0.35788771446140366,
    0.09714095635517475,
    0.34533943933827954,
    0.6485279856169298,
    0.12506152079755634,
    0.1918361978625526,
    0.1687828218563655,
    0.6220451190729708,
    0.21613765947353974,
    0.04753815828621968,
    0.4046282551260127,
    0.14106365108303962,
    0.014728693134593815,
    0.009362739244192864,
    0.036963541119841035,
    0.2207843326365722,
    0.5014661340561017,
    0.13694010799880071,
    0.6885915396992717,
    0.01439190617194637,
    0.5157752621870457,
    0.17492887551171193,
    0.31573401484375235,
    0.035494200050752246,
    0.17039434130437414,
    0.1112240794621004,
    0.4346660129211252,
    0.043377729010833685,
    0.10038509069830291,
    0.12120185584998516,
    0.03310874909718729,
    0.35013606288706217,
    0.04515881390944998,
    0.451093568056678,
    0.30879589500024557,
    0.034303232527895675,
    0.05156516811101841,
    0.17673099417484522,
    0.21389185791254509,
    0.2996985759575677,
    0.20449981943625375,
    0.402291533421622,
    0.27558358082791445,
    0.5409599568599649,
    0.08748867901525531,
    0.17472914727269134,
    0.11889252121728228,
    0.06100167973750548,
    0.07844409859035467,
    0.012531990918336771,
    0.08547659280251545,
    0.07374918963889907,
    0.09526537372271672,
    0.3157294503318044,
    0.390536064677785,
    0.14791399659543886,
    0.0063505931366905416,
    0.12824286226010295,
    0.03631784772698509,
    0.38914469040737504,
    0.16145307922424174,
    0.17202572254761583,
    0.23483069291753855,
    0.07747938282189203,
    0.1699672510242696,
    0.6294872165498678,
    0.07542479730196093,
    0.06372558308375295,
    0.047449335351015955,
    0.04970161358436922,
    0.7207170682498288,
    0.054974981901339065,
    0.6162850442489002,
    0.4500249788001021,
    0.1679045850845387,
    0.3853773643028594,
    0.1042649258540766,
    0.23457359986619888,
    0.5813709381524004,
    0.1554068896884056,
    0.4450267148518882,
    0.31117172346916344,
    0.18939911857790048,
    0.19826118020747624,
    0.11459046870632146,
    0.5492690031940066,
    0.07308474473750011,
    0.03920261927810152,
