{
  "config": {
    "mf": 1.4,
    "mf1": 0.45,
    "mf2": 0.001,
    "T_coh": 60,
    "tStack": 5184000.0,
    "nStacks": 2,
    "gamma1": 3,
    "gamma2": 5,
    "gamma1_upper": 4.0,
    "gamma2_upper": 6.000000000000001
  },
  "mismatch_list": [
    0.2359796857742594,
    0.23092671728357225,
    0.1476461982386242,
    0.10814766412425622,
    0.4775275684802785,
    0.32987146756258207,
    0.2230266201361221,
    0.44079274921501393,
    0.12337480411488842,
    0.4672404197001151,
    0.187591437146178,
    0.35360168388913626,
    0.16958655953461746,
    0.4334148196122198,
    0.4790784942723483,
    0.07928446276881798,
    0.46759203708950864,
    0.039901580380841135,
    0.20519319620893642,
    0.4551321176409361,
    0.050230002370860394,
    0.023836109938531108,
    0.020597283340947074,
    0.14044846848201326,
    0.19963916661365963,
    0.08484499777370427,
    0.09620402121052662,
    0.2669260638513181,
    0.17511276043323137,
    0.13004227070599597,
    0.4445940046145039,
    0.06757617111829436,
    0.4842738589511545,
    0.2685829193965293,
    0.20250884735706892,
    0.03709037604158836,
    0.24397252114980947,
    0.501724439522821,
    0.13049273418028948,
    0.24282699079990516,
    0.28990396569769794,
    0.13179309327889993,
    0.04684834589118329,
    0.12093021574829559,
    0.024623987324570787,
    0.12916910017174282,
    0.4905845038251809,
    0.06616782222016619,
    0.2369997340010293,
    0.20855446907183706,
    0.3750211787223954,
    0.4464570093620073,
    0.07731513071536375,
    0.4451177985115623,
    0.07069443079111563,
    0.044722667160114034,
    0.25651654108816707,
    0.24763405480735315,
    0.3302348308304372,
    0.48498634586805295,
    0.46129393319956286,
    0.16882072825892108,
    0.1229153776317996,
    0.24281463052164712,
    0.20559277292361783,
    0.4820783193491121,
    0.47739221981923635,
    0.08389058190166133,
    0.48776115605465703,
    0.1877770581670358,
    0.13910025848160848,
    0.492065460322784,
    0.3328265137365338,
    0.4950481544875761,
    0.1660816616840048,
    0.431622290135486,
    0.45316929099709136,
    0.2526319441633465,
    0.15359792520802854,
    0.16695353113633604,
    0.11100324981351159,
    0.0941313977089393,
    0.037945475993592895,
    0.37482717295137424,
    0.2811100252699022,
    0.4458023483083044,
    0.1149177716225359,
    0.1464040986971833,
    0.3832669299670971,
    0.04371064227186251,
    0.22716174761323749,
    0.0037166850745664506,
    0.09448608709731514,
    0.0777613295322466,
    0.1139994969149902,
    0.47300829656572196,
    0.14035833241775716,
    0.11062405671560663,
    0.18001856210208578,
    0.15921578009980744,
    0.4805499095025241,
    0.0802808023916777,
    0.28371442986590184,
    0.18788490340189554,
    0.4337917358167614,
    0.4755251311201448,
    0.1565083009026617,
    0.3247973926318285,
    0.5009688000555128,
    0.12301389844621906,
    0.31408999439089125,
    0.07410492792006153,
    0.06758296565721984,
    0.08905537115530292,
    0.15281438476172854,
    0.06940852815830409,
    0.18913596595213175,
    0.5010381910913475,
    0.06176308165590142,
    0.26374072617719,
    0.030743842991216252,
    0.4400222557290974,
    0.4672596467996276,
    0.10357573453302724,
    0.4405680595953346,
    0.4968899082303551,
    0.4537600544719631,
    0.43828820265652013,
    0.387186800668467,
    0.10633467874841701,
    0.14351699791248634,
    0.10301966657607281,
    0.045016422545147546,
    0.15297051459235658,
    0.02597104080771166,
    0.17032694743050777,
    0.24709931013745207,
    0.4346471610392464,
    0.3311269393348869,
    0.43433540735429327,
    0.03357803311108926,
    0.4557081716618575,
    0.1825702728802484,
    0.049229398090589994,
    0.09772982889327081,
    0.11420253797713566,
    0.45800042502009447,
    0.44556208184672674,
    0.18571802374329943,
    0.4576091246320829,
    0.47895167492612745,
    0.047041628838914495,
    0.16622441928376885,
    0.1609140534195324,
    0.11212420417155777,
    0.4827952877704082,
    0.3272499320546107,
    0.4811230722302857,
    0.4889325996195058,
    0.14268401635315411,
    0.1384820277217188,
    0.1801907386097506,
    0.04611988457957706,
    0.37996854273042163,
    0.20154785379308748,
    0.12854212325004483,
    0.1798054015138811,
    0.445167420330417,
    0.08636668536369577,
    0.28538458535964795,
    0.21958706551092042,
    0.518272394511169,
    0.5056706932742738,
    0.4974218338894254,
    0.4621329141922016,
    0.05843346845310033,
    0.2407432358196527,
    0.4544047767054293,
    0.06638886158223127,
    0.05590308096199106,
    0.17380170354992974,
    0.45650349412778357,
    0.03690909196047024,
    0.46310803895150143,
    0.3694834126511424,
    0.21017250900637818,
    0.18114146808301482,
    0.2102129871106151,
    0.25797874032139617,
    0.166052604187749,
    0.4911649309270064,
    0.1734168001480342,
    0.16245207681587667,
    0.4886645767435943,
    0.2456830824654635,
    0.09909126655988157,
    0.44854542655247986,
    0.1652076237618037,
    0.2756425176224318,
    0.46592162860761105,
    0.46586550137914684,
    0.06633305962424754,
    0.3533461658561408,
    0.33515617320002544,
    0.10713339848380586,
    0.06374643648118057,
    0.054924233662748,
    0.4979117635153499,
    0.25141377007280274,
    0.18722077336309437,
    0.05965236536693402,
    0.4235176339969815,
    0.45691684062613847,
    0.17289542770899713,
    0.08586634708239607,
    0.03220062104977072,
    0.10142034776474126,
    0.07669632169684212,
    0.2366470685178653,
    0.13910560737395408,
    0.07248240648112275,
    0.16131334100489786,
    0.12628713143240447,
    0.22775496868729508,
    0.1568470158963298,
    0.15968163971017676,
    0.02890570336488698,
    0.20501812840811182,
    0.3032615955312173,
    0.051435527053830095,
    0.0317907802443721,
    0.04760347938218848,
    0.14500998941786702,
    0.12315680061064112,
    0.29420230667368286,
    0.15458277194057815,
    0.2231166116357202,
    0.44547241561760914,
    0.09216929388838452,
    0.21075286382587477,
    0.435606347545003,
    0.4817425679309328,
    0.225731497169424,
    0.05849447473877166,
    0.12002545783627185,
    0.12390875367917055,
    0.08590306650552526,
    0.20474099795874703,
    0.024610542811377818,
    0.05561337338738124,
    0.018097904968976425,
    0.44543725026455333,
    0.3487447450746821,
    0.21007124146345696,
    0.4336218362024599,
    0.11106476207548588,
    0.14538368905876842,
    0.4186235782065887,
    0.38978361561992214,
    0.4430619806514662,
    0.1729427003521595,
    0.481112410586759,
    0.14340973093625856,
    0.07778099032573309,
    0.17611090711431596,
    0.22069414166179965,
    0.20360963494532563,
    0.25508217055160093,
    0.17750472726431624,
    0.4342074676319731,
    0.03248852156615568,
    0.1278655606506566,
    0.11745676071079551,
    0.20820650194005771,
    0.285906536057317,
    0.43311477566456374,
    0.07610129356455969,
    0.21565931603569014,
    0.19310520548420487,
    0.16392345590488802,
    0.17067823954942088,
    0.495663277107319,
    0.14399116999069003,
    0.4909186650321223,
    0.03930134792087109,
    0.1663324813656156,
    0.2646956480255359,
    0.08598105913851029,
    0.46284008835791896,
    0.41747479515187963,
    0.07738726847970023,
    0.22824359723129767,
    0.20774440101079608,
    0.05797295773507659,
    0.16688385097118538,
    0.49306863062573364,
    0.08388147432820803,
    0.004289522531847594,
    0.12403806676574164,
    0.2366143246228308,
    0.15678832264518627,
    0.23471900967426693,
    0.49628078504391876,
    0.491823784355791,
    0.4899912104687943,
    0.25250754627514704,
    0.10737655623854325,
    0.46217790994200064,
    0.009774233373618685,
    0.10195342994107545,
    0.22438003446421448,
    0.17228363007638797,
    0.12134930869180549,
    0.14670826273759202,
