{
  "config": {
    "mf": 1.0,
    "mf1": 0.1,
    "mf2": 0.07,
    "T_coh": 60,
    "tStack": 5184000.0,
    "nStacks": 2,
    "gamma1": 3,
    "gamma2": 5,
    "gamma1_upper": 4.0,
    "gamma2_upper": 6.000000000000001
  },
  "mismatch_list": [
    0.3213537179138742,
    0.13660998768309113,
    0.33038055200569005,
    0.07759746549241614,
    0.0904349516864913,
    0.1561496359861912,
    0.159913955115565,
    0.12415682663227956,
    0.035389283711032594,
    0.10160835410245586,
    0.10428590841539787,
    0.07928605298005587,
    0.06685537173356156,
    0.13639581514228052,
    0.11376183261725639,
    0.18209790786026958,
    0.12042134815217455,
    0.3037292621998115,
    0.08666072987804525,
    0.0785463879074555,
    0.1490345972139499,
    0.20754222733659858,
    0.10750695356004927,
    0.1540712298982843,
    0.12377076671312011,
    0.17794131253144282,
    0.42882893953149487,
    0.20992472518258518,
    0.16561197111019874,
    0.11445711633985416,
    0.060669450018215144,
    0.23687136058473512,
    0.14177846333551145,
    0.3343489964321442,
    0.1546016376284457,
    0.022164653362863076,
    0.10657964356137926,
    0.2342491022534739,
    0.0650588667287331,
    0.08881936935113599,
    0.16799743253167412,
    0.10508144772831096,
    0.43989630377082456,
    0.014480897226093343,
    0.22404037980026947,
    0.2754885562616736,
    0.13931320222282617,
    0.24521230765672256,
    0.3586035487732243,
    0.11328534750452487,
    0.22820687780816848,
    0.21897396679638936,
    0.1144787287562235,
    0.16354585301822092,
    0.3838086137405816,
    0.43971082731462474,
    0.02588965090526389,
    0.41586141742755867,
    0.1570495509821723,
    0.12704718012178126,
    0.014115293206039332,
    0.12961999734001028,
    0.15708019868966594,
    0.07312795996137232,
    0.26703188518096604,
    0.4710087866399126,
    0.33221637859749154,
    0.04732352992199291,
    0.47242678522896153,
    0.03937420850849751,
    0.22139831611086375,
    0.30184486188292575,
    0.24717332724234242,
    0.0894997629139609,
    0.05289158228909462,
    0.4636856831836607,
    0.05939410060543679,
    0.19307188333053843,
    0.06788322645186286,
    0.044266348817171966,
    0.19380771743970207,
    0.04476198874708702,
    0.1583948696894173,
    0.09791487165549664,
    0.2540035013560165,
    0.12374416681605015,
    0.06821384582468355,
    0.22279943677609249,
    0.08460227371294085,
    0.47850919864918784,
    0.30532713536456313,
    0.10571261702509065,
    0.1735382344607449,
    0.13040830842002393,
    0.15085611190461046,
    0.09118545910844084,
    0.23850884446577578,
    0.20584879693291622,
    0.10132117640936085,
    0.05104433508931205,
    0.01751487570330706,
    0.07527611849675886,
    0.4696644076029445,
    0.1799935524162537,
    0.17168050632325815,
    0.04122745514158663,
    0.013219426020481921,
    0.12188795660747226,
    0.10817238468077232,
    0.11994609183903593,
    0.14448442460374827,
    0.12348257706741918,
    0.12801373942509528,
    0.47834269630434906,
    0.029771067407608726,
    0.2950706342918934,
    0.13442214614908665,
    0.2648952195358896,
    0.15460973324929309,
    0.18733310010235177,
    0.08583866295039119,
    0.11738310501755014,
    0.45153628862044837,
    0.08209104103901511,
    0.1119488472414172,
    0.4206321957058514,
    0.07240896763486437,
    0.05985844228689724,
    0.052736753540388474,
    0.11729831784563964,
    0.1584796568613278,
    0.0829662354784801,
    0.10844170863860571,
    0.0920989631822729,
    0.18942104745768593,
    0.08312207617979217,
    0.08092845205946812,
    0.09576974897792787,
    0.04599714918494446,
    0.09747344347232743,
    0.19390486488987063,
    0.15626138446681662,
    0.04303386282548733,
    0.11879600770240498,
    0.10502897075746098,
    0.07636310016017764,
    0.14965702034892125,
    0.04956688428466516,
    0.2618876963910879,
    0.144827548819485,
    0.09417830894045671,
    0.18586916609322685,
    0.23045933974429403,
    0.04755830292656694,
    0.13755818727484054,
    0.23372845263772676,
    0.07100119699536815,
    0.03359610369333788,
    0.21291605708569214,
    0.44358324466700977,
    0.40707224763347655,
    0.08713808237872471,
    0.1777717381876218,
    0.19171839672011703,
    0.317176016144981,
    0.12019792347325264,
    0.2500471280785044,
    0.39473799101386087,
    0.0780485795076706,
    0.2777929891923462,
    0.309874922657908,
    0.12466836867457338,
    0.1828058409904414,
    0.14881991869683633,
    0.18736837387890107,
    0.1259288279275789,
    0.14093586822642296,
    0.2303486754986035,
    0.38869085137018383,
    0.36866430929897703,
    0.4346644726570406,
    0.1280461219084848,
    0.23580158211561703,
    0.04675235495827864,
    0.15296458744137903,
    0.030841640982345764,
    0.07968548513007928,
    0.035898874130443584,
    0.20758776520386507,
    0.11101741714999451,
    0.022062879843638868,
    0.054091252103415775,
    0.2556543574679211,
    0.2721197660365575,
    0.11096031411008887,
    0.3023049389069755,
    0.1520052563709645,
    0.020482788131819838,
    0.24773604517356432,
    0.45455609976117917,
    0.08398288643578727,
    0.44284021846611116,
    0.3892309449324305,
    0.020064418011599867,
    0.0020824538983305672,
    0.46230603037014334,
    0.09978662256480833,
    0.02378984924797465,
    0.4596432939346452,
    0.18705278923051125,
    0.02405996831142697,
    0.1572672653571036,
    0.04339368425922178,
    0.06897353310241539,
    0.0665503403052049,
    0.11633334875356352,
    0.17918774901262338,
    0.24900647938797107,
    0.10467977482608871,
    0.14282250929550752,
    0.1512354495671734,
    0.13348081337859172,
    0.19121126389989188,
    0.2310397668461196,
    0.1439052985838446,
    0.437290670375232,
    0.10054168377348453,
    0.14309118271237994,
    0.08652136954774392,
    0.1458437660828182,
    0.15247465781545455,
    0.19630969797551653,
    0.30381332654843207,
    0.0537917864143917,
    0.13377970080898383,
    0.11428233766834554,
    0.4610344757796372,
    0.06847203830385178,
    0.32519675249952296,
    0.07720750232749099,
    0.05615064793879711,
    0.09056079522127067,
    0.16260155667223722,
    0.4447301122400005,
    0.0901372207733631,
    0.11563155962135625,
    0.022699253468106147,
    0.3894381060873286,
    0.0250326716127055,
    0.12286391261355555,
    0.1022049001636472,
    0.081439488125459,
    0.09765133028398282,
    0.06420622437591438,
    0.04916571735874587,
    0.4182744906987099,
    0.01955106891108117,
    0.09825510457807358,
    0.06711276910711085,
    0.049399333846055986,
    0.15445996426361655,
    0.43382527481741484,
    0.07422469973920535,
    0.1555980495336344,
    0.1209521895763099,
    0.43350491953531134,
    0.2333541747381934,
    0.08100463763422829,
    0.0734677591899753,
    0.11636558667229505,
    0.08187491687532165,
    0.08669426887869869,
    0.20636431450330475,
    0.4568658454430328,
    0.08283446479272319,
    0.2758668819716306,
    0.46349106301284315,
    0.18418650575656467,
    0.08424158489125846,
    0.03665697119693754,
    0.0698300787009998,
    0.13856030948401982,
    0.36570225173911286,
    0.4371356247795389,
    0.19551791734371116,
    0.3991816194711247,
    0.39095834803074025,
    0.4419855160669161,
    0.23030870337066955,
    0.427220296299723,
    0.04248625190102525,
    0.45689338501037974,
    0.09139045179346915,
    0.4573625696078828,
    0.1798953930134792,
    0.014216054772657619,
    0.06565100356785576,
    0.4502204611034331,
    0.19483325912347557,
    0.11693213556695367,
    0.2582491485141645,
    0.0362682368316053,
    0.2597335384223948,
    0.05464175432103763,
    0.1879482227220947,
    0.026576333030711316,
    0.07195619112604304,
    0.14857791745936288,
    0.0643966160304858,
    0.015889535253537496,
    0.008324466700976679,
    0.16336543632505074,
