{
  "config": {
    "mf": 0.005,
    "mf1": 0.55,
    "mf2": 0.01,
    "T_coh": 10,
    "tStack": 864000.0,
    "nStacks": 12,
    "gamma1": 7,
    "gamma2": 45,
    "gamma1_upper": 26.758176320519304,
    "gamma2_upper": 100.0
  },
  "mismatch_list": [
    0.40097112758160414,
    0.386318017177101,
    0.23627399181597758,
    0.446150927893712,
    0.20669980233312188,
    0.425006719546252,
    0.39496587533054256,
    0.19410852736712078,
    0.42924119923760934,
    0.09250990963660455,
    0.3774489208771938,
    0.3179530446022826,
    0.4567495416125588,
    0.4034840047693328,
    0.46030718762133266,
    0.37875141235158316,
    0.36457514848869027,
    0.26994702319493036,
    0.1426184252939876,
    0.41859097593399525,
    0.0053616503704343,
    0.37129642951664915,
    0.4084219361118878,
    0.28915283625568994,
    0.03369422817269651,
    0.3353847781866669,
    0.4046373055112856,
    0.2900241274808787,
    0.4617699832366431,
    0.37730797033056046,
    0.3226022441712341,
    0.30873932421585687,
    0.27743399096160043,
    0.1226336436160841,
    0.19723806319637024,
    0.4538172281250986,
    0.2875753827918682,
    0.3699282876145779,
    0.4155865608207572,
    0.1255889428849953,
    0.4365643390996925,
    0.38838738804867307,
    0.32705893782053375,
    0.2946746281317992,
    0.3221146094916315,
    0.34757282616579926,
    0.39880097706918927,
    0.41623666811122906,
    0.316809068281107,
    0.3028343094881511,
    0.4069969260854249,
    0.4060413898027484,
    0.3995069224608274,
    0.478373198665567,
    0.27213956315956045,
    0.3598851816847125,
    0.400287246371689,
    0.05025309839117962,
    0.3320173612040993,
    0.3980053654451928,
    0.2444696697734697,
    0.035448195090302136,
    0.48404141647492877,
    0.4199507150150172,
    0.3358450901449221,
    0.38112697117984173,
    0.35290861753210123,
    0.4359119007040263,
    0.4062416480024651,
    0.09287941691577868,
    0.02136040480129605,
    0.42331650564512363,
    0.40163229406881185,
    0.333571286768983,
    0.32759839893189846,
    0.2508942499007654,
    0.2221904842551192,
    0.4408999237023849,
    0.39539311812208766,
    0.13904283519639235,
    0.42113578384171124,
    0.024482459409224215,
    0.3667024717196281,
    0.1685782632789239,
    0.42345561299230094,
    0.33567519052448025,
    0.4341561447987134,
    0.1274739938109699,
    0.39877213641887815,
    0.4625509576884891,
    0.01868581396717999,
    0.3037797623855685,
    0.4294585883499169,
    0.2979170870336014,
    0.45039597887606686,
    0.10237785740640369,
    0.4399724691055376,
    0.35813446747202915,
    0.06343728725276868,
    0.2977505485415793,
    0.0709495176943353,
    0.41256864698209156,
    0.34504596234690466,
    0.41749633230414135,
    0.35394536301433804,
    0.36614316910823735,
    0.2831298025510531,
    0.3235366378719156,
    0.39520034114369224,
    0.4056662445017089,
    0.4623285810953007,
    0.2360829496135407,
    0.18418262723795586,
    0.4152727290075032,
    0.3027729417886169,
    0.42823665553410334,
    0.1798546864918309,
    0.3033074154191007,
    0.3030596677275183,
    0.2679437906567786,
    0.3552154900747504,
    0.17267434037583704,
    0.22705018804429272,
    0.17077150799628715,
    0.1434231444917665,
    0.45098845907766516,
    0.40160036334882454,
    0.4531932508975026,
    0.3182274102624792,
    0.2574556062700441,
    0.2769761185320369,
    0.4563884913661827,
    0.19027190769951036,
    0.4021472514697618,
    0.1071663269577787,
    0.4203292214444764,
    0.3029238130852633,
    0.436000753760154,
    0.36914172935261524,
    0.12118272037374013,
    0.42319810718595163,
    0.32670151976132084,
    0.30272371752079263,
    0.44972125945168284,
    0.3182013886231007,
    0.42257022671244887,
    0.1479146962954835,
    0.4908869508309197,
    0.4113069769544772,
    0.2075313563465098,
    0.19051846273262127,
    0.27792764314530927,
    0.2569553402529932,
    0.2609555709781957,
    0.4054831714263317,
    0.4214488024787346,
    0.38867389714057965,
    0.4270817284396894,
    0.39658615607584136,
    0.28038305587941054,
    0.40233390252055357,
    0.4184939369038131,
    0.2191127748576318,
    0.40886739405099787,
    0.4334483019958706,
    0.2453729459303945,
    0.31062404987133924,
    0.05736123445789824,
    0.058169423207594245,
    0.33619903865221784,
    0.24874307350039732,
    0.43297015437229136,
    0.38283675552225266,
    0.44262076724153165,
    0.27970329476239697,
    0.2883310945688176,
    0.32486401253896063,
    0.39114692869301004,
    0.44509927418058126,
    0.41460771348613745,
    0.3175599552124217,
    0.43372207132683144,
    0.4206312350965126,
    0.4019925853507061,
    0.39415313279395536,
    0.27869419727199973,
    0.2973602239509024,
    0.3208902913588749,
    0.2892758969252506,
    0.3265233799550758,
    0.30774345439214373,
    0.2964487618199231,
    0.36075609342766035,
    0.017122238711026767,
    0.3947011593616155,
    0.3364945468944095,
    0.3116230639764773,
    0.09131676325935345,
    0.419661007429937,
    0.4285064674074088
  ],
  "statistics": {
    "mean_mismatch": 0.32033873750378533,
    "std_mismatch": 0.11677795167861127,
    "min_mismatch": 0.0053616503704343,
    "max_mismatch": 0.4908869508309197,
    "valid_samples": 200,
    "total_runs": 200
  },
  "perfect_2F": 1152890.625
}