{
  "config": {
    "mf": 0.01,
    "mf1": 0.15,
    "mf2": 0.008,
    "T_coh": 15,
    "tStack": 1296000.0,
    "nStacks": 8,
    "gamma1": 1,
    "gamma2": 53,
    "gamma1_upper": 17.776388834631177,
    "gamma2_upper": 100.0
  },
  "mismatch_list": [
    0.39727064252014216,
    0.5089279467030893,
    0.35421002399193674,
    0.6308291327686834,
    0.4876571850617378,
    0.43671215921070056,
    0.39316555072452875,
    0.37093983164587924,
    0.46852222044247166,
    0.4978675279631256,
    0.2135843282749225,
    0.6273014318831964,
    0.42751351534206,
    0.2641898803641408,
    0.44575376981040643,
    0.13215941598224978,
    0.27961607696849244,
    0.43267248288500004,
    0.5488259983195813,
    0.541482732339847,
    0.5385360003377029,
    0.4444487853973589,
    0.445644948827032,
    0.38974789962129863,
    0.453323568478215,
    0.48484681359438997,
    0.6540428422898797,
    0.5498622733299756,
    0.43895027181031276,
    0.14968505161822693,
    0.33425042689918816,
    0.5563407901668334,
    0.032665666665317394,
    0.421002905169687,
    0.661889409835364,
    0.626565598199535,
    0.6489625901576969,
    0.46542886382074916,
    0.2832540444830978,
    0.2624741879952421,
    0.007839230893333896,
    0.5709674723925032,
    0.4802885479991974,
    0.524016729590807,
    0.17591065562347522,
    0.3588338496216167,
    0.3799448312671201,
    0.27028631303087725,
    0.5802660826643367,
    0.40309782366707125,
    0.4944849337691859,
    0.37195286790093973,
    0.5144247977975298,
    0.46769574477066567,
    0.005459697998821509,
    0.4828380888331962,
    0.5715542599999653,
    0.6339889168123396,
    0.5350280325166206,
    0.4499186029163879,
    0.3427493059454783,
    0.6020474102413014,
    0.14378587731325004,
    0.40827862046074465,
    0.30264116586124923,
    0.4561154356800404,
    0.5338848520034626,
    0.4258705028129375,
    0.3687171513145835,
    0.4730833773291521,
    0.4684808749741952,
    0.46916589420995747,
    0.4208472814053527,
    0.4640342132304342,
    0.6605679089196921,
    0.5465851389930557,
    0.5820976073984679,
    0.6079304294550899,
    0.40285448534722385,
    0.5365547428456438,
    0.131621635765507,
    0.5433157750020094,
    0.5016884419466257,
    0.5787113990901684,
    0.10700554144926563,
    0.48093728152678694,
    0.4809384019022385,
    0.37207582007146117,
    0.5121242333017797,
    0.5118726548011919,
    0.12431613728083288,
    0.30776149852168266,
    0.3080441222646214,
    0.18045554899553642,
    0.11967134978786595,
    0.08945453473048248,
    0.4202820339194752,
    0.013658388706384144,
    0.4363829495336636,
    0.4303331028010254,
    0.4901182162350643,
    0.5858823079560824,
    0.6169430909987735,
    0.4147542098649709,
    0.4265754358188224,
    0.5663697045273577,
    0.45754546844993815,
    0.13729846975506713,
    0.41932653436502326,
    0.5364795331258158,
    0.6494122944074905,
    0.5017722893997737,
    0.10963820691354055,
    0.4843003956443272,
    0.3465174538593248,
    0.6675393186729435,
    0.4645590187766252,
    0.471546764326783,
    0.6399480492745461,
    0.6117805816237608,
    0.47755786775348386,
    0.25117357521492417,
    0.3230124105795825,
    0.5611107705812247,
    0.4356364903537842,
    0.5336803654129834,
    0.46942705011359886,
    0.4614169077521886,
    0.6468126619484644,
    0.5438764687037936,
    0.5827197410443692,
    0.5172368317574831,
    0.4959284833267894,
    0.42998817172652315,
    0.4102894414082671,
    0.21530985103487996,
    0.4786356689378725,
    0.18916050484262412,
    0.5164815179974221,
    0.4652816970840169,
    0.040071203835471636,
    0.4072203354938991,
    0.6306557275616987,
    0.4866348243916289,
    0.44930763688385855,
    0.13508316221706546,
    0.433347816294278,
    0.17544978376030962,
    0.5217881221119612,
    0.6502357703643779,
    0.5279248521538098,
    0.08671619256232613,
    0.1882418692546424,
    0.45347615638648703,
    0.31053063294418476,
    0.44801996407859457,
    0.4782924364971194,
    0.5895825466611077,
    0.06998457785120372,
    0.30267065703442547,
    0.5407233707717031,
    0.04268840089028648,
    0.3798361187071764,
    0.633713557439264,
    0.45770542915150425,
    0.3156255945218122,
    0.3692550038136135,
    0.5494028832536976,
    0.3491477340081222,
    0.5021976706599257,
    0.6258755192036689,
    0.16358479088156055,
    0.5630187338340664,
    0.6241155539338623,
    0.6556499666634091,
    0.3261511966188081,
    0.395913795566031,
    0.44673225513218695,
    0.37267778695923454,
    0.5988557497089915,
    0.24497840494387715,
    0.620889559315134,
    0.46157950675723736,
    0.5527006180424684,
    0.4094955650479868,
    0.38026713798572975,
    0.5461421208548277,
    0.4633111012293193,
    0.4386873811317787,
    0.45160830980303945,
    0.1384891758720569,
    0.6042383225073742,
    0.5436757046511049,
    0.5450395268459306,
    0.4819335844323614,
    0.4891226722935054,
    0.31340949187865136,
    0.2872105600373786,
    0.3072237905872271,
    0.5283974698886448,
    0.4172469368212332,
    0.46738138910364757,
    0.5843102404918433,
    0.5579949341681841,
    0.31574146302818834,
    0.3820822184995238,
    0.44620788327971916,
    0.4840845968759017,
    0.4818721083471007,
    0.26809283474360895,
    0.47014311459171204,
    0.6587769706898217,
    0.6089342135773892,
    0.6046937009167129,
    0.3015229588783177,
    0.30511755702060506,
    0.5801233251471234,
    0.3849324536482605,
    0.4593826673436144,
    0.45869490138093866,
    0.5137331285913455,
    0.5457001146686205,
    0.47483846354457304,
    0.4059558653028252,
    0.3107197234074911,
    0.18526716400735313,
    0.499578666547931,
    0.36787629146762535,
    0.36618372943062955,
    0.4477238596890936,
    0.3703260104630056,
    0.2073695695040452,
    0.4217636039601441,
    0.4202866961269994,
    0.4069818400872939,
    0.6234982632012033,
    0.41386448719186786,
    0.342483017999446,
    0.5717161000409985,
    0.4752246678050645,
    0.23671032324060576,
    0.32510274204302125,
    0.6062124963352881,
    0.4526304174851431,
    0.3520071490073329,
    0.5982608664853634,
    0.5368864101204455,
    0.46797713971472205,
    0.009174140173280882,
    0.0324332068296931,
    0.5979020572117194,
    0.4570736096791187,
    0.041834096537909746,
    0.11151436596001575,
    0.5191632631347035,
    0.04610612427580377,
    0.488005260415733,
    0.3662534818377743,
    0.5152999194486192,
    0.3769338403116581,
    0.4175263440023917,
    0.5136200429530263,
    0.6273024799763608,
    0.5087298932361706,
    0.612993116991484,
    0.2835293677150297,
    0.06166488659487397,
    0.25945625794020927,
    0.3421309309785113,
    0.03291518512072009,
    0.6644613220372503,
    0.5845984661120398,
    0.48374938776902743,
    0.3490368529795626,
    0.14546701874886878,
    0.558205926164511,
    0.6538933986611007,
    0.48021319371479493,
    0.4064618051720579,
    0.6444840519252821,
    0.32743268928851677,
    0.5935986951023257,
    0.42621239803137745,
    0.6274942087431498,
    0.0424788545397035,
    0.5349105376587825,
    0.4402784226964069,
    0.2561677752841995,
    0.3140695014430436,
    0.08823910807127149,
    0.06519327416208927,
    0.2255444446436223,
    0.3968624644443429,
    0.4861137775243721,
    0.5452111972780226,
    0.3261629063493339,
    0.2933806483547684,
    0.6361706853690821,
    0.61823611269329,
    0.2652177344880766,
    0.6310630382500516,
    0.4496583505413365,
    0.49134903902144816,
    0.41636530976429614,
    0.368255556628546,
    0.2603182242150288,
    0.4528386988957001,
    0.27523750513927064,
    0.5378713285657865,
    0.0040884307284146295,
    0.45410302452219964,
    0.20709771582189876,
    0.6546196188005651,
    0.4851381473529359,
    0.176319773369008,
    0.577893055175672,
    0.4435465578885708,
    0.4859444562666141,
    0.1138498066593382,
