{
  "config": {
    "mf": 1.6,
    "mf1": 0.6,
    "mf2": 0.005,
    "T_coh": 20,
    "tStack": 1728000.0,
    "nStacks": 6,
    "gamma1": 13,
    "gamma2": 39,
    "gamma1_upper": 13.2664991614216,
    "gamma2_upper": 100.0
  },
  "mismatch_list": [
    0.24721397691642055,
    0.27810740930401545,
    0.43424640736030745,
    0.3898836865246832,
    0.04890333427191941,
    0.06630844988768952,
    0.4551209664697082,
    0.01827109408958578,
    0.4595833523526218,
    0.571870548198961,
    0.1720179445225154,
    0.33386657816417986,
    0.3245589630289969,
    0.3592928099066116,
    0.2269407345236571,
    0.20173910205611068,
    0.18830109378708423,
    0.2505485957910215,
    0.39652224042411804,
    0.30179501605372516,
    0.5330463977756703,
    0.2928918747756311,
    0.13006059897693756,
    0.2438168518955626,
    0.3498483101059482,
    0.37855863537318774,
    0.502791905058314,
    0.3684293869746299,
    0.17361908852052127,
    0.14715318386142262,
    0.32409642838904473,
    0.5332838452349987,
    0.20727737430382628,
    0.13721888091120843,
    0.15054586351888677,
    0.037463571060163875,
    0.07529881786945009,
    0.07122621445972625,
    0.40257725906049086,
    0.062112785808405055,
    0.15789578398483026,
    0.20803015864634564,
    0.3460090340626512,
    0.5179725499894666,
    0.4993283164335435,
    0.21771476228202405,
    0.427002741921826,
    0.4566312515768842,
    0.27017753155042457,
    0.023643695233258516,
    0.08280736191210476,
    0.31262495130429674,
    0.28810150781305144,
    0.4222173082283785,
    0.1477027825697952,
    0.25014054395851804,
    0.1231528837451818,
    0.48448676599054136,
    0.10895114036039753,
    0.38097593724794926,
    0.0757421615503606,
    0.3824796085217833,
    0.43582662562331315,
    0.26534260253040926,
    0.41263830907917765,
    0.29593711133564415,
    0.021899920124409458,
    0.0884339993102097,
    0.1273922424939226,
    0.21833749263939983,
    0.1613665285604298,
    0.22873639027601694,
    0.2133013838199398,
    0.006691030872181382,
    0.22859240387145613,
    0.33060357300961835,
    0.2407664110076739,
    0.3181061385806258,
    0.17970815213508093,
    0.08661866469306989,
    0.08433342263815403,
    0.04018868724407311,
    0.44732943709881273,
    0.46619127661403825,
    0.297695632040141,
    0.5317418462548301,
    0.3172691633923674,
    0.06732708864585882,
    0.405532937811643,
    0.200815767552165,
    0.14393137963587704,
    0.20421576579570433,
    0.5358665471550595,
    0.1448829042491494,
    0.27309878584114894,
    0.3229078900104336,
    0.42836638424875473,
    0.31472771661307114,
    0.24470776777378261,
    0.30669467390169436,
    0.29845096433484947,
    0.13137290277784253,
    0.4951496206316037,
    0.17644140636985878,
    0.38066915296202697,
    0.22980560859572813,
    0.5460631536513836,
    0.47734279595792867,
    0.32465258671901065,
    0.39893531378248054,
    0.20056818249582867,
    0.452991312133576,
    0.1909798589258506,
    0.29523279229646715,
    0.07896537528137253,
    0.42780540107315407,
    0.044631123203463303,
    0.4818998897658302,
    0.3195867698612602,
    0.40117295792203334,
    0.20583864870494095,
    0.21652112799903458,
    0.13864616783111697,
    0.041116575534910035,
    0.5513972102417269,
    0.5214230735827992,
    0.0054607494470672695,
    0.06981193835950694,
    0.08747521032261087,
    0.2572732379474001,
    0.44124660783535413,
    0.31210825912738815,
    0.18023080760434704,
    0.4340025087028831,
    0.0882202965968141,
    0.43630639959935347,
    0.189183227362014,
    0.23485120447121155,
    0.23719488679123152,
    0.07681306043428164,
    0.5060355566185877,
    0.2574722492768966,
    0.6203472360085711,
    0.03528751146714015,
    0.46262013187983686,
    0.1597061853328379,
    0.1425494679496347,
    0.059455542733874635,
    0.012323197868654257,
    0.023611818725019905,
    0.055188969687283866,
    0.5252267867189456,
    0.13843588045788977,
    0.2434861602284613,
    0.10362478183837028,
    0.5082366620395132,
    0.27728122225374935,
    0.3204463513487287,
    0.25613603809481267,
    0.10878877617302568,
    0.43793839008237256,
    0.29460989930384524,
    0.33370253341259815,
    0.12718954476551414,
    0.25399597510292915,
    0.04812116716160186,
    0.44043917805014,
    0.1341365093033324,
    0.5161501678449951,
    0.28449577598317616,
    0.39268361492180553,
    0.16029015428988952,
    0.1358942710433474,
    0.36281619409020377,
    0.0030915876051558844,
    0.2985591167735162,
    0.5122769010352601,
    0.14020312925392817,
    0.021869236274642358,
    0.08720718743701272,
    0.08141845691027945,
    0.053596120086829874,
    0.28425480476018183,
    0.2869089035532874,
    0.05381405131662448,
    0.5220958413842298,
    0.04844860612378082,
    0.12966577481111813,
    0.042044030131757316,
    0.4428094783387742,
    0.14494345877245302,
    0.1922599609480247,
    0.24655172619423874,
    0.1439880851250226,
    0.21575809763600995,
    0.18115734060146635,
    0.037208775841249785,
    0.3780509965583129,
    0.2910035711447342,
    0.10443812070419327,
    0.028992660054495818,
    0.13159674308824598,
    0.03077319072896695,
    0.2185585139388706,
    0.23217401147315764,
    0.30922278459080915,
    0.05274727252560502,
    0.07239773034924402,
    0.27753189737976186,
    0.09553503363784796,
    0.08498103618818546,
    0.09924447254299615,
    0.12457523739595816,
    0.07283478546730474,
    0.3610728526753444,
    0.5546915497870399,
    0.5502085634396183,
    0.28356702030435993,
    0.3429325715353841,
    0.0658523122340846,
    0.07956300559909783,
    0.34927426189890964,
    0.012581462639485475,
    0.437613824342875,
    0.5106027880234971,
    0.4843393100340634,
    0.32303019171551234,
    0.1581226059414125,
    0.13703727155304626,
    0.34638884157407934,
    0.0701119461768411,
    0.10841623303592407,
    0.08059964265783724,
    0.090830754932212,
    0.23768290095307507,
    0.025752749104882712,
    0.13271545673452495,
    0.4729110397130334,
    0.18989757557470147,
    0.2974664789783644,
    0.10185709934834225,
    0.3481609694275012,
    0.5406677564673803,
    0.1832744178118989,
    0.013950634564782119,
    0.16486692696257102,
    0.28253564178524493,
    0.2715857901465376,
    0.47499477669801227,
    0.22265735583496774,
    0.41050556467336935,
    0.4525151703446989,
    0.046776932640709576,
    0.4701180504197453,
    0.31907056559009,
    0.03798866605812172,
    0.10685173618004286,
    0.27867647003017315,
    0.10343379384768212,
    0.4522086029057714,
    0.20126800195986314,
    0.4524683856055664,
    0.060960027183939273,
    0.16503753133574606,
    0.1691887417810923,
    0.500242109669717,
    0.123079860519676,
    0.19164823557563607,
    0.31681687477292053,
    0.44569934402699835,
    0.14775623535401844,
    0.1309028869165691,
    0.46720227151564014,
    0.4202226411465221,
    0.12855085598724852,
    0.16041565448814188,
    0.2130517929289014,
    0.017544981927429336,
    0.5359432567794773,
    0.2905919413368162,
    0.1332625617024571,
    0.10346127920427561,
    0.10564015780823201,
    0.30079144816169584,
    0.16578771351432756,
    0.19356017552896843,
    0.1315977731114714,
    0.43994265264374977,
    0.13797621904061902,
    0.30887550412860415,
    0.13326977186503486,
    0.5087686961413053,
    0.2703640199659702,
    0.12989986114202687,
    0.2785734134958847,
    0.1435048415970651,
    0.5497941146207677,
    0.46120487996814086,
    0.40501521561150905,
    0.062428081338874064,
    0.024154478329558207,
    0.4262146115191509,
    0.09753869986998938,
    0.3231431147880651,
    0.38892034375019313,
    0.08927438983863656,
    0.14121764791919586,
    0.4662063474801783,
    0.06205759824822324,
    0.44520558341979205,
    0.0037575247262496433,
    0.4223910026712297,
    0.11932276948741599,
    0.37771488371634115,
