{
  "config": {
    "mf": 1.7,
    "mf1": 0.8,
    "mf2": 0.002,
    "T_coh": 60,
    "tStack": 5184000.0,
    "nStacks": 2,
    "gamma1": 1,
    "gamma2": 5,
    "gamma1_upper": 4.0,
    "gamma2_upper": 6.000000000000001
  },
  "mismatch_list": [
    0.46877938276673625,
    0.4773459229875154,
    0.4437122324831004,
    0.46596055264177455,
    0.4998671812204727,
    0.4624362108446624,
    0.3811114709164821,
    0.4217943148502599,
    0.36198773513441623,
    0.08717176594403613,
    0.14912299850231014,
    0.1958110944701127,
    0.47989781447150054,
    0.4539752751065442,
    0.30952644954982567,
    0.47016517957821813,
    0.4278066866936906,
    0.43319565959070855,
    0.1239877582647615,
    0.5504082144529963,
    0.4401083439829298,
    0.35364100547610927,
    0.4477731982906675,
    0.5075245904483239,
    0.4921132750834138,
    0.4766365442107637,
    0.4607640314457044,
    0.4705657682455055,
    0.42827381124481734,
    0.5056331064631967,
    0.4572763729305569,
    0.4316407582705441,
    0.43627597104080773,
    0.5006407828465359,
    0.15631855978905126,
    0.5087440656207896,
    0.512631264709454,
    0.13053754922426605,
    0.5048869359809869,
    0.4438086209688145,
    0.4380761624444149,
    0.4846730742541909,
    0.4522151642543644,
    0.17354083662458872,
    0.4584713805346579,
    0.43045778567422066,
    0.1399343965582046,
    0.14725630735602804,
    0.4973530211122226,
    0.4703895077862525,
    0.24407841476178635,
    0.4999200557441321,
    0.21305093591159582,
    0.44030090410737105,
    0.45644259626560574,
    0.4744524974990314,
    0.4520733101837128,
    0.47249436920657134,
    0.4391144258180914,
    0.20264481041790752,
    0.4606785575916684,
    0.47132928648667405,
    0.4391664690949674,
    0.08043512516408088,
    0.4679078385848855,
    0.46738722511030284,
    0.4416610045508954,
    0.46228470708309,
    0.14531928550363435,
    0.451286444750279,
    0.49788772964095923,
    0.48631699126251204,
    0.44741923172558157,
    0.4905337977713912,
    0.42477823781464497,
    0.49099611554763983,
    0.434273895092319,
    0.005602820167348048,
    0.47149922224214,
    0.48997245320442023,
    0.09335060399114108,
    0.23109137642902164,
    0.49584174217760635,
    0.48910221010449134,
    0.43849109915400764,
    0.21459004354287498,
    0.46473699351772074,
    0.1741665847466938,
    0.4986233830443004,
    0.07179680859061023,
    0.505636539873824,
    0.43537952559661836,
    0.4961442798656127,
    0.40104679268849786,
    0.25718544176068187,
    0.4550298381454089,
    0.2752688902638594,
    0.48306088918829837,
    0.48457252953455965,
    0.48226433792277934,
    0.49173267248009345,
    0.13888427888257301,
    0.36404994998062834,
    0.16243241602239017,
    0.3117127731549213,
    0.2850211498094638,
    0.3525799008864705,
    0.43298105335592396,
    0.49953544147155254,
    0.49121169759386585,
    0.46368416525475187,
    0.44139193358121354,
    0.01268012756385421,
    0.17405649875963525,
    0.15431583329960158,
    0.4536924704943533,
    0.22536502576142206,
    0.4556712715329058,
    0.08230123805173102,
    0.20875975088618134,
    0.0723784644920287,
    0.22258172240116114,
    0.48612811753684954,
    0.4388835199181186,
    0.4616694760398536,
    0.4624830497938508,
    0.05783533218067113,
    0.28360203084431546,
    0.3400610351986029,
    0.2543975123313653,
    0.436996662002047,
    0.39868279911873383,
    0.09840299422319626,
    0.503774872349407,
    0.46360306448162003,
    0.48007899012912514,
    0.4419426165046579,
    0.28917398645718284,
    0.4064759184192722,
    0.5373752407001555,
    0.4750461161258985,
    0.462480736759323,
    0.44837216580988015,
    0.4857902699311294,
    0.25326080042559834,
    0.43880538272047553,
    0.08594520710332904,
    0.4748283294686381,
    0.19260956555428982,
    0.44509163230846627,
    0.48358124967472954,
    0.43667894502495186,
    0.2029923438557129,
    0.49304568098627793,
    0.40393223097962794,
    0.4716287883168626,
    0.4895746474067992,
    0.5005655730832173,
    0.47869080800078645,
    0.43429514609704334,
    0.3941178447722528,
    0.45025396396292205,
    0.18374464387942152,
    0.45167174570498403,
    0.42938421238283037,
    0.4920283072056808,
    0.39267960713108546,
    0.4802925482701393,
    0.46021074635841625,
    0.4903498031029358,
    0.20478364453285378,
    0.15887366783667664,
    0.4996890775618303,
    0.06370660891790463,
    0.37577031278009404,
    0.4818626650205571,
    0.4408735608588297,
    0.29714745016856237,
    0.4983141592408621,
    0.43668895612751757,
    0.4462411743276298,
    0.4782731968450209,
    0.45558843598387816,
    0.45638693887228,
    0.43808733006424455,
    0.02416875321656364,
    0.4947242573713519,
    0.34228834288423843,
    0.46368134624392104,
    0.2675470413397096,
    0.007925323680269237,
    0.4859701083656676,
    0.18973576471812784,
    0.47363823706290875,
    0.5166770873690967,
    0.4725589534675279,
    0.48296898220698187,
    0.3901593391660354,
    0.44057539625172754,
    0.23967128888066477,
    0.49017936137116686,
    0.3441417340819855,
    0.44251346619789167,
    0.4612884036013948,
    0.44815770413975353,
    0.3073327531471726,
    0.4995867257839741,
    0.500477894618147,
    0.3684547628272221,
    0.45182494810128776,
    0.49350326426997737,
    0.4614173914174854,
    0.3704112286261153,
    0.4570155782875449,
    0.43388700392637614,
    0.47332894097714145,
    0.40878317036077555,
    0.4729691556845715,
    0.5058413518530298,
    0.5276624834473467,
    0.0788832235605697,
    0.4787180945799818,
    0.44035876611173114,
    0.45009244909878393,
    0.31399501541059255,
    0.18219628411003105,
    0.45859780232806924,
    0.485194374410899,
    0.18476714970537722,
    0.5029493720111257,
    0.5102573323194532,
    0.4967425245615354,
    0.1970074392973001,
    0.45982352992199294,
    0.44345277506317476,
    0.48951071368680354,
    0.43932953802917896,
    0.4474946221947228,
    0.4935948459808134,
    0.4939710032209006,
    0.243599833461514,
    0.45230439678950807,
    0.43972524763925913,
    0.21617649609964554,
    0.4854442905633974,
    0.46485799413645745,
    0.48226404879346335,
    0.39328265860188627,
    0.49731500060717154,
    0.4614664711188726,
    0.16884964119051887,
    0.002786989759039628,
    0.48622674677476246,
    0.47174570498401114,
    0.4535637718075787,
    0.03874795441008946,
    0.4446876463717162,
    0.5347987732243124,
    0.060888899169042346,
    0.20465165700010987,
    0.2061758021892872,
    0.43437989712778935,
    0.5027205984398582,
    0.09332010084830542,
    0.2275415912521034,
    0.518174126684901,
    0.48279275788889336,
    0.4617305184666894,
    0.12561468892576894,
    0.4313101388977234,
    0.12994440043253747,
    0.4905276899145912,
    0.5087696535652536,
    0.4294784685398391,
    0.39872739731572343,
    0.0694683056443825,
    0.5046980983964888,
    0.4837954583567046,
    0.04576642399079412,
    0.1786638466920715,
    0.5004721481729919,
    0.472922822711686,
    0.4456077642786513,
    0.47868267623877453,
    0.2345299913839464,
    0.24223557678407245,
    0.1759912798598301,
    0.19541571013051298,
    0.4372154244707488,
    0.293951848403717,
    0.42990269352870764,
    0.44672228550941695,
    0.4877403748850711,
    0.40431518275864065,
    0.050495856776902034,
    0.4591308483632389,
    0.22449113240387897,
    0.17884961227758728,
    0.38859139088548744,
    0.4649195786807608,
    0.28967027692805886,
    0.3975888783517316,
    0.20722259487778505,
    0.0637904564195382,
    0.04306263119242713,
    0.48647709662123484,
    0.10322299676753424,
    0.4822595311479012,
    0.4836353529979819,
    0.12323645573719302,
    0.24632993702763498,
    0.4372048351095511,
    0.49178486032162744,
    0.12148013970728548,
    0.4750404781042369,
    0.4730014297444675,
