{
  "config": {
    "mf": 0.5,
    "mf1": 0.7,
    "mf2": 0.03,
    "T_coh": 10,
    "tStack": 864000.0,
    "nStacks": 12,
    "gamma1": 17,
    "gamma2": 95,
    "gamma1_upper": 26.758176320519304,
    "gamma2_upper": 100.0
  },
  "mismatch_list": [
    0.4700957090944822,
    0.7526108099209357,
    0.0383874032855472,
    0.09229376948549775,
    0.14435305131749118,
    0.35206495161613927,
    0.2757057621587966,
    0.3074990526618395,
    0.5279305452483027,
    0.6928972308233738,
    0.6297940560684712,
    0.17392687981593122,
    0.33559459684027754,
    0.23666298163466049,
    0.11099715642996141,
    0.23462566824046258,
    0.10057224803309822,
    0.04667692301203776,
    0.47150638932474365,
    0.512799904913244,
    0.4561008606448594,
    0.10989075628609608,
    0.30909428712248765,
    0.604985729912386,
    0.5539290673109473,
    0.4087438256862163,
    0.5915351375629692,
    0.039295123891954185,
    0.20547806625671894,
    0.28081314011008124,
    0.32538940173507114,
    0.7422880324288059,
    0.15429597216213473,
    0.2729068541514357,
    0.07354103649012858,
    0.6208561600743638,
    0.650777508136306,
    0.7510850146062962,
    0.19196557545469756,
    0.38961526083063797,
    0.225918064097675,
    0.5419387171316701,
    0.5574061134228773,
    0.5005745133252476,
    0.7234436699851616,
    0.0991274573451483,
    0.6652370113377679,
    0.23995639875465835,
    0.6928295650510696,
    0.4091352015524607,
    0.08542714313686778,
    0.16288860000631245,
    0.6250519622590146,
    0.25007129058670763,
    0.5500303591940295,
    0.18028332968076177,
    0.1804543137471494,
    0.18332390997243247,
    0.44398918086291833,
    0.5661213045209915,
    0.6585649009535511,
    0.6564289879813876,
    0.5176253010248855,
    0.27407913127325984,
    0.3341723819706169,
    0.36177606938665413,
    0.6770565316570665,
    0.5444087337097457,
    0.6934420729079344,
    0.7043025218866024,
    0.36051564788139995,
    0.6130313259409942,
    0.7024075101667032,
    0.594848169738202,
    0.27406167510775203,
    0.6000845876126045,
    0.18289681990184523,
    0.0942984528035344,
    0.5903965699621698,
    0.2353311317207206,
    0.6932503018176028,
    0.3169306867365383,
    0.1494241599213603,
    0.543663855071327,
    0.838840350686809,
    0.6972702778546208,
    0.07695393273588141,
    0.6899530295373779,
    0.25661907976392434,
    0.6355118138281752,
    0.6045302350212463,
    0.06740781582308185,
    0.2798380004616246,
    0.6326718252334355,
    0.47142206926025887,
    0.2996953448065138,
    0.5603183014583482,
    0.17803765258661533,
    0.466255414365324,
    0.08904729279642377,
    0.07325304060053126,
    0.47617711640807814,
    0.6341495852516466,
    0.5688913142472909,
    0.7281341354888583,
    0.5216944997476817,
    0.5474710879463786,
    0.1480718313962946,
    0.2888461220544268,
    0.3133619803350513,
    0.6911633956422448,
    0.29232390835712035,
    0.7397406659159359,
    0.36043151286460606,
    0.6926692829094722,
    0.7099052725064148,
    0.7119917469038274,
    0.21809400099635073,
    0.22223055707863298,
    0.25063858512443016,
    0.4709698743862734,
    0.5036061188039098,
    0.6037856031130819,
    0.6028548749104403,
    0.560519910917579,
    0.16071132887523376,
    0.5137804417860184,
    0.7404723136444556,
    0.4311449589552849,
    0.29505336179783176,
    0.752919747040886,
    0.6825501041392504,
    0.1056988092616724,
    0.17807682101452157,
    0.6888802155494101,
    0.4665472962564301,
    0.5879810807703447,
    0.3209720666231365,
    0.6605925301852589,
    0.6372432125480407,
    0.2932715992647608,
    0.6240981030950109,
    0.33824201247135854,
    0.38031655268056597,
    0.18762084072015767,
    0.319445608220938,
    0.24933708303179716,
    0.5335190780371981,
    0.6896773084779434,
    0.5168877626115389,
    0.20973329959142897,
    0.68423894189021,
    0.3684994071399672,
    0.7060473982466214,
    0.6856679110005883,
    0.683261674193308,
    0.22826348189721424,
    0.09155302357884232,
    0.23164195927246048,
    0.08851065449282629,
    0.15041792770403375,
    0.5581353555314154,
    0.5140086055888928,
    0.2083675242674915,
    0.5256890934097651,
    0.22686458303660648,
    0.6047044265809427,
    0.3396066775091506,
    0.6795161238818883,
    0.16149389556003163,
    0.6078692663970499,
    0.5976725526443428,
    0.4949929198247609,
    0.26105010840498527,
    0.5186189146011498,
    0.1216481314225355,
    0.3713439602444158,
    0.7160718942816682,
    0.2675488599441146,
    0.2191772701788541,
    0.09542742876568899,
    0.18144456562369585,
    0.08525726935662553,
    0.49276772134174024,
    0.15670924078166906,
    0.7078356682901557,
    0.2688279095835856,
    0.4504239059009978,
    0.211083222496513,
    0.6726462283573859,
    0.6305104990450556,
    0.37187264149730476,
    0.3635962601568678,
    0.5536366302767683,
    0.35273963549714493,
    0.58210961006207,
    0.18321676735940387,
    0.20191787204901315,
    0.371569965157563,
    0.0746091317619785,
    0.20735710219263742,
    0.45551043514577483,
    0.5312255044323915,
    0.4824127918133174,
    0.2872954840872845,
    0.17210582548982672,
    0.1626104116443326,
    0.7238692796742217,
    0.6312562412393652,
    0.2092137473579575,
    0.12203537455701655,
    0.6543652127673917,
    0.7052529268270427,
    0.4774419173753502,
    0.5589435513214023,
    0.6500881129638741,
    0.16250382417437667,
    0.6305040532171561,
    0.7421942132495218,
    0.6772430597294894,
    0.17779363636488754,
    0.25881343696512904,
    0.3186309666030515,
    0.5743403827598145,
    0.1785653469184862,
    0.34734870280084446,
    0.5877116513324007,
    0.050127507304169684,
    0.7256433627281205,
    0.6169918708279528,
    0.16302979139446586,
    0.5757460050198581,
    0.6939178305212271,
    0.29178171862279595,
    0.465376684563824,
    0.24179589616728875,
    0.4606616693998018,
    0.3243693571802905,
    0.44849910150286443,
    0.24791468311444562,
    0.6768298482357192,
    0.6196016909365002,
    0.6676821081601363,
    0.47476625113012577,
    0.4019282108177099,
    0.2632275029011912,
    0.3084479772207526,
    0.6678479108911789,
    0.29881895894243177,
    0.15824291604381252,
    0.4840417666362722,
    0.11047667895803547,
    0.6941620317906458,
    0.20353623747102323,
    0.27800208063768483,
    0.5952171856751298,
    0.1623555392914056,
    0.44050411601771616,
    0.32673130590688304,
    0.28200626593841305,
    0.7029894851545702,
    0.6115811997112901,
    0.24642233516993553,
    0.4266306588533209,
    0.08961489574696449,
    0.2632650058998794,
    0.17058368486708242,
    0.26120986624479187,
    0.05644355508982136,
    0.6382189690221337,
    0.6624607099899781,
    0.23008287079410067,
    0.26497657367553723,
    0.1901165172447042,
    0.4997131163241282,
    0.6291693967465709,
    0.20730578229969568,
    0.2355388785950328,
    0.23111407989289873,
    0.6713768320391232,
    0.21082804173076786,
    0.5678502667795936,
    0.18366094350011716,
    0.2367231221342016,
    0.2639066279267784,
    0.14695957140888422,
    0.6811471959120066,
    0.6131162011485517,
    0.1106070758975533,
    0.23418019676591303,
    0.4478330531807672,
    0.42101569508590936,
    0.5119289471147617,
    0.6708024748478649,
    0.0852754040303333,
    0.5613906836683704,
    0.2617770990999508,
    0.2959149438466421,
    0.6920605068477071,
    0.48561772529578534,
    0.6792776899321693,
    0.6295021124948014,
    0.6576496242330993,
    0.6514911753975271,
    0.7140565398801233,
    0.635407971232301,
    0.5380628315632963,
    0.6339141429062637,
    0.2486790534429721,
    0.41068047313656697,
    0.7127131553267841,
    0.5503508617946609,
    0.0894153526536153,
    0.350853814479227,
    0.2747531366460656,
    0.2317164718093278,
    0.2644380848950308,
    0.33708484757762414,
