{
  "config": {
    "mf": 0.25,
    "mf1": 0.6,
    "mf2": 0.0002,
    "T_coh": 60,
    "tStack": 5184000.0,
    "nStacks": 2,
    "gamma1": 3,
    "gamma2": 5,
    "gamma1_upper": 4.0,
    "gamma2_upper": 6.000000000000001
  },
  "mismatch_list": [
    0.20741009523919668,
    0.0714797782956405,
    0.07308263894109279,
    0.19595016567109805,
    0.01724815390931748,
    0.24496452383292952,
    0.13517388237062908,
    0.06164916470540614,
    0.13707389567057762,
    0.06136690221068275,
    0.10473651645434937,
    0.02931409852370571,
    0.22408288180971822,
    0.04226275493977436,
    0.04401690249981206,
    0.1498015127245812,
    0.0027751354570845358,
    0.04550483424216315,
    0.019826970560853047,
    0.09131137492554921,
    0.060472625236363216,
    0.09843718376481064,
    0.010659908750787877,
    0.013030190883174409,
    0.15070742715386884,
    0.041883850971185375,
    0.06537929429316557,
    0.01059586660729878,
    0.018804826146542303,
    0.02192489287758843,
    0.04315920038396373,
    0.11476872546014931,
    0.11844110146704215,
    0.22580117733457467,
    0.10341259331648674,
    0.08676279252658545,
    0.002965671676313948,
    0.05615165989140303,
    0.026615943747000284,
    0.0725992870071068,
    0.01649345411228626,
    0.03621720550733521,
    0.06568873494359087,
    0.014337489085368322,
    0.043461918777792555,
    0.048062399888974344,
    0.056723268549091266,
    0.042838483690215284,
    0.024486000358520353,
    0.10975782528493694,
    0.19480434619187778,
    0.05219347955566607,
    0.18513918685271175,
    0.1577245956526516,
    0.06691276390278315,
    0.1787447306182163,
    0.11351657867497818,
    0.07263419937201113,
    0.030656815067106914,
    0.005994951802143027,
    0.05594059549073919,
    0.10364895653229864,
    0.07266802750198054,
    0.016161895069188647,
    0.04896853116524897,
    0.054571279050268026,
    0.02516928521450504,
    0.007696911520646724,
    0.047087311270839,
    0.061804427148086254,
    0.19387609652293084,
    0.17689459212527395,
    0.011086808185829194,
    0.04290997091359081,
    0.12304837711714942,
    0.1319802322286666,
    0.16480891443507023,
    0.11656190547784402,
    0.07829773669571452,
    0.02359367500708367,
    0.04771790230898672,
    0.15392442448809654,
    0.05002826239063684,
    0.06112873193664598,
    0.12385801148421643,
    0.08373278957746642,
    0.05562313150179549,
    0.05252077394135301,
    0.2281893854845518,
    0.22734267028271066,
    0.17952501835971157,
    0.06006227845466163,
    0.02705628769523457,
    0.012728629006609496,
    0.03803561205784899,
    0.05625733665639294,
    0.033777966033087956,
    0.07104507236906779,
    0.11424106445848971,
    0.08488749978315302,
    0.028492248443038635,
    0.007532107810539342,
    0.19261072207155372,
    0.01813831079088433,
    0.22526961308714935,
    0.16583648002405557,
    0.009900366037714029,
    0.22303890813205113,
    0.03932650217136116,
    0.20927396737464798,
    0.020291384524642492,
    0.021759872320494065,
    0.12898853891391462,
    0.13159648534403498,
    0.03337867844772253,
    0.24576953213094088,
    0.09023942798656127,
    0.1600351002989597,
    0.22236574280212568,
    0.027247835867069907,
    0.12425982895109666,
    0.2022870851717139,
    0.2446395424817704,
    0.0084717780874674,
    0.13104323639791132,
    0.24281173922848734,
    0.10401607848126153,
    0.23004349950558886,
    0.02152126835248333,
    0.1506307356028057,
    0.172152365366934,
    0.21466283184817242,
    0.24064608836948415,
    0.007095883955057739,
    0.0961965038483112,
    0.14482964500702583,
    0.05639431166983745,
    0.12386256527094308,
    0.1397442940329492,
    0.2256165682663228,
    0.11681792948714242,
    0.06355886383743993,
    0.1755417560558135,
    0.24096340779376985,
    0.1210515054963483,
    0.0457039720585429,
    0.0033281675562211953,
    0.05719707921564999,
    0.12831226544384242,
    0.00046940144449006264,
    0.21188935888465474,
    0.08744080077255353,
    0.18883078995911712,
    0.05790248246430699,
    0.05747233032446092,
    0.06428240995067454,
    0.07054885418052077,
    0.10344425297658631,
    0.1544608316515645,
    0.01461049944198042,
    0.04097880392984566,
    0.1421724020285313,
    0.2550637385577073,
    0.2288324813656156,
    0.22495930504877612,
    0.014606090219911758,
    0.12673275199065534,
    0.04778064337055391,
    0.04938661215615296,
    0.0018968328774727785,
    0.18241038436851267,
    0.06378019232882098,
    0.20446661423788404,
    0.039283783314925436,
    0.07452474368686139,
    0.03516484707950478,
    0.13026143072750718,
    0.14425124181041213,
    0.050468606338871125,
    0.015382113303996345,
    0.10516153654883684,
    0.035208288759230454,
    0.0030783598272163207,
    0.04131303741911607,
    0.13917384189252485,
    0.00878071276158975,
    0.04062534334106272,
    0.020936432028589108,
    0.1719501194104075,
    0.24655487963546577,
    0.08855351494509434,
    0.06778492248443038,
    0.028210347359960215,
    0.05311811510816328,
    0.13971979032342005,
    0.012847894849450365,
    0.013047249512817103,
    0.07910187760577796,
    0.037735929521837935,
    0.13846692071495897,
    0.14907550901216077,
    0.0030386045462693642,
    0.14035739274748024,
    0.1454259019389012,
    0.15986841724829848,
    0.19947017052847058,
    0.08369426309611237,
    0.12636714797060133,
    0.09816518536080447,
    0.1195309744236207,
    0.2066692013670034,
    0.20859870585718168,
    0.11396125956295212,
    0.2175718341785547,
    0.1739760485274644,
    0.017996131449752217,
    0.08843670670143929,
    0.06463572597479948,
    0.19255058317383034,
    0.07599496625860883,
    0.11201057635037848,
    0.007854342433196672,
    0.1507303406521601,
    0.028652426084090372,
    0.14424661574135647,
    0.15000831246783436,
    0.0724386756720811,
    0.05033452261858639,
    0.17971743391949482,
    0.030903153244320053,
    0.17641890211816136,
    0.12927578888933863,
    0.028342624022020087,
    0.02332471246089526,
    0.03296377787929429,
    0.029827158494908433,
    0.02634300567271718,
    0.0022279582265964273,
    0.03167339374208508,
    0.1147322228840071,
    0.23459967154909706,
    0.20995616799569775,
    0.008589742848386369,
    0.013940225405214736,
    0.029387103675990123,
    0.14952264749932054,
    0.17710659619621472,
    0.1800626543227724,
    0.11549487373722771,
    0.2017359324131311,
    0.07342973868492422,
    0.22574544765891993,
    0.08941779475288117,
    0.036321870319719195,
    0.24130046029387103,
    0.23414646134630174,
    0.024072690001329996,
    0.026011302064961574,
    0.03454820653085299,
    0.008283844032081789,
    0.16469890073034066,
    0.07399050499326329,
    0.011660440748729276,
    0.17477737042669705,
    0.09263153938230413,
    0.09730719411564016,
    0.05223063267276922,
    0.24182869955416259,
    0.21202734585070518,
    0.1817973579363106,
    0.016741743912382253,
    0.03906353905847929,
    0.015724442414114137,
    0.1519292153608623,
    0.022978552387340763,
    0.07569940381535045,
    0.13313291852914133,
    0.23341619297647065,
    0.020484956601689672,
    0.04573368009575963,
    0.011313846981200812,
    0.0369632314248871,
    0.20022096707973608,
    0.08153620188165359,
    0.07144566103635512,
    0.018608724187980315,
    0.0320976910132826,
    0.09757521699155164,
    0.029524873795053575,
    0.041802027374763635,
    0.040546483320129764,
    0.1568483169782517,
    0.192855325472871,
    0.0640034001607559,
    0.010919546876535999,
    0.051511712628590264,
    0.0664825394806081,
    0.09920503894571886,
    0.14028836312329052,
    0.0012963112881867545,
    0.05146154869226811,
    0.06897642439557516,
    0.1018770998016573,
    0.007800853509740767,
    0.19479155221964575,
    0.03597628850479666,
    0.07409762740483308,
    0.024279200615267185,
