{
  "config": {
    "mf": 0.08,
    "mf1": 0.6,
    "mf2": 0.008,
    "T_coh": 10,
    "tStack": 864000.0,
    "nStacks": 12,
    "gamma1": 11,
    "gamma2": 13,
    "gamma1_upper": 26.758176320519304,
    "gamma2_upper": 100.0
  },
  "mismatch_list": [
    0.46835714439830545,
    0.5188033992501214,
    0.16465138104971944,
    0.3352606874938808,
    0.0415689183661056,
    0.028553544889984305,
    0.5513021770462468,
    0.48433676208187426,
    0.46616677290362357,
    0.2345871390432689,
    0.41405659684880114,
    0.38167526880624536,
    0.5049086569982543,
    0.534818362993846,
    0.263240921456609,
    0.509418098679044,
    0.523015597912761,
    0.16704911248319843,
    0.4750206357021446,
    0.5062247014098199,
    0.5280040003933605,
    0.318946095415063,
    0.3642586060880011,
    0.3542012424682262,
    0.485614912481095,
    0.4614807093455525,
    0.3305213337868327,
    0.529242467792529,
    0.5455125791315343,
    0.2759658283831682,
    0.46304520620143375,
    0.4148481968033934,
    0.12382608524060204,
    0.21020177287597555,
    0.4603761991774343,
    0.517435474195045,
    0.19509263324136492,
    0.4627373376805373,
    0.28724685959471513,
    0.49361705449570986,
    0.2424664914470666,
    0.3520802620118869,
    0.3758538485950429,
    0.008393930322506777,
    0.49544680943800523,
    0.37009292869539534,
    0.2944293741806572,
    0.3530199142521928,
    0.3029869697725047,
    0.4628099814238022,
    0.12512608297455094,
    0.5442790721073723,
    0.36238596965247993,
    0.2947214128709317,
    0.5139033619199113,
    0.10949401681193066,
    0.43736390818134435,
    0.4153940549011053,
    0.44511266448251147,
    0.2562831687807984,
    0.3399153082377029,
    0.5468183233108459,
    0.4618878937900767,
    0.35256702930351025,
    0.2425846730592438,
    0.016034751032001953,
    0.523378491358593,
    0.24774324621902868,
    0.5488784781851381,
    0.5044912807449735,
    0.4113592370802289,
    0.2957111567670412,
    0.3733780522434285,
    0.41775026013507616,
    0.4955723638480063,
    0.47221414768342895,
    0.3746028582819234,
    0.34677922037650494,
    0.4562212481214274,
    0.42957362568066915,
    0.5216388905543943,
    0.06991049531865286,
    0.5157916655508081,
    0.48324184739327686,
    0.40899777330663367,
    0.44518286869708457,
    0.3625802645598391,
    0.5278178914600558,
    0.4274768236642523,
    0.47535024313427177,
    0.3476358202177946,
    0.5171726556373225,
    0.14527805368546104,
    0.26507479649180593,
    0.4317088096151692,
    0.2734571797118385,
    0.5447184041188785,
    0.515154298021282,
    0.1748898119101694,
    0.3465398755059718,
    0.5501076482694037,
    0.4959479970547841,
    0.47301962584568974,
    0.5174465876035296,
    0.5475173295986498,
    0.3297616645522278,
    0.48915553600077544,
    0.464610245174802,
    0.3882223132738659,
    0.4096759080711861,
    0.4970902928117498,
    0.34234865679008114,
    0.5225790849121873,
    0.030798995521350594,
    0.21257115156488177,
    0.14575316545111278,
    0.547846937030777,
    0.5334609008062696,
    0.16712218992045294,
    0.5129935803531418,
    0.19360175594022525,
    0.49897225366804826,
    0.4871167947672218,
    0.4614322440422101,
    0.2838817195055932,
    0.23275288452583098,
    0.5035928836454322,
    0.2117633965091754,
    0.328288460281166,
    0.307297942241285,
    0.5377983828201667,
    0.3538466976316947,
    0.3821683788724672,
    0.3277426563952028,
    0.5456454792334849,
    0.40499819312241564,
    0.5371645932660551,
    0.5263472351411831,
    0.08119662243457808,
    0.4324749842596188,
    0.3679477697991335,
    0.34818910532507913,
    0.5421513693941935,
    0.30013537757886644,
    0.5230482333854815,
    0.202557157344071,
    0.3978334057783002,
    0.3084933655119817,
    0.17921281938716221,
    0.511218145583049,
    0.2809997145209313,
    0.28349090700917795,
    0.40493693384637885,
    0.18135776143642918,
    0.3381550527572475,
    0.48303768594765334,
    0.3013355172717005,
    0.4079656900347855,
    0.2931158777212807,
    0.4318939969487459,
    0.48702089418376243,
    0.2648852180065841,
    0.4169859286900826,
    0.4627675336245661,
    0.4386504071898657,
    0.28700339463128044,
    0.19537990129775337,
    0.29852322859587344,
    0.5339252786456777,
    0.3170946015615369,
    0.45667884949224735,
    0.5517039403159005,
    0.25582470002199914,
    0.5003762837477623,
    0.32893992286535545,
    0.447700570730448,
    0.342551842424228,
    0.44468921651337573,
    0.5043957054320064,
    0.5037419117426226,
    0.440549119476514,
    0.28263289766242194,
    0.4585809229073154,
    0.2791196510758376,
    0.344226497553478,
    0.1520468784170343,
    0.5569445900632249,
    0.5232171029826979,
    0.37752123934996645,
    0.329772832172461,
    0.3505519786041407,
    0.35895192643075374,
    0.4498719139013344,
    0.5106938637613218,
    0.4240929805218271,
    0.3540622435445463,
    0.5463590142699417,
    0.4993701679035439,
    0.5195700075885605,
    0.36495452230612874,
    0.24632007939202175,
    0.3908759241612331,
    0.5249340974876866,
    0.5344487472911744,
    0.37235453442787575,
    0.11499190130686095,
    0.38116730472087834,
    0.2840186583828223,
    0.34190580101490897,
    0.48789467914939166,
    0.4830904881908921,
    0.4499608211692108,
    0.2971811083331806,
    0.4497017974338977,
    0.26735938800573733,
    0.5385999577365207,
    0.5371632379723374,
    0.2768892713106113,
    0.47818779448499543,
    0.5365476093540421,
    0.1161422746143837,
    0.5492486088994224,
    0.5441266286700134,
    0.26839906092240423,
    0.3122884047683353,
    0.4279601756157072,
    0.48948476395066165,
    0.38425390484515337,
    0.4656843967636453,
    0.19347777367093663,
    0.48985367490060006,
    0.3467386699884735,
    0.23680564643552873,
    0.1816159719955117,
    0.32482915438454324,
    0.2653948084444123,
    0.4382752618888262,
    0.3786545901683958,
    0.3333981886553676,
    0.4476540028383103,
    0.34853871689247845,
    0.4767322090322628,
    0.39498007880870334,
    0.2910165277526747,
    0.16734207277320093,
    0.2185034348021862,
    0.2976502025947261,
    0.46950198810746024,
    0.07080639867775376,
    0.5328332371797617,
    0.23926523347428028,
    0.45111943466253673,
    0.43801406968356493,
    0.37536464177472784,
    0.3656923442060055,
    0.4188061965763546,
    0.30154108822279035,
    0.23470423642047197,
    0.5472112229595864,
    0.19737548997933774,
    0.23257913587123105,
    0.35949773031671695,
    0.5288367470652199,
    0.5168833817462319,
    0.3917294881445953,
    0.5534803780033445,
    0.40613257396407043,
    0.11995308948961048,
    0.35150149738271097,
    0.5491351166035082,
    0.5101515836390244,
    0.28693709366261405,
    0.297045362114423,
    0.3739297109982519,
    0.45176298233141526,
    0.2963865267324096,
    0.30688474029265456,
    0.5095783486082164,
    0.505823534469402,
    0.3288853858461581,
    0.47557972146654054,
    0.3493747162692602,
    0.23097994349617856,
    0.5301795720806458,
    0.3994387240809564,
    0.4421509140155043,
    0.013135831981744086,
    0.3910187721190711,
    0.553339427456711,
    0.32903154072066715,
    0.5173994775939048,
    0.4993498927095281,
    0.4331267721143005,
    0.5220557789019367,
    0.3419331779480051,
    0.5336193075359861,
    0.46536194528234726,
    0.4624889394479704,
    0.44316445686929534,
    0.48261131054408757,
    0.511743565851499,
    0.32243722360817567,
    0.347990581901321,
    0.4496922019543769,
    0.33134508130840706,
    0.19350677695649388,
    0.5253826997082215,
    0.3337306150984274,
    0.4404037235664869,
    0.2500002439528692,
    0.31301153528431297,
    0.5371464323302388,
    0.07237333506232671,
    0.4308506376331671,
    0.34698040017594967,
    0.11793467766182125,
    0.30824269038596924,
    0.33761705536309783,
