{
  "config": {
    "mf": 0.4,
    "mf1": 0.8,
    "mf2": 0.008,
    "T_coh": 15,
    "tStack": 1296000.0,
    "nStacks": 8,
    "gamma1": 9,
    "gamma2": 17,
    "gamma1_upper": 17.776388834631177,
    "gamma2_upper": 100.0
  },
  "mismatch_list": [
    0.23818224047832723,
    0.2185120858184002,
    0.04848470655267296,
    0.20978992621581946,
    0.346769850130854,
    0.31167679574274426,
    0.29268913796137813,
    0.31786647536302876,
    0.11441990056572127,
    0.31947959746655263,
    0.43395480672069137,
    0.18352541327187852,
    0.23708552470130617,
    0.2661875172870171,
    0.34271167278226466,
    0.3138052550085339,
    0.3605886334081251,
    0.3440422476752932,
    0.2984568678033344,
    0.4054068056965862,
    0.12291909830317237,
    0.3360380318579022,
    0.4561177177993375,
    0.3226667760572461,
    0.3706182163858317,
    0.10739392890354414,
    0.17430601005565927,
    0.34530863159239633,
    0.12888034687203756,
    0.159964405466463,
    0.3491199553673277,
    0.33908149010211314,
    0.22166801191601018,
    0.30254206210976037,
    0.023842938190389514,
    0.319906687457559,
    0.35250114614534717,
    0.31490077825621365,
    0.08235854361521475,
    0.34117750434547794,
    0.4007041279215533,
    0.3065719888494703,
    0.11599338134907086,
    0.22903315537154575,
    0.10871821217625453,
    0.10092071515193007,
    0.19643713405910343,
    0.3017178187263854,
    0.33806751118836037,
    0.36442372552648045,
    0.361238767507664,
    0.3810090123888609,
    0.33777390224018156,
    0.17761219485027843,
    0.32184356071640674,
    0.13435216495053512,
    0.24115928717473578,
    0.33909066024153106,
    0.36100700559842924,
    0.41969873527046037,
    0.2615530192929479,
    0.3045293916962573,
    0.3536951147462398,
    0.12510891114748904,
    0.3251091172700174,
    0.36302143438616563,
    0.3296028145584054,
    0.03714687776581191,
    0.3270764205879201,
    0.313676955300086,
    0.09515068249469397,
    0.2862925750612214,
    0.29228400695893303,
    0.3006514507650164,
    0.376788651049849,
    0.3790199968126055,
    0.31622037365496153,
    0.27011044535961765,
    0.1198182752854727,
    0.28022909794261214,
    0.13731342091359627,
    0.11270265831418773,
    0.3177193419153279,
    0.3786662679369424,
    0.23668902925616042,
    0.30111176709077475,
    0.46596846249754414,
    0.30604530209761105,
    0.03261682889336369,
    0.21186484502635297,
    0.3292995008886901,
    0.2642016680817715,
    0.40882599292672295,
    0.31022663894197006,
    0.23349091229288776,
    0.010993228928914429,
    0.28412365204122897,
    0.24661811079558288,
    0.3161852146002426,
    0.1586596961236312,
    0.35848147518367385,
    0.42795658974224454,
    0.235612956573255,
    0.31010570001807736,
    0.3479723720456432,
    0.36141678335313543,
    0.15944207761495488,
    0.2609712294611783,
    0.3995517744825034,
    0.34090301698846204,
    0.27102885743925725,
    0.3255554110955896,
    0.398977633287199,
    0.3602184147301903,
    0.16399499015339575,
    0.3760789727266458,
    0.3665637811120721,
    0.16306169201784007,
    0.2727748848817887,
    0.23158779995091044,
    0.03387646885143302,
    0.22846444224082957,
    0.21721132415890526,
    0.18166317590111827,
    0.38030739391913715,
    0.17635888763422866,
    0.29626335400588943,
    0.0319821565535608,
    0.34348052523381933,
    0.28550863094524354,
    0.3534512219350845,
    0.13163492516373357,
    0.42647065706123005,
    0.23860505381238536,
    0.38395040657013346,
    0.3499169350626575,
    0.26072301887137334,
    0.35176761723531713,
    0.410823767425382,
    0.3321045355080353,
    0.39191251376526465,
    0.3512611623605593,
    0.3183682012421226,
    0.4148654960934011,
    0.17462355183406786,
    0.14170998874321694,
    0.24845806020417044,
    0.34277249177867314,
    0.3332278981475802,
    0.3695931757343955,
    0.07117385204446267,
    0.4186147672208812,
    0.3552905133964493,
    0.14088566311643913,
    0.04826635031810296,
    0.10251154929328128,
    0.383786207616341,
    0.3189598191605329,
    0.3438627514485704,
    0.2081393011205954,
    0.3409558583747939,
    0.26647536919699644,
    0.3509737216675943,
    0.15823976130867287,
    0.1916129005346564,
    0.38706192123020383,
    0.4053147342070943,
    0.28910949385227863,
    0.3391888588645354,
    0.04009637292226532,
    0.3556145935253845,
    0.2547243495542108,
    0.24880603204163396,
    0.09760466114896876,
    0.4020273420300266,
    0.16985417465932257,
    0.34286501560688076,
    0.16763442521636807,
    0.401904675994674,
    0.2015719186727167,
    0.14317120728167462,
    0.3386486019512057,
    0.3818409455304025,
    0.3662408935124782,
    0.2245566469543537,
    0.42025539974265885,
    0.38973470845776426,
    0.40396277602932446,
    0.1606577173524988,
    0.4283144307880502,
    0.36550909171390805,
    0.3387275967396443,
    0.28606525429574065,
    0.1797445195560021,
    0.13831687267178402,
    0.24286509759327302,
    0.32715944530309843,
    0.1978263896200663,
    0.30776953503838694,
    0.4528647444863631,
    0.2682673707017217,
    0.29292089987061287,
    0.11816485391455171,
    0.4589132533056534,
    0.08735598174606646,
    0.4612969960938933,
    0.2007150246584098,
    0.1323607231938956,
    0.3679888947966781,
    0.38693818603061414,
    0.24649236063262334,
    0.3336537544875438,
    0.4246078851083513,
    0.29942043151113934,
    0.23278797792871836,
    0.3253620157337849,
    0.40014853261359185,
    0.28619083997189443,
    0.3586239207574122,
    0.3952527062069628,
    0.3169992186799626,
    0.29837840759701434,
    0.3016567941214698,
    0.12813884035193093,
    0.06858927086646013,
    0.2700932564884217,
    0.10209399953700563,
    0.33983775931303156,
    0.3000804348190204,
    0.2991978808630239,
    0.2440209463769441,
    0.320039633918268,
    0.28651290513745986,
    0.5014264308641048,
    0.32809665000028954,
    0.32179442028320315,
    0.4216106476565427,
    0.4697942199896759,
    0.3006620601639842,
    0.26721366822439185,
    0.27218380154549693,
    0.09979348707245121,
    0.30401586388885427,
    0.2052509950558633,
    0.3474106496041693,
    0.45470202098435797,
    0.41755765164233305,
    0.16621391716232173,
    0.402482353656301,
    0.26007732591558835,
    0.21867821749215968,
    0.3024854786485987,
    0.3173952206646912,
    0.36216980394964127,
    0.36793338049975355,
    0.25992780740920485,
    0.331313107242398,
    0.19849395932100966,
    0.30146220623032377,
    0.4251568598223832,
    0.40273549885027704,
    0.3473335875356977,
    0.32077069552621257,
    0.18991399856195867,
    0.31740278705775354,
    0.11691524765163022,
    0.29858779930067353,
    0.04337755572241771,
    0.29077015264265055,
    0.18405193553693205,
    0.31641664753586596,
    0.44558381827534715,
    0.32082386588615586,
    0.27920187784100037,
    0.3671668719851801,
    0.24236744276262026,
    0.3837684430413252,
    0.057212787680259,
    0.3159700247366824,
    0.30902596750374506,
    0.2557522276030454,
    0.21949267391059535,
    0.43594493258288525,
    0.3617814506013778,
    0.3131893341645811,
    0.4121327945468635,
    0.2140786729443022,
    0.2872992343121204,
    0.4012570091972206,
    0.15549751952740454,
    0.43465058590881267,
    0.3507653991281721,
    0.42302667344513367,
    0.32158317810297976,
    0.24916362635723108,
    0.42534836358592226,
    0.3741922268218359,
    0.325635351683161,
    0.17617606054969037,
    0.07968785359442697,
    0.47622993074958986,
    0.34469501356372334,
    0.40375005346784976,
    0.3742813786705266,
    0.09800206127154587,
    0.26969815918112444,
    0.37297514782474206,
    0.11698597697808227,
    0.36140461132951346,
    0.31265742495664084,
    0.19290601355768616,
    0.131777864197889,
    0.3832849340759628,
    0.3434528914504613,
    0.304144821544525,
