{
  "config": {
    "mf": 1.4,
    "mf1": 0.005,
    "mf2": 0.002,
    "T_coh": 15,
    "tStack": 1296000.0,
    "nStacks": 8,
    "gamma1": 7,
    "gamma2": 23,
    "gamma1_upper": 17.776388834631177,
    "gamma2_upper": 100.0
  },
  "mismatch_list": [
    0.45773914648654934,
    0.4416185348502783,
    0.14528642535960523,
    0.37349899717920293,
    0.10857025629452519,
    0.2039289323550299,
    0.3667921299200885,
    0.09194680849322173,
    0.021796640084048233,
    0.3354976104577668,
    0.0351663743817516,
    0.676290503529811,
    0.12651996121020745,
    0.0882025130916141,
    0.06724779872255383,
    0.05249070046215318,
    0.10020421062629022,
    0.03898995242370781,
    0.2323884394776671,
    0.05270190152067512,
    0.03340077300934155,
    0.42257083938483075,
    0.33622069445563474,
    0.6286354684251012,
    0.015526896511088097,
    0.2851740647824448,
    0.10925575505729013,
    0.03107566976733462,
    0.3451737112900189,
    0.029918011628800804,
    0.24001445900704677,
    0.3057465940584554,
    0.12728202858102688,
    0.09329518908296752,
    0.45148889460006497,
    0.0628148793088729,
    0.2350029572543075,
    0.06535143033961033,
    0.009086826850823078,
    0.4892700334886655,
    0.5647515071225653,
    0.1269793728585344,
    0.03042528893758715,
    0.15984811329483137,
    0.5174653748013446,
    0.34624160075434063,
    0.32571644367837227,
    0.22370213799872948,
    0.13180558022464986,
    0.22657531127733696,
    0.4041917827845637,
    0.1298759032635516,
    0.22988733535355857,
    0.09227545313101522,
    0.0352134176081825,
    0.09089968548811996,
    0.07983835902164471,
    0.41668990149884977,
    0.3699501121027698,
    0.2824194042473459,
    0.3178790997253664,
    0.09074564359457961,
    0.3469918661968509,
    0.4062746380834723,
    0.13529640145867003,
    0.06396439535052445,
    0.025451619150159435,
    0.4382108205748393,
    0.31804486130381304,
    0.1320773124276703,
    0.04754153920877513,
    0.30724301277333343,
    0.06648194815520324,
    0.06600765045096024,
    0.0768654244953787,
    0.07930385914651461,
    0.26707804885309017,
    0.32786472360424906,
    0.22772680116065694,
    0.3964787908566689,
    0.47243225937953176,
    0.04743470502847139,
    0.05977269583740617,
    0.16832099314337007,
    0.07996632975648121,
    0.20163771339499767,
    0.40623339301694245,
    0.10121950543448857,
    0.349868000237961,
    0.5767272568636418,
    0.12740720304016645,
    0.03913873073946567,
    0.34737762887792456,
    0.3026377934306792,
    0.10502054878406354,
    0.0364203395450242,
    0.3560344049752386,
    0.2270575043482537,
    0.03815773143025629,
    0.01375109695672449,
    0.143495493019117,
    0.2444987805475097,
    0.05038017025818509,
    0.14594091835949527,
    0.10339854439303173,
    0.4206955253130172,
    0.5596314029563609,
    0.06871271821413981,
    0.18898168734723722,
    0.13092623376136459,
    0.08083753412288422,
    0.18291722330779372,
    0.12259431910531288,
    0.18923828676413304,
    0.07094644903557903,
    0.49390662868950747,
    0.06312329206956499,
    0.42580592475768503,
    0.2869304548937355,
    0.05794302685417501,
    0.03874289324154274,
    0.05839018423547711,
    0.39680764110296946,
    0.024717761266517972,
    0.06395954298975623,
    0.1793680092577492,
    0.2156719743877389,
    0.1309572395242395,
    0.0350416111396263,
    0.1379193080624012,
    0.4036756231882694,
    0.14872082761926944,
    0.07605943914743672,
    0.6256489637373648,
    0.01312571812144379,
    0.30584224313597136,
    0.3115004247653298,
    0.09348204609424551,
    0.01589888342218418,
    0.03328143783180442,
    0.2414629298180625,
    0.12635596786492212,
    0.4663293054275539,
    0.4710826451387432,
    0.2355965901360876,
    0.23039633977380478,
    0.5040834684800193,
    0.6874977297929443,
    0.27585087039182726,
    0.44979237768604996,
    0.06594901090472732,
    0.053662175492366,
    0.02784712274500701,
    0.3721446539427504,
    0.05628417741866584,
    0.15934527712979898,
    0.0343288898105176,
    0.16586257334534132,
    0.056992293117214876,
    0.034674970049715544,
    0.4929946727169917,
    0.3125537982690483,
    0.37239339911467395,
    0.4251570243091889,
    0.017604364867109992,
    0.23466271629671198,
    0.34026538388615646,
    0.08823837121525722,
    0.20261098182433904,
    0.050974049870173774,
    0.43667599419082975,
    0.3622393818684534,
    0.0500609836117195,
    0.06031870978893544,
    0.20844993445316448,
    0.1713716476853305,
    0.19814787908181172,
    0.05489952748826265,
    0.4926316503368064,
    0.2231350697360703,
    0.06397352436824094,
    0.38959900684305976,
    0.42303280057864606,
    0.02587755773352592,
    0.40883174996492255,
    0.226578601013451,
    0.05658115834636161,
    0.17478474890365625,
    0.3585276137326734,
    0.42525670331344456,
    0.16850431368832544,
    0.09466388379321758,
    0.07201627121986774,
    0.49190572894154005,
    0.042116106409485654,
    0.10168738815330917,
    0.42524658737489385,
    0.2056096585356975,
    0.12322800452428155,
    0.43730651323878866,
    0.1972721513282519,
    0.41962586761553416,
    0.08394452539579772,
    0.1146978832673584,
    0.2300246818363201,
    0.2711106896250942,
    0.5169059140534491,
    0.37491473511588386,
    0.01843280266403036,
    0.030365169010102906,
    0.03147660635623433,
    0.38736268535443075,
    0.09478840030513433,
    0.19171447113717766,
    0.030973852434604807,
    0.04667921712988006,
    0.11679763958555298,
    0.32820710289031874,
    0.20624062992237208,
    0.03937468706224583,
    0.09343237107892337,
    0.08412250011956778,
    0.25250369543382495,
    0.18552409244796894,
    0.32348583810624143,
    0.05542127963595081,
    0.17552535074633152,
    0.5201714706070598,
    0.07673219018275972,
    0.08722998485289839,
    0.13909958313671913,
    0.1337872350163501,
    0.09504129876890184,
    0.25749225127716874,
    0.30173714592605544,
    0.2140730803929083,
    0.2705029931214265,
    0.0596198875949086,
    0.10324705204497978,
    0.14657114955554418,
    0.08494970426544537,
    0.3739003449851169,
    0.5461197576670378,
    0.07147107970236699,
    0.30152635608454775,
    0.10955051541310891,
    0.2961898284037404,
    0.01655263623144855,
    0.22477779946462065,
    0.46222626430270924,
    0.10352256744453137,
    0.16612673915529944,
    0.05914460296983138,
    0.2973130265564796,
    0.003912236430229828,
    0.127454986457223,
    0.24797652508047652,
    0.20540043131884397,
    0.21446801321339987,
    0.17319934282689323,
    0.5282339558753709,
    0.46130723539754825,
    0.12093505845278946,
    0.4910647490256849,
    0.09326722632599811,
    0.03374298780860548,
    0.2667213592149244,
    0.1099710259318872,
    0.03295221749019098,
    0.2449926521816313,
    0.21170767788350428,
    0.2140730803929083,
    0.27984033337733444,
    0.2870034870354674,
    0.3344483080024895,
    0.19083989479125774,
    0.19553401925239416,
    0.14781425858964042,
    0.3849922659974528,
    0.26658047626584025,
    0.09583782612551595,
    0.20305123075980164,
    0.10237362710669978,
    0.18855944971699903,
    0.3011292026921792,
    0.20827730555057977,
    0.4765242387666929,
    0.27517408942976457,
    0.039239067690944165,
    0.05864538551452446,
    0.3079017001867689,
    0.25062500938249443,
    0.13268385752369807,
    0.35820608314922653,
    0.04774385797978914,
    0.1815314219697506,
    0.11571868838354779,
    0.017984905092102602,
    0.09051437514576198,
    0.029399549217226695,
    0.13687522806320496,
    0.4949753405878577,
    0.14162420887404312,
    0.36068839465578356,
    0.08295168303657777,
    0.39391415370385774,
    0.5507870296571432,
    0.12947940781840586,
    0.13220997103646934,
    0.1477927108180934,
    0.10191388648476145,
    0.18084584096358283,
    0.04114218003292147,
