{
  "config": {
    "mf": 0.7,
    "mf1": 0.35,
    "mf2": 0.001,
    "T_coh": 30,
    "tStack": 2592000.0,
    "nStacks": 4,
    "gamma1": 7,
    "gamma2": 31,
    "gamma1_upper": 8.717797887081348,
    "gamma2_upper": 47.70744176750625
  },
  "mismatch_list": [
    0.06775313784909122,
    0.008647065235399038,
    0.18085325844496378,
    0.004448906353589643,
    0.1999936246967394,
    0.13627752837154516,
    0.07767743220710686,
    0.013155387680601066,
    0.08729647820152261,
    0.06803171402558043,
    0.16235222957799542,
    0.010498577627918797,
    0.030999442269388222,
    0.06080311762448972,
    0.003987889525969458,
    0.0656181340802895,
    0.11714005341376528,
    0.05555419022227979,
    0.034961382431745944,
    0.2733264539811528,
    0.05594437034700443,
    0.2156315496844297,
    0.03943681640774647,
    0.21741417699750104,
    0.0385828004437558,
    0.14987998238623698,
    0.1422538330607325,
    0.09924713595645017,
    0.09284198008534522,
    0.16313302352154405,
    0.10155077444755323,
    0.13920836081267335,
    0.09692195732507888,
    0.10222430138386004,
    0.09620123001429166,
    0.30395479866618824,
    0.2457187164158132,
    0.11035368042932246,
    0.12307342238711592,
    0.13369278382170663,
    0.1616457418901372,
    0.0006382531495588319,
    0.17851412932006305,
    0.052098804767975106,
    0.21022266144190566,
    0.0627070347206822,
    0.02303450556993332,
    0.11841959557157847,
    0.059926694132032096,
    0.14311269194216603,
    0.24003204710264875,
    0.14735552131620955,
    0.21936160806832938,
    0.06710852385274177,
    0.15477928006201247,
    0.15957528625979028,
    0.019917979771928947,
    0.060567332599137415,
    0.016887614534997524,
    0.11684290067335346,
    0.010387985632581876,
    0.07316101413871677,
    0.2622639294593656,
    0.007377714888920822,
    0.1464091285090551,
    0.11726148776158621,
    0.23822918073160726,
    0.13156370720559615,
    0.21031908609666347,
    0.01596464120920854,
    0.20202345764644622,
    0.14009403644591734,
    0.21225965034425193,
    0.20371797277499748,
    0.1639566086162296,
    0.04220660377331214,
    0.13091150356250789,
    0.2034949094432264,
    0.12767954285172375,
    0.12742800027409468,
    0.09037577858933188,
    0.09507434817945337,
    0.025319350650064087,
    0.06166371128232069,
    0.07442566613245191,
    0.1283064476723493,
    0.1905265884841495,
    0.03378354154023279,
    0.14799435272456754,
    0.019256090293954968,
    0.28417444448845636,
    0.1240414998992384,
    0.1183697930325019,
    0.20599855319648452,
    0.2744537695100905,
    0.255727653405554,
    0.08807980202731752,
    0.01327154541687978,
    0.02299128072469706,
    0.16557761259493925,
    0.23315553802788885,
    0.1843523024386041,
    0.11836690173850617,
    0.321976812400413,
    0.22447370498219107,
    0.033349630593822635,
    0.08241380546622261,
    0.2559747144774897,
    0.028628219781134827,
    0.005053692775147825,
    0.22623616551964215,
    0.117540353067475,
    0.20713244641926248,
    0.26165697456731063,
    0.19792671090153727,
    0.1308600385293838,
    0.17971004079904956,
    0.08948547688569472,
    0.13279149520088565,
    0.232378936460634,
    0.050096294546528,
    0.2374186064599025,
    0.024573324516814175,
    0.01755492518921351,
    0.00021634107323098345,
    0.03650215300207393,
    0.19145650091552824,
    0.2898767267891978,
    0.22768217392925988,
    0.007112294100112211,
    0.0633083515894455,
    0.1357381574766405,
    0.1809200473362653,
    0.05515757696841464,
    0.02679347689379034,
    0.16927890260358133,
    0.15415454371188372,
    0.04721996299721944,
    0.056672109045731306,
    0.15718259591361855,
    0.24750510241107898,
    0.03560736979274337,
    0.22916295014917631,
    0.15451190764975675,
    0.1802221612480444,
    0.12205142224197298,
    0.1367655065156756,
    0.02913556959503669,
    0.16855868126924337,
    0.06290487151234048,
    0.13709034339609658,
    0.11887070971726325,
    0.21018326756121375,
    0.2020817895028102,
    0.005212063403764291,
    0.08573857671426989,
    0.09785844745029794,
    0.11023571563429642,
    0.019119838064405887,
    0.10920468019541678,
    0.20652317849201093,
    0.20858394828747212,
    0.01981953121137412,
    0.058998082782951426,
    0.0035518823914123944,
    0.16298282079846554,
    0.07484280757368679,
    0.05503650403234317,
    0.04563979854619955,
    0.18759835820761747,
    0.4193506066946756,
    0.013402737881936322,
    0.1500905408714765,
    0.26712650770139523,
    0.21453025580145368,
    0.03861915846575219,
    0.14141810453126485,
    0.21106503994756348,
    0.3363091735843285,
    0.0020249900322639497,
    0.05759414270097168,
    0.19131952586248022,
    0.12918193149425833,
    0.26799808827641003,
    0.17083644267908457,
    0.16046898523387243,
    0.20769906776007696,
    0.09270478818524752,
    0.10610846573773246,
    0.36296545857802115,
    0.20195478941404746,
    0.039861981189819526,
    0.0550866679831692,
    0.18166325445786938,
    0.1736978117819652,
    0.1973360195382083,
    0.020400898151566836,
    0.20553731952181467,
    0.11045082790757921,
    0.15778080464133643,
    0.2579217841365685,
    0.09887502641919889,
    0.03404845635259215,
    0.17394328264220324,
    0.06834455203591912,
    0.05194730096259851,
    0.1252867802232021,
    0.22613099470054723,
    0.16203491006196333,
    0.17634161101166665,
    0.1945150562689181,
    0.16701256180502327,
    0.15946642904085082,
    0.25406935173429934,
    0.022456174488436124,
    0.03822782182342925,
    0.1268558131923384,
    0.06805224221295017,
    0.010160223948067733,
    0.18299888771919984,
    0.17285904739380206,
    0.01338618522381073,
    0.244395082024565,
    0.019503657342339907,
    0.032719328502752075,
    0.035422905235815386,
    0.13530012643628644,
    0.11921325577340813,
    0.14333532157983772,
    0.03143682276859326,
    0.10187965913956826,
    0.13656962134746445,
    0.06770673258045966,
    0.17060058537138237,
    0.0997636656287885,
    0.02239227689113035,
    0.26405956759541777,
    0.005291718553346832,
    0.2025678160234935,
    0.025928907706715233,
    0.137144988852616,
    0.21237682003342914,
    0.2250130758770957,
    0.09080036511260578,
    0.16272282118589892,
    0.19430182333673254,
    0.26106194626298806,
    0.0653360883510054,
    0.03655925605848972,
    0.13664515640310304,
    0.015718808937221045,
    0.026481144859900902,
    0.2156691365063743,
    0.13090622695096568,
    0.15869662201448595,
    0.15775218083077863,
    0.2822135689005479,
    0.2612816123243141,
    0.11623262079320337,
    0.02584433735733994,
    0.17184499830714736,
    0.12451617809098844,
    0.2219895051810543,
    0.027959969456370228,
    0.2068187410207251,
    0.08173182149497826,
    0.1907383757693372,
    0.21092141491832528,
    0.038156262297034775,
    0.0995770326013637,
    0.27871987380079966,
    0.02735539988186173,
    0.038319764972493675,
    0.051529508980214585,
    0.0068608238048330295,
    0.08216710580603638,
    0.12312698360838695,
    0.19793675814817246,
    0.03624302077770604,
    0.09533752821541529,
    0.21715526162018284,
    0.00017174286334674797,
    0.0366428867373164,
    0.026629179112482613,
    0.12351326048621734,
    0.14760222097639578,
    0.06356842348436201,
    0.14268665977189426,
    0.37272755134287594,
    0.07406468807708422,
    0.20176403629267875,
    0.30686018772015394,
    0.15536917631949262,
    0.10027231652498844,
    0.14371812890487326,
    0.09784196707452224,
    0.011878230840334361,
    0.27046175989017707,
    0.07693545388545098,
    0.1584403088017639,
    0.28989443596492165,
    0.18227042619697403,
    0.16267236810567332,
    0.23389628754959654,
    0.22145974783868547,
    0.10968203283411287,
    0.18408789360269398,
    0.029337815610038457,
    0.0825772358593316,
