{
  "config": {
    "mf": 0.08,
    "mf1": 0.4,
    "mf2": 0.0001,
    "T_coh": 10,
    "tStack": 864000.0,
    "nStacks": 12,
    "gamma1": 13,
    "gamma2": 57,
    "gamma1_upper": 26.758176320519304,
    "gamma2_upper": 100.0
  },
  "mismatch_list": [
    0.0340526762551348,
    0.0052370717719099225,
    0.027505631787514234,
    0.028527956944595485,
    0.1105246905783125,
    0.022390970144180483,
    0.14211799664169059,
    0.26663392638456535,
    0.07693926538526717,
    0.19109679366780755,
    0.10045643039704794,
    0.22757512040700445,
    0.2066472169368779,
    0.008356849486392471,
    0.07201597121486251,
    0.13948059506718624,
    0.23159611423196103,
    0.019744352572396266,
    0.19956678307374762,
    0.1795491490761288,
    0.013612136405867316,
    0.031503965101512044,
    0.002941746331734918,
    0.011690113067275805,
    0.05327193382957322,
    0.20379069147410744,
    0.036340520473988495,
    0.08951324680343134,
    0.1550467939551298,
    0.026920903865980752,
    0.021669953886402315,
    0.05188953423759253,
    0.09273510524072565,
    0.005353735455123351,
    0.037727365429363016,
    0.0694423226568354,
    0.26990002160880305,
    0.020492474704526996,
    0.05223768208777684,
    0.05263375312381649,
    0.01382594754276033,
    0.23672497935345552,
    0.2520199026508786,
    0.007002423156743621,
    0.2408797677742163,
    0.07247742161984054,
    0.05911324975255047,
    0.09591809385419837,
    0.013815538887008946,
    0.2008225440207531,
    0.25055309536616405,
    0.2606586532305377,
    0.22898083105092837,
    0.05981128022887767,
    0.2780507038148699,
    0.25499282073811896,
    0.029606337049837835,
    0.057678047917330985,
    0.11756571250013417,
    0.2379434426173519,
    0.003765764912052822,
    0.03302395411170635,
    0.06782843889788383,
    0.17287725495124032,
    0.2679288824258847,
    0.2562178436236087,
    0.08608728113226224,
    0.010707904604236344,
    0.029966736755229508,
    0.20325388673842928,
    0.23100108607817355,
    0.045450154302900336,
    0.2162228007459103,
    0.055915190272937725,
    0.050149120257163185,
    0.21028618056870943,
    0.14640045373065197,
    0.05529435732676663,
    0.23642166461945033,
    0.2360892923881392,
    0.2565333560010725,
    0.025559538432497645,
    0.10729844098937309,
    0.27759272296180904,
    0.16451693591293073,
    0.10134479832307881,
    0.2031046960059928,
    0.007167985837289074,
    0.006532732565962416,
    0.20151629176893263,
    0.1859981787020905,
    0.1236426326829839,
    0.002075984704914067,
    0.005204219452194616,
    0.18628625993470954,
    0.2537463842118907,
    0.25543182747913307,
    0.11467384097720797,
    0.16504880737947672,
    0.19310208625241013,
    0.17935257727532403,
    0.11493449106498221,
    0.26940403831989984,
    0.21238184413840347,
    0.00437076802760202,
    0.04651693309391979,
    0.18373104337124216,
    0.15773716040811905,
    0.04565800214743579,
    0.1535309792495858,
    0.08462627450465912,
    0.07021917701577984,
    0.22388427613166212,
    0.02841866605920595,
    0.2776022100178324,
    0.2321374185427817,
    0.2843673483504937,
    0.03701166192295795,
    0.2805932348291403,
    0.1889714220598231,
    0.12603467188284884,
    0.1317058713383894,
    0.006139155270363207,
    0.2523744474874101,
    0.22564539900009684,
    0.25327409145717167,
    0.046195565847595814,
    0.037657974391020456,
    0.25430834319896806,
    0.023175956265430696,
    0.27892801254416494,
    0.11703091359915811,
    0.02551053101166821,
    0.15098763505908483,
    0.2289092173308889,
    0.2535610884548166,
    0.14949963098062657,
    0.10837237573122162,
    0.08689037397757997,
    0.022885056021878996,
    0.019418539962678463,
    0.14148729715725517,
    0.13192765160234207,
    0.03132463263679549,
    0.2646332417986027,
    0.03244659898799676,
    0.2733413834166044,
    0.2737781132641729,
    0.12096695761389373,
    0.030484784225855686,
    0.022364840081304613,
    0.1862394209838283,
    0.0310275522538914,
    0.08856324011912273,
    0.2789312652490873,
    0.20478927188525584,
    0.1981418814707821,
    0.02514178269697595,
    0.18790567329202904,
    0.051324430969090305,
    0.13267615321671375,
    0.10868365959228644,
    0.052150834866351234,
    0.08888092096653476,
    0.05301171743578862,
    0.06141117735666332,
    0.17412016771380273,
    0.0729233674646889,
    0.0490079629469203,
    0.24970159142925263,
    0.26991845360336275,
    0.006838269981664502,
    0.03238284597151953,
    0.019872834416827412,
    0.17081265471355433,
    0.037685622382860065,
    0.23725950719568803,
    0.009864261370887185,
    0.0637061775263461,
    0.26994946272362214,
    0.2743283083017812,
    0.1417287020742391,
    0.0899305688449634,
    0.2565396445639223,
    0.1857009356839403,
    0.278045174216502,
    0.17970641735912238,
    0.007393181441410165,
    0.2334406147699042,
    0.23804845077459372,
    0.15068388663109003,
    0.04693956788682495,
    0.07247221729196486,
    0.07454202185752654,
    0.020793892027327492,
    0.05814708796712773,
    0.01694615895123252,
    0.10612757564083979,
    0.05316546195511636,
    0.07523745016991588
  ],
  "statistics": {
    "mean_mismatch": 0.12588992841121738,
    "std_mismatch": 0.09245352367557493,
    "min_mismatch": 0.002075984704914067,
    "max_mismatch": 0.2843673483504937,
    "valid_samples": 200,
    "total_runs": 200
  },
  "perfect_2F": 1152890.625
}