{
  "config": {
    "mf": 1.4,
    "mf1": 0.03,
    "mf2": 0.008,
    "T_coh": 40,
    "tStack": 3456000.0,
    "nStacks": 3,
    "gamma1": 3,
    "gamma2": 7,
    "gamma1_upper": 6.4031242374328485,
    "gamma2_upper": 23.685438564654024
  },
  "mismatch_list": [
    0.4865358191350176,
    0.1553489981298047,
    0.3260735190908134,
    0.045530998738927395,
    0.058622148884632186,
    0.24297831065712064,
    0.08615909117768525,
    0.27184452387542973,
    0.12543454744776186,
    0.07887672486726537,
    0.22878953618744932,
    0.024235449660585957,
    0.17752391522113875,
    0.08990685453840308,
    0.32031173680088726,
    0.03326007163967954,
    0.04743849167432949,
    0.3292865382261346,
    0.4212595091390629,
    0.509578015029869,
    0.03944486783783459,
    0.3043037802578547,
    0.10164547693883001,
    0.05726815742340889,
    0.12359953555750934,
    0.44632282569604304,
    0.32443572937128196,
    0.04814682176851365,
    0.029101925697224827,
    0.11518409047022254,
    0.31089104412930096,
    0.09124604620506704,
    0.13790356410495777,
    0.0539035623701833,
    0.3582728845753722,
    0.3841739887701544,
    0.27311215609587275,
    0.19710431448164778,
    0.057325838673999124,
    0.08964024138952832,
    0.26064633792907616,
    0.3409528964282187,
    0.26659954173764333,
    0.01076123963079229,
    0.0450781141830714,
    0.07495429140372636,
    0.3216897982576576,
    0.04864643681122,
    0.13716655602058353,
    0.2941117634947292,
    0.22805762400303325,
    0.23359209662780447,
    0.4670702402586722,
    0.030834314836192298,
    0.3157033084642573,
    0.03767268730983213,
    0.2655864334565999,
    0.07056823946739822,
    0.06783141591965652,
    0.027557976433305893,
    0.21796860947310454,
    0.2696793085102288,
    0.07760708681386011,
    0.4177808526654972,
    0.01911786502175353,
    0.09776982817384305,
    0.1773985777668487,
    0.08088667791884747,
    0.1529467692048477,
    0.1067563393266538,
    0.00998113324358044,
    0.22092726730413123,
    0.2993100693573669,
    0.2842339577545557,
    0.028033955174078654,
    0.18057175130143321,
    0.4336199397577886,
    0.23509582080907496,
    0.22765884272545645,
    0.2562013036613174,
    0.31547475192996366,
    0.03745584050310194,
    0.2364999038826529,
    0.02766802618772146,
    0.3151643899378311,
    0.17361779947980618,
    0.2953973397884291,
    0.21157173709796737,
    0.2296713979387193,
    0.28955201726621016,
    0.25188789540524387,
    0.179676607683251,
    0.06437097457785619,
    0.06588326420799252,
    0.2614987085146308,
    0.1452075066726473,
    0.020266936250616794,
    0.30754683267590804,
    0.5392720951445723,
    0.012963535799944075,
    0.47921859470041583,
    0.022831149740201263,
    0.1398950851779678,
    0.057445429687910825,
    0.3340713172283378,
    0.01469050376874329,
    0.05198869664335238,
    0.5150600107274115,
    0.1601253743182472,
    0.05073477998343507,
    0.21313644944363072,
    0.15626604327546667,
    0.06930087830546364,
    0.06835141456219551,
    0.2517988797910811,
    0.35718805421300276,
    0.011085317183450556,
    0.08039118296546899,
    0.03859873159797339,
    0.07882858487617125,
    0.049513281921123926,
    0.1629472560259288,
    0.012657456532244416,
    0.08627391156184888,
    0.026578696254112365,
    0.4468499802832041,
    0.18683054647238495,
    0.04730101079886255,
    0.06717935757181885,
    0.31731805821057363,
    0.06859731884102754,
    0.23478361561908517,
    0.33917383101410253,
    0.023584692393588663,
    0.06752186710304918,
    0.10156491835012975,
    0.11267560660996773,
    0.24552842910426764,
    0.025153470616878205,
    0.06604611615984689,
    0.24802357688590854,
    0.173629617630773,
    0.26637087677994636,
    0.27627015035398617,
    0.030749961428374252,
    0.15610747404804523,
    0.05322667506297502,
    0.06949398038685688,
    0.18909242130168585,
    0.4971368089756363,
    0.15479040075566775,
    0.19650738943442125,
    0.25784044867339084,
    0.24735265286588534,
    0.0773440516372964,
    0.2991202741897763,
    0.20035782975812583,
    0.3028308483231399,
    0.4403369864430629,
    0.23044554103874607,
    0.039202649954716964,
    0.29809139030354326,
    0.18253031165982028,
    0.04205093276111798,
    0.050711035258098114,
    0.08643177603714847,
    0.30487473789997527,
    0.12450817788941052,
    0.025929456914762183,
    0.02270440278166747,
    0.051537763708756956,
    0.053377275170249136,
    0.05732041750383087,
    0.04593184006116815,
    0.3190455682963897,
    0.32175956871772304,
    0.23083857587594456,
    0.1445033508794927,
    0.28565907496838644,
    0.033954089844619506,
    0.11327063424763537,
    0.040713855350819644,
    0.09006298423924881,
    0.2624805908555051,
    0.04497532879668129,
    0.0469278174444799,
    0.007404667909415716,
    0.337055508770857,
    0.32972375560020434,
    0.4576434216647958,
    0.1785639667179184,
    0.22221490364249508,
    0.06948248750610017,
    0.08804392362178404,
    0.2463181309626773,
    0.05084146861234633,
    0.017548219411237066,
    0.29803235376041093,
    0.06900976146742836,
    0.04689366407241989,
    0.3341472136106934,
    0.08883498077273576,
    0.04348233853234395,
    0.2102434419833416,
    0.09283786440157166,
    0.08995098286357267,
    0.554628183080723,
    0.037382004165410314,
    0.2545599901811766,
    0.06250988685909435,
    0.12196044475713753,
    0.08925653096501925,
    0.06166255796179615,
    0.11840177181188843,
    0.30637602255467006,
    0.2607633267813071,
    0.061352575451575346,
    0.4182498380967529,
    0.1233943442666409,
    0.20368192867019455,
    0.2798236189758737,
    0.03580682896132223,
    0.26631677350166716,
    0.015141653550145445,
    0.32498234595934705,
    0.039051074036812565,
    0.2757336713541357,
    0.247005535340012,
    0.13439937391989962,
    0.09143703403009465,
    0.436691357928315,
    0.08109051391717384,
    0.011202306035681491,
    0.0649651348282969,
    0.04399355487921037,
    0.32026880113315465,
    0.23958487497859993,
    0.285051036522315,
    0.35911636444185097,
    0.28666697892606835,
    0.22736815958103462,
    0.024614931572363784,
    0.24078598944107843,
    0.3188659649287154,
    0.2596396266288312,
    0.31967030394657936,
    0.4289343681696644,
    0.33147110716883615,
    0.47471533706505004,
    0.2961389558674463,
    0.029551557550979872,
    0.023651589633464927,
    0.3070342068247979,
    0.030551655023619496,
    0.20449418259650415,
    0.31123875798389283,
    0.49548102097114627,
    0.0937397844824642,
    0.40598395268576154,
    0.12558189485293503,
    0.24504117432954492,
    0.3081665266378412,
    0.20592694366027217,
    0.06859178924745593,
    0.2718775930134561,
    0.051033811729916,
    0.18480850421132763,
    0.3426599687025004,
    0.38870912288610954,
    0.40709962950638834,
    0.06596631653497018,
    0.15850346862730874,
    0.12956173850855585,
    0.5335308590895839,
    0.23448897502044053,
    0.025250292716083235,
    0.002129110371880347,
    0.0655975685401255,
    0.17819370079542662,
    0.15475803636976326,
    0.19819613815353426,
    0.31643858177417766,
    0.12588027605899577,
    0.15841797677375538,
    0.17468820952952807,
    0.10192873308012132,
    0.02830739899736542,
    0.0670073980540818,
    0.13015069443563504,
    0.19672678419113052,
    0.28019160800689485,
    0.13768243457379464,
    0.17251437450375964,
    0.24715429224942892,
    0.2140592952413727,
    0.06765577000620507,
    0.3265605570187294,
    0.06217290692143564,
    0.3096534994032918,
    0.13462961101694537,
    0.05486050732828362,
    0.08195703375686768,
    0.2494820885079758,
    0.0700555051928847,
    0.08497413180230814,
    0.1310578188398891,
    0.2502693508398097,
    0.11999792694452766,
    0.08754430857907769,
    0.3973320361557355,
    0.3195809630622065,
