{
  "config": {
    "mf": 0.5,
    "mf1": 0.4,
    "mf2": 0.1,
    "T_coh": 40,
    "tStack": 3456000.0,
    "nStacks": 3,
    "gamma1": 1,
    "gamma2": 7,
    "gamma1_upper": 6.4031242374328485,
    "gamma2_upper": 23.685438564654024
  },
  "mismatch_list": [
    0.3244831103985525,
    0.5338121636096146,
    0.3968930297955102,
    0.472451944308102,
    0.5037180553481958,
    0.1613373853327639,
    0.3301641172529716,
    0.3345795519316117,
    0.4380881224221658,
    0.4188957163105988,
    0.31394110288936444,
    0.46235859284203873,
    0.3764916485247207,
    0.42850875209975475,
    0.44703061367321034,
    0.41148833781609895,
    0.46738168648483847,
    0.450747151093759,
    0.4389469984119224,
    0.44573652614234627,
    0.01121032936753051,
    0.504541314249947,
    0.42219298043033465,
    0.2535601095553437,
    0.5396886036485993,
    0.3452949826744823,
    0.4778813004433108,
    0.49234254292563856,
    0.46477784424132407,
    0.4951777607119341,
    0.2891026564709635,
    0.5438707111631977,
    0.45517608448611807,
    0.35110170646510325,
    0.394685854573207,
    0.38248534847444476,
    0.45040507525614215,
    0.4162753394980712,
    0.4040371020549379,
    0.33890017034400904,
    0.22607222885231334,
    0.3582416586352031,
    0.38203907774619406,
    0.3035654168809384,
    0.33188170659737976,
    0.47110754831807655,
    0.5126582154960679,
    0.3986960025700684,
    0.4188402035280759,
    0.38265535637092124,
    0.35518303442627375,
    0.3078778493263817,
    0.3888424836722486,
    0.37235881944695176,
    0.33702368650196934,
    0.5247711696966129,
    0.42049788894212475,
    0.2753310952574411,
    0.3778474289720995,
    0.3679817666531029,
    0.16156415288090198,
    0.392885592383733,
    0.3452408251845014,
    0.42108608590538044,
    0.40914476595236243,
    0.42496677635862384,
    0.4466772618016435,
    0.37676292387994015,
    0.3693689898874576,
    0.22312116065952223,
    0.4880582463533686,
    0.37623902199488,
    0.33683015072696265,
    0.4157793566393776,
    0.1408272011766975,
    0.11131277864137018,
    0.32492612842470225,
    0.2289833972326661,
    0.38561211679238905,
    0.3953332507147,
    0.33111504471218517,
    0.3256571732218914,
    0.4231250422173627,
    0.3535775006692435,
    0.4961678290197624,
    0.4203637691921622,
    0.5261410993981308,
    0.3650148686434205,
    0.34761654458733565,
    0.4548370987154971,
    0.23653524991214994,
    0.44657767490565264,
    0.4466050518150024,
    0.46772495497989236,
    0.3197731977563728,
    0.3149151787451964,
    0.13971109066245724,
    0.07890426441172009,
    0.4211292384199197,
    0.6275787557785608,
    0.3520364246255137,
    0.1127536714603906,
    0.5025255063345831,
    0.3487333598536978,
    0.4020401598117596,
    0.3349082916906147,
    0.3264577174206376,
    0.39819004475826514,
    0.4148565650533373,
    0.34950940036328343,
    0.44250962881139433,
    0.4380337480853782,
    0.30041083796003104,
    0.02952325904270158,
    0.4661834994542508,
    0.46476857404033634,
    0.5112388447226155,
    0.5133645939689916,
    0.49119900129034694,
    0.26041854035860607,
    0.5093458805232643,
    0.39643385668225906,
    0.48740879016721167,
    0.41300371751323117,
    0.43511705011145385,
    0.4332372593556115,
    0.11941368743549485,
    0.5167359654849275,
    0.13763120451570465,
    0.3749073657547499,
    0.3716488630017171,
    0.35537076954920044,
    0.45305521429289347,
    0.41768468110671236,
    0.40475144964800885,
    0.2849211994967853,
    0.43128027113657325,
    0.4350212038228791,
    0.3178737281528198,
    0.41182813676224517,
    0.312794959092392,
    0.34883077828162135,
    0.44201754919522185,
    0.3746209111230594,
    0.3289521604501566,
    0.4794663421771051,
    0.34099019407897624,
    0.4936419974149692,
    0.34711768850845287,
    0.2664723068737944,
    0.37047295698052096,
    0.37386530842500804,
    0.20885117706073045,
    0.5359791137492693,
    0.4703171959192467,
    0.22081851863055604,
    0.3814486581031694,
    0.4326929196590171,
    0.30171527992591646,
    0.44810075266442384,
    0.3857551272614276,
    0.4222012748206921,
    0.48944270479093743,
    0.3878075822871288,
    0.17024247050964747,
    0.35359219204039943,
    0.33063678907994176,
    0.5257852537882866,
    0.40110441162901717,
    0.41856095905270907,
    0.38086403911222483,
    0.5186035043961895,
    0.5237549171368718,
    0.44080591766261695,
    0.34844473675393994,
    0.5246357488658099,
    0.3400781906215708,
    0.2993744728589658,
    0.5223346789761925,
    0.31205149981551755,
    0.1069747040610311,
    0.3477977200943587,
    0.4444579431581634,
    0.4385664864778126,
    0.32803771746617544,
    0.36124200526482364,
    0.4742681447378707,
    0.39325656305834666,
    0.5184084506935357,
    0.459152838074743,
    0.34057184237709204,
    0.48732031667006576,
    0.33707518761856775,
    0.4143945187198969,
    0.4250046161263983,
    0.40397486702140634,
    0.32966119529646265,
    0.46951404955881976,
    0.46634450820824797,
    0.21227226070710925,
    0.24478822252949414,
    0.4748689730276184,
    0.5234778953412741,
    0.37936253761072336,
    0.5057256230849039,
    0.38677430725305945,
    0.4003073369791787,
    0.306598724225182,
    0.04871517724895347,
    0.27143826138302074,
    0.24692335040026125,
    0.3488595104835131,
    0.4620643859370075,
    0.28847721606865195,
    0.00539775071312783,
    0.3743295232265157,
    0.46723574858390904,
    0.47216836289660064,
    0.4200191996162679,
    0.5046712054871784,
    0.16508195020308244,
    0.4455136618367293,
    0.4988901780431549,
    0.40246306529658515,
    0.47352566127162654,
    0.38693705078151047,
    0.44746766841217506,
    0.45543955335629527,
    0.293262374552767,
    0.33640003508581334,
    0.35734364179683165,
    0.4059746824847738,
    0.43876511815277747,
    0.23367926904411,
    0.45311186552115174,
    0.3813217485095306,
    0.13474464824791574,
    0.40628873087262085,
    0.49935336282233056,
    0.4478610285195836,
    0.3663104741019317,
    0.45037504197341005,
    0.42261203688434074,
    0.35357256740439036,
    0.563260312339635,
    0.31585900447148957,
    0.4402261235131221,
    0.40081128895801965,
    0.3693524553184444,
    0.3933501866671524,
    0.49200339451991254,
    0.4297833776297148,
    0.32054669031597943,
    0.5829754005729744,
    0.36882221066428744,
    0.467409605511205,
    0.4822670271094288,
    0.44208807861911087,
    0.3358765668943667,
    0.4358872899689595,
    0.4683313128632116,
    0.1106138813832788,
    0.4977708148268137,
    0.38046889001866074,
    0.353647596399519,
    0.38126970527591536,
    0.5772516477917785,
    0.19817819408027734,
    0.4462139685990645,
    0.45899752154942247,
    0.43441712283103046,
    0.15800965423668242,
    0.5813820373429718,
    0.3490395475448008,
    0.2510848574682203,
    0.015715538624156887,
    0.4180605308344775,
    0.4808721600251369,
    0.3783325694904566,
    0.36726373266431755,
    0.37791925947682886,
    0.48711577591961747,
    0.14099916069443455,
    0.14644044340401347,
    0.4232825272107505,
    0.26026701865240337,
    0.45301802506553923,
    0.4541316960532038,
    0.46649532516232883,
    0.3697556277438575,
    0.34510030845374023,
    0.37153501842818376,
    0.41637487218236036,
    0.4096143477123367,
    0.21545324072673605,
    0.3033551839018135,
    0.3927675735091701,
    0.4059079478800026,
    0.49581767563859486,
    0.5331741460925127,
    0.4524634393573268,
    0.5557806425409415,
    0.16337146259159474,
    0.4025943660380603,
    0.44314591155404237,
    0.47444167639495655,
    0.47261127249934703,
    0.28338375563706825,
    0.39797265583451813,
    0.6414139886357094,
    0.4253601906777341,
    0.47736390396245254,
    0.5354403578579482,
    0.08257450503903188,
    0.38812705184514407,
    0.4551433948300035,
