{
  "config": {
    "mf": 1.7,
    "mf1": 0.75,
    "mf2": 0.0005,
    "T_coh": 60,
    "tStack": 5184000.0,
    "nStacks": 2,
    "gamma1": 1,
    "gamma2": 5,
    "gamma1_upper": 4.0,
    "gamma2_upper": 6.000000000000001
  },
  "mismatch_list": [
    0.3102894552467782,
    0.45658721237236843,
    0.5241727935246678,
    0.1807471178322734,
    0.5086398817777968,
    0.19068221047481576,
    0.07600636602188611,
    0.3257389309998589,
    0.3714451601738261,
    0.4500163297288287,
    0.2384296401710904,
    0.2592087802155345,
    0.4785509872660537,
    0.1283781811876922,
    0.06031653374652638,
    0.4575297635865956,
    0.503973634385309,
    0.37871984125685354,
    0.44403574954505215,
    0.04313340690315279,
    0.5113150971607541,
    0.5808651868055832,
    0.5302014038911684,
    0.5048506786808038,
    0.3284979935939243,
    0.5006021869615124,
    0.4475963980567882,
    0.4411056205467642,
    0.7105862187055565,
    0.17321090253509802,
    0.5106388091598301,
    0.5027984575343782,
    0.18889719834152432,
    0.48606577814096946,
    0.5497486190948195,
    0.019532493623672303,
    0.11093500051251493,
    0.5435321235357966,
    0.4461297092492388,
    0.44351292784714696,
    0.32576870313367073,
    0.34725340985206926,
    0.46529399888651474,
    0.3850319859640067,
    0.4950822524171831,
    0.49431500314555227,
    0.4554519647230002,
    0.02823705956430226,
    0.1119951187579133,
    0.5209671078016935,
    0.4547506335874195,
    0.24929696247318206,
    0.17385207257707833,
    0.4677467045787873,
    0.4894410087640903,
    0.4745061303625579,
    0.5161595250170632,
    0.5050378648038858,
    0.5123976267499749,
    0.5469730255645768,
    0.29198099109139636,
    0.5253303291526631,
    0.4840135569945439,
    0.5057252967941234,
    0.4224428104285974,
    0.5106650859464402,
    0.4987382622249269,
    0.4580207570640997,
    0.433762841875902,
    0.5469376197535106,
    0.17085939742474654,
    0.23973813367646574,
    0.5293830403069297,
    0.10306676835291337,
    0.4653903471040853,
    0.5032780602921781,
    0.09181635599751947,
    0.4868797005781755,
    0.3891281216670375,
    0.06609849596578495,
    0.48277891811945306,
    0.09678040697158899,
    0.6857238963035936,
    0.13166940011277775,
    0.5520500379358577,
    0.25126085413973503,
    0.16359450331388375,
    0.45068640834825335,
    0.4624428647349844,
    0.481608182415555,
    0.4385829667887266,
    0.6196524378764569,
    0.4813118180945858,
    0.4464343801600284,
    0.14323677877676477,
    0.34973416056541873,
    0.5199635730592302,
    0.21823229038793007,
    0.4781293250283378,
    0.3691179580069591,
    0.5122034910542214,
    0.5214377871436963,
    0.3205356749120003,
    0.36315810317600183,
    0.5286103629667034,
    0.5858617650694941,
    0.4062342686285109,
    0.1109925709370129,
    0.5498300812454842,
    0.51584601293394,
    0.43738340475084775,
    0.2839474495700221,
    0.22854644315405978,
    0.50132926030119,
    0.3083304159445758,
    0.46379799028420315,
    0.5139094260972916,
    0.5921452479295936,
    0.23073839594508833,
    0.23133268721283454,
    0.47099486905069476,
    0.5209883266152943,
    0.4725772744114851,
    0.5003441069728343,
    0.020675431036884205,
    0.13823407337481805,
    0.31494994559681627,
    0.49232265524060453,
    0.5019178356482181,
    0.4685969786268906,
    0.06014900381123728,
    0.38471999538495943,
    0.04475631716975065,
    0.4818123929355957,
    0.5053394104630599,
    0.7059442125739556,
    0.5505240515910754,
    0.47474496538076094,
    0.4420459100657433,
    0.44526948374204367,
    0.020923641809934036,
    0.27662753458203193,
    0.3338583758189305,
    0.5038814805843804,
    0.4645908172730038,
    0.4896037274567606,
    0.44795489731448346,
    0.27520513387961415,
    0.4491044964482444,
    0.20844350886707613,
    0.4981420793575186,
    0.0788597207469328,
    0.5626510970246463,
    0.5950111447828345,
    0.48281041736599983,
    0.49236390033758415,
    0.5472646608863909,
    0.5109002200087827,
    0.4514820727365471,
    0.4644322929969754,
    0.09103783937137974,
    0.48415345312607394,
    0.279189171741801,
    0.5901478009299046,
    0.4895751067314388,
    0.1989976003458394,
    0.4625795944931671,
    0.4918952359604389,
    0.5413950682567,
    0.47149408687455574,
    0.06006659586074161,
    0.30922267528083075,
    0.31224018795916025,
    0.3538758180255347,
    0.3458149305525239,
    0.4730561780998447,
    0.5247350098416224,
    0.4964883689138143,
    0.5793723856983508,
    0.4618127564388541,
    0.009418192474014118,
    0.353028093524802,
    0.41368955635753485,
    0.33727279545244176,
    0.550504477646746,
    0.1877689825082912,
    0.4717291798151664,
    0.43827364912224537,
    0.39309883608812624,
    0.04023901268978541,
    0.39103978873422446,
    0.039358349681893556,
    0.5951016125927598,
    0.4644206144251487,
    0.4880378941538793,
    0.537372170357977,
    0.5488031893593674,
    0.4298766326136299,
    0.2819609409509877,
    0.5138997624903223,
    0.6606757242348318,
    0.5027109504891413,
    0.5162016747921421,
    0.48523207615077524,
    0.4716125174620944,
    0.12651331065127572,
    0.3057924649023144,
    0.6000502429174103,
    0.5399540394097839,
    0.4441667633825168,
    0.07420646782168877,
    0.33493823249558535,
    0.323874142706906,
    0.21364417428583232,
    0.5128542424597073,
    0.5866700949511774,
    0.27769883793847566,
    0.5327013995749929,
    0.23040909311695992,
    0.5092741022471056,
    0.4568082416807089,
    0.4887972480530076,
    0.3870559153589647,
    0.16399042334750266,
    0.5293006323564341,
    0.020193402096909032,
    0.3028873790386831,
    0.13801250948396443,
    0.4666811171430616,
    0.45926489505923274,
    0.4695780609037996,
    0.5601575574527119,
    0.4793522853316019,
    0.5006912977542889,
    0.5346580949384836,
    0.5101138491318721,
    0.4421472340128597,
    0.46440149281986903,
    0.011220804708509224,
    0.05092079373806647,
    0.46150685187611096,
    0.4980754621520281,
    0.49559812454241675,
    0.474857597804118,
    0.5124473429237021,
    0.2568129458783196,
    0.1362204244128061,
    0.46601679556608677,
    0.4997718980750562,
    0.5614720958526596,
    0.36424951505928804,
    0.2992768087445609,
    0.07255115363044491,
    0.6514869087807104,
    0.47802783659429426,
    0.499052555620954,
    0.55568688501659,
    0.13232101507463126,
    0.4582308068700538,
    0.5513867855239093,
    0.4886226451798516,
    0.5271368890734095,
    0.5079992874400615,
    0.1535451745004447,
    0.31076527480525395,
    0.48497958871761987,
    0.4670387528443894,
    0.46847789009164337,
    0.1397072182942576,
    0.3254790827767141,
    0.45656447205469175,
    0.6046662395536577,
    0.1781264298656621,
    0.5265884896583345,
    0.18468912928457676,
    0.45486083982860137,
    0.43736383080651847,
    0.44917481460959546,
    0.4861007727347179,
    0.10396026134112192,
    0.23297056578980188,
    0.3964048588366541,
    0.45871415170544605,
    0.4556895249675179,
    0.446271291371772,
    0.09340233894897507,
    0.4671660246042617,
    0.24237354322305582,
    0.44551966835821916,
    0.45492721030370115,
    0.15261697477061023,
    0.30265257395019496,
    0.42130234031929253,
    0.14296068746956522,
    0.6993537765469524,
    0.4894125525256956,
    0.4626293929103578,
    0.5732595991468877,
    0.041991045194185866,
    0.5149454058861327,
    0.5568897779147434,
    0.20052412127313496,
    0.49137389464487796,
    0.4998510985304727,
    0.2945316076270473,
    0.2658098050884721,
    0.5493146614593001,
    0.49633687645392105,
    0.2906937163996217,
    0.4456672542535929,
    0.04730150563680604,
    0.45986572468233267,
    0.4374580406940362,
    0.506862765017008,
    0.06253916334946598,
    0.44623880520366244,
    0.5272878880725214,
    0.45737572157933176,
