{
  "config": {
    "mf": 2.0,
    "mf1": 0.75,
    "mf2": 0.05,
    "T_coh": 30,
    "tStack": 2592000.0,
    "nStacks": 4,
    "gamma1": 7,
    "gamma2": 37,
    "gamma1_upper": 8.717797887081348,
    "gamma2_upper": 47.70744176750625
  },
  "mismatch_list": [
    0.0949686713839092,
    0.31978470557519545,
    0.5210995070632867,
    0.4207205740722054,
    0.3499534790796086,
    0.14004683607143695,
    0.16081724159565888,
    0.18031128538546298,
    0.6247092803887287,
    0.6893376522519277,
    0.5224334416893947,
    0.18903446393529977,
    0.15570810825814282,
    0.5355484596775802,
    0.2927109177285185,
    0.05995907662478434,
    0.20383116693493056,
    0.42051464165735913,
    0.02658906240829177,
    0.3967281105191347,
    0.39011579343323527,
    0.8598431411567315,
    0.5831476158823405,
    0.42165525713867713,
    0.5015178570654117,
    0.5142752219863248,
    0.38035558000947767,
    0.5578612982661777,
    0.3987819412090062,
    0.35789882726224237,
    0.42554411984529267,
    0.12104691442550422,
    0.13491030772331125,
    0.12032423549126989,
    0.49087381120833246,
    0.3786776898214019,
    0.09097225254065232,
    0.44027414237714674,
    0.4844921109597679,
    0.5026119227133985,
    0.19575462628724022,
    0.11413245711705028,
    0.03336148489920515,
    0.21720687121800675,
    0.2377975105380438,
    0.3748127525726011,
    0.18502416688086337,
    0.16445398346584617,
    0.41594827648519267,
    0.5322802855094995,
    0.6582698670207152,
    0.3582553238119167,
    0.16668548417175558,
    0.3893549494182572,
    0.17229640158223172,
    0.2622355947782074,
    0.21117548737820063,
    0.16810532637071188,
    0.4866779292205447,
    0.4950892455717664,
    0.3371072430095017,
    0.04522041635211797,
    0.1344831190354412,
    0.2158138457708609,
    0.3216988144827229,
    0.525819219240752,
    0.06801812494380047,
    0.018792109889989153,
    0.43328642690707586,
    0.5061105691541143,
    0.12108507950624794,
    0.382514581518444,
    0.36047222348314767,
    0.5723000590691363,
    0.34242707939695705,
    0.30363097373866577,
    0.47303745468980896,
    0.07524693819194087,
    0.3481051471104841,
    0.29542172269657113,
    0.35331713823189853,
    0.5006502158784661,
    0.47357740384351277,
    0.5225058686039878,
    0.16156854434045104,
    0.32914230631004676,
    0.07258217708077032,
    0.2673181282109627,
    0.4060847354422624,
    0.2986921376174986,
    0.5386675153578309,
    0.14220395823930604,
    0.48959694349746535,
    0.6221455338615342,
    0.48317378932123695,
    0.21692995753556507,
    0.5019192770955448,
    0.5469462297381731,
    0.5132424156298727,
    0.5400642994871712,
    0.5205758214383089,
    0.4424620929672454,
    0.5151386707969765,
    0.08155624766708716,
    0.7750013986634704,
    0.2891103893156278,
    0.39218292407548705,
    0.17255076317150664,
    0.4424875002132329,
    0.3950499312016594,
    0.5152652010504649,
    0.40328289085451907,
    0.5565553007683035,
    0.5765968110762003,
    0.03592909853211895,
    0.25436621534531156,
    0.356800496955612,
    0.49532990965573653,
    0.592762108088713,
    0.5013762198007956,
    0.26146896817523785,
    0.26604234473534394,
    0.42429536996853406,
    0.42776727193978936,
    0.2685934057101322,
    0.33678775502297276,
    0.7012020590928449,
    0.13000833560058972,
    0.036098383795569323,
    0.12382082188501381,
    0.23376646844918797,
    0.4507401568064386,
    0.5155246224042324,
    0.5832522084426363,
    0.20242238393550796,
    0.14542413692705758,
    0.226567218682154,
    0.11273878112875539,
    0.18723615135230157,
    0.4361357248575243,
    0.10741417410620706,
    0.1352632624378408,
    0.4508285581203582,
    0.17999606205757782,
    0.5715348419719897,
    0.04588671505343545,
    0.5990862354455875,
    0.5270781609288455,
    0.08728194944919404,
    0.2105637618510527,
    0.2842113807692519,
    0.10294625749459545,
    0.14194215156799211,
    0.26008317096308137,
    0.5654257184648732,
    0.17446732967893047,
    0.4864929225459925,
    0.238033367845746,
    0.4823626006495581,
    0.31977299583451274,
    0.31394884549185104,
    0.3101967409912339,
    0.6740174081920189,
    0.6486966841773069,
    0.11697228607966266,
    0.32565526118648874,
    0.23804478845702914,
    0.2417573545122546,
    0.2716732843567406,
    0.13468001615655084,
    0.1059027501699358,
    0.013044361991164783,
    0.12826842715630538,
    0.4243382334020208,
    0.22092753289642025,
    0.5112364358556307,
    0.4968910999899094,
    0.24997903811853092,
    0.09530579626381207,
    0.3894219551566084,
    0.3273348138686121,
    0.04649605526303692,
    0.21278463705152778,
    0.29465914390519565,
    0.29960332892025493,
    0.1848473642530241,
    0.6096787439871927,
    0.23119972220447288,
    0.5205886154142401,
    0.497804857316087,
    0.5358991013569132,
    0.5542707086763974,
    0.39455638731658715,
    0.4065846040329503,
    0.1640003394379151,
    0.11636590944640683,
    0.46826472340869685,
    0.14425258459998513,
    0.12462583041577675,
    0.09407150285703217
  ],
  "statistics": {
    "mean_mismatch": 0.3332680796137318,
    "std_mismatch": 0.17982048635095343,
    "min_mismatch": 0.013044361991164783,
    "max_mismatch": 0.8598431411567315,
    "valid_samples": 200,
    "total_runs": 200
  },
  "perfect_2F": 3458663.0
}