{
  "config": {
    "mf": 0.1,
    "mf1": 0.8,
    "mf2": 0.001,
    "T_coh": 60,
    "tStack": 5184000.0,
    "nStacks": 2,
    "gamma1": 3,
    "gamma2": 5,
    "gamma1_upper": 4.0,
    "gamma2_upper": 6.000000000000001
  },
  "mismatch_list": [
    0.2068624843147346,
    0.20281069836294982,
    0.25356814488848284,
    0.01604349661429571,
    0.012794116796678483,
    0.3144680309715323,
    0.050146733127858764,
    0.26034569746664893,
    0.043403803785281005,
    0.10464168203870863,
    0.014818383420168505,
    0.04405752516870696,
    0.10604612769107111,
    0.10385351552335298,
    0.06580366384669208,
    0.031780371588996895,
    0.003689434636535537,
    0.0035277390665749164,
    0.2461692534102803,
    0.0058708430432595285,
    0.13664930927006413,
    0.00816457818924092,
    0.23991683195225896,
    0.005463242990059734,
    0.2860072976239353,
    0.017432040154279405,
    0.07034053650835873,
    0.014332573886996698,
    0.26637447739876136,
    0.012135913908854875,
    0.017517911561124828,
    0.1699400201234004,
    0.2687840088357919,
    0.020464500702584237,
    0.06017214759473322,
    0.0714420469199054,
    0.12826773952918183,
    0.05205397466070675,
    0.002067852867873685,
    0.08758319696067263,
    0.3243133178745526,
    0.14523977494174045,
    0.0005962569318753505,
    0.0178173772501489,
    0.23075208317672163,
    0.052263737979448686,
    0.20772329457072972,
    0.019702283543337595,
    0.13474763347654872,
    0.027086140297109287,
    0.005530682403011571,
    0.018524804404017742,
    0.27596294518686426,
    0.04979587470291963,
    0.06285960458674747,
    0.2910693736880757,
    0.25976071657809674,
    0.1991651391001139,
    0.007936527441263379,
    0.1800010697784691,
    0.2606443680500541,
    0.12956289430010468,
    0.3188034527822914,
    0.125404925607027,
    0.07385338541516079,
    0.0456988400131843,
    0.13720718428524342,
    0.1841534004498852,
    0.06909178699265034,
    0.08638916516801305,
    0.2479635899452389,
    0.021682674793127975,
    0.15554188616400572,
    0.3150506988255567,
    0.018409947783245534,
    0.11220313647481973,
    0.0042040848189761355,
    0.014030144622483852,
    0.08961447497007512,
    0.14182190501523712,
    0.03779953797135307,
    0.0011095337500650541,
    0.2785200048573725,
    0.2836280524827534,
    0.07159955011478433,
    0.19315096019845837,
    0.23509567289065708,
    0.009295146097043364,
    0.02307888025998508,
    0.0817568075497447,
    0.22189316093515987,
    0.12922598636466145,
    0.06298118346411616,
    0.010299653623079458,
    0.023245129616672352,
    0.26677268074919186,
    0.01078148762815657,
    0.1709847166243574,
    0.23197647354755888,
    0.09931881133155615,
    0.18427187118710714,
    0.3025901649771877,
    0.004125730774346134,
    0.03887632782638363,
    0.1810201060526331,
    0.008532061549848785,
    0.2737229158113258,
    0.08586070906073451,
    0.27952892160547727,
    0.15229062700583462,
    0.15233233390966444,
    0.029482082656288853,
    0.04863176779446375,
    0.14393204304557256,
    0.1228605876264218,
    0.18812292911127432,
    0.0400561922825603,
    0.07767451845512424,
    0.010323940485621599,
    0.055139635003151506,
    0.015988056067956953,
    0.030244010686219517,
    0.11217147681472016,
    0.30546815818843137,
    0.11299585677690203,
    0.021515341201505785,
    0.015019039165457142,
    0.24477471043699006,
    0.23178080528297088,
    0.2081752759739321,
    0.17452047902945073,
    0.07072327144038443,
    0.01573224890564554,
    0.25831810585602516,
    0.11324421885932702,
    0.10568746277460057,
    0.2863958151422805,
    0.12231435006621061,
    0.20772293315908474,
    0.15819247916823279,
    0.10639958827985405,
    0.005903442373636033,
    0.2397974215447601,
    0.027262509179855784,
    0.00836978772125621,
    0.2966391608310733,
    0.1900027756414334,
    0.010553509162508024,
    0.14318486061075678,
    0.1827091272342468,
    0.10748194387421718,
    0.11865787617169656,
    0.0003306193728206878,
    0.26678092093469724,
    0.0723694292009044,
    0.03850190536219229,
    0.0748054159703469,
    0.047298375671502836,
    0.2616654282294299,
    0.09537797875477787,
    0.2863548310617407,
    0.08406521600851197,
    0.1137747711541464,
    0.18494518108169059,
    0.09220304973602493,
    0.052763787131432406,
    0.13168958498377983,
    0.022804713386109073,
    0.01935229250634639,
    0.007338391168834173,
    0.2517652790387028,
    0.0925705330966328,
    0.045228932592391274,
    0.30099858037505856,
    0.21922059410291847,
    0.17286427402520052,
    0.09700172899330954,
    0.05301619702428108,
    0.11967929776271735,
    0.008414385918245795,
    0.004562460606130698,
    0.19512484603863925,
    0.10465946349164128,
    0.1552325900782384,
    0.06105073930366096,
    0.2928086310883406,
    0.025672587071293506,
    0.22612644781504976,
    0.049063582427876694,
    0.28626346619789167,
    0.2451202199695836,
    0.10356106122024136,
    0.06083396459900655,
    0.009092249599555898,
    0.1379913029901754,
    0.12804388115628595,
    0.25415435457662794,
    0.013096835190507305,
    0.17112422151931672,
    0.1795075260360949,
    0.18993034874778092,
    0.14051540191866213,
    0.27877530604338097,
    0.07275238097991708,
    0.1552479862143142,
    0.11133639906784709,
    0.02928749862663575,
    0.22151085969710813,
    0.30065285399547803,
    0.056388095389543924,
    0.013915649413356618,
    0.1728592865444999,
    0.1452861079146259,
    0.16981258637738314,
    0.20423805751360352,
    0.2086037656202113,
    0.016274872349406996,
    0.10505542608987295,
    0.07331343641757213,
    0.26127857320465153,
    0.07755771021146918,
    0.11143463075295057,
    6.570463705596966e-05,
    0.011556498759635235,
    0.003396185227804988,
    0.08512140539977911,
    0.020122533004111418,
    0.21492406018515842,
    0.042415848912584646,
    0.20601143217315376,
    0.10765722852202876,
    0.04205877420735198,
    0.0064837971931326005,
    0.002436348181087473,
    0.30279747069674384,
    0.016183073791584023,
    0.15598512140539977,
    0.027542892334025317,
    0.007606703174061631,
    0.19026732896555312,
    0.004911728819831958,
    0.23005802825371677,
    0.28891485430773767,
    0.003786871216020077,
    0.007132747942844917,
    0.09687639143483315,
    0.2570417444906409,
    0.11840864670132363,
    0.0411990481862918,
    0.25129103467817016,
    0.03146377498800113,
    0.168325594305309,
    0.18320100848305412,
    0.11678930568486061,
    0.2824767395465296,
    0.21307789722031076,
    0.24366980275598063,
    0.1223263489328237,
    0.10224198099842136,
    0.2797177230488108,
    0.2968028080239168,
    0.023834230597977252,
    0.23998383767123685,
    0.011083483198695449,
    0.03265079539474826,
    0.09499719544563502,
    0.29365679193676164,
    0.09242885973180365,
    0.041405775647215974,
    0.06638936755853422,
    0.230224422175062,
    0.027993789502292796,
    0.005318822896728791,
    0.3053091370646435,
    0.035077746873066445,
    0.16050601967235867,
    0.0025381217003116814,
    0.02745586440991598,
    0.10544199198533537,
    0.06070732595860825,
    0.036558594947176073,
    0.30544054633875545,
    0.024868157031914095,
    0.15117502154013404,
    0.03367532512591582,
    0.26948962893143585,
    0.13801501159408558,
    0.0022633042854747214,
    0.09756943440523208,
    0.17954735359937085,
    0.22323876877172083,
    0.02473067604216662,
    0.0509809434867839,
    0.07599417115298988,
    0.02379389705839834,
    0.04936232529361082,
    0.07590815518148647,
    0.2560576205813812,
    0.07567656259938821,
    0.013010385525029925,
    0.08193953727744271,
    0.009936218072895284,
    0.06850991424424488,
    0.06934159472165521,
    0.0021150532287070715,
    0.2658902580768274,
    0.023601120086970098,
    0.20651921553433988,
