{
  "config": {
    "mf": 1.0,
    "mf1": 0.75,
    "mf2": 0.07,
    "T_coh": 20,
    "tStack": 1728000.0,
    "nStacks": 6,
    "gamma1": 3,
    "gamma2": 29,
    "gamma1_upper": 13.2664991614216,
    "gamma2_upper": 100.0
  },
  "mismatch_list": [
    0.422926126842698,
    0.27780669673394814,
    0.4083929870380793,
    0.48167317623274536,
    0.5285857466687152,
    0.4870269116878687,
    0.41519103190220463,
    0.4853581656392275,
    0.2635958457753814,
    0.5676221360881865,
    0.5451837577697634,
    0.5722280204699226,
    0.48712666130548615,
    0.43375042407140424,
    0.1363100751559157,
    0.5464863847735244,
    0.4906149162759174,
    0.25829350305803056,
    0.47876439064422316,
    0.5281505347501104,
    0.28371626524854515,
    0.4107133583061561,
    0.3438509727701976,
    0.5133072495311497,
    0.5642722837121994,
    0.5800434030102483,
    0.25880244295487426,
    0.6250619775817071,
    0.6637678108634489,
    0.36714879704671743,
    0.2945173598488056,
    0.40979815556451615,
    0.4839436184802647,
    0.25216752124260267,
    0.17232494565543252,
    0.45169581397476966,
    0.3710986108456241,
    0.2366539077509031,
    0.5916987663466041,
    0.43999784020393157,
    0.3533007311104854,
    0.587399720462539,
    0.5308538578110402,
    0.5540713673818534,
    0.4138431651941491,
    0.5998727324987398,
    0.48986321616837214,
    0.6239246693056223,
    0.6415702140268996,
    0.4191674094579768,
    0.41931302221499883,
    0.23285577842487332,
    0.4209257675272276,
    0.407729543657426,
    0.4078005610482297,
    0.5573387365821856,
    0.46160366159161575,
    0.4635369067621892,
    0.22470970421744635,
    0.5892830095066807,
    0.1464791149780231,
    0.11658962996469839,
    0.25598251042247977,
    0.051008268050642014,
    0.14063953383100442,
    0.22962090916788977,
    0.4604777919945077,
    0.5341920004493069,
    0.4902964764640235,
    0.3759988650228291,
    0.2979961819749622,
    0.5321693601051187,
    0.1492344271059611,
    0.32908043971799916,
    0.19594787778893696,
    0.43234617714469536,
    0.5177927296190118,
    0.5424674238891444,
    0.39311638731171855,
    0.3860096607504662,
    0.3568905246862414,
    0.2965895497313103,
    0.057910182625286334,
    0.5518789358407207,
    0.5394278795627454,
    0.3195035006152491,
    0.5383128523153784,
    0.6414502976387639,
    0.4533337677501463,
    0.5574895807729576,
    0.33549986972916784,
    0.3561617561483984,
    0.5051650785696296,
    0.5247433263439932,
    0.18807150703131803,
    0.45627372509417397,
    0.2987528153516396,
    0.3538497334896222,
    0.476803876964051,
    0.44249694760748914,
    0.36789713602584295,
    0.5149468296589875,
    0.5257613687729268,
    0.5082182842567021,
    0.47001884291961493,
    0.49339299733831155,
    0.4335702242187084,
    0.3892275075183564,
    0.5025684442301515,
    0.26734491346883305,
    0.517596320453453,
    0.49648572339019026,
    0.6592247307925877,
    0.5524610615983163,
    0.5443159903082404,
    0.49026384099130305,
    0.5344295563321328,
    0.4306942367381528,
    0.5500537888970652,
    0.5475257866314478,
    0.14116343617049074,
    0.39617669473787154,
    0.521167736246398,
    0.27254642233359244,
    0.6113047705363049,
    0.2996654701410904,
    0.20203368869857433,
    0.41230295520168775,
    0.6496416386563596,
    0.5825442451897644,
    0.42793838249272775,
    0.6013907969918552,
    0.33462413314058526,
    0.5916716062605029,
    0.45282558681778445,
    0.4173118497232978,
    0.3296830033048566,
    0.47087040106827505,
    0.35905210974236085,
    0.5410536899064121,
    0.3511239667647285,
    0.6540293207495577,
    0.5021167519399403,
    0.5646778146983881,
    0.5336065135632916,
    0.24396788582745507,
    0.5047347999201569,
    0.44580326794926606,
    0.21137643304691822,
    0.45680071750333645,
    0.5642949442231581,
    0.1969520962219507,
    0.6062036618301474,
    0.4473268891466236,
    0.4520433654957182,
    0.5862103960135716,
    0.49852527779997446,
    0.5341467878508869,
    0.46504670396362696,
    0.37941252462704217,
    0.3864235674518299,
    0.48091074219895646,
    0.6854986987553958,
    0.4833226228988475,
    0.421636808823244,
    0.5735327617318832,
    0.44855440577255373,
    0.5905902445090817,
    0.4947600550054087,
    0.4360272090935221,
    0.5068447211797604,
    0.7562866383327155,
    0.2298739153990966,
    0.43275292789522996,
    0.5733417195294463,
    0.5224465371866033,
    0.17240013735088652,
    0.6258318115191943,
    0.439280944039055,
    0.48491525565230664,
    0.43480142724355053,
    0.42104291911617936,
    0.44981043777830276,
    0.13738325093328235,
    0.57390278402267,
    0.4071879682878618,
    0.612948524968793,
    0.4770048941282496,
    0.34263088315384005,
    0.5069160096293076,
    0.5597299083940712,
    0.4382737981716112,
    0.07880631801067169,
    0.28197471282139297,
    0.3564773227376109,
    0.5493128227157635,
    0.29972190457149245,
    0.21719964224582794,
    0.5272617873418386,
    0.5026436901373541,
    0.2902977883883422,
    0.25711575281741167,
    0.5246553948875936,
    0.4998805715176026,
    0.6512097134876554,
    0.5832352552446343,
    0.5333214139768514,
    0.5476099774771869,
    0.3032393254627271,
    0.5235751715828952,
    0.3250423149804518,
    0.23274936076216515,
    0.594668187776053,
    0.5148955453447125,
    0.32173322983949093,
    0.4729146719001966,
    0.5444283712633061,
    0.5253404687559803,
    0.5487417561549038,
    0.5522742750181528,
    0.5526985090576447,
    0.4855428108553172,
    0.39222921204415917,
    0.5434720760161478,
    0.0674103578918699,
    0.6490017231746443,
    0.36837419941444804,
    0.2974556366286234,
    0.4681599762682649,
    0.4426550290667133,
    0.4438588009467106,
    0.5305480493365946,
    0.6091270303790713,
    0.22441652708044904,
    0.505055245566753,
    0.5541735565281625,
    0.5596724439404438,
    0.5003278726561686,
    0.24289281263888374,
    0.6807598871658347,
    0.45273689639690284,
    0.5436895735519527,
    0.5386457666641765,
    0.6007873118052697,
    0.1874703529499269,
    0.603208598243561,
    0.37447063582683165,
    0.2698956846689066,
    0.48200966855695804,
    0.23284471922813746,
    0.5418098895890999,
    0.5451583324596206,
    0.5040632789889465,
    0.5768270199595732,
    0.5451087287095555,
    0.5391173004544138,
    0.5515554272303228,
    0.4523106836285832,
    0.5498815039596804,
    0.32564992025993883,
    0.5173426636812618,
    0.3983412614401698,
    0.4446679655078833,
    0.5505364632016613,
    0.10765488323710928,
    0.6254082280206867,
    0.5809804530866164,
    0.5675285123981727,
    0.49526129683393627,
    0.7005771003284906,
    0.5282088665917171,
    0.3501784596555624,
    0.6493735886648871,
    0.638535386122638,
    0.3929374343292429,
    0.6174415947014738,
    0.32107856876212787,
    0.17144329998624105,
    0.4597652327695275,
    0.26292985444253897,
    0.5316379223325624,
    0.2965456924266079,
    0.33217083466468356,
    0.4823094595272974,
    0.5394427877936393,
    0.46333621486848287,
    0.4930041906765984,
    0.1748412381833296,
    0.4434856614803732,
    0.5696240133326206,
    0.5269754408851781,
    0.4933104870567824,
    0.5171476098094208,
    0.4450801916450371,
    0.6276847961958097,
    0.39565094919892924,
    0.42837110067089207,
    0.3185151120128573,
    0.3755746038774628,
    0.4297101308639087,
    0.364885727597022,
    0.4443867691673498,
    0.44737291492127423,
    0.4644221304067952,
    0.5578464838205578,
    0.44763009545713134,
    0.5302616486681854,
    0.7291568837048482,
    0.3166960909968055,
    0.37175310928774113,
    0.37152520309618475,
    0.5500291767631531,
    0.44074525758332916,
    0.3396111803274672,
    0.44726525038834586,
    0.5152819666894826,
    0.6826031408335577,
    0.6120682888050679,
    0.4928531567447059,
