{
  "config": {
    "mf": 0.65,
    "mf1": 0.5,
    "mf2": 0.005,
    "T_coh": 30,
    "tStack": 2592000.0,
    "nStacks": 4,
    "gamma1": 7,
    "gamma2": 15,
    "gamma1_upper": 8.717797887081348,
    "gamma2_upper": 47.70744176750625
  },
  "mismatch_list": [
    0.2016877784135412,
    0.12736048855929422,
    0.28682142414155315,
    0.17300643110523473,
    0.27329291497080227,
    0.07179885325497541,
    0.3667741601586048,
    0.07706158658601499,
    0.015726904560409108,
    0.23578733838750798,
    0.03484797142476318,
    0.22612499526550608,
    0.15897086124998155,
    0.039794252627969394,
    0.10964610850621585,
    0.11517476860251329,
    0.02063783969451744,
    0.32681076683188487,
    0.04484498182677159,
    0.09426153315490195,
    0.10175858620349679,
    0.06001784217524769,
    0.06329375055476703,
    0.11274506969319611,
    0.1610191984812611,
    0.08672082156697147,
    0.1357374346531416,
    0.1444231709457336,
    0.14084794135530562,
    0.1088927095732768,
    0.3182866538736545,
    0.016924912227542523,
    0.12187613754348145,
    0.028760641046139557,
    0.14252091634358866,
    0.10752426012509472,
    0.31556890980001207,
    0.14985952648121714,
    0.22648293746217826,
    0.023834526618553606,
    0.28563946315609606,
    0.2416039713657808,
    0.03991901196388543,
    0.18939876697876257,
    0.13385498541486743,
    0.20920196237906077,
    0.23450056799470545,
    0.03506474619209352,
    0.1278301792689016,
    0.2654703022182875,
    0.22053157018370415,
    0.11138160772715668,
    0.3597152104327139,
    0.12131428683775995,
    0.29296361682374583,
    0.08221914909795965,
    0.046099514291521655,
    0.14856921425326983,
    0.06716844592080341,
    0.0039033191765941657,
    0.06223336848183068,
    0.2621870933214289,
    0.2146991073708047,
    0.1074290642702851,
    0.013842142286938378,
    0.18138171470503453,
    0.23728965474769267,
    0.12546510078038917,
    0.10646387805215836,
    0.10906105516617857,
    0.34406969579828484,
    0.14121094331647036,
    0.13652986605502307,
    0.18341414981933749,
    0.0523325658875304,
    0.04873377225103718,
    0.12671724792759276,
    0.16690746326827827,
    0.07995447079344914,
    0.14883347852448015,
    0.22023318864334415,
    0.27614286346239975,
    0.0775639489177742,
    0.09568773620064887,
    0.16127984863497674,
    0.02041195735110053,
    0.15586749083965779,
    0.08363038969727862,
    0.06932180940647806,
    0.0043302910174145524,
    0.12212052416847108,
    0.0611764559616892,
    0.3178445750217064,
    0.24595045362957146,
    0.14829454132367487,
    0.18290210165269255,
    0.08756862124887131,
    0.36202614944115624,
    0.010636058657416068,
    0.25877811313575577,
    0.3102821787288079,
    0.00940415056818264,
    0.09559008274594287,
    0.08841707147192018,
    0.021309848701476498,
    0.006087185813923836,
    0.029735946793251374,
    0.08960915198636235,
    0.03284603946211523,
    0.17923984411299293,
    0.06557570434090207,
    0.08712625326752363,
    0.15579875032490917,
    0.19979665529327986,
    0.23481788751073754,
    0.1743979386230328,
    0.047822002689481675,
    0.1692640124395033,
    0.07440672815677984,
    0.13064868493829546,
    0.035475454504187896,
    0.1133190638336997,
    0.01449102094193154,
    0.15606785751356234,
    0.0012449189122142425,
    0.08309629541391621,
    0.13424675575128972,
    0.10696074692532569,
    0.17990910639065602,
    0.35779936674878904,
    0.15166470588745523,
    0.28180466764720086,
    0.2340073855213827,
    0.22451700210977724,
    0.14824285944350107,
    0.1307404112403102,
    0.18595617550038904,
    0.0599672445303223,
    0.1425730319178618,
    0.07725089406038584,
    0.09370922371936638,
    0.2177811544879099,
    0.23099191044852932,
    0.18190677369466027,
    0.03087396010997326,
    0.046922810256807626,
    0.1749760528574803,
    0.20989507783218872,
    0.08879106035026871,
    0.08223172622684109,
    0.05294248435593101,
    0.22944036980806723,
    0.09470693699494515,
    0.023840381488894974,
    0.2436995089715407,
    0.07753040990742366,
    0.16900300087403816,
    0.05657553982627371,
    0.15653610257617187,
    0.08189568558218663,
    0.22923378685207185,
    0.13397186597464508,
    0.1686242413605967,
    0.07615220234200597,
    0.11646226181881475,
    0.13384089035663824,
    0.11038360532217834,
    0.25778423082472135,
    0.3211684065992051,
    0.0869290670170144,
    0.1845014209264342,
    0.16820536514296436,
    0.0955821316874546,
    0.1989083052130898,
    0.08046008583095356,
    0.15557619296958736,
    0.2288230785399775,
    0.07269045604091065,
    0.17647143011207522,
    0.10163382686758075,
    0.24132380497759393,
    0.13382202466331605,
    0.054495542925740874,
    0.08605979947719622,
    0.1940583763822915,
    0.07852002755981437,
    0.2900638657930718,
    0.10644681941758352,
    0.07457782047897754,
    0.16491731332866294,
    0.05497571457608281,
    0.18780920582225655,
    0.04164504219699022,
    0.08520766285430278,
    0.19679592581980473,
    0.2601812581118867,
    0.12662067870813515,
    0.1678419294877003,
    0.17949731384331327,
    0.05367311434865363,
    0.22297442448070193,
    0.22948431747680242,
    0.07263031712579933,
    0.1026186738848785,
    0.0824302858419983,
    0.03459520004718592,
    0.19010113457267686,
    0.14883543014792727,
    0.01483183222167898,
    0.1860707430249701,
    0.09133554363121661,
    0.060053766503144715,
    0.09241117727998048,
    0.13260609097340906,
    0.007160795556890691,
    0.11919626942118318,
    0.049918552248140104,
    0.08644542581387757,
    0.052217058692400724,
    0.05001591657344653,
    0.22899243608577777,
    0.1612321422840471,
    0.11234419178068726,
    0.11572360848525397,
    0.10385354555045756,
    0.15603077666806703,
    0.30587924394975047,
    0.16422889622827808,
    0.26298277742905557,
    0.06737929353544249,
    0.3248397717149913,
    0.19280160316469475,
    0.17438507236475176,
    0.1679001890617144,
    0.2625336149068179,
    0.16663785010317583,
    0.18515333544012288,
    0.2589022942128727,
    0.2514636453029917,
    0.05020659741246535,
    0.04377303457785228,
    0.09302058977193184,
    0.1376167757503703,
    0.3698929989918058,
    0.052565676465936656,
    0.1863736060710235,
    0.272045972152791,
    0.23696004723217873,
    0.2623440183030475,
    0.03795134183508695,
    0.15815262504918814,
    0.2099942492162425,
    0.014554629409837743,
    0.22816176732080265,
    0.032552500839198084,
    0.12505338051539627,
    0.03802268451443175,
    0.2922245297960857,
    0.11803353554079775,
    0.22327446851510946,
    0.3059821740159987,
    0.2418827643893197,
    0.04425985620438442,
    0.03731214901497951,
    0.37678562703059193,
    0.03615584826373459,
    0.08964153447911459,
    0.3427665173120565,
    0.10348295394255404,
    0.08944593844030302,
    0.08412957160564254,
    0.08176658930527698,
    0.06162323316638038,
    0.11804452245798154,
    0.06315713691346848,
    0.09675671987322254,
    0.12592799694910659,
    0.26262555805588234,
    0.026650646970400958,
    0.11156202447249064,
    0.1833318925051588,
    0.1621403700104578,
    0.11977619071437803,
    0.14438854770013465,
    0.19733645323230767,
    0.020905501236172748,
    0.06414032143671868,
    0.014594240137579333,
    0.05525385705847266,
    0.07962609207788336,
    0.0036928329737045485,
    0.20061149422362828,
    0.2105845068854721,
    0.05735105715828013,
    0.05634835640055871,
    0.19139947014146233,
    0.09269416267981319,
    0.3141051199323206,
    0.17363217940826198,
    0.0961590894043038,
    0.004755022105388244,
    0.2241145339855707,
    0.25410643257979465,
    0.11701355930145181,
    0.22454280690868916,
    0.17149247728671718,
    0.11021410321167828,
    0.03315179380216436,
    0.11384556847032333,
    0.14231238176414615,
