{
  "config": {
    "mf": 0.7,
    "mf1": 0.5,
    "mf2": 0.002,
    "T_coh": 40,
    "tStack": 3456000.0,
    "nStacks": 3,
    "gamma1": 5,
    "gamma2": 21,
    "gamma1_upper": 6.4031242374328485,
    "gamma2_upper": 23.685438564654024
  },
  "mismatch_list": [
    0.14780028972901849,
    0.052585350632070496,
    0.08499657544680471,
    0.11163821148657052,
    0.20048034820392838,
    0.035274903744413076,
    0.1875218540922408,
    0.07938111053971977,
    0.21123313080925818,
    0.06486809588228515,
    0.08723757877095784,
    0.11915423023124218,
    0.16825778011104942,
    0.1230595327970495,
    0.16500735490156726,
    0.0156869148456685,
    0.22472295380913643,
    0.17451191307565644,
    0.2490370104371621,
    0.1360189485076657,
    0.12494956956450981,
    0.20384022683910757,
    0.049029713542115605,
    0.22589311338995421,
    0.15902715366556217,
    0.1367020159488658,
    0.18680371168005208,
    0.1478790593315632,
    0.21111917781232148,
    0.2166316404862096,
    0.12647606266048697,
    0.21411133847498798,
    0.1930385994905618,
    0.21978930947411288,
    0.10631332130050403,
    0.02899382756406983,
    0.009219241988133927,
    0.14754392259176172,
    0.14467373825788093,
    0.19206739685491897,
    0.17889980820984178,
    0.24043361338014188,
    0.20703698246392402,
    0.0785889691547344,
    0.10168819575975585,
    0.19572869255145314,
    0.23047579116828493,
    0.1372915139929618,
    0.055374542683637534,
    0.1979592872288832,
    0.07342671407371555,
    0.13583338185280633,
    0.2869405311727585,
    0.055405226506789855,
    0.054954293572194425,
    0.2476805252376614,
    0.10139122405793886,
    0.18937546059617041,
    0.20528252916237175,
    0.012595872039133042,
    0.12841808844986086,
    0.1507088017359888,
    0.014630654050085758,
    0.13088726882639581,
    0.06447614527912034,
    0.19420360895971972,
    0.12312919483371157,
    0.06759873929603503,
    0.13381751972574082,
    0.021352037671494652,
    0.010719171350286634,
    0.041035330741797146,
    0.0168750184997432,
    0.11132015143279901,
    0.09300077056512772,
    0.18187337425883116,
    0.18167718211044204,
    0.09412989188777181,
    0.2798370092661893,
    0.25769396865544464,
    0.09147069949683952,
    0.16704154058380147,
    0.08428401683988931,
    0.030826074657536548,
    0.2874223105656113,
    0.11742509379437567,
    0.010039790304800955,
    0.21539463787721722,
    0.2864738768446751,
    0.012643578336613684,
    0.1790299162938799,
    0.16006248874429543,
    0.11677102961357574,
    0.13122625459701678,
    0.18083039533016065,
    0.18443509401013825,
    0.1845637925899326,
    0.22196986675088998,
    0.318149990984594,
    0.2632570650587042,
    0.2271570592146828,
    0.033377602608927304,
    0.28127817314371817,
    0.22089886037244957,
    0.23885296279418386,
    0.151017862647281,
    0.23786847829162883,
    0.14920019850156688,
    0.1237043267768617,
    0.1929084914065237,
    0.1881472944945523,
    0.0443885413376694,
    0.18199947067694477,
    0.1398525832038487,
    0.20867157369305617,
    0.09375832488443962,
    0.06427512828928145,
    0.19570115300699842,
    0.05488446890042731,
    0.1442887267525315,
    0.23908872948480125,
    0.2502984083119116,
    0.09054183620021075,
    0.24552967597340633,
    0.22505586786916895,
    0.03451366302938676,
    0.028872393352300924,
    0.09400450022178007,
    0.07519921987192811,
    0.05419001700187388,
    0.1541677793618437,
    0.12351886854540571,
    0.07387905651255472,
    0.06766975662523916,
    0.36810840518823335,
    0.13904081718285421,
    0.07845951161111647,
    0.0006208324076685271,
    0.2508710465167843,
    0.09235055541514725,
    0.09088217726337379,
    0.03722348914969054,
    0.03679304823833112,
    0.02603224230115229,
    0.06328045198681008,
    0.048782074488829735,
    0.0027135125160182025,
    0.019858071596527024,
    0.06054623060074914,
    0.0029790414308593174,
    0.05026454768304066,
    0.16673968982883305,
    0.14642981791048368,
    0.17494804621569254,
    0.2588238489419123,
    0.17717652663675698,
    0.1412927712707472,
    0.21647041488540567,
    0.1443741643943832,
    0.06913683369617225,
    0.0398896206384382,
    0.11862572035153904,
    0.1617088981243944,
    0.008039486936118341,
    0.23316620949938638,
    0.31661422768762915,
    0.142419724125324,
    0.23897976396441933,
    0.07610162785813579,
    0.29902128362250396,
    0.2993720875440917,
    0.14153189908686895,
    0.21039057254170804,
    0.039725684452550175,
    0.020843965603325822,
    0.05057463861666483,
    0.13169838430697006,
    0.16107348276897326,
    0.20643745525501672,
    0.20445151798727998,
    0.1000539298008338,
    0.35268880824356147,
    0.07610553110065693,
    0.18864452422238465,
    0.1771274650467343,
    0.3264251903996281,
    0.1949158965081267,
    0.20658057414745865,
    0.2125470056112364,
    0.14256663783688373,
    0.25702559258540053,
    0.08666499477778677,
    0.13787260922329703,
    0.1872763835070222,
    0.047824262143502494,
    0.07623433810385466,
    0.13422605910962052,
    0.017567193506825958,
    0.2300969597969273,
    0.12735076846713486,
    0.15334500836540768,
    0.22739765074674992,
    0.17497813371012635,
    0.20897103913315054,
    0.2648448715892843,
    0.054780707703406914,
    0.19559500649510397,
    0.09258437048450407,
    0.1489435603058017,
    0.15967113446984912,
    0.0822305860035578,
    0.08421874595106353,
    0.16620971623318448,
    0.169235000245579,
    0.08391299195357396,
    0.3019915969693924,
    0.11323626402876863,
    0.32386238641428733,
    0.05173943123901603,
    0.25071475418083355,
    0.14743051171184182,
    0.204932917898221,
    0.1545023197729267,
    0.13344373004263968,
    0.02403074627503266,
    0.19261238709193362,
    0.12979739677576987,
    0.07227948604270949,
    0.25457132042682823,
    0.2746648334437626,
    0.17467601189664952,
    0.002512061832565858,
    0.31067159516089005,
    0.2265003386605004,
    0.13409231884156966,
    0.1974167365184443,
    0.055561139360828855,
    0.03305265766904211,
    0.12673579092324805,
    0.15324379511836636,
    0.09191539808574145,
    0.014069562937671398,
    0.16305437834845352,
    0.03335450842401053,
    0.07345837370749816,
    0.17515231590763236,
    0.12154399046481222,
    0.056054248999333305,
    0.12706512701096953,
    0.16767186003926446,
    0.15355112125520473,
    0.03687241416959437,
    0.21956828836635314,
    0.021819776233611667,
    0.12090971355512642,
    0.06879508312876548,
    0.0025190009303812243,
    0.055675634474782396,
    0.04653944481362613,
    0.0690804535264224,
    0.3019136947540746,
    0.2844241866157597,
    0.2463954910609783,
    0.11659869061392693,
    0.25537018406282225,
    0.16672109521515593,
    0.31643115477104716,
    0.04447007573699995,
    0.06704339462399903,
    0.12037914363075933,
    0.128385615640553,
    0.049301314167545164,
    0.2265957512554617,
    0.12428753626356255,
    0.018769500626741483,
    0.0142624481722579,
    0.2266258387498955,
    0.3423630512123851,
    0.24730472972159798,
    0.09386441718463237,
    0.05590896163882408,
    0.14474882146471127,
    0.1590565364078741,
    0.22522538786033028,
    0.2505341207908273,
    0.03405936896928701,
    0.18229080436178677,
    0.21905761413650354,
    0.2912257493439571,
    0.28232180261280887,
    0.31163607554552425,
    0.13680209075017177,
    0.013229498408398651,
    0.30245369751453444,
    0.016622283546499167,
    0.22868008276175225,
    0.16685591971724043,
    0.025398399085079952,
    0.13943244251580894,
    0.13261228517393445,
    0.32173089072753297,
    0.048193552255364,
    0.21773539073246623,
    0.03885287605546117,
    0.17793576151882107,
    0.1484565223778857,
    0.15352222641820792,
    0.08718651134797288,
    0.05882728596379894,
    0.01193427243179924,
