{
  "config": {
    "mf": 0.001,
    "mf1": 0.08,
    "mf2": 0.0005,
    "T_coh": 30,
    "tStack": 2592000.0,
    "nStacks": 4,
    "gamma1": 3,
    "gamma2": 21,
    "gamma1_upper": 8.717797887081348,
    "gamma2_upper": 47.70744176750625
  },
  "mismatch_list": [
    0.05877487488648057,
    0.12155787835690075,
    0.0010243131803395478,
    0.04501542360782026,
    0.06512842115976163,
    0.015000177814580738,
    0.00823874224085115,
    0.10057301110054503,
    0.11609528432840589,
    0.09373770296522438,
    0.048309402574812955,
    0.08571898819744878,
    0.011820621807469312,
    0.05505002083177324,
    0.11862523885702522,
    0.15067132955287005,
    0.0005263600719238294,
    0.11284590357129744,
    0.01024060192114921,
    0.01943065216894756,
    0.050493702906241986,
    0.07821644169026204,
    0.13310324897597595,
    0.12535234031455544,
    0.13335891164754896,
    0.10656933800065285,
    0.024602165174421646,
    0.03914226583193081,
    0.14735566588090934,
    0.02733769070613784,
    0.0015993192737416438,
    0.03220482273621077,
    0.00770537078098766,
    0.03582298804247542,
    0.0019553821293165933,
    0.05212085088469259,
    0.016026587183067195,
    0.04922861721840748,
    0.07932424098472847,
    0.04506016638240428,
    0.007704141981039472,
    0.03191388627788978,
    0.11015121756727102,
    0.006658577789831261,
    0.039265145826749615,
    0.0020758045242390186,
    0.001485257725609839,
    0.13141581751771422,
    0.0018489825102734904,
    0.07732780248067242,
    0.001455983373903007,
    0.04333630461979628,
    0.001274988369769902,
    0.04662442871644762,
    0.06413988774261932,
    0.028289649254234082,
    0.0011354834344756161,
    0.021173957883676882,
    0.02921508017991944,
    0.07816447068068867,
    0.0057603973100557185,
    0.12462163803948294,
    0.04183268717731352,
    0.004822750667238372,
    0.008269895933655212,
    0.0169317790507824,
    0.00497649522546166,
    0.03279442986429133,
    0.0017020324929401828,
    0.1465013607875191,
    0.017751605463273482,
    0.0036981095852467675,
    0.034177046653052524,
    0.07170380196486557,
    0.01775175002797327,
    0.026136068921509752,
    0.102551884993577,
    0.07214327865221752,
    0.13313136681008447,
    0.03924049754543596,
    0.12232804679501506,
    0.056926109223256756,
    0.0578297831616242,
    0.05079468661119815,
    0.0031110323394124718,
    0.0006998377116680194,
    0.01734002976298039,
    0.06935795058142477,
    0.005202883545327828,
    0.13649249608012817,
    0.094928120985619,
    0.019910462407540033,
    0.0014480323154147316,
    0.0010924031539391423,
    0.0011164008941037553,
    0.014803569822870656,
    0.018083959708083394,
    0.02495721607709809,
    0.004068990322549867,
    0.013677989070330437,
    0.038337112736468094,
    0.0005812223754929294,
    0.019026160138944023,
    0.09400030474238714,
    0.1478707499062498,
    0.027294321296201792,
    0.07111354429563596,
    0.05567772075824763,
    0.03794599294119484,
    0.034614427152257564,
    0.01192080514442158,
    0.14322415132570165,
    0.0639876611137438,
    0.1368330905128259,
    0.14105423518190144,
    0.14193275486250595,
    0.012303612469457093,
    0.1199377417663898,
    0.026788706258697375,
    0.047509164679142984,
    0.04870297996998259,
    0.013255932429302801,
    0.0241253907945247,
    0.08623602384623635,
    0.0024175554745350727,
    0.003570025261235641,
    0.12376906772249013,
    9.801486645546728e-05,
    0.04158316850548146,
    0.000619676585636225,
    0.000549056729790361,
    0.03232640164873149,
    0.0013855803651068232,
    0.047913728991496415,
    0.10696848113676428,
    0.027879446918588967,
    0.023273760148080514,
    0.012691913253084504,
    0.0634895634406283,
    0.02533467450824149,
    0.14283339294217787,
    0.04467685308091951,
    0.016209244681247847,
    0.09233210038919709,
    0.15078199383055688,
    0.015043258095117211,
    0.11187211575353338,
    0.040736886752929385,
    0.04220111031472024,
    0.03480004822678385,
    0.0006511194078398593,
    0.14067316263326335,
    0.07402883603153708,
    0.08801272400661644,
    0.10066090643801542,
    0.0036479456344207396,
    0.0523435528047142,
    0.046711890359818646,
    0.10050933035028894,
    0.1267549793142371,
    0.006094992307712324,
    0.12204592878338108,
    0.004923873674739256,
    0.09915259064278958,
    0.028671227779321407,
    0.0010190365687973288,
    0.08279054107386707,
    0.00999578160206022,
    0.06901222410188458,
    0.018809240806913895,
    0.006011795322985006,
    0.0040628463228089265,
    0.011846643453430939,
    0.03784580960424257,
    0.11289252568697868,
    0.13598601365442503,
    0.027953102633130354,
    0.009256622292050185,
    0.0930088800312491,
    0.1211524466563486,
    0.020362154812023966,
    0.00022103942597405526,
    0.10589754584074348,
    0.013645172883478829,
    0.020144295809445222,
    0.11515084314469856,
    0.00473926455311148,
    0.021345989876423204,
    0.026861422302690147,
    0.03371024723744087,
    0.013520124418163224,
    0.110889726336132,
    0.025341541331481362,
    0.041075529562180024,
    0.0946274264100624,
    0.07143223717631603,
    0.0023389122778510398,
    0.14150824062158196,
    0.025402330787741723,
    0.0008977467856761826,
    0.004861421724431348,
    0.09054716004092916,
    0.0010005322872246151,
    0.0185293635481266,
    0.02785299157852798,
    0.005186114040152556,
    0.14334153786192858,
    0.004685631049490569,
    0.015332459777040754,
    0.02296207865534012,
    0.007756908096461663,
    0.14938506513651678,
    0.001747281243973459,
    0.09489038959897463,
    0.011906204109743112,
    0.035676833130990945,
    0.06320925248774163,
    0.0009122032556548651,
    0.009853963631569346,
    0.03565673863772057,
    0.05516726280330035,
    0.011433477541440194,
    0.03565167887322804,
    0.03307474081717799,
    0.014646789405951844,
    0.005545935577921963,
    0.020084373741383582,
    0.03230963214355621,
    0.10733712112122068,
    0.0011751664445670996,
    0.1432040568324313,
    0.1014283281468338,
    0.001512435889169762,
    0.11210826219063516,
    0.04379240624762372,
    0.018232716784164035,
    0.06423486675037926,
    0.05705787994711245,
    0.11128352057835132,
    0.06044069392212415,
    0.07516489772481184,
    0.011204559339327756,
    0.006330994180114316,
    0.12014345733418645,
    0.034092909997776595,
    0.12777813597697837,
    0.1194079121416711,
    0.00022190681417277622,
    0.003586505637011339,
    0.0010761396252131246,
    0.0004451869929935273,
    0.00145880238554885,
    0.08120228099965912,
    0.10510742747405859,
    0.01876695563222625,
    0.006595764427773885,
    0.002194130731014535,
    0.11212698331925755,
    0.04399602562727346,
    0.12572531724000544,
    0.0016739869411815389,
    0.06453324829073927,
    0.14584771149743297,
    0.06356921859021084,
    0.021893167265116337,
    0.012162083628365792,
    0.005653853126312829,
    0.002197672566159312,
    0.021992338649170096,
    0.1204929424959211,
    0.06866656990469427,
    0.003881634471626142,
    0.001524868453351429,
    0.01789385712786372,
    0.0202114461124962,
    0.03510985037842702,
    0.02601991118523104,
    0.00033546238585532715,
    0.09947974055840718,
    0.03555539878317001,
    0.004484975246186455,
    0.12425502196082354,
    0.1264388163158033,
    0.035313180628677186,
    0.039584416966228816,
    0.11350981695506843,
    0.01036326506891833,
    0.0011849245618027102,
    0.058035498729420855,
    0.09656509936365511,
    0.019084202865908433,
    0.011747833481126645,
    7.66915732369106e-05,
    0.0005724039288059332,
    0.07802229129844833,
    0.04115843741750777,
    0.06026815595292858,
    0.09650749033079005,
    0.010913406033957091,
    0.06571969078188974,
    0.017845211106385452,
    0.12635482422522717,
    0.12279846032812139,
