{
  "config": {
    "mf": 0.5,
    "mf1": 0.005,
    "mf2": 0.1,
    "T_coh": 10,
    "tStack": 864000.0,
    "nStacks": 12,
    "gamma1": 17,
    "gamma2": 69,
    "gamma1_upper": 26.758176320519304,
    "gamma2_upper": 100.0
  },
  "mismatch_list": [
    0.227216889171561,
    0.3752841915396494,
    0.6302788825830987,
    0.8162406445429966,
    0.42312242758475926,
    0.3903415589542467,
    0.5631130467837633,
    0.8046964966091094,
    0.6300392124420734,
    0.7153122873205333,
    0.42085903286457155,
    0.40210507472926926,
    0.3404516792793914,
    0.7597575184376868,
    0.4459719749112364,
    0.7800961130935143,
    0.43536452467735065,
    0.7517278639606041,
    0.20754886674134154,
    0.7444932247782821,
    0.45437723548922254,
    0.6807534901794875,
    0.41701373931716834,
    0.664147997857118,
    0.5369370665567397,
    0.6117018444896956,
    0.7721061416164837,
    0.34587388417312936,
    0.6935152610951663,
    0.3398910755860317,
    0.4313257493988188,
    0.44760618807595237,
    0.7676997022582338,
    0.4161735114239876,
    0.7062312230831891,
    0.5254990923326914,
    0.788445752417329,
    0.7187616724671431,
    0.29744457743188757,
    0.46335448422779646,
    0.7436304176917656,
    0.44613564018057716,
    0.4372699592208384,
    0.3073572498943684,
    0.6746460487821168,
    0.5093665433060254,
    0.4709269439221745,
    0.7767909989631461,
    0.017052847672684206,
    0.32128446498370994,
    0.3793403145777669,
    0.7398688541902375,
    0.8048441558596449,
    0.6772424662746,
    0.7802429727207565,
    0.6285130432925267,
    0.7240703037473437,
    0.7318681487869634,
    0.4151698893202096,
    0.7061525076240692,
    0.34565795877803684,
    0.33113994405130687,
    0.7782218909643436,
    0.7579345399639795,
    0.8019882402790474,
    0.2724498712091486,
    0.4752628537953591,
    0.4684837288315319,
    0.7018852840364941,
    0.2589345027747199,
    0.7515708396304797,
    0.797871007047202,
    0.4479806828360074,
    0.19854283156420519,
    0.4635318650695596,
    0.44253392002010605,
    0.46058941398509157,
    0.3286659908991485,
    0.7905576795116346,
    0.4934295360569388,
    0.4214208834281515,
    0.6035817919216471,
    0.588152938499048,
    0.7730256948509573,
    0.4588023236890271,
    0.5752341161473705,
    0.7611352558192789,
    0.7638797798092245,
    0.481328335299232,
    0.7408520384647537,
    0.6369461144975986,
    0.7614816417876302,
    0.21278084260887317,
    0.3365471322906535,
    0.7620681858027454,
    0.11411952584669807,
    0.11958878653831204,
    0.7998968323316267,
    0.594701012989894,
    0.3111446995059033,
    0.42050595174525507,
    0.6010674510167034,
    0.7187523209404915,
    0.47531093961646054,
    0.6344065109177582,
    0.3333435432126728,
    0.7464452814256562,
    0.6600516497014614,
    0.6738092362291045,
    0.597906933173069,
    0.48581592964529363,
    0.3602847222726693,
    0.6792764910860164,
    0.03189743397361384,
    0.7383837504403349,
    0.47259162408966277,
    0.7171462978851021,
    0.6612221355677537,
    0.760154782132198,
    0.1572416650249542,
    0.4933938105145421,
    0.3720317034643367,
    0.7182675594835702,
    0.13593221926744098,
    0.7634294699186054,
    0.369086433368936,
    0.6018730104965873,
    0.3928241317744492,
    0.41006021515775676,
    0.4025150239729774,
    0.7055227568452362,
    0.7059121598361852,
    0.3811309828492459,
    0.2789113695373125,
    0.7341004530692686,
    0.8218257150827819,
    0.6129284666217721,
    0.19019579440432835,
    0.5632985593878322,
    0.6698363553311237,
    0.521170501045582,
    0.49909423010263476,
    0.5665238602711693,
    0.19998096083385475,
    0.1570956185739426,
    0.8229173228547083,
    0.5739944560897304,
    0.2841655180100645,
    0.75396621285289,
    0.7012713630882829,
    0.5154491557224892,
    0.5979602775337948,
    0.43480711947716455,
    0.5353611852336304,
    0.6065128314330127,
    0.7822074574115213,
    0.6139906374141516,
    0.5405770060000479,
    0.35013210861041955,
    0.5032499401231235,
    0.7265227348352662,
    0.7947633049997436,
    0.6678572199152714,
    0.38831675014011025,
    0.185091541416746,
    0.5443690636102227,
    0.27633842573201856,
    0.7686226572799385,
    0.795876516153529,
    0.6212679412427046,
    0.5643269833666429,
    0.30529319177416947,
    0.7060221554743078,
    0.6054067762300565,
    0.7530195944028755,
    0.7079957612917922,
    0.5068002133340735,
    0.7265186147423647,
    0.6960699626470209,
    0.4384844108153306,
    0.20733744092139156,
    0.768081136122123,
    0.5597703503586053,
    0.7510360949412523,
    0.47878125049807047,
    0.7099137729609796,
    0.8004942593552944,
    0.7720537459613602,
    0.7826940620678985,
    0.743554331502458,
    0.6800959016676943,
    0.665446694509098,
    0.7080563429209702,
    0.17739466575908971,
    0.47510477233613496,
    0.3393713475511957,
    0.6940836712803394,
    0.5871782654690786,
    0.5233439042629192,
    0.44143933060200086,
    0.7062876846194656,
    0.5435086689465237,
    0.6751546634084683,
    0.28302853500447195,
    0.4778332496484639,
    0.19332896242074107,
    0.7237805419505149,
    0.7147485122398745,
    0.6684925273983467,
    0.7786037720751596,
    0.7027532412391374,
    0.6185281607807707,
    0.32188003525498443,
    0.7471314937407657,
    0.7590569942209192,
    0.5564521847497363,
    0.38382232511371184,
    0.7095490634215659,
    0.4252564188607878,
    0.11397272043120459,
    0.7495913789441351,
    0.4325616688457983,
    0.30693163345528446,
    0.3742409948593167,
    0.673566096536162,
    0.2332522831549026,
    0.7130231420197107,
    0.6926284110980991,
    0.1159995350800431,
    0.5749530824420831,
    0.7441039302108305,
    0.5673164089313639,
    0.5679802860060069,
    0.7324260147870134,
    0.7527215653143691,
    0.11472431211525244,
    0.7764300842461417,
    0.6056102058170725,
    0.7160609515701511,
    0.6924871081750992,
    0.6996726857248431,
    0.4141958126194759,
    0.8122773049127879,
    0.7487000293719255,
    0.6911772439028859,
    0.4525699242108911,
    0.5099920384625851,
    0.7406849036434957,
    0.38937339133412185,
    0.42538262381177333,
    0.7579883722304437,
    0.6509988568910668,
    0.41165756433335327,
    0.7861975911985274,
    0.726336354843218,
    0.7660294653865032,
    0.7760364527387938,
    0.6886909575778971,
    0.245341232057402,
    0.5761294231772357,
    0.6826353426122885,
    0.7642242683663713,
    0.615583974920344,
    0.7466914569765262,
    0.416578635822061,
    0.2380185801010572,
    0.6744933613918889,
    0.062077548171746724,
    0.7342749877942247,
    0.5400816732521292,
    0.35889879891702275,
    0.7538948430857197,
    0.4806614765784103,
    0.560392457280871,
    0.5122835690803508,
    0.7056569580291557,
    0.7816696768643664,
    0.7563933541600415,
    0.04531668497758832,
    0.8017466049621315,
    0.4522230774426757,
    0.4401494704650598,
    0.44869795848312494,
    0.4202439463637632,
    0.7179357022638718,
    0.776228524964456,
    0.4591852212701314,
    0.04572717633878353,
    0.6631566818202961,
    0.7655609674541936,
    0.39595648661463134,
    0.5932355881047714,
    0.7577784643394575,
    0.5784099488100142,
    0.5838628104476449,
    0.18309188685400873,
    0.7119492343837366,
    0.504569508298355,
    0.8028835879677241,
    0.6025343125131667,
    0.7998119638390289,
    0.27759640936072094,
    0.8095255572073273,
    0.7536952896387361,
    0.7212691284800012,
    0.4090062303394317,
    0.39183856218299,
    0.0642308388303143,
    0.5765520308642664,
    0.7049223346224526,
    0.3597961659933387,
    0.7790477120853059,
    0.7816956713978706,
    0.6808615341946568,
    0.6140248179217103,
    0.4439098684139908,
    0.24315763703130827,
    0.7292271963429188,
    0.6068201849422965,
    0.7238592574096347,
    0.7012325745820843,
