{
  "config": {
    "mf": 1.7,
    "mf1": 0.5,
    "mf2": 0.005,
    "T_coh": 10,
    "tStack": 864000.0,
    "nStacks": 12,
    "gamma1": 17,
    "gamma2": 11,
    "gamma1_upper": 26.758176320519304,
    "gamma2_upper": 100.0
  },
  "mismatch_list": [
    0.5202337762397061,
    0.506520860192996,
    0.4499533941596382,
    0.3384788053205145,
    0.517185612245263,
    0.35762433491671397,
    0.4759969892963239,
    0.47442213799644,
    0.5206455144711216,
    0.41838291124246496,
    0.5280002597826998,
    0.4439931918717506,
    0.627075293505118,
    0.44391420535388726,
    0.48983898351670097,
    0.6151139319531962,
    0.46676310213937994,
    0.46913708882692606,
    0.2376895689981658,
    0.6441501511477765,
    0.5361059462373414,
    0.2939461306526997,
    0.5918308532723242,
    0.3756769014472694,
    0.39150255776451565,
    0.4188432774124689,
    0.5105529132146884,
    0.2178421598914811,
    0.48957459281826604,
    0.6303579775244595,
    0.3781883691295317,
    0.54336061666081,
    0.4776915401373487,
    0.36084830761220776,
    0.511062232593773,
    0.5400411770758464,
    0.5662084021054542,
    0.5428650128541478,
    0.5376276158117456,
    0.5987002136918711,
    0.5502633173058106,
    0.5551593429666165,
    0.46769608633459514,
    0.45089857599831207,
    0.32807356490929884,
    0.4759097083809087,
    0.4353927147866773,
    0.5521645504387737,
    0.593876370974466,
    0.5003826265223608,
    0.5700040105851693,
    0.5635540051477308,
    0.5598508276995581,
    0.5079931970760785,
    0.25979077734551737,
    0.4378417847461801,
    0.4558439343504397,
    0.3191279758319687,
    0.1731943394694166,
    0.5759914542767811,
    0.3912007609594742,
    0.36317204000870423,
    0.5614457373464629,
    0.5579048156621645,
    0.4006175043448006,
    0.6421577067476171,
    0.6002946896447862,
    0.5395410194822929,
    0.4507190266866007,
    0.5906883677742379,
    0.35719584525494863,
    0.31365329396548425,
    0.5043977654784572,
    0.1464778138960542,
    0.5232492505496801,
    0.5973757122475074,
    0.543539678066783,
    0.23779083654474698,
    0.5712594733675569,
    0.322970504580188,
    0.6495038052852768,
    0.5818915899471034,
    0.5970019222401856,
    0.5533941813229033,
    0.5274122249444954,
    0.5035005068256386,
    0.5444447432114151,
    0.2463820434207917,
    0.5616289188453375,
    0.5259050299069954,
    0.5478732568347733,
    0.3926339027482429,
    0.11113462696299387,
    0.3934873583081077,
    0.44735529610294505,
    0.5232010020933324,
    0.390827404646142,
    0.6074948772608061,
    0.5751293248371235,
    0.5527680085194847,
    0.5738659200335505,
    0.4263332810370664,
    0.31970977631907216,
    0.5982107358128125,
    0.6162810024793202,
    0.47146900719747703,
    0.48649455231558436,
    0.5382237282005071,
    0.43342954473081863,
    0.48329107166110113,
    0.10920506819133234,
    0.4949623190398275,
    0.5029223927374472,
    0.3488745586757067,
    0.4744219211494452,
    0.33472843654509393,
    0.4494267270209679,
    0.5876079748951897,
    0.514333261087143,
    0.31551394960454154,
    0.41447559945454304,
    0.14666484442908687,
    0.05677856658281555,
    0.5009250692799042,
    0.5748205889282478,
    0.3709056712319826,
    0.309879885196864,
    0.5489866577296791,
    0.3528573874295749,
    0.6037544021295242,
    0.5399584499473224,
    0.43263859531721083,
    0.45296220042452134,
    0.6649146875131803,
    0.4817921710211531,
    0.5979985239225063,
    0.5590473553719993,
    0.5211553217559446,
    0.5267626055597617,
    0.4408573132679026,
    0.19643155501088408,
    0.5382045914532142,
    0.49930858335701483,
    0.5018466690078914,
    0.5002809794935387,
    0.5279298929328805,
    0.33100750474922025,
    0.3948347913221736,
    0.586948190807574,
    0.6068258229641618,
    0.3627155770846071,
    0.6603228439743587,
    0.5200844770837723,
    0.49497289033082503,
    0.07288878036901504,
    0.3851457423231014,
    0.5283994751001644,
    0.6298500134390925,
    0.4820249020583442,
    0.4036391587941269,
    0.44465034668955417,
    0.5186195672102624,
    0.4940968826834989,
    0.3770416822209209,
    0.538696237802221,
    0.5174452865215606,
    0.4999358132895331,
    0.30020943082759766,
    0.7214052270751254,
    0.43013081403386044,
    0.28176908765855446,
    0.5113163772717026,
    0.625444766739314,
    0.28558196258023205,
    0.5149630389718504,
    0.6089120807954554,
    0.5496400177250733,
    0.5110678706156384,
    0.44797569535512655,
    0.35864731061477967,
    0.49245914575511707,
    0.5160849511113029,
    0.48939764567049254,
    0.5241437986150633,
    0.415693412177455,
    0.4237973638561381,
    0.5275149562082915,
    0.5704487908774204,
    0.517592850901536,
    0.4751177831558242,
    0.38393221232833713,
    0.5287430691634574,
    0.1062555695795326,
    0.488140421006272,
    0.5260794833143285,
    0.6538858493566095,
    0.5795031016167786,
    0.5520785977112016,
    0.4084584748305151,
    0.5889135293333809,
    0.5023840700728053,
    0.2779092653624982,
    0.6426999326581657,
    0.5314067092243351,
    0.50944715617635,
    0.44457049278371147,
    0.5950845340061084,
    0.6426604665051084,
    0.4039281616264739,
    0.5082869163305629,
    0.4864123673045474,
    0.47974085266189986,
    0.4748001565201609,
    0.4215707789133212,
    0.5722207560955961,
    0.5202438054132166,
    0.6183693745688134,
    0.569771577712596,
    0.4433791896059164,
    0.5158897888159645,
    0.05360717928356572,
    0.27475956276273045,
    0.5216756461200164,
    0.43664945154515955,
    0.45127838350974014,
    0.4227104182946003,
    0.5030149864042356,
    0.49627619498144493,
    0.27618278380148614,
    0.4830985657414492,
    0.49055306067064486,
    0.43280464590349466,
    0.5172805912289944,
    0.25440137055974604,
    0.5013892302723175,
    0.5111124326730739,
    0.496245294284683,
    0.24990819240356787,
    0.4753221614484425,
    0.5617823652000473,
    0.11370995608523084,
    0.49382517339898885,
    0.36615216825852237,
    0.4484307487737573,
    0.3872392374228472,
    0.5370684758356009,
    0.5722041130887436,
    0.5552187590431973,
    0.41415992444183314,
    0.5708993447209088,
    0.5377643920537286,
    0.5567465545452052,
    0.13911260571697587,
    0.5304151763405183,
    0.037731919216254246,
    0.43245042633745534,
    0.38120237972229054,
    0.09960264956669092,
    0.5781632311416571,
    0.5507864064690663,
    0.6060848838887345,
    0.35093015976310765,
    0.5519617984986165,
    0.5026093198886751,
    0.24122477134297574,
    0.5526356776408955,
    0.528491635072963,
    0.530816939610172,
    0.46587619793056406,
    0.452537397161668,
    0.547133618841315,
    0.5326876244227398,
    0.047490359253669026,
    0.44019625520419237,
    0.512207618420415,
    0.48615345199273174,
    0.422752757670339,
    0.5137782954156486,
    0.5412562249995745,
    0.5798669979799618,
    0.4254958179430696,
    0.25157487840575826,
    0.5178704692666549,
    0.5597872373183269,
    0.2962575569822401,
    0.5585445414027593,
    0.5254937253695696,
    0.44596866799456536,
    0.5312459171776757,
    0.6147808549691519,
    0.5072485444958649,
    0.5083579337213666,
    0.4321041758984757,
    0.2254971298673883,
    0.5146710002815759,
    0.508649809776395,
    0.32272221477111857,
    0.2373596905072951,
    0.5021896667419488,
    0.0688044672215709,
    0.4566695250714701,
    0.5691897230137438,
    0.506746435279358,
    0.26521845762587454,
    0.4523056961477023,
    0.5221954825783498,
    0.5709907728350999,
    0.4388026879919784,
    0.5132925039355019,
    0.46709769705238796,
    0.2766690631873711,
    0.3693690934266845,
    0.5983964652638762,
    0.6081596488293027,
    0.2706958500797943,
    0.06378120658655399,
    0.3415873069912664,
    0.5225679172919541,
    0.6695899358273846,
    0.5675658913989049,
