{
  "config": {
    "mf": 0.75,
    "mf1": 0.35,
    "mf2": 0.03,
    "T_coh": 60,
    "tStack": 5184000.0,
    "nStacks": 2,
    "gamma1": 3,
    "gamma2": 5,
    "gamma1_upper": 4.0,
    "gamma2_upper": 6.000000000000001
  },
  "mismatch_list": [
    0.20171186239757594,
    0.15193622674677476,
    0.13765490103103514,
    0.1528266727576576,
    0.07523072519415033,
    0.12286637021274135,
    0.0456021985393187,
    0.09582338246604176,
    0.288231424887095,
    0.05803042218662719,
    0.16495796059745682,
    0.019036852422614537,
    0.02507430623420631,
    0.0739185117935848,
    0.1213714993668068,
    0.024011033174697716,
    0.20331067523260454,
    0.01821861645839718,
    0.08833522231153106,
    0.1017476421504282,
    0.13248107648626925,
    0.1496422747538064,
    0.14352870764978345,
    0.030997915377631798,
    0.09196798760213493,
    0.06563119820971128,
    0.013386398200459138,
    0.1139146374607507,
    0.12600660371357694,
    0.04283761630226735,
    0.17597292014826552,
    0.03686268670525579,
    0.06387791803762151,
    0.23377514702225718,
    0.09293816102189865,
    0.08428184614850838,
    0.05337146467128888,
    0.08707635326976343,
    0.23245997004620286,
    0.06774444438019349,
    0.0620271290037182,
    0.1925274528285521,
    0.12027996391666136,
    0.04119687971642197,
    0.15011348325652132,
    0.19410103913076163,
    0.16357650072571459,
    0.3088401288360232,
    0.11006813332331018,
    0.1130277332839886,
    0.07980872650101484,
    0.03386962002625294,
    0.061646707106220326,
    0.06200652853995478,
    0.10376142783621403,
    0.0963270457344752,
    0.10387563391602528,
    0.13759035291124308,
    0.18063729883827842,
    0.10045501726102016,
    0.06995136844905252,
    0.13800879531379204,
    0.12179182110990962,
    0.009907594270613475,
    0.04779560581265577,
    0.21000445259146605,
    0.07087238988510002,
    0.10132905518322124,
    0.030104650355918187,
    0.08398368154140622,
    0.007547576228944157,
    0.09260248188604836,
    0.15063767470638917,
    0.1363675527516437,
    0.07077603754055038,
    0.054565207334632486,
    0.16259982189634137,
    0.3199383576298335,
    0.06103288556839932,
    0.2114759039628064,
    0.1424085483973562,
    0.22778113489039106,
    0.0805069015167724,
    0.06969491074578016,
    0.07694425008529315,
    0.09831994182718162,
    0.17684406677730682,
    0.09805734012594473,
    0.07285755176860402,
    0.21884985803750587,
    0.12010995587886639,
    0.06273007465318939,
    0.026027493306656335,
    0.14127877559517268,
    0.17170233558661446,
    0.12432575043513962,
    0.12557334343358412,
    0.1349635407932552,
    0.08774077243788056,
    0.057066392764828,
    0.10489083922675256,
    0.19291170568948668,
    0.14170141037280334,
    0.08143688596161519,
    0.07652009737875362,
    0.43514363221594493,
    0.008007147276690973,
    0.4299422319626676,
    0.11460493370264785,
    0.07930470182093644,
    0.21758202598694293,
    0.09451579513453187,
    0.15243287862929575,
    0.04592790271376776,
    0.15225434127667942,
    0.01796960383501125,
    0.08516426882087283,
    0.13290609658075672,
    0.1116874743397732,
    0.09933102704515621,
    0.1705501552624427,
    0.029777355970231244,
    0.110540642907947,
    0.13440205166162617,
    0.1803045109955879,
    0.07895312057270736,
    0.15529323495226474,
    0.08012828667749938,
    0.11340042097228406,
    0.04754774970653374,
    0.1764261303510608,
    0.12632804323061533,
    0.032261916464758025,
    0.24542105902285857,
    0.060478769234327746,
    0.15420401253664714,
    0.14395054732179516,
    0.39686244094533724,
    0.14069668599978027,
    0.13082010084830542,
    0.008024495035649644,
    0.09399514551878473,
    0.08005672717179485,
    0.13539231956885037,
    0.11282028299977448,
    0.11606214545517628,
    0.13354557834537076,
    0.21925348256261096,
    0.13763762555440545,
    0.05192733602030844,
    0.23550616423701665,
    0.14007672046399472,
    0.07783158795602921,
    0.3269490930013358,
    0.05632376411673885,
    0.1030276176322622,
    0.09726071657809672,
    0.1648957255121926,
    0.06377527713044936,
    0.09202595802998849,
    0.11313384374295248,
    0.13430974712750024,
    0.09441452759161062,
    0.10851977355391973,
    0.10173824544765891,
    0.07216754465602285,
    0.0483450960776717,
    0.1376240364765545,
    0.11988212197787583,
    0.16105225723256983,
    0.014078718347568133,
    0.027360018041669317,
    0.15152472344780926,
    0.12200353605153441,
    0.06683556637541707,
    0.03968748012235953,
    0.07001244701705285,
    0.08368486639334309,
    0.1532642699773901,
    0.025352954612479977,
    0.1663217835809244,
    0.11205654791161895,
    0.22055564871944627,
    0.006910768910502911,
    0.018933633256810443,
    0.21068744831813477,
    0.23862572499175982,
    0.0650039321586973,
    0.13009474767684595,
    0.2157185152631366,
    0.10190919315573083,
    0.03619421972671497,
    0.4617909103525643,
    0.06977846911809776,
    0.08864516893825933,
    0.2136611433329671,
    0.07339374208508498,
    0.12853648522838323,
    0.06282331885759225,
    0.08451466753019955,
    0.13842326218824633,
    0.20800996628752175,
    0.11074635841626526,
    0.1532420070200598,
    0.0565072889500558,
    0.17743562535779753,
    0.12208904604673486,
    0.08444195150723112,
    0.23641164497233033,
    0.05831781672670919,
    0.1535409667327809,
    0.025066788871990885,
    0.012718148068905298,
    0.050037080834774164,
    0.19030354241237937,
    0.02049608808035482,
    0.23502902858332417,
    0.029874142008754836,
    0.135658246257221,
    0.17436348181087474,
    0.01657209728623224,
    0.10838344908143617,
    0.034795267531356075,
    0.1416431508156338,
    0.14354056195173853,
    0.09679615804964929,
    0.07755228903679459,
    0.02021172939809059,
    0.11280409175807972,
    0.1327261135815605,
    0.13455109782401276,
    0.11114318840244487,
    0.03283981368506878,
    0.17746150243157754,
    0.24394064464272291,
    0.17703532581982617,
    0.12388150324113963,
    0.18308051384062035,
    0.09029233865138522,
    0.2133048637333534,
    0.15774187112928129,
    0.17786404272174772,
    0.014010339264339368,
    0.11816931991002295,
    0.1319697512909624,
    0.10537961233541314,
    0.16287167573568956,
    0.0070368292922692605,
    0.13738449283826684,
    0.1479034510475155,
    0.1442711917332146,
    0.23661634852804264,
    0.16339637316186037,
    0.23574881601545106,
    0.10950729473264212,
    0.2526231257192092,
    0.03019905107758496,
    0.16282534276280408,
    0.40831702162109024,
    0.011496793555885806,
    0.09718012178126789,
    0.09139919795527748,
    0.10285739274748024,
    0.07478857418769119,
    0.10175226821948384,
    0.05984788906686404,
    0.020580802969936335,
    0.08606837619193561,
    0.11744635205542031,
    0.05864901435816183,
    0.09799539416999647,
    0.1060397668461196,
    0.08098165185360805,
    0.08090271955034609,
    0.009604297618152695,
    0.16345535554231985,
    0.13449681379493791,
    0.08572062590714323,
    0.03578922183735898,
    0.14593064944226955,
    0.041261789247859,
    0.0821643353206155,
    0.09104826724800935,
    0.03521884197926364,
    0.11897902655941897,
    0.0747989105607374,
    0.06148305991337686,
    0.0588806792225891,
    0.17752446034013172,
    0.1093469002446034,
    0.13441289401097534,
    0.07305676186731277,
    0.07518793405538561,
    0.0583124678343636,
    0.03498493636263755,
    0.11074317799378951,
    0.17165867705990182,
    0.1389864138134422,
    0.28069548611311895,
    0.06930567040414495,
    0.14749006840799617,
    0.12659584925953982,
    0.05842428859731803,
    0.020470933829864747,
    0.1160291847131548,
    0.19445421059022858,
    0.13171285989371606,
    0.08388508844465775,
    0.22680235987347702,
    0.2774307824417549,
    0.11154594553960204,
