{
  "config": {
    "mf": 1.4,
    "mf1": 0.65,
    "mf2": 0.05,
    "T_coh": 40,
    "tStack": 3456000.0,
    "nStacks": 3,
    "gamma1": 5,
    "gamma2": 13,
    "gamma1_upper": 6.4031242374328485,
    "gamma2_upper": 23.685438564654024
  },
  "mismatch_list": [
    0.1751187046525892,
    0.09808317180956817,
    0.13521883800253298,
    0.6139463560032574,
    0.2135167987426355,
    0.10467574842777934,
    0.2894573636350724,
    0.05290595863582107,
    0.6058804679684198,
    0.3041736721738166,
    0.5433294615335992,
    0.32301657544463624,
    0.38030934498060903,
    0.2812978519914289,
    0.15936472993193937,
    0.13942441918395992,
    0.5984889192908112,
    0.2091212597585129,
    0.26872561625422947,
    0.19369889801705523,
    0.14297224978887252,
    0.1074533391751863,
    0.6451721877490011,
    0.11256674951298917,
    0.127776818230658,
    0.23945595955199883,
    0.23696016122993774,
    0.07272673258159051,
    0.287174400453817,
    0.2121295755082808,
    0.06655288714717533,
    0.18711434473069308,
    0.15403246695444406,
    0.34515836918624226,
    0.2673826839801494,
    0.34302915039095855,
    0.14323680289308335,
    0.43081882113185144,
    0.3701265442067695,
    0.16812528671213728,
    0.5317931029921498,
    0.1059270087143142,
    0.1503673764387921,
    0.5211460874168027,
    0.1482141960713647,
    0.06348775753404413,
    0.19686388558468568,
    0.2034680635070569,
    0.48945365555467735,
    0.29572759747507915,
    0.3840144979438044,
    0.23146081778785682,
    0.15469683135856369,
    0.2811996745996818,
    0.21022289574840392,
    0.003393652525327436,
    0.1160085962411124,
    0.25675870837801734,
    0.07653217719289857,
    0.3455514040234407,
    0.07936484702921501,
    0.1377453743594481,
    0.17988922597724996,
    0.4776153920465579,
    0.004298337403005778,
    0.09642142051789306,
    0.4032230049307711,
    0.17955419766085182,
    0.12262307438680331,
    0.3442392097842147,
    0.0958969765158161,
    0.10668786994742875,
    0.3641810926715429,
    0.15024149686748525,
    0.19303556363526758,
    0.26363963703747795,
    0.14189213584454946,
    0.2090494834654852,
    0.3078640253424526,
    0.03407248820109419,
    0.2868906021955089,
    0.37263112482450317,
    0.3871531386244171,
    0.1989591678547161,
    0.016176012818248438,
    0.3066529359268645,
    0.045466486813925164,
    0.14749323465068853,
    0.500161713506119,
    0.34779078099654337,
    0.3184105324228803,
    0.09632839323780581,
    0.1942829206792813,
    0.32599464106486525,
    0.32072851636342264,
    0.054749698610044494,
    0.19311850753884188,
    0.3372563631255908,
    0.11347978299272664,
    0.17454481957857776,
    0.22272839688083215,
    0.6304159793978186,
    0.3773254244965983,
    0.6023250477252716,
    0.10333254509519087,
    0.21777442315767767,
    0.34714474014759245,
    0.2890809175785888,
    0.22680126781654023,
    0.06059805698755766,
    0.15939329949872608,
    0.07963178544829987,
    0.2301967093280232,
    0.41533872392810184,
    0.29299424347624514,
    0.15108101927974116,
    0.4303898439364374,
    0.6387054907020968,
    0.3741874885681074,
    0.3293860709104237,
    0.243256091416542,
    0.21584188441609822,
    0.27627427044331404,
    0.14432683757881432,
    0.16865428449715555,
    0.2616727822887335,
    0.27709004813023297,
    0.4404257852104189,
    0.33408400276653155,
    0.2859778397742798,
    0.1376083271775946,
    0.24972951071445493,
    0.10659354158650111,
    0.150182622959458,
    0.20229297066138602,
    0.2935205306761793,
    0.6156600963168462,
    0.28518038564252957,
    0.31033824740724403,
    0.23422984308639794,
    0.09119443666506526,
    0.046076151611047084,
    0.2373124830791726,
    0.2502825242833186,
    0.21355111474980054,
    0.056328126516233534,
    0.1467727069236258,
    0.2145147819589095,
    0.24859724511311326,
    0.5324152906923604,
    0.0722316713218255,
    0.2011058428179416,
    0.5468573151264418,
    0.1814794720344058,
    0.13637013191116523,
    0.09164303849648833,
    0.34888732108647624,
    0.1201794819334625,
    0.34800822413199206,
    0.12080812082617333,
    0.12185039500272198,
    0.37080852741393594,
    0.2643534967252337,
    0.36992270820844314,
    0.23416359638694187,
    0.40237491706964934,
    0.6443235306650117,
    0.09343028987755854,
    0.21336869237363876,
    0.3007276511446638,
    0.055926743076975954,
    0.26335795303553544,
    0.4986366299143856,
    0.5567651270434966,
    0.19482314028654787,
    0.2023886543148557,
    0.2186058138146812,
    0.10465818383643419,
    0.6499643395426332,
    0.3843913776939014,
    0.37179154820054555,
    0.09541741980273229,
    0.6126888613710291,
    0.13418643035569056,
    0.08561274564812854,
    0.037285290489608644,
    0.4227150391175376,
    0.3629918505717329,
    0.13011410153699932,
    0.3413399137665304,
    0.16099308681537805,
    0.1463206897549967,
    0.20617761856885228,
    0.3106576627535576,
    0.06122214209732713,
    0.20845537742674616,
    0.1267411578817146,
    0.12774412857454343,
    0.40758672164600607,
    0.26493220664069494,
    0.08096994709263186,
    0.23902009747047115,
    0.032280466190275914,
    0.17617247170989453,
    0.16817413145535326,
    0.1577330119229964,
    0.34308775324047736,
    0.1532455841045219,
    0.22174391237827712,
    0.004262340833088568,
    0.47643227586903797,
    0.4155262422042218,
    0.297063048534327,
    0.23756212796542073,
    0.2242623711916415,
    0.1028069084356769,
    0.19686453612510585,
    0.1282246610982575,
    0.11651075923379783,
    0.20187413105418667,
    0.3102172468890886,
    0.2530215705108293,
    0.3565608790362374,
    0.2901984375970728,
    0.5531001720570988,
    0.4756766189592849,
    0.10839440010469364,
    0.24392354588765752,
    0.31524955652117437,
    0.13902303574470234,
    0.25512579771163735,
    0.4154357086624119,
    0.19411443071045195,
    0.41751955226338733,
    0.13480005260703531,
    0.35778069653579636,
    0.05550454234427228,
    0.6511036797710444,
    0.11857687560832306,
    0.3966361747529383,
    0.5118810907524487,
    0.5634905494366808,
    0.40019235395991,
    0.4539038984827337,
    0.06055512131982508,
    0.19993953226794328,
    0.4043344532386667,
    0.16184350577967216,
    0.49560126252547815,
    0.3161384657936631,
    0.37893356041530935,
    0.31397081090188644,
    0.31531428529298333,
    0.12246867946041141,
    0.44182932616698006,
    0.22715863135403158,
    0.21904400699938123,
    0.38515478687699506,
    0.29776460216580086,
    0.08887769959366161,
    0.22845152622745865,
    0.24650001122182225,
    0.08130139743671895,
    0.13442935299093006,
    0.2305672463090234,
    0.2758693090317454,
    0.08964880683839416,
    0.0630427878866338,
    0.39104065975207253,
    0.43619911567703745,
    0.07206816882955093,
    0.6551685815866052,
    0.21391346576384668,
    0.5258889065619037,
    0.4930410064901165,
    0.36923514119600337,
    0.05316498214646029,
    0.14078659661213727,
    0.36603735554885497,
    0.11944263648419333,
    0.0870792806020448,
    0.6530825424117116,
    0.04320369038569566,
    0.1696608873739971,
    0.07302511378765125,
    0.14142363831860888,
    0.4237193651029085,
    0.35508095379200555,
    0.2527800031681319,
    0.4040940785534063,
    0.05444676362104242,
    0.37833441268831386,
    0.1997475144205837,
    0.2407849052070448,
    0.21439280563012375,
    0.12528720004258873,
    0.25037425048256545,
    0.07591069424480985,
    0.25078804840150837,
    0.2789781332764327,
    0.08662476969513833,
    0.05113659711630611,
    0.2528603991217271,
    0.14965590206591037,
    0.3961722310099391,
    0.6560970382954714,
    0.649846212244667,
    0.4312349501539667,
    0.03469386272577954,
    0.1814974161076627,
    0.1813097894081394,
    0.47779429066211027,
    0.32121002469776705,
    0.22921005635740083,
