{
  "config": {
    "mf": 0.5,
    "mf1": 0.45,
    "mf2": 0.03,
    "T_coh": 15,
    "tStack": 1296000.0,
    "nStacks": 8,
    "gamma1": 15,
    "gamma2": 27,
    "gamma1_upper": 17.776388834631177,
    "gamma2_upper": 100.0
  },
  "mismatch_list": [
    0.3578460398847878,
    0.27633489482348955,
    0.297562829209677,
    0.35460728744236936,
    0.25053134709318226,
    0.41241175778379036,
    0.43834075142352735,
    0.2281817361742778,
    0.17099213510889472,
    0.22037777903709585,
    0.062447920612074846,
    0.23260570127985908,
    0.3616392697522915,
    0.4267321076763211,
    0.3796942285774094,
    0.46949127292577303,
    0.13911470678545634,
    0.3128261738209747,
    0.2882808438638988,
    0.44773235285783924,
    0.30343576504440156,
    0.16604499080858437,
    0.21388841985715865,
    0.3966692177495228,
    0.0678659840134711,
    0.2749480868613354,
    0.37297558998248453,
    0.17701975503821998,
    0.19594716106980098,
    0.3851906459781268,
    0.2569964194246214,
    0.4618052081990088,
    0.2854475950526533,
    0.21914399267693693,
    0.3778831958716984,
    0.28330348556754026,
    0.3489013959733562,
    0.5092129557615055,
    0.16500737857587702,
    0.24762263557410352,
    0.29158833676144125,
    0.3313187296127809,
    0.3768204294030466,
    0.29186575617970184,
    0.36419379806410684,
    0.21852381065279,
    0.37745506788463284,
    0.4133104796016494,
    0.141232216388881,
    0.41713218869030855,
    0.35120033411764434,
    0.17331991388577433,
    0.36773353395041203,
    0.14379491259914962,
    0.3838895648085878,
    0.04976389713710099,
    0.03297929950946349,
    0.1183207552515973,
    0.3793280465104714,
    0.39837977807603053,
    0.3177129624114759,
    0.5111392425741516,
    0.3960870923495849,
    0.36653523819326667,
    0.25515379935940546,
    0.27349514060639635,
    0.3730129599249652,
    0.4439425563989774,
    0.177484457862607,
    0.23520439406915158,
    0.36664127630858406,
    0.36254612332746017,
    0.13350516760527625,
    0.43122282547412844,
    0.47436215941309096,
    0.06436997891091989,
    0.2596368190936264,
    0.390490672404531,
    0.320601218043278,
    0.4017561198521278,
    0.3654719657486045,
    0.3282273607539563,
    0.1964669429970318,
    0.3546914240246662,
    0.2749558210660654,
    0.13318792064677035,
    0.49004224755122067,
    0.40543293909610134,
    0.2743357836064929,
    0.13946802260527336,
    0.23923044518371556,
    0.5830686837858108,
    0.348683320312884,
    0.44248982699089995,
    0.11006698544119084,
    0.1563286611990417,
    0.3159725495003559,
    0.44867643181091416,
    0.33622351649279403,
    0.2656817867718788,
    0.3963007226493945,
    0.17146269279854465,
    0.412896555084018,
    0.30845244490499507,
    0.3843268003638401,
    0.3821946897384017,
    0.03137766858976101,
    0.0902728425038353,
    0.18574256461024524,
    0.2897857610833322,
    0.373695955256686,
    0.18068996045291502,
    0.25100978355213666,
    0.26190510954814317,
    0.0484568888200119,
    0.31842985813589186,
    0.40366072197861486,
    0.12834182698396085,
    0.40461148704325545,
    0.2074360692082661,
    0.1651164525472567,
    0.35360140713374133,
    0.13135007121250936,
    0.554401022707625,
    0.35281786714053004,
    0.09991913057708443,
    0.4027049694361577,
    0.3645740751770482,
    0.08818280016954533,
    0.12581368170697224,
    0.13474762783989877,
    0.3239066147544918,
    0.16097785791152763,
    0.3769635483316959,
    0.16407963541970855,
    0.0558056843947168,
    0.11016030187396167,
    0.2443118899736372,
    0.26835709878559977,
    0.23036972100771916,
    0.27923507703267914,
    0.12703366215027662,
    0.4239843688108292,
    0.39963792356697475,
    0.29217288361800026,
    0.15075063709607936,
    0.3020292240178427,
    0.09411226075285761,
    0.028741750422562252,
    0.34985855802041366,
    0.30900692233008026,
    0.1864552679620038,
    0.14986380571446414,
    0.33110376209065817,
    0.29955876000603704,
    0.3592960225659518,
    0.07851771870162508,
    0.2690955346316003,
    0.09323952441724574,
    0.20737578578074412,
    0.18897698011543193,
    0.26969873031825603,
    0.05002830574366619,
    0.16300060543643755,
    0.22624695619288615,
    0.3506645055226559,
    0.09788207115930958,
    0.07287095414353874,
    0.41678042693966627,
    0.21114827063182237,
    0.15811027501386374,
    0.4407666172641328,
    0.5011110510364991,
    0.16823507182835443,
    0.13345789498944968,
    0.335281244596899,
    0.2837340711523705,
    0.5202565327285522,
    0.3118136435419246,
    0.273413389339577,
    0.3052248239348048,
    0.42368786686874865,
    0.43115600049961517,
    0.2571478508162983,
    0.2867218594936423,
    0.3480165884957825,
    0.14024910500071994,
    0.3701820964291972,
    0.35193819170534735,
    0.6272538701382211,
    0.06858895145001159,
    0.4010584873572497,
    0.49289273568796255,
    0.13949708008472642,
    0.1408870684675172,
    0.18129409580930428,
    0.45397656666074915,
    0.11180580814199248,
    0.3067832300467637,
    0.14920112170544564,
    0.17827710542400502,
    0.3694988119683276,
    0.2681474801527296,
    0.2534261804131193,
    0.2988537908590085,
    0.29347974737051497,
    0.23152435826339782,
    0.3440761918915465,
    0.3681343392329172,
    0.2991095978733973,
    0.2560614480397333,
    0.3686863590602377,
    0.353842107150106,
    0.13820908200917,
    0.1690264905908701,
    0.302164970153198,
    0.33416766368034806,
    0.48014893476147713,
    0.4103106562595593,
    0.22711665667243575,
    0.3578609300359503,
    0.2167353300206843,
    0.32400730398055666,
    0.4107743832730692,
    0.09211069193809629,
    0.34320128708731873,
    0.0909272140498262,
    0.1427205809645464,
    0.17768829391250143,
    0.1811556029470356,
    0.3033386176504093,
    0.14537052189546132,
    0.317526618675083,
    0.03166173797844369,
    0.4256018656925713,
    0.059182712852542396,
    0.12094402401853664,
    0.1682079659706557,
    0.31698732053030915,
    0.3470388982791611,
    0.06849006928112664,
    0.13279802998963183,
    0.26161663093994153,
    0.48776116313187007,
    0.43985936613638454,
    0.04480887406748621,
    0.3190266929812743,
    0.10265400319545535,
    0.13825714973015577,
    0.30066402845956036,
    0.3458825262485898,
    0.1930151023719577,
    0.07097166476516063,
    0.4079940812371952,
    0.07425891862228805,
    0.32547593549181736,
    0.2358183598165996,
    0.08835056735812867,
    0.16377908566954505,
    0.4523685026174862,
    0.3407081987196205,
    0.40872987877971306,
    0.3660945330882289,
    0.15492537287540672,
    0.2903081451729021,
    0.197498989493625,
    0.2178058306940661,
    0.4032341842018677,
    0.31648560917487745,
    0.28550816760932407,
    0.08861692758644817,
    0.23925328638646967,
    0.43062960474310585,
    0.35593099296780084,
    0.30941842539109055,
    0.20584730453568462,
    0.38023121368899304,
    0.34410040645775736,
    0.32116783889261225,
    0.2824437600436238,
    0.07602231730073652,
    0.11346121708336923,
    0.26796308803809105,
    0.3401150502708851,
    0.18233040696084207,
    0.43132441822878326,
    0.46877188346244875,
    0.1384246277895903,
    0.05767512118848271,
    0.16968881318845264,
    0.41048062805790214,
    0.059896934132332096,
    0.32378742126290455,
    0.10755987430977644,
    0.17282861117969897,
    0.2577864648236804,
    0.3484236823372738,
    0.13258472496011464,
    0.23610293518129266,
    0.3690432889944146,
    0.38742626483883075,
    0.2640789993355812,
    0.376615798247993,
    0.14585336757393466,
    0.2901334388847479,
    0.2577453362022655,
    0.1430534408970868,
    0.477093779328538,
    0.36074542698881823,
    0.29780851670385833,
    0.34911354448627824,
    0.08667296775458255,
    0.37034502070453834,
    0.024705868916939558,
    0.09742517482193981,
