{
  "config": {
    "mf": 0.4,
    "mf1": 0.03,
    "mf2": 0.005,
    "T_coh": 40,
    "tStack": 3456000.0,
    "nStacks": 3,
    "gamma1": 5,
    "gamma2": 21,
    "gamma1_upper": 6.4031242374328485,
    "gamma2_upper": 23.685438564654024
  },
  "mismatch_list": [
    0.015927506377735646,
    0.12548995180688144,
    0.016921965833400283,
    0.02009150718397207,
    0.009562293636381083,
    0.0896024016217539,
    0.008569785801977014,
    0.0797770728088091,
    0.016124620125053384,
    0.11601873382932704,
    0.02606672094342239,
    0.14297658672500713,
    0.015816372389286425,
    0.00998753022437898,
    0.03309429225593431,
    0.08305427859892242,
    0.022458498502835433,
    0.009020610313169074,
    0.09567058844958978,
    0.06679955038983093,
    0.015045915684974067,
    0.004671530757388432,
    0.08945418682935381,
    0.0483659454667145,
    0.053398092463695236,
    0.017815808370742117,
    0.08577527232977282,
    0.016756294873058422,
    0.1124880883338478,
    0.002365907084829712,
    0.06401773112969271,
    0.009384696101669058,
    0.09016425169799182,
    0.06907958613919549,
    0.0927576310830815,
    0.05313939422326612,
    0.06539590100986642,
    0.04282767802282551,
    0.007020306944486458,
    0.010913466089116882,
    0.04600545955205305,
    0.03244277602511346,
    0.034345715177574225,
    0.1034392879358038,
    0.0237774692047718,
    0.011411346357369392,
    0.026008063882201875,
    0.13174018152896733,
    0.0037385473714317994,
    0.04390128656294667,
    0.07619226982334901,
    0.026677903668191425,
    0.07384696318515865,
    0.007875008633213493,
    0.031303246055746324,
    0.01850592333316094,
    0.007798678557244467,
    0.01041450158683072,
    0.1252816162373154,
    0.005960576599996032,
    0.09030520212236644,
    0.050331878616530386,
    0.05015937698177652,
    0.08334778075183173,
    0.00984744718723128,
    0.08776798606021988,
    0.07831726010590148,
    0.04119764057663469,
    0.07820157233451092,
    0.01635805571249843,
    0.025548673922143973,
    0.009262936619690059,
    0.058534434351309825,
    0.05623195495744869,
    0.007038955769865254,
    0.12126631812879421,
    0.010411357308133131,
    0.020588736911804392,
    0.0048618138302941715,
    0.04622219793537987,
    0.11962435410823323,
    0.04234183275234653,
    0.10301508137013787,
    0.03418980232353522,
    0.040335674519882195,
    0.0021029803316693595,
    0.04534613683618991,
    0.03506304441423769,
    0.045611665751031025,
    0.028993068600246273,
    0.048795952684460464,
    0.01172588265053153,
    0.06947576525509154,
    0.011753313771582898,
    0.09569677270150245,
    0.01565818264377675,
    0.017749561671286045,
    0.09834257480211915,
    0.017449879384384928,
    0.00960522930411366,
    0.022591967712377866,
    0.05888182293569159,
    0.056956656985540983,
    9.205146945696464e-05,
    0.030327869119073942,
    0.003613426763948481,
    0.09313261342361967,
    0.01191703311066419,
    0.022408081620270665,
    0.045341366206441844,
    0.016169941107659996,
    0.015034422804217367,
    0.05156226739791747,
    0.039418629374220235,
    0.06893961152545115,
    0.11306788248334264,
    0.017162665788870792,
    0.027180229295981906,
    0.02579316869673226,
    0.06532900376999015,
    0.0039386969740437625,
    0.013793191682493773,
    0.0061906510619367605,
    0.05880766132778986,
    0.09321626207931584,
    0.06423652955768347,
    0.03516854038571192,
    0.04383059450395263,
    0.00791859484136626,
    0.11179911181716432,
    0.01952998237794425,
    0.10085192604960089,
    0.10453674962466529,
    0.08612960001196994,
    0.027413990153637047,
    0.10841987960448443,
    0.060133462704138226,
    0.034203680519165953,
    0.0781314223925337,
    0.06598659171139945,
    0.018589300930348697,
    0.08776375754748864,
    0.03329780298405059,
    0.005063915054166706,
    0.041221602148778375,
    0.08390496862172495,
    0.11282002658325004,
    0.10248131295537152,
    0.005344840092285664,
    0.06509502606552829,
    0.046183165510168434,
    0.10394296885613635,
    0.07168196466676446,
    0.05506737918190422,
    0.013937177962162617,
    0.011001614316052703,
    0.04972384017045894,
    0.0204594962149932,
    0.008656632948072455,
    0.09256767328038584,
    0.0032247288628846197,
    0.07745464350872878,
    0.13045384627144385,
    0.06294997745335328,
    0.06668386261844036,
    0.06777655367755378,
    0.011724147876077689,
    0.04034955271551293,
    0.08603884962335336,
    0.11688373574137376,
    0.10420150446146041,
    0.1120715798298208,
    0.09621769294297004,
    0.0874905305710086,
    0.08925306141611157,
    0.11167014217886154,
    0.00808502476553168,
    0.021951293821893526,
    0.026079406481616108,
    0.04585236570650154,
    0.11146050552845513,
    0.006768656225276076,
    0.049740754221383895,
    0.005945722593735014,
    0.011854147536712436,
    0.07291788304172317,
    0.023719679530778207,
    0.0061386078283215155,
    0.034202054168115475,
    0.013155011530286831,
    0.10935812152550427,
    0.03207619649833608,
    0.006739707176577596,
    0.02888377780965426,
    0.14087420272205628,
    0.00433433397292299,
    0.04056292997333543,
    0.04306686005064891,
    0.022933718279784642,
    0.004925892061682941,
    0.002594029925509869,
    0.018338951291978697,
    0.004760004254534348,
    0.05459985746659394,
    0.0216612612178919,
    0.0510729525785308,
    0.008202989428392902,
    0.033720328986964365,
    0.04691090339355494,
    0.011773914218222267,
    0.08803058754317013,
    0.004021315607407964,
    0.01204367164579462,
    0.07004249438448087,
    0.010583533672676901,
    0.11823610085154657,
    0.09126458660704247,
    0.04715626555537015,
    0.06512874574397483,
    0.008434690241384107,
    0.046383857229797223,
    0.034108484771011395,
    0.03048725152202063,
    0.014239137140534404,
    0.007688845649635627,
    0.004028579975433425,
    0.07400786351575246,
    0.047713236578456636,
    0.12702089026239657,
    0.04751655652475236,
    0.06683196898743708,
    0.009393153127131536,
    0.015088851352706644,
    0.013834175728965779,
    0.02161290437999107,
    0.024914613859264904,
    0.09240547186895166,
    0.14023564308793757,
    0.014793072308326667,
    0.0561673346090431,
    0.10339049740428952,
    0.08319999965304511,
    0.024574055949295143,
    0.060953577327191796,
    0.008359227552642002,
    0.04414545606732486,
    0.12530140350842953,
    0.003443744137682109,
    0.009337748768011973,
    0.11660356966707836,
    0.10225253957427118,
    0.028806471923054945,
    0.0827179492016839,
    0.12337119587002246,
    0.04046578260392031,
    0.028583011288719488,
    0.07262091133990618,
    0.11954325340251613,
    0.0800187485749099,
    0.009541259496128255,
    0.005580010454184553,
    0.021048018448458928,
    0.04597781158419495,
    0.11496165985821906,
    0.006688639753592637,
    0.10364355762774365,
    0.10829519269061458,
    0.013493292548785923,
    0.047513737516264865,
    0.061705710476335454,
    0.040243514627021866,
    0.045707186769395676,
    0.02721785221694959,
    0.013931648368590998,
    0.05501772126316301,
    0.05435113417927441,
    0.07327557184942461,
    0.009356939710407595,
    0.060957914263326404,
    0.09734003780290382,
    0.030244925215499645,
    0.018012163154236302,
    0.008341879808103587,
    0.010759613279741814,
    0.09097428294453243,
    0.00549121168682854,
    0.09543812867277503,
    0.011560970654013222,
    0.009730566758403707,
    0.0034050369826807707,
    0.10891374820681243,
    0.0185063570267744,
    0.005548892937418771,
    0.09627016987019875,
    0.07243344727548794,
    0.004767268622559809,
    0.10463883025893352,
    0.001400830371477012,
    0.09055083534269005,
    0.004465851561204849,
    0.06097515358446145,
    0.12121796129089338,
    0.11047667156632027,
    0.08573179454502342,
