{
  "config": {
    "mf": 0.4,
    "mf1": 0.7,
    "mf2": 0.001,
    "T_coh": 40,
    "tStack": 3456000.0,
    "nStacks": 3,
    "gamma1": 3,
    "gamma2": 23,
    "gamma1_upper": 6.4031242374328485,
    "gamma2_upper": 23.685438564654024
  },
  "mismatch_list": [
    0.070923651383629,
    0.22158290362427996,
    0.19326477070998138,
    0.3967538683572911,
    0.38155610569590426,
    0.3769528816826358,
    0.10158199503615975,
    0.32236126439469764,
    0.3611433399677614,
    0.11478926664686856,
    0.3749642880415166,
    0.3608635533753778,
    0.33693212293782754,
    0.0937627702439776,
    0.3181412629006231,
    0.2910171969275843,
    0.4009817847598113,
    0.22095198784009848,
    0.2641106825133976,
    0.3297219124023471,
    0.25777528620796847,
    0.15351479941507742,
    0.3479683243195537,
    0.06132579487094417,
    0.20745034668925344,
    0.35103388762629834,
    0.11849127533136632,
    0.28737834487554675,
    0.056942887213313614,
    0.3253839462454114,
    0.32470602891587114,
    0.23520836430176792,
    0.37033498819973887,
    0.22585977319341943,
    0.1843988805934143,
    0.06388003340741905,
    0.08592012599666858,
    0.15663457442350462,
    0.3916050577782895,
    0.09417212280338251,
    0.14393434485863268,
    0.3796596719476454,
    0.3733121322210393,
    0.33817167349679894,
    0.1272167571405756,
    0.31864190796566144,
    0.35982989885939665,
    0.12506276359762297,
    0.13395917490223733,
    0.27952794835489714,
    0.024424323229247952,
    0.0012299550877736241,
    0.08402152378034243,
    0.3730655231900854,
    0.009282886525909235,
    0.015564179553059216,
    0.3026130257057794,
    0.4254693730449227,
    0.037121571150527354,
    0.3028178375147361,
    0.38089927671831847,
    0.13770802249698882,
    0.060983935880134024,
    0.10687668930438905,
    0.4320745809896259,
    0.350864367635137,
    0.06824689440135157,
    0.12110801995988117,
    0.12872118607396796,
    0.1971384136420061,
    0.34902024817900185,
    0.13797490670437199,
    0.3913951500693747,
    0.3455691312498909,
    0.07043271021319185,
    0.35705751243535117,
    0.2029993491343096,
    0.17875842409185372,
    0.27784565082828433,
    0.25748969896350477,
    0.07747253337028404,
    0.20913822802113952,
    0.27651562093920473,
    0.0010267696298674382,
    0.05676724129986216,
    0.40219612687750034,
    0.387341686922869,
    0.3189927660989509,
    0.005064674017990262,
    0.21251540018915546,
    0.35708006450325114,
    0.3565124679866349,
    0.09192195770164503,
    0.31856644527691935,
    0.1676980985028788,
    0.298841463408023,
    0.038003487113499025,
    0.1265020842772946,
    0.11863531582273684,
    0.12119188546238407,
    0.0071917243452066714,
    0.08820851034809225,
    0.414025987571859,
    0.10126870561213631,
    0.3842849601234986,
    0.10501012620375728,
    0.11071335985586626,
    0.32360797089829113,
    0.024349944774539497,
    0.3555459817690384,
    0.22519291505102243,
    0.10205358262909622,
    0.341799520573395,
    0.35327884840467433,
    0.32129351071835816,
    0.2102048974634453,
    0.1312935313188048,
    0.3492748805418048,
    0.25577769342436996,
    0.22443714971786605,
    0.3039227804184298,
    0.13664932217483036,
    0.15279660279118704,
    0.16906911243843042,
    0.12476828563408338,
    0.10077256011833764,
    0.01733180629812034,
    0.04614510889558729,
    0.27327766442110957,
    0.07373463653927242,
    0.24162898140224204,
    0.3508846428115663,
    0.23531944407851546,
    0.30187054223953524,
    0.32085992552830117,
    0.35477682614556644,
    0.10355264460402201,
    0.1193517234604717,
    0.17768259287196356,
    0.33429938585731633,
    0.34805441250182556,
    0.031722736203365874,
    0.3399736162490251,
    0.3617021541887051,
    0.054631191830166445,
    0.19981967019552319,
    0.35691471881311937,
    0.15520360234589212,
    0.33304443917506704,
    0.04227146596356258,
    0.32693282877418345,
    0.31870284191835263,
    0.031717640303407714,
    0.37207648490458906,
    0.1703383167982222,
    0.3226703795176915,
    0.3253072366875306,
    0.1319867905599212,
    0.29369487550879037,
    0.4127394354675288,
    0.30656614299247076,
    0.324813801778816,
    0.2058882907169725,
    0.3476868571644179,
    0.3258336323108681,
    0.07439330871471536,
    0.06582189656168788,
    0.31515636660598206,
    0.20739846609074322,
    0.061327854915608104,
    0.028040894271894018,
    0.35757420416408753,
    0.11079565321902037,
    0.17993563119389022,
    0.14352537178113955,
    0.1933762841803424,
    0.3544278112101342,
    0.06490539353304274,
    0.34071853924184503,
    0.36275987870023324,
    0.19457067639181225,
    0.09359742455384583,
    0.38052478228309544,
    0.3628138735551091,
    0.01786329782141603,
    0.11139523463962935,
    0.05020025260484516,
    0.3196294825352124,
    0.2153646045944851,
    0.31926279458503165,
    0.3567511078974414,
    0.07377843959423191,
    0.1924900312812361,
    0.21973504356072865,
    0.27363779275538674,
    0.33165792069283423,
    0.3834631107259912,
    0.3689508550323801,
    0.25132691271623286,
    0.12737012204463552,
    0.31952523343287687,
    0.41376479559315243,
    0.21384331582186947,
    0.16942896971419916,
    0.12767343651554938,
    0.07957421262111301,
    0.1144934333907869,
    0.0382303088733388,
    0.36967767131683804,
    0.19330412840540293,
    0.3398851427518792,
    0.08705022312994296,
    0.32572336570964583,
    0.09117681786201842,
    0.2664974611033751,
    0.3081309095498358,
    0.3274402503019321,
    0.09139003248473589,
    0.1442247027328444,
    0.08557143633144644,
    0.2558225807133631,
    0.3087127095322929,
    0.31007824808597456,
    0.3221672407143758,
    0.32057390459022406,
    0.21463101184731687,
    0.32361518105461495,
    0.1506028720709011,
    0.3707770846269601,
    0.07059024941828133,
    0.1377344235957082,
    0.377759226533462,
    0.08718033121398107,
    0.041796029339806647,
    0.3182217672776217,
    0.14023970896556376,
    0.01324608718911351,
    0.15899668668921657,
    0.07989091738234244,
    0.23062357226707156,
    0.0866127346973648,
    0.3731559483084919,
    0.36216176099556974,
    0.32855939667146655,
    0.35780932031428475,
    0.1193439711871311,
    0.39876371298546986,
    0.3566989562404228,
    0.31516043248360825,
    0.13840301651255907,
    0.19914728245955454,
    0.32138708011546224,
    0.3002785614079256,
    0.3358304869479365,
    0.10081170096695244,
    0.3871602945690392,
    0.33389518340957125,
    0.4065074208772082,
    0.0313579998744457,
    0.20999829666833314,
    0.3348141259647921,
    0.24027141196870772,
    0.04193177544081974,
    0.27843688364683417,
    0.22570987783826718,
    0.1564171854997576,
    0.11405220435079265,
    0.12851030255442286,
    0.2340268744752985,
    0.041182244453356845,
    0.4073414679075942,
    0.37405201352560274,
    0.26967540526770767,
    0.3236311192949096,
    0.1805609089610967,
    0.2443923686838082,
    0.30819412039399763,
    0.10279162073580242,
    0.09195361733542765,
    0.07258144522108129,
    0.32997649055344835,
    0.171523330385301,
    0.06581235530219175,
    0.04859688731588215,
    0.10177374182501092,
    0.22753708324347743,
    0.31904442985065434,
    0.22829295700003718,
    0.003741257956515927,
    0.33357338274838366,
    0.04246814601726686,
    0.18460006021835823,
    0.42695531578804136,
    0.015802494193655692,
    0.1736196426776634,
    0.3327356493222833,
    0.274666297159708,
    0.013907361526237217,
    0.058781531287578875,
    0.22348313219165658,
    0.1411294314135777,
    0.1356564348585145,
    0.11965254419310815,
    0.06380825711439135,
    0.11883389328600001,
    0.3057249942291644,
    0.31997931064616986,
    0.3345455069829551,
    0.081812505360182,
    0.315636411224381,
    0.09760524144753484,
    0.04220359291305603,
    0.3464303925545215,
