{
  "config": {
    "mf": 0.8,
    "mf1": 0.05,
    "mf2": 0.1,
    "T_coh": 30,
    "tStack": 2592000.0,
    "nStacks": 4,
    "gamma1": 1,
    "gamma2": 11,
    "gamma1_upper": 8.717797887081348,
    "gamma2_upper": 47.70744176750625
  },
  "mismatch_list": [
    0.29509760863964907,
    0.26354614606412485,
    0.08773248533607968,
    0.25871298673850185,
    0.45463917518321406,
    0.4086093772181646,
    0.3706135817378932,
    0.07373038220882717,
    0.3843722379107047,
    0.494835209253066,
    0.49781598879797057,
    0.48753414979620713,
    0.462536274897294,
    0.5159703153736752,
    0.4916597010575486,
    0.5086581244349327,
    0.3318361972082243,
    0.5059248035148883,
    0.5039230161169401,
    0.1567320600267329,
    0.33073671038399566,
    0.06425871992584409,
    0.44899648967995975,
    0.36777555983402815,
    0.29535225935832354,
    0.21894265956834716,
    0.522311139953375,
    0.4006564032476171,
    0.40271746217247784,
    0.40309773961526707,
    0.5254142573754741,
    0.47590453409833117,
    0.47973614918383106,
    0.42427448036941484,
    0.5606726841241071,
    0.6924244338629509,
    0.448891933260839,
    0.38379405139390727,
    0.5009521753951459,
    0.28914949406692014,
    0.08178523815154949,
    0.06276782417694257,
    0.32503406667150475,
    0.3638217875772084,
    0.32494067787544245,
    0.4782567463285626,
    0.43306112282245807,
    0.3826493158186453,
    0.3226023438563906,
    0.3043975280592854,
    0.14530913570837714,
    0.37524875970715815,
    0.38040321407805744,
    0.12829372597876806,
    0.40429632554119965,
    0.4555223932165617,
    0.3484811598946297,
    0.4184047198639704,
    0.5071128000765615,
    0.4994838678805861,
    0.40969487740768895,
    0.40582567550024445,
    0.4152759060664841,
    0.49567932253512126,
    0.5376978476340107,
    0.530701205293728,
    0.5012568093587717,
    0.4849195164946877,
    0.016885807476250188,
    0.35366206960558993,
    0.2023143941047672,
    0.3442584250138565,
    0.512217596473084,
    0.5108404731429146,
    0.46848164274072696,
    0.4397266035767042,
    0.3926609995376821,
    0.2330748709254078,
    0.4786992227334351,
    0.42243243696473115,
    0.3161097263419146,
    0.44477823630488,
    0.3580098529516787,
    0.46348133048097545,
    0.23564212314657212,
    0.32591656188135343,
    0.4689824148607885,
    0.419590403390447,
    0.47560785119319365,
    0.4167325399815362,
    0.4118042570834534,
    0.13958979477306088,
    0.48676463189924185,
    0.4351746948745164,
    0.23353220135318342,
    0.19907766275889008,
    0.4197719405122043,
    0.5229134326338618,
    0.18393183600927412,
    0.4005666647102244,
    0.492649535556989,
    0.4522600739188223,
    0.4759154487331651,
    0.10331280129090495,
    0.028698261378181544,
    0.3175224848705813,
    0.3396100193745611,
    0.13244345568614888,
    0.16571820176548194,
    0.2991374691751919,
    0.19377864368820402,
    0.34353278250327657,
    0.4268683686365149,
    0.29883359417624,
    0.2458994222905467,
    0.3162836376757581,
    0.4094516473002976,
    0.3608371047854096,
    0.22158306152760363,
    0.42051041313989035,
    0.4948422929233556,
    0.5543329799208306,
    0.5668236229706369,
    0.4391610303299631,
    0.3300693274474298,
    0.4659804565873652,
    0.275556075345965,
    0.5298038199198013,
    0.45442605067455333,
    0.49026060389301174,
    0.28802680460837565,
    0.40914936251304335,
    0.5151694630780311,
    0.3871143411362612,
    0.16899237536860384,
    0.26243834676965844,
    0.10257277459269619,
    0.42911295244775505,
    0.31925364715052856,
    0.4027351713482017,
    0.35988500167261356,
    0.4865729391073245,
    0.4359708488174174,
    0.29578190564609,
    0.3689854218065441,
    0.2828880355074033,
    0.2950609614882531,
    0.38173053486915015,
    0.18727923163283805,
    0.19553806836695956,
    0.34396401900274065,
    0.497840781643984,
    0.38866776111782053,
    0.4034092042609578,
    0.38945744579040603,
    0.07480413651649383,
    0.46003002897943973,
    0.19871979284456778,
    0.5577944009513514,
    0.41435510121119196,
    0.4470274823276883,
    0.3750582234328391,
    0.10122029954384054,
    0.3572258063023848,
    0.4853365133712228,
    0.4036797570966088,
    0.2545538603256349,
    0.5221820798176403,
    0.3510917092433802,
    0.4727666850071082,
    0.1909060708210899,
    0.3967261950368626,
    0.38801006401614035,
    0.4547330699557256,
    0.48782786912499904,
    0.5419309550319936,
    0.3486092442186408,
    0.38925100739911045,
    0.5201272010336955,
    0.15168754711002155,
    0.3527748760429982,
    0.48099494630722484,
    0.3352176378185881,
    0.3407025670932,
    0.5146420549120339,
    0.18933017102871372,
    0.48124370601438304,
    0.39159844899424895,
    0.07184200581786178,
    0.643743427727336,
    0.294207234653662,
    0.4053704774017907,
    0.2901002238150682,
    0.4390148392773037,
    0.11075867843577525,
    0.2747363934981737,
    0.4274097272960416,
    0.2995588029927206,
    0.4787151609915866,
    0.2873594939541597
  ],
  "statistics": {
    "mean_mismatch": 0.3687268591670934,
    "std_mismatch": 0.13042196758600008,
    "min_mismatch": 0.016885807476250188,
    "max_mismatch": 0.6924244338629509,
    "valid_samples": 200,
    "total_runs": 200
  },
  "perfect_2F": 3458663.0
}