{
  "config": {
    "mf": 0.55,
    "mf1": 0.3,
    "mf2": 0.05,
    "T_coh": 60,
    "tStack": 5184000.0,
    "nStacks": 2,
    "gamma1": 1,
    "gamma2": 5,
    "gamma1_upper": 4.0,
    "gamma2_upper": 6.000000000000001
  },
  "mismatch_list": [
    0.1346278616574049,
    0.44006801044335087,
    0.10130599712027201,
    0.1705044005481892,
    0.46616200349268216,
    0.437199160946725,
    0.46543603592142624,
    0.43154552630209386,
    0.1401593391660354,
    0.08232552491427315,
    0.44782448260308905,
    0.31526255833183947,
    0.2229336650610352,
    0.2639510677545639,
    0.2423786957954815,
    0.18930857615377053,
    0.4489799156320656,
    0.21294909011004262,
    0.1583017700496724,
    0.05573849409887066,
    0.11348773802570938,
    0.20701044624218629,
    0.419684212961089,
    0.45104943099350614,
    0.44806019527794,
    0.12678754199603315,
    0.11296571504571135,
    0.43873993107157105,
    0.07303131848750673,
    0.43101569683056445,
    0.4481674983953323,
    0.4462855195364679,
    0.3475692898405741,
    0.04909343502975141,
    0.07779718156742785,
    0.09465436035921426,
    0.466032473559124,
    0.04203289713357196,
    0.2433323165619055,
    0.4437136058473513,
    0.4394027600284503,
    0.457249194774855,
    0.1749568474495903,
    0.43707353425893264,
    0.438401288360232,
    0.4329112647672798,
    0.06007268711003683,
    0.10053850335100878,
    0.062412032405613736,
    0.44099752505305523,
    0.038406420405590606,
    0.08891405920211874,
    0.09886646851670879,
    0.2285369912046862,
    0.060368827811927164,
    0.3841028751019181,
    0.21997883573407043,
    0.4554616166376574,
    0.4943012611820763,
    0.2575634783413229,
    0.09617091590384716,
    0.44090717214181213,
    0.46560962193450645,
    0.4390543230615325,
    0.41536382587476073,
    0.438270818756397,
    0.3038649361313341,
    0.464844802611416,
    0.1804544968282514,
    0.4519679948303678,
    0.1323588470679396,
    0.31828656184765197,
    0.35696151110545704,
    0.07710702989018868,
    0.28039652640039786,
    0.3448418607206259,
    0.3727312022575217,
    0.008700045682431925,
    0.1395194959897764,
    0.06545829887875651,
    0.43971288736100106,
    0.43629761959834157,
    0.17705925127072333,
    0.43477719694910744,
    0.4364353535762405,
    0.03232769338414299,
    0.46838754026125723,
    0.4406061162415502,
    0.4239855175125627,
    0.11637295946985249,
    0.45539789976464873,
    0.4500992074965449,
    0.4240480417271429,
    0.036474096904581546,
    0.4625267083205635,
    0.45848840302313615,
    0.27523448387525806,
    0.3530548680702931,
    0.17312904419630723,
    0.43618832871690194,
    0.4693261263032504,
    0.4527835202072479,
    0.4443466544846848,
    0.06414912133600874,
    0.433580996686578,
    0.18489328236947258,
    0.3529679847108418,
    0.1509249969641422,
    0.13694255867879468,
    0.43800669912625123,
    0.08369209462624254,
    0.45031298248454604,
    0.4527143460184002,
    0.4430638238508555,
    0.42388005759455977,
    0.4468494301261182,
    0.2539525423140754,
    0.4692122816350841,
    0.09067861541753164,
    0.15840325443958064,
    0.4370953273811245,
    0.4216368477965455,
    0.46508091283907643,
    0.4430020947418943,
    0.18910661932656,
    0.012370108654796945,
    0.05148243828534751,
    0.23845824683547964,
    0.43991578385848856,
    0.4334726454754153,
    0.11584927399628758,
    0.1532224907912313,
    0.35375101918083884,
    0.09044976956393516,
    0.44613217257550614,
    0.0718431415634957,
    0.11690502969358076,
    0.2638658468886794,
    0.2727897509440072,
    0.04096080562992604,
    0.0834548640224827,
    0.1010149161814113,
    0.005200279877177866,
    0.4509655473507081,
    0.22306211075965837,
    0.4159878753621345,
    0.25261025946464816,
    0.20728230008153448,
    0.26426665240295377,
    0.2117773935570423,
    0.11143361880034464,
    0.4390060746069287,
    0.291966686520213,
    0.3273913162901239,
    0.46167908958960985,
    0.10901216077903003,
    0.027406206449896782,
    0.07932797673087265,
    0.04064782314538,
    0.46188628688567246,
    0.39745255387924805,
    0.050204848120370314,
    0.4442921174674585,
    0.23621171205033162,
    0.027741162762457135,
    0.3815933772038882,
    0.21554286920368004,
    0.0430838099148225,
    0.44100027178155704,
    0.3574789080163994,
    0.43654074121191444,
    0.08154039425673527,
    0.06175787732821382,
    0.46305671849791535,
    0.0480198978795256,
    0.27186685016740586,
    0.4779183990331516,
    0.13673604806485748,
    0.29577798916343323,
    0.08351507520253508,
    0.4482612485760381,
    0.2644317452423771,
    0.4145939829298052,
    0.44998008621836205,
    0.09618002347730045,
    0.4488297490935796,
    0.14738937912370687,
    0.4539173408198551,
    0.4278956300995183,
    0.15077161386201593,
    0.432758929758924,
    0.22098189761352663,
    0.44062530719989823,
    0.38893993627589873,
    0.4447869261505901,
    0.34534675278865223,
    0.44457860847842806,
    0.4420560997611792,
    0.05152732561165307,
    0.28357861136972123,
    0.4341005620673903,
    0.07581866965819133,
    0.27585987058571815,
    0.44345013675816647,
    0.44875858714068456,
    0.2845257267265357,
    0.20894349256648528,
    0.2664986584399739,
    0.38811317099686005,
    0.3184324998698918,
    0.026178780221241753,
    0.24437224242914887,
    0.059590563975643746,
    0.4512010793197365,
    0.33495761364227766,
    0.4017190906304754,
    0.2732459247222913,
    0.2936705978615996,
    0.32132169684212963,
    0.29808683131617447,
    0.1597518981339594,
    0.4306334678748417,
    0.11154565641028606,
    0.43527970370027697,
    0.22329767886985133,
    0.10721645087982051,
    0.4625957740859177,
    0.08272184892414981,
    0.40047359381957176,
    0.30986704388404757,
    0.31716213793781406,
    0.4332195850416057,
    0.0784116536462098,
    0.3107957995292975,
    0.25864193068992036,
    0.43398585001127604,
    0.10696411326930083,
    0.09501902470899135,
    0.32063299081147034,
    0.11956147756645637,
    0.4405006201823828,
    0.10131040634234068,
    0.11922471419567116,
    0.46653563085125455,
    0.4417082771940578,
    0.438630025790335,
    0.21579484540255475,
    0.1255406718208786,
    0.44019913058814686,
    0.02403618742518779,
    0.08211706267745311,
    0.4479566508416554,
    0.11150308211850832,
    0.44934739899267345,
    0.23405285573025392,
    0.4323946268207919,
    0.4641587710269295,
    0.4645080753817953,
    0.4663832235605697,
    0.08658996547795968,
    0.11269913781637976,
    0.448484962384276,
    0.3406454378285232,
    0.16374058161253202,
    0.43260525752748175,
    0.45769936911983256,
    0.10387303175218147,
    0.4517682064730271,
    0.09912899793561668,
    0.04941118814801108,
    0.37107673202916736,
    0.49182161588592116,
    0.4414160397379332,
    0.18588239375943286,
    0.39543580461797345,
    0.12821425060572592,
    0.44448214771038497,
    0.45245463561032306,
    0.04508566901632424,
    0.4439162854978518,
    0.0962199233229054,
    0.4574860639669699,
    0.005272489923843338,
    0.09905635419497724,
    0.1356374289464706,
    0.22509497898029873,
    0.4207091763862305,
    0.24629256706354485,
    0.27273828592576316,
    0.06146267629660042,
    0.2187643480423054,
    0.10271738187621796,
    0.18934348851867486,
    0.46998075121578875,
    0.4440071443853978,
    0.2973904633586418,
    0.4337407767748203,
    0.4344368194618725,
    0.4510422027606067,
    0.43211673740697265,
    0.40633930481747266,
    0.07469251097245753,
    0.10182953802917893,
    0.446394701994414,
    0.04940135775126783,
    0.1256547333360319,
    0.20650107266976228,
    0.16757537601267544,
    0.09227439239474247,
    0.43748153186494193,
    0.1548826713235762,
    0.36447540376908977,
    0.14035327265472755,
    0.45827795302226876,
    0.46700528528389607,
