{
  "config": {
    "mf": 0.8,
    "mf1": 0.001,
    "mf2": 0.1,
    "T_coh": 60,
    "tStack": 5184000.0,
    "nStacks": 2,
    "gamma1": 3,
    "gamma2": 5,
    "gamma1_upper": 4.0,
    "gamma2_upper": 6.000000000000001
  },
  "mismatch_list": [
    0.20679916499453546,
    0.03922696940433578,
    0.17760736817148837,
    0.16101973018452234,
    0.18326490606188525,
    0.21053717335615527,
    0.433261689498245,
    0.06508055142743144,
    0.13413171575118688,
    0.12582777723164462,
    0.4139137700728028,
    0.25800338859558325,
    0.23595959128679894,
    0.07341202951432058,
    0.06087328618597954,
    0.29802683698310906,
    0.18473816449145045,
    0.1100875049874807,
    0.23764376955237,
    0.13098830182787555,
    0.025229134982912457,
    0.19092191773692702,
    0.16842635587192728,
    0.3909381089786218,
    0.14437918153273233,
    0.03040389919795528,
    0.25672138920853743,
    0.1782850872881405,
    0.06724150393504999,
    0.17714136399646105,
    0.23646614584839215,
    0.03400377602886667,
    0.1554126453597636,
    0.16645420480764225,
    0.15847004331157152,
    0.044290057421082156,
    0.017714664060647766,
    0.16229406764469476,
    0.1951842621130727,
    0.22476240798459518,
    0.17680676909554568,
    0.07644420093330943,
    0.01846329214204345,
    0.12646588563200778,
    0.05603196035458819,
    0.07865770269410696,
    0.2879469939225018,
    0.09337619193560512,
    0.03705878866381778,
    0.16130025790334984,
    0.3990842551739691,
    0.012062258215609514,
    0.42603342045763387,
    0.1505627902135509,
    0.39408145061960415,
    0.1794369784829963,
    0.2516940809446433,
    0.3501578646065239,
    0.14524613578669196,
    0.2032209005799934,
    0.019574632950333366,
    0.18630857037118423,
    0.15265839949575846,
    0.27647687254601494,
    0.21216381488784675,
    0.3131738881532154,
    0.017305546078539086,
    0.052916736539584695,
    0.1298274476242244,
    0.049181691753453646,
    0.06062810452603031,
    0.10404441315422736,
    0.158699033729826,
    0.2811295414987307,
    0.09016873586880468,
    0.1847725708800518,
    0.4375838475016336,
    0.1335616250224075,
    0.3766749261274598,
    0.08303461456170887,
    0.24480391249790381,
    0.12212793393973388,
    0.012758987584787171,
    0.12181018082147421,
    0.009908750787877386,
    0.18702141869972763,
    0.08822072710240382,
    0.17176934130559235,
    0.12885019053621924,
    0.2373524717665223,
    0.003980876987041224,
    0.13981223942220397,
    0.16003452204032775,
    0.2823710627815397,
    0.024892299329798244,
    0.060887453522462456,
    0.10674683258834346,
    0.03943376914758895,
    0.12858997415183915,
    0.12467010345046926,
    0.030697943712304766,
    0.06930545355715798,
    0.12646877692516756,
    0.554650283635859,
    0.3089812962245494,
    0.21278320216500032,
    0.05591515211093313,
    0.06904812846593768,
    0.21104170401253664,
    0.12261562281345954,
    0.3922581288707187,
    0.16219793214713213,
    0.23547436001225908,
    0.2923353263980848,
    0.0388950489495932,
    0.1908753679170546,
    0.1739709887644348,
    0.18003099466267283,
    0.29228480105011767,
    0.15580521068853256,
    0.1107509844853209,
    0.09805618360868082,
    0.23299254624623408,
    0.26413733931638267,
    0.18039269543696113,
    0.02050483424216315,
    0.10432414576743594,
    0.035031341617852,
    0.10283722597769078,
    0.04586545078151654,
    0.19005698738817925,
    0.022061578761716966,
    0.021111066135439737,
    0.06628029352408157,
    0.01567319424285706,
    0.09163303128957458,
    0.06529985601360064,
    0.41142433052106886,
    0.2908580201580959,
    0.179049039223283,
    0.09964147964818745,
    0.2449518021430265,
    0.07685548738528794,
    0.10930569931707655,
    0.09941104358335309,
    0.13311549848785367,
    0.060776572429784945,
    0.20087411020453008,
    0.2372324831003915,
    0.16219634193589424,
    0.17676238774554306,
    0.09467105757721199,
    0.1380057594559743,
    0.12410745780157634,
    0.1622218575980293,
    0.269709800905553,
    0.07419434116102769,
    0.10384896173662632,
    0.3677089537566572,
    0.2620181659949229,
    0.14826587464509378,
    0.021129642693991313,
    0.3956664936709593,
    0.156021262569897,
    0.0502925988677696,
    0.024701112569607882,
    0.14559005510804762,
    0.03789336043438789,
    0.08692340386161114,
    0.03149326617823087,
    0.31644950645625763,
    0.44157863883700627,
    0.19356022274522502,
    0.08795096945059648,
    0.24656413177357706,
    0.07599966460999347,
    0.22755922814037807,
    0.16920049961545802,
    0.016154305424644227,
    0.31009552832599907,
    0.08866266126187598,
    0.3258335598179642,
    0.2614989620257556,
    0.08121656942284006,
    0.16346583648002405,
    0.012400033539000653,
    0.07712148635598758,
    0.09619491363707332,
    0.08098685618129564,
    0.14611337916996756,
    0.16675475473160126,
    0.2869672069529818,
    0.12733226162733544,
    0.08949672705614313,
    0.06396718671392967,
    0.12598701520241942,
    0.05884938097413449,
    0.07213776433647713,
    0.025414539156783263,
    0.12421920628220177,
    0.35118665899510215,
    0.3860340420856632,
    0.09163845246424916,
    0.07776978656473894,
    0.11525879965073178,
    0.3703531136336038,
    0.0028203119127060768,
    0.4562359410870106,
    0.1113950200366616,
    0.21821861645839719,
    0.1286651477739934,
    0.08149326617823087,
    0.17924282814731718,
    0.09575232893664021,
    0.2643393684259222,
    0.09634714022193566,
    0.11876116761982965,
    0.07850569295623161,
    0.0642201025830813,
    0.0880473217951461,
    0.1595782759797147,
    0.08908782592102144,
    0.2364185117935848,
    0.24427726344885015,
    0.08784601550889651,
    0.5557027866283474,
    0.32969401444490065,
    0.019892675197909018,
    0.07934879404162305,
    0.18882862148924728,
    0.04377316648644273,
    0.19348953062746843,
    0.12076367726229233,
    0.11945840296531027,
    0.03194546442842026,
    0.38945545384628727,
    0.2200483713345631,
    0.09163903072288111,
    0.2064433913712247,
    0.12044736979061255,
    0.12360885429617251,
    0.05020253508584249,
    0.02428801905940451,
    0.22768890263859415,
    0.38842694858702503,
    0.20308746740066963,
    0.017668403370091307,
    0.14094222907137446,
    0.11554547136752384,
    0.013909288568405105,
    0.04492925005638022,
    0.03299738916227672,
    0.2570050250675117,
    0.2957524012189692,
    0.011386273874853267,
    0.11190446589141459,
    0.07177750920876871,
    0.07788912468990881,
    0.053053928400016194,
    0.07336670849404105,
    0.15403653438036696,
    0.36612488651674346,
    0.10665951553491815,
    0.1555747023413692,
    0.3446931759698843,
    0.12876749955184957,
    0.0465008124533779,
    0.2239879028294195,
    0.058303721672555264,
    0.045115666182856944,
    0.2304715554578941,
    0.16523566930545355,
    0.3101647747971758,
    0.20030141731190693,
    0.05399215303036436,
    0.09447965397003463,
    0.01930798343867278,
    0.025125192993818414,
    0.0170924577726634,
    0.13078497163641412,
    0.10536407163467933,
    0.04972164075104231,
    0.11428226538601655,
    0.06088918829835832,
    0.24719479509405376,
    0.13636379407053598,
    0.16025281467389105,
    0.18081149925115508,
    0.3141773114443166,
    0.16803863345920098,
    0.1657183706984786,
    0.03537121312878398,
    0.028641656017070194,
    0.022426893652454996,
    0.04633702069587644,
    0.15182961031150793,
    0.16400968872337843,
    0.2954885707181394,
    0.03860461855169343,
    0.3898842326218825,
    0.16901328838336235,
    0.09207655566028462,
    0.2501661047920293,
    0.1256556007239798,
    0.08710194121422747,
    0.12674070304684473,
    0.15669478931146744,
    0.4038351196706239,
    0.009464069899903432,
    0.2485056351303684,
    0.06849083170939034,
    0.1968026634592588,
