{
  "config": {
    "mf": 1.0,
    "mf1": 0.25,
    "mf2": 0.008,
    "T_coh": 10,
    "tStack": 864000.0,
    "nStacks": 12,
    "gamma1": 13,
    "gamma2": 63,
    "gamma1_upper": 26.758176320519304,
    "gamma2_upper": 100.0
  },
  "mismatch_list": [
    0.4890997676953695,
    0.1222275157427299,
    0.10407415221817187,
    0.34942123693887617,
    0.22446408270774396,
    0.3434644900863803,
    0.3381201894081855,
    0.2147155236211045,
    0.44620636061266683,
    0.2306509055225868,
    0.4417695338106245,
    0.5301149407154809,
    0.21126561783717254,
    0.22546315519088977,
    0.1795254977039803,
    0.570195314483751,
    0.21374007555982968,
    0.08913463530652654,
    0.4493843079735458,
    0.24455514228623437,
    0.23334908590353684,
    0.09280154034931552,
    0.18348027527123933,
    0.22041153827712837,
    0.1724439693036568,
    0.6012398403468664,
    0.3167084444597726,
    0.38934848374293,
    0.34762602760693345,
    0.17933181445417615,
    0.14836414506534615,
    0.39306189743869746,
    0.1664626111082718,
    0.11048913883588911,
    0.638968782265643,
    0.22680444253706536,
    0.42376920472643725,
    0.1953901297049768,
    0.23561110887704576,
    0.0774885971974427,
    0.38480025823096853,
    0.1842901056491625,
    0.28650718092406885,
    0.2588684578118887,
    0.3810226946690239,
    0.7252200044526329,
    0.17403463925459614,
    0.26548823054086385,
    0.23104098605499493,
    0.30495501700740557,
    0.06981115354987144,
    0.27696013877281483,
    0.36347745953931276,
    0.22593558194574648,
    0.07810591629427072,
    0.18426413728987348,
    0.21972963753617775,
    0.33758743710609684,
    0.5190943946429064,
    0.22183449333755256,
    0.48667613640514507,
    0.12309748662019418,
    0.5280357757018588,
    0.46464278542173165,
    0.033023364186990214,
    0.38813463257321795,
    0.2973200726461767,
    0.15253678544735305,
    0.21253572350491692,
    0.42034545234948517,
    0.26354270080135017,
    0.28841446747413074,
    0.4514599879223227,
    0.2624897794401537,
    0.5102087129389135,
    0.2711360711146912,
    0.22836205063389803,
    0.26029529887382175,
    0.4128362170529381,
    0.14578846625576905,
    0.543585764945769,
    0.4128423853093013,
    0.4711562174110054,
    0.32951911105279025,
    0.405458859077436,
    0.16980161164279362,
    0.43674277497000674,
    0.37608081103596364,
    0.18393678792467902,
    0.48088047356757385,
    0.36293304923269765,
    0.19289944946808446,
    0.0533823728218976,
    0.21924826680959442,
    0.2786519681281105,
    0.27922981038421407,
    0.2293782091871699,
    0.11210842949635366,
    0.435489323594443,
    0.4292356985631868,
    0.10307415449657156,
    0.3430412860173019,
    0.39025102301399195,
    0.08905654518096856,
    0.45756865892904397,
    0.3151124081257972,
    0.3027564037093103,
    0.5577926163665947,
    0.13544627417673621,
    0.4564026117461466,
    0.19651873557174962,
    0.20097493069877234,
    0.15942685117016314,
    0.56761090759142,
    0.6256158025731737,
    0.4986044030841266,
    0.11814875622257075,
    0.5958161233679955,
    0.19546692449669853,
    0.28504925185006535,
    0.451848032930131,
    0.3074067138640826,
    0.13040193580548334,
    0.17303470321555947,
    0.4158004343308325,
    0.3547902106425237,
    0.4285938914885969,
    0.1659805001909249,
    0.11904241320446966,
    0.5654429813687315,
    0.5269111483604403,
    0.1742906218936685,
    0.3384537070297432,
    0.5304398844606938,
    0.23570024018149385,
    0.42006615370135997,
    0.4326115235881969,
    0.47022733968527264,
    0.2059475322485213,
    0.15440897461870837,
    0.4760523325818508,
    0.23157632902475614,
    0.2382050457254579,
    0.47721677601809376,
    0.46901570908785134,
    0.3785835193727642,
    0.40798038059614433,
    0.18607396538939697,
    0.39289362740510964,
    0.13026345845012974,
    0.22035466695345973,
    0.5506377473981129,
    0.2062064139680844,
    0.21995866489494298,
    0.11987716333810013,
    0.29216470566038644,
    0.48957534026097144,
    0.026738651143663545,
    0.4622586309722316,
    0.014998115347095631,
    0.4783568548417021,
    0.14100572363687905,
    0.5912432556718631,
    0.21179553274133417,
    0.10637879784315042,
    0.2607863537628953,
    0.1779720840214746,
    0.2305900248322821,
    0.4377855803907676,
    0.5516760808330103,
    0.32354355101838667,
    0.13917325803650266,
    0.3391465255844566,
    0.1752861784706873,
    0.2501780631043544,
    0.33762154756378526,
    0.5980769126902318,
    0.36794808838622534,
    0.3724039751004299,
    0.15075132196046417,
    0.5711845794392794,
    0.10996397348912715,
    0.18862762352375748,
    0.24496027336416867,
    0.26305294124611295,
    0.2000396379864219,
    0.1865905568598141,
    0.11841948099435115,
    0.21457624439242368,
    0.3093144938746535,
    0.314177917286774,
    0.22041456072274632,
    0.5593070775101668,
    0.347143176498823,
    0.5084286775176242,
    0.1671997794262366,
    0.3166420740213046,
    0.4038514114691888,
    0.3168715331580153,
    0.19297945175311504,
    0.24448957372109367,
    0.7948374901733412,
    0.4001744521685278,
    0.2964015575911341,
    0.3232964506684773,
    0.35637310859044546,
    0.2785728910815344,
    0.28970819756374616,
    0.5689334742795333,
    0.30011527969971974,
    0.12157392729848633,
    0.6922259086420861,
    0.4940854459486085,
    0.4460204493658803,
    0.5119452621528423,
    0.19967879498917532,
    0.25655486821518353,
    0.30446180322860494,
    0.4651090439202252,
    0.19413877553657652,
    0.3749005768634309,
    0.4337542547620414,
    0.35826423430883575,
    0.37249150265822356,
    0.3255077088921171,
    0.5675733120688864,
    0.3783974847608504,
    0.2265242803330493,
    0.3755211034535678,
    0.21012905491969122,
    0.2601678010147946,
    0.20877487591771657,
    0.2256230980783873,
    0.37582630877841844,
    0.09099473469541002,
    0.16026610413093872,
    0.29327517685345145,
    0.23533285883250227,
    0.09594876979350578,
    0.011928976028463358,
    0.6903515914222854,
    0.3517173086875099,
    0.207612714736328,
    0.13233753465225226,
    0.1972440608374971,
    0.36199134153372947,
    0.058221493303947144,
    0.20919376220734076,
    0.606520484619393,
    0.299093569715721,
    0.11660780241791871,
    0.26292945275372187,
    0.24720002893220647,
    0.07003395096970985,
    0.36275805579967396,
    0.2924943989629989,
    0.3371731153261814,
    0.41015759004465935,
    0.2246778744732921,
    0.5536729921480293,
    0.19604717237278377,
    0.3371799620907445,
    0.22684021842397187,
    0.2678367941511483,
    0.5259282058676842,
    0.37053653548647425,
    0.1367821334573122,
    0.407634403096733,
    0.14905024022062371,
    0.2973665196165915,
    0.30725176726423925,
    0.16310732637695113,
    0.17214246493262408,
    0.22058165878762512,
    0.2855932303787351,
    0.3212358212652265,
    0.19255970190759997,
    0.1949826546896245,
    0.2230638885132999,
    0.16174858286526772,
    0.1941165081311054,
    0.291980953303327,
    0.2898578394631171,
    0.39392323275725327,
    0.17887412983202747,
    0.2329291510103309,
    0.5431794618991257,
    0.4587195322012879,
    0.2056040220516553,
    0.5614248866499043,
    0.40347823195921584,
    0.20824144510742792,
    0.479245145440565,
    0.19978303852171322,
    0.36918870978855367,
    0.22623468069679753,
    0.18125347304156425,
    0.5587932617551131,
    0.2235920146231162,
    0.43213422391081324,
    0.44389832244668853,
    0.1821607618700258,
    0.4375462520438758,
    0.11474535909161723,
    0.23533452426172033,
    0.28738547894762345,
    0.49305577891390123,
    0.43231483045712743,
    0.18157607284935906,
    0.31744943709668255,
    0.4443478649704378,
    0.3010458228546705,
    0.36221623616073134,
    0.05771594301242012,
    0.2100112412231543,
    0.26669770224855804,
