{
  "config": {
    "mf": 0.2,
    "mf1": 0.7,
    "mf2": 0.0005,
    "T_coh": 15,
    "tStack": 1296000.0,
    "nStacks": 8,
    "gamma1": 3,
    "gamma2": 69,
    "gamma1_upper": 17.776388834631177,
    "gamma2_upper": 100.0
  },
  "mismatch_list": [
    0.09124482241976811,
    0.5014956289455287,
    0.4880747598348726,
    0.5038208778423564,
    0.2486181072333752,
    0.27208346753744655,
    0.1510226353428002,
    0.499761215464246,
    0.4681746872056304,
    0.4821839702752105,
    0.4845650572388976,
    0.07624075437264469,
    0.391052811752059,
    0.3907331794780756,
    0.41990204593568264,
    0.23743466404060298,
    0.43820959521340913,
    0.055696249011901136,
    0.3033121623332954,
    0.4811000973786973,
    0.4153542974132772,
    0.4167706326897511,
    0.10631235431505015,
    0.5023562218568914,
    0.5133627902928936,
    0.5082636363426087,
    0.4259745170242134,
    0.47429049152533553,
    0.22974498519947886,
    0.3931111221622697,
    0.47646904352029773,
    0.48307130763283607,
    0.5040604936244132,
    0.47556649074121726,
    0.4291969698108691,
    0.3875467594115875,
    0.3551616203028801,
    0.5162691526376385,
    0.4809426665571831,
    0.4983918636744498,
    0.5099674021341201,
    0.48183249765371694,
    0.020749642491807524,
    0.43649495093767476,
    0.43219914232729306,
    0.08654387158964941,
    0.02912614762587382,
    0.4463031874753879,
    0.46397273714517345,
    0.4972259142408249,
    0.41827775451894406,
    0.02086760718451239,
    0.05496887235584165,
    0.50537039323299,
    0.042648862479189927,
    0.514087564786614,
    0.2628940758015672,
    0.5206099931129436,
    0.42012673542543333,
    0.4853090588210123,
    0.46628193937424356,
    0.3792769429334234,
    0.47871376994918846,
    0.498357927140611,
    0.39616436211459805,
    0.34736691529845937,
    0.1299884174862996,
    0.4676354974842873,
    0.3624834545844607,
    0.5176825966226246,
    0.4872532716408831,
    0.5057754270292963,
    0.47357334281291436,
    0.37630288822671887,
    0.49893014986720297,
    0.47414057806168974,
    0.1751093341876136,
    0.3163476222886191,
    0.5059227021894593,
    0.4289710515222361,
    0.48448207717319586,
    0.4555885700886643,
    0.3935237094575879,
    0.26027304778553095,
    0.40827374140635886,
    0.4254017883216111,
    0.44033617624387694,
    0.11500458847959125,
    0.36564269651096293,
    0.49339126662275756,
    0.5124685499768408,
    0.40234934058315036,
    0.3343198901771841,
    0.08983604064230619,
    0.5215198825441746,
    0.11741643155648052,
    0.473163285397648,
    0.21258177295150552,
    0.4802301800522861,
    0.39341868329429125,
    0.4637700576118742,
    0.4033174172555746,
    0.49546641880588504,
    0.04227407882007551,
    0.5221594362212902,
    0.039892955715244795,
    0.5171606462267778,
    0.4552858157287413,
    0.47563732738266995,
    0.017810066436095808,
    0.07039709286423478,
    0.5158512887353549,
    0.1524892429500194,
    0.46586642464629385,
    0.4477691445420223,
    0.46304524697701016,
    0.43167603541485117,
    0.5002293516972749,
    0.4543275694473759,
    0.07035220556388569,
    0.291858817080131,
    0.48333741487315035,
    0.08113621683760945,
    0.056743041095082436,
    0.5211591939310635,
    0.054195741011986716,
    0.47583415205070634,
    0.4960911907552689,
    0.4356139021390353,
    0.2901734832718548,
    0.29028031649233144,
    0.28687979629116694,
    0.38979271463936055,
    0.07873608349124604,
    0.4985258388937687,
    0.5018017444318063,
    0.2036258530032712,
    0.5037241280009437,
    0.49198917095686134,
    0.45882905730597556,
    0.41648952687484353,
    0.0768202414690999,
    0.5133302271225115,
    0.5137535844786221,
    0.48400678499373456,
    0.4433367585499826,
    0.3728080396407628,
    0.5064180527036177,
    0.38883735964948296,
    0.4536928225423589,
    0.05631549136631449,
    0.06085012065359379,
    0.4866142962220651,
    0.3627391893165623,
    0.47260645879822893,
    0.30502561395129096,
    0.3466964248024236,
    0.49246052375167043,
    0.4909372468312891,
    0.38813860677915335,
    0.4404717778146578,
    0.32154479102034256,
    0.3918859373942872,
    0.5091516603819627,
    0.48134657997803776,
    0.3711523415702373,
    0.48503322961307005,
    0.4224750423718768,
    0.24910745831769626,
    0.4387814203874215,
    0.5149586386296203,
    0.5247464554212005,
    0.49078292414812436,
    0.08902243121762116,
    0.43268824042360887,
    0.27984470584289534,
    0.5151554632976567,
    0.5154362077011283,
    0.02773312338702076,
    0.43058684977022904,
    0.5186131587879937,
    0.45933626211523415,
    0.1787717331152914,
    0.2855835580348701,
    0.46002883485000845,
    0.44846316292254057,
    0.22895862619706694,
    0.46985994873161935,
    0.44493051070038064,
    0.43735135147638016,
    0.4225731655767462,
    0.4118230908368612,
    0.4080349207294613,
    0.3701521715622978,
    0.31130304146516774,
    0.4998737951265547,
    0.45715510795793285,
    0.263379668206954,
    0.5087802739903465,
    0.38141873938534615,
    0.013463371095527692,
    0.45061403080150647,
    0.26887688071283056,
    0.3964540333805385,
    0.4386424938314296,
    0.5096284704894551,
    0.36764347022056504,
    0.4535979520404133,
    0.39667713265997084,
    0.49050301099095545,
    0.020709164410977424,
    0.09465965451379753,
    0.4901276852146871,
    0.46784486312915224,
    0.09509399877756196,
    0.4307580865085978,
    0.4585166894018554,
    0.06431352644461934,
    0.42144780264738213,
    0.44859001833657064,
    0.4430152830776757,
    0.5062657177833509,
    0.3508468014509657,
    0.11286734581176189,
    0.2601563841739956,
    0.2044804464847967,
    0.48875106905502763,
    0.24042433172134195,
    0.09904075622307124,
    0.4557558674423809,
    0.01833729343890788,
    0.4488940376365196,
    0.3953943389090926,
    0.3721341518772288,
    0.00728251271734561,
    0.4120439132242468,
    0.14164545422478403,
    0.2696197980606373,
    0.5055362810821064,
    0.3657118706598101,
    0.46583671662625603,
    0.4885256206012614,
    0.3560981818980866,
    0.04145201236778847,
    0.3546145879533762,
    0.4708044613784174,
    0.3817538400687896,
    0.374547440599862,
    0.36536946946535975,
    0.49379691481850496,
    0.4262793675704651,
    0.4504099417636068,
    0.4313149853903041,
    0.12391439232859412,
    0.3879279761942624,
    0.24898660233350353,
    0.4626435743070586,
    0.4070200774172209,
    0.5067942097261889,
    0.43420909588736917,
    0.46955083353042304,
    0.46662155770063685,
    0.4969232683043327,
    0.1480462676029054,
    0.5088658200772438,
    0.3906484646374812,
    0.48856985736102576,
    0.4072234797733921,
    0.01964777130578241,
    0.3891768695524454,
    0.4813265577844843,
    0.3751880785112856,
    0.4793136767917767,
    0.47912574284506554,
    0.5110918976760377,
    0.48239622721156333,
    0.3329900406573409,
    0.3877724969945025,
    0.5014914727140148,
    0.4814306081369038,
    0.001196850111401461,
    0.5153020879172351,
    0.4794760228088203,
    0.4887248305847753,
    0.5059821543706786,
    0.35542118599620315,
    0.29448194128249594,
    0.2181104282523126,
    0.41053827318194147,
    0.4405706599835428,
    0.1117904842971068,
    0.4942487875369146,
    0.49997343625945523,
    0.39950112933845516,
    0.3788562600219391,
    0.4327143704704305,
    0.4539051517609989,
    0.3333905568106973,
    0.25845760586030087,
    0.5097626264144921,
    0.5207616052103385,
    0.4629421724354678,
    0.04007474566754427,
    0.39282452289353514,
    0.5015223733917914,
    0.18752641917597035,
    0.42242133663248965,
    0.3214562452185267,
    0.47923355187641925,
    0.44948707766182416,
    0.17999735157699712,
    0.2680725957031939,
    0.5085443807460804,
    0.47703631491021675,
    0.472489036222678,
    0.0560337350108221,
