{
  "config": {
    "mf": 1.0,
    "mf1": 0.005,
    "mf2": 0.0002,
    "T_coh": 60,
    "tStack": 5184000.0,
    "nStacks": 2,
    "gamma1": 3,
    "gamma2": 5,
    "gamma1_upper": 4.0,
    "gamma2_upper": 6.000000000000001
  },
  "mismatch_list": [
    0.006997435422967276,
    0.1326266530968641,
    0.06124019128795545,
    0.019987654178207744,
    0.03270833212862785,
    0.0005328653293472038,
    0.016415461479301233,
    0.004463000121434313,
    0.0017347758958671856,
    0.011659717925439333,
    0.33722019510446244,
    0.006806610074421886,
    0.023662054090312433,
    0.004100431959198071,
    0.17021230765672254,
    0.005607301671745705,
    0.17539943215002343,
    0.002673795631834294,
    0.14618175825319632,
    0.0040952999138394635,
    0.22829968831859737,
    0.004791957000688128,
    0.007820875714872234,
    0.059021846611115286,
    0.2091655438811563,
    0.13766104502899967,
    0.0020043167006875496,
    0.002978176519229991,
    0.11946996813794938,
    0.004246008569792925,
    0.1692855036343555,
    0.32753588094811287,
    0.250300549923959,
    0.030217772200794527,
    0.07057559864224873,
    0.03138036118034152,
    0.0066829350095123545,
    0.3274085194844246,
    0.023596349453256463,
    0.022535895404578652,
    0.3230418717075399,
    0.12464061226023951,
    0.007916071542157945,
    0.01190114090428085,
    0.030881179416305738,
    0.2776825417936426,
    0.13275372543123637,
    0.333921157326826,
    0.12388988799130299,
    0.22931742351083945,
    0.04556591281016347,
    0.018817692401103318,
    0.01424569052754535,
    0.04729056917997143,
    0.17300067078001308,
    0.005968496469731052,
    0.08255834629596433,
    0.15557535288233015,
    0.09639499112373,
    0.17649118444715584,
    0.0029765863079921125,
    0.1245807624918321,
    0.14185161305245383,
    0.01873066447699398,
    0.0505368408574419,
    0.03452030555186113,
    0.12207191513476318,
    0.0024995229366286363,
    0.018782201777567033,
    0.2880968351905073,
    0.09623148849554451,
    0.1604741431652721,
    0.0020942359179566654,
    0.32768369831090655,
    0.2776881798153042,
    0.35142309449324305,
    0.14473958122509875,
    0.00535409667327809,
    0.18189045757605546,
    0.0054313664829731744,
    0.0026445212885915356,
    0.026599752505305524,
    0.1487881144720788,
    0.016950639843176258,
    0.003993526394615255,
    0.12483722019510446,
    0.04355444015890547,
    0.08067633129593542,
    0.004469505531043814,
    0.020424673139308288,
    0.033898316110863747,
    0.24560024691643584,
    0.007999629914475549,
    0.12997410846975418,
    0.2388492942353397,
    0.034995345018012755,
    0.0430081303163653,
    0.052233234836613025,
    0.003606960499152851,
    0.33918916574627167,
    0.06013297057241822,
    0.03440537664875992,
    0.05702367390839227,
    0.1591759525365315,
    0.08995181659949229,
    0.023767586290644353,
    0.0012168007262928417,
    0.12512208485367166,
    0.030751360353431675,
    0.012664008604488443,
    0.3089289638183574,
    0.006747193999988435,
    0.022142534970190766,
    0.33832004302244223,
    0.0037977858476982416,
    0.10419873592663055,
    0.0200535756622507,
    0.20979953218876674,
    0.2875116374549681,
    0.12464914157506087,
    0.010428316168689607,
    0.10254600047417207,
    0.2600404491913053,
    0.004107877039084501,
    0.18532639808480741,
    0.006043814656543286,
    0.04687241590673845,
    0.11423051123845651,
    0.07316287232627665,
    0.03965097754621732,
    0.00018135636344711537,
    0.12249932054610745,
    0.28033920651350525,
    0.09814342837977715,
    0.004113587343075064,
    0.1402965310264669,
    0.1892971555457894,
    0.01756952114402688,
    0.03286605217049377,
    0.1318623397500766,
    0.01934405232084102,
    0.23406449318522202,
    0.013103340600116808,
    0.05918303620477295,
    0.12660813725546888,
    0.002150905263888327,
    0.009240572938652542,
    0.0009561506479387971,
    0.007992835375550069,
    0.02096679060676678,
    0.009525654444206716,
    0.08463263229111853,
    0.06251525157141784,
    0.055407441032076,
    0.01077469308923109,
    0.03896060902199117,
    0.28588904373370033,
    0.009142413535878057,
    0.13288845969248206,
    0.0024938849149670683,
    0.19969381205437944,
    0.011201737088930396,
    0.004757478329757768,
    0.19017061520935855,
    0.0801319007939491,
    6.635517801691985e-05,
    0.19026414854307738,
    0.03597925208028543,
    0.04988304719168695,
    0.03563923600469546,
    0.13485338252386764,
    0.026466463890639728,
    0.0011625889795469921,
    0.002004894959319505,
    0.0065493572655305815,
    0.07686531778203119,
    0.3019061572979131,
    0.004423823099119312,
    0.007460403740176831,
    0.024171283098078446,
    0.01650509156725437,
    0.16088759808712044,
    0.02795923854903344,
    0.3282193103687555,
    0.022823723638634615,
    0.3130448641959603,
    0.24932155806005793,
    0.12398703544147155,
    0.15470124267780008,
    0.16383584972214674,
    0.012606616435266838,
    0.2627571082442333,
    0.003314867607686214,
    0.15100508578466806,
    0.04359405087519444,
    0.008324755830292657,
    0.004742154476010941,
    0.20540042964616353,
    0.2715491693314752,
    0.20368827811927162,
    0.1949292500563802,
    0.0020092318990591732,
    0.000477207936021465,
    0.015584286978193867,
    0.002165723141332192,
    0.3136430004683895,
    0.1933724332544974,
    0.17259473322038016,
    0.009727322142101277,
    0.12217564027687024,
    0.03259875211787224,
    0.001460319892675198,
    0.02145715392666524,
    0.003918858748763973,
    0.031996640317348335,
    0.0021970936721157903,
    0.007550033828129969,
    0.28093813789155336,
    0.0994032370918217,
    0.06627913700681767,
    0.013550623651934565,
    0.005245673179786392,
    0.00454728131704186,
    0.005139418156164526,
    0.0016575783685010958,
    0.004616383223560569,
    0.009232549600134156,
    0.03706008974573968,
    0.02627563854209434,
    0.1262083436938005,
    0.005352072768066245,
    0.013103629729432785,
    0.04480225000433694,
    0.0015355657971584372,
    0.17620205513117798,
    0.023899212411743278,
    0.0351776410517368,
    0.08795920963610185,
    0.009012449908346007,
    0.3147951807925613,
    0.006803068240301157,
    0.09552037494289696,
    0.000905263888326693,
    0.0443887228001596,
    0.051251640808868175,
    0.004884695228788028,
    0.0006652865560650657,
    0.0284391209312277,
    0.0018780394719342174,
    0.001103606599087508,
    0.10492235432219414,
    0.22050187066667437,
    0.006020467464278073,
    0.04980772900487472,
    0.017530054992395898,
    0.10478075323969399,
    0.014310238647337409,
    0.004664884666315856,
    0.22236914007158842,
    0.20491071686722603,
    0.018417754274776935,
    0.03610863744918552,
    0.31850470991655727,
    0.013796094441199771,
    0.0012024888251519375,
    0.0032649928006800322,
    0.15967903754633297,
    0.09254465602285278,
    0.0676867630816559,
    0.29625808839261447,
    0.12396578443674718,
    0.02427782725101629,
    0.012625265276147409,
    0.00027134786304522563,
    0.0011463977378522317,
    0.012032477896063794,
    0.012496169036563294,
    0.2530996108319407,
    0.07517398356588968,
    0.044353015329636335,
    0.14657309478237238,
    0.02252505305522948,
    0.002138689550288262,
    0.09353781522323674,
    0.06898090589997283,
    0.20298352541157558,
    0.020803071131594318,
    0.11512124637865531,
    0.07261150272070686,
    0.013488749978315302,
    0.2863049562547345,
    0.002630498516766609,
    0.25783757293286996,
    0.1317226902904593,
    0.0023304545691105803,
    0.05054883972405498,
    0.08367575881988978,
    0.08025376880063377,
    0.1317556510324808,
    0.19166512464364813,
    0.010478769234327745,
    0.21789768291766176,
    0.029171846900244602,
    0.14796279483961997,
    0.004314387653021691,
