{
  "config": {
    "mf": 0.005,
    "mf1": 0.005,
    "mf2": 0.05,
    "T_coh": 20,
    "tStack": 1728000.0,
    "nStacks": 6,
    "gamma1": 9,
    "gamma2": 87,
    "gamma1_upper": 13.2664991614216,
    "gamma2_upper": 100.0
  },
  "mismatch_list": [
    0.637370999078075,
    0.5386686440221301,
    0.0036742554802385707,
    0.4673560160349679,
    0.5824675355653467,
    0.6635944416910899,
    0.27142207066544816,
    0.0032090102528511857,
    0.0326701682396567,
    0.4261067301392277,
    0.1071525029618589,
    0.01875943352192155,
    0.01571295009168833,
    0.5629017293873108,
    0.5221242483405513,
    0.6139318989844297,
    0.5753589386987641,
    0.6478779678357358,
    0.6577098376867717,
    0.0049866134928922435,
    0.01083551906068821,
    0.6173139260332732,
    0.6087863095384596,
    0.5505011171415055,
    0.6484497933610774,
    0.0047350709789004625,
    0.023028283461957934,
    0.022521186764570194,
    0.5044271482462553,
    0.02502923910666411,
    0.3097902731762544,
    0.005769105873702021,
    0.02827034271474873,
    0.004308099246098896,
    0.017947775220308416,
    0.0037529709393584127,
    0.04294914948813809,
    0.5933057381075958,
    0.6053545974219278,
    0.2780674010334711,
    0.024474761340908088,
    0.012418827393370099,
    0.5554129997388078,
    0.6144363122002565,
    0.5867679096372551,
    0.031479895085086966,
    0.002202081232402189,
    0.6462534043622893,
    0.42588072135887606,
    0.5966334991959855,
    0.5499853194584506,
    0.00299899393836753,
    0.36914303043458413,
    0.021824240523217103,
    0.45131519328711095,
    0.020656194185616473,
    0.585456283483209,
    0.5067683910375836,
    0.6417729117553082,
    0.5479438676374617,
    0.6414235712466523,
    0.15196697029944292,
    0.4917192638087895,
    0.6013814454652034,
    0.0009362369001375135,
    0.0001653458335506321,
    0.6046661353192471,
    0.5434043113302663,
    0.007735908116723967,
    0.6284978368970149,
    0.5711457371187735,
    0.4180976490207786,
    0.17189060112480706,
    0.04947927989016266,
    0.5831361832738757,
    0.012782588227181488,
    0.01664333212296569,
    0.6270433627851307,
    0.5809745982177562,
    0.6290875794053036,
    0.017084073639938357,
    0.5875026143615814,
    0.568293277537156,
    0.19357920385276392,
    0.021962697329409992,
    0.006835884664721477,
    0.2966752042942644,
    0.0026262339542710888,
    0.15477725314056792,
    0.6499103120829423,
    0.3904071009584312,
    0.5786029968471531,
    0.5055531804786095,
    0.012857834134384202,
    0.015290965839767636,
    0.007127977566744692,
    0.11086356821946824,
    0.5534264915251316,
    0.6010044840705824,
    0.0027228392904636222,
    0.520161728825677,
    0.022794305554546614,
    0.6320341776885476,
    0.541427100431493,
    0.011907719026578178,
    0.43795600890070174,
    0.010722758623381548,
    0.021020063442925275,
    0.01113400894905863,
    0.5950211062601234,
    0.5820671275894106,
    0.019253627823117472,
    0.26935448878158336,
    0.0216020807770235,
    0.004769983345066563,
    9.93159236277895e-05,
    0.015916786266819603,
    0.02206472384047304,
    0.01744382280434557,
    0.02881658029470157,
    0.0021899378006922407,
    0.016636067748639204,
    0.03823142626882327,
    0.2387940249545353,
    0.5866595945633423,
    0.020215452668643805,
    0.5768733981105905,
    0.09722232010454628,
    0.15314369051683638,
    0.6310235351633123,
    0.4836656748446535,
    0.26495314532771164,
    0.009328432446685726,
    0.5776918057749174,
    0.23223180119727732,
    0.46271836356849055,
    0.01143748631830992,
    0.00193004667739987,
    0.5914485249145812,
    0.006642999262828641,
    0.0058038013928733015,
    0.05845381804130133,
    0.024585244884769132,
    0.5601558229977731,
    0.2307317621106065,
    0.0009352610886608213,
    0.001762532373901033,
    0.5934024789731601,
    0.6547660584144603,
    0.10211596044840923,
    0.02439333529435299,
    0.02330844977926602,
    0.008666073301006506,
    0.28765740516765903,
    0.02599073868169821,
    0.45055850569868483,
    0.13633241039638222,
    0.029903742703234152,
    0.47753768719452355,
    0.6150560609114535,
    0.5604268546354244,
    0.06856485129229424,
    0.018310126548653473,
    0.5915025198162915,
    0.07550568990250885,
    0.2676400422287838,
    0.6253058491332572,
    0.035494600347193726,
    0.5430226606193822,
    0.5687906703315254,
    0.5976608118339477,
    0.6518725605390729,
    0.3837299482939183,
    0.4840896107195276,
    0.15805115485661914,
    0.3778500878176117,
    0.03341547136085476,
    0.11844307544117792,
    0.0033772835208318946,
    0.3884557490637902,
    0.0345085970617449,
    0.55285821686933,
    0.6264990497222569,
    0.006750446948762199,
    0.6118571882556101,
    0.006942573386173163,
    0.01163178122566909,
    0.3345648254875019,
    0.0014997138161785856,
    0.5751649419560227,
    0.5792293593916922,
    0.0015369030757903016,
    0.08885435720966925,
    0.49026915374267616,
    0.029592567265666735,
    0.6528147065198193,
    0.4952910590839754,
    0.6393617358081503,
    0.5781775159374409,
    0.6124347602263145,
    0.6165944548103331,
    0.5573115222843357,
    0.5081949732047589,
    0.5563176311894502,
    0.0036768576441764166,
    0.03017046450686337,
    0.029495094541494918,
    0.011469579673543355,
    0.5298485551430523,
    0.0017993963630205181,
    0.489323104516023,
    0.026892605333156676,
    0.03271613980255864,
    0.5005264502916754,
    0.07968454833969472,
    0.003510427575651682,
    0.0016311230950398093,
    0.5958358275255383,
    0.616389398870856,
    0.19263028140342942,
    0.00514935716250503,
    0.5807956994470294,
    0.5806352597767365,
    0.019563068484726328,
    0.01277033637197413,
    0.5740422166403396,
    0.007472981135504109,
    0.00768538276693079,
    0.5986349698523045,
    0.5745429434572545,
    0.6000572963972064,
    0.6053123122579378,
    0.6485945658359945,
    0.6450339652869163,
    0.5957708276388409,
    0.5538948539280695,
    0.6293791844015885,
    0.6359674840099737,
    0.5839833502708907,
    0.00421474661482867,
    0.5716792620436549,
    0.012687283972957878,
    0.5215831066649768,
    0.3018571427177412,
    0.01871573885246522,
    0.004992685208747218,
    0.011814474818805362,
    0.027916556842699083,
    0.5915646464803076,
    0.5380110012985883,
    0.2195768274265477,
    0.28623049772999143,
    0.5899037611352287,
    0.004949749503772759,
    0.019218715456951373,
    0.0103425174179638,
    0.5983990132160654,
    0.6490371505524232,
    0.028461818611175232,
    0.016715000054753865,
    0.03350643867518196,
    0.00830838418305009,
    0.5712233683429192,
    0.1361481446625335,
    0.5891983307552032,
    0.5594608283793734,
    0.009655329291377633,
    0.54300433704832,
    0.04113782654040245,
    0.5936901807235382,
    0.01571338378567797,
    0.010963567211129715,
    0.6432781551698546,
    0.40766335111225704,
    0.014735837533027152,
    0.5617985203011614,
    0.16207063075261194,
    0.026201297113668916,
    0.5896038075296433,
    0.5079287935186168,
    0.00707528374700331,
    0.5031811454140167,
    0.009368007023240468,
    0.013219209651252568,
    0.5901682060454123,
    0.6512693735171053,
    0.00640002220513227,
    0.6459039012183874,
    0.004012536792158553,
    0.01624444207599338,
    0.6401408941664146,
    0.6036373860699442,
    0.5673161920843691,
    0.11570744217801988,
    0.5732337297260257,
    0.6193133637490157,
    0.0024452751370933807,
    0.6125521015563867,
    0.292961211602225,
    0.4296925120455795,
    0.020520231119864018,
    0.0006729846484254252,
    0.0031324632636795485,
    0.07323541029023561,
    0.585164976651542,
    0.02329500526558715,
    0.4893612695871114,
    0.011655200701109704,
    0.6491673400669385,
    0.6593167552360146,
    0.03277815804307731,
    0.03159775142677191,
