{
  "config": {
    "mf": 0.4,
    "mf1": 0.4,
    "mf2": 0.0008,
    "T_coh": 30,
    "tStack": 2592000.0,
    "nStacks": 4,
    "gamma1": 5,
    "gamma2": 43,
    "gamma1_upper": 8.717797887081348,
    "gamma2_upper": 47.70744176750625
  },
  "mismatch_list": [
    0.3050744522660372,
    0.08529866633281859,
    0.217425742173484,
    0.13438286341613903,
    0.2538381927793402,
    0.26142400855360415,
    0.012987837193548134,
    0.1932365260640034,
    0.08675811925951647,
    0.06640890298812344,
    0.21195179981605589,
    0.0838293107241853,
    0.234789769676629,
    0.21498635742928113,
    0.24357800234136986,
    0.08733854652916058,
    0.18748783849463044,
    0.1529258883283955,
    0.029989657841377252,
    0.27046754247816857,
    0.18167547017500135,
    0.059193172845313745,
    0.020078952565141577,
    0.2685591438762827,
    0.09683926631680081,
    0.16238764792944319,
    0.13605829600431843,
    0.2588124472519552,
    0.3183359504362818,
    0.02699789137928891,
    0.18671152605677518,
    0.14010690270419837,
    0.14487587530311605,
    0.08920429854460935,
    0.04134261284503618,
    0.23068492730853202,
    0.17979497256017432,
    0.1881752436421168,
    0.12584299290563192,
    0.08308928402597654,
    0.12118128731395607,
    0.11250747760909648,
    0.19597234072511918,
    0.08233104217559464,
    0.1533230075587099,
    0.19125902553561944,
    0.18449845735008857,
    0.20949109177863443,
    0.015739626253990346,
    0.09230412711978833,
    0.020418535044940827,
    0.06455796885440282,
    0.1250980510076304,
    0.2248280330613686,
    0.19394684471640597,
    0.13324376586416875,
    0.15011598425863898,
    0.05757007267845717,
    0.005955776501817612,
    0.19148028180864318,
    0.1343228690657275,
    0.05100192010834257,
    0.1942144339757114,
    0.1541921305338283,
    0.08003130693138584,
    0.21081436475813314,
    0.0571462089786822,
    0.16786845711011117,
    0.2718530505609255,
    0.2680939346723687,
    0.29469918832703657,
    0.15546025208035832,
    0.09533131193332445,
    0.12562412195015468,
    0.03572193731732443,
    0.04296383367079553,
    0.004724663518433011,
    0.22512627003702881,
    0.25075997662677935,
    0.20839478537780104,
    0.2323332540155014,
    0.1519479804166875,
    0.13015261117097696,
    0.24406453483850243,
    0.29818890789754066,
    0.19745311694503564,
    0.11514650620370497,
    0.2016032080641659,
    0.1836017225173109,
    0.2021937548627951,
    0.02533850547278584,
    0.133187313348902,
    0.27066581296392617,
    0.28978839775762805,
    0.21542742432833073,
    0.2357378972601809,
    0.05402512939263454,
    0.13105881499159067,
    0.32713003797136403,
    0.08526382624016997,
    0.032357699906235333,
    0.033554189644020994,
    0.08572440937369079,
    0.21058573568542027,
    0.13128050495871377,
    0.19891676224802735,
    0.1429405876670698,
    0.061916699506947635,
    0.14135897756905205,
    0.23191654626836586,
    0.17544321368484145,
    0.06102683149740983,
    0.04909431661230552,
    0.09589041590974999,
    0.18243920548397516,
    0.033524626162914586,
    0.11008695855821578,
    0.2397066319634286,
    0.1274814892130158,
    0.058159824371237526,
    0.06521862953242862,
    0.028346318616550518,
    0.10561022349991717,
    0.10487142560165659,
    0.09131017252640403,
    0.08159000352448738,
    0.08357646706425814,
    0.00580810366098537,
    0.08934243011525565,
    0.20825520816015686,
    0.007158482521694102,
    0.13948816578911075,
    0.04265901900129501,
    0.19294956513492656,
    0.06495682286111466,
    0.05538606147642772,
    0.3002798194329074,
    0.003094190551887307,
    0.31069758539364534,
    0.1175931191828972,
    0.09215067169096462,
    0.18619304476098975,
    0.2763834914051949,
    0.30758048133684185,
    0.029565071318103348,
    0.07207836910201323,
    0.009283366761510748,
    0.09124172114105496,
    0.188839012461188,
    0.0415058986734454,
    0.23558494780780645,
    0.11700459629006502,
    0.004273332525698544,
    0.008176940831692283,
    0.09918475628849216,
    0.13939203026375252,
    0.15574692388003558,
    0.07804072329767114,
    0.2539010061413976,
    0.12701309958570647,
    0.07088874618746746,
    0.08576329727793344,
    0.13046891873411054,
    0.12036876141880422,
    0.08587728654371535,
    0.20372505644528704,
    0.28429067450708495,
    0.05908012325008045,
    0.31932636319452135,
    0.21003863057907704,
    0.23590414666493575,
    0.2682079962205005,
    0.22245312417327062,
    0.12345926557084697,
    0.1172143596694557,
    0.0870201427778801,
    0.26387958454418314,
    0.06290985899448312,
    0.0008227177064868205,
    0.24393117390294908,
    0.11760988868807246,
    0.07744562271099868,
    0.026296752585322807,
    0.1856303989494194,
    0.26113531284812985,
    0.11488657887348826,
    0.18750865581139975,
    0.011207522915673387,
    0.0714389594348561,
    0.23488930247243223,
    0.22301107163209788,
    0.17067778292106855,
    0.13803341121515594,
    0.09433677908114099,
    0.20498688942737633,
    0.19272635723845571,
    0.2181291940026467,
    0.20056725742549353,
    0.018338032167958738,
    0.012386014348335583,
    0.2316932660895451,
    0.11560549912552813,
    0.07998533535685362,
    0.007953082394072384,
    0.1432819772056164,
    0.04136429755000421,
    0.05994389733130673,
    0.178560968282794,
    0.17262116618030282,
    0.16398465416798824,
    0.11586087266770155,
    0.2116816083921543,
    0.14501039275626768,
    0.3417620094955877,
    0.292077146084653,
    0.1201374578991453,
    0.3129477349458273,
    0.12901257394845805,
    0.05269123090770151,
    0.04757674867629333,
    0.2436127701516686,
    0.26287890769225875,
    0.08665974298131154,
    0.27596938582265557,
    0.13648244883349298,
    0.18252471550389907,
    0.091196255542972,
    0.17037137803987037,
    0.23297439845905596,
    0.1366642389434749,
    0.05193074830447292,
    0.28465519439759746,
    0.22127882511690225,
    0.16819813690797503,
    0.19000138492982396,
    0.15762713236546302,
    0.22327880545610307,
    0.15049337040743246,
    0.1714410122535931,
    0.09708466489468895,
    0.0016523745185634084,
    0.2278816732149657,
    0.15290246884703002,
    0.2072529410965348,
    0.21897092196715548,
    0.2870233087448054,
    0.20216556474633665,
    0.10957657288561838,
    0.2528112774344045,
    0.11415797278656266,
    0.13431484572488933,
    0.16497492236152797,
    0.18087328065588426,
    0.2580966351409607,
    0.0321167105516907,
    0.12619392371436444,
    0.1306217236217852,
    0.23708112016825017,
    0.1195021683259321,
    0.2590759886996665,
    0.06366716117431641,
    0.223750158659758,
    0.07019671496958792,
    0.09956308210783428,
    0.2947912037584509,
    0.02031119575534911,
    0.04011988461423922,
    0.23477531320665032,
    0.1727694895622841,
    0.04585794667817787,
    0.17967744145924763,
    0.01845715348058308,
    0.1296277690284009,
    0.14820483892745714,
    0.01262447382063395,
    0.15964048493939414,
    0.08704826061198863,
    0.011916468203427975,
    0.2396516973775096,
    0.028832778831333183,
    0.11881599197839394,
    0.18752578672832448,
    0.1763927869153912,
    0.08835151138056686,
    0.006514808195893264,
    0.11388048084532185,
    0.16958509063772984,
    0.24033498243105203,
    0.2449306219549253,
    0.22084513101754177,
    0.34748062760740506,
    0.1623840338119485,
    0.25323745416937604,
    0.01046836360566335,
    0.18976545533977185,
    0.27209707577416564,
    0.024930471607637526,
    0.25663233929681994,
    0.10418329763067131,
    0.1792797439701341,
    0.2221275644693507,
    0.2995841018151833,
    0.05375623905103105,
    0.2503139222455871,
    0.04932504187316529,
    0.15287326677767307,
    0.07456502650304642,
    0.07352640141742797,
    0.10232253309736519,
    0.1411355528255315,
    0.00708092356025847,
