{
  "config": {
    "mf": 0.9,
    "mf1": 0.45,
    "mf2": 0.01,
    "T_coh": 10,
    "tStack": 864000.0,
    "nStacks": 12,
    "gamma1": 25,
    "gamma2": 33,
    "gamma1_upper": 26.758176320519304,
    "gamma2_upper": 100.0
  },
  "mismatch_list": [
    0.2782760078424884,
    0.3101828204486282,
    0.1269626685971832,
    0.38622244186413385,
    0.4743215209908433,
    0.30559677756691817,
    0.07242700469354478,
    0.13638011673524272,
    0.33702495464374044,
    0.10620461053574977,
    0.4816786516193646,
    0.3842683251703089,
    0.5623871785744761,
    0.17583152419692613,
    0.37621950684005895,
    0.2684357080645289,
    0.28736964920553226,
    0.47629894873661144,
    0.13549744104282588,
    0.15601398576377795,
    0.2798590993281755,
    0.36333939167695695,
    0.4950461846150744,
    0.27966100959840695,
    0.3534236291447999,
    0.14523658169770162,
    0.22817654554713912,
    0.5438782304374465,
    0.4772545934427854,
    0.600292900657079,
    0.28252599209397544,
    0.4720727092310573,
    0.13843588045788977,
    0.5100799157072362,
    0.11547915650422261,
    0.37619890637555103,
    0.20575608421166305,
    0.32737710657368413,
    0.2832112285976082,
    0.292226371348527,
    0.33141517709948276,
    0.06931351554191202,
    0.22008446624142247,
    0.22434762394784483,
    0.23315139509056235,
    0.2350865918840892,
    0.19734106551890998,
    0.20664206682075092,
    0.15210499341164618,
    0.3597908532419656,
    0.47525808316147305,
    0.4806807759609493,
    0.4150990887764007,
    0.19404547910337672,
    0.40548788784846906,
    0.31345151783680375,
    0.6049925713640749,
    0.2635151244815595,
    0.2609587152596206,
    0.3021952613944151,
    0.3041777308328128,
    0.5325749724089305,
    0.3812202153876145,
    0.19411443644772963,
    0.458373617180267,
    0.2827469049699488,
    0.2119495596542288,
    0.5562342264140674,
    0.024202293091916127,
    0.3680681740930076,
    0.3132034990864778,
    0.1076032194405933,
    0.2354547980812944,
    0.06759901477736373,
    0.07953221332583332,
    0.19296661109239602,
    0.3394632906769996,
    0.4290230511608199,
    0.3208072389598587,
    0.5967541474427288,
    0.4495751045771738,
    0.44739725599644287,
    0.291029159090123,
    0.4026365667135743,
    0.43471105625845907,
    0.1302715911028979,
    0.326480877944091,
    0.24192540398324075,
    0.374796340013052,
    0.5312468929891523,
    0.3185943153777155,
    0.49926217810012324,
    0.10649973929570047,
    0.4592219768357535,
    0.45881685243768006,
    0.1958446044076537,
    0.3753278319973571,
    0.12051266315974478,
    0.2813805520555848,
    0.20689854260387486,
    0.2632054669729558,
    0.10005894985554195,
    0.2559249375453549,
    0.21567135883808175,
    0.10342316834493591,
    0.09684484369831249,
    0.30558306199449575,
    0.39207118479668374,
    0.3649726290301963,
    0.5166341161256858,
    0.47607798164888937,
    0.3077328288893975,
    0.501911994165081,
    0.5991487888065316,
    0.5837386926489845,
    0.42647309313697696,
    0.3659565722691943,
    0.3434395055975257,
    0.37079930778102316,
    0.03940489378129441,
    0.3465207929704276,
    0.1749924347504682,
    0.15341328554314695,
    0.41854771495852855,
    0.4718992316352009,
    0.5189490120071434,
    0.5216841031528143,
    0.0841690526160801,
    0.11039685927486582,
    0.11633700321573251,
    0.3039597996030182,
    0.3798687164923958,
    0.2863899344829332,
    0.3838842891424818,
    0.21918606914188116,
    0.34667258586680194,
    0.48910620330945376,
    0.25619957426429507,
    0.2850955747708496,
    0.30568958808070135,
    0.3621508532983458,
    0.3201759973579362,
    0.530079714039531,
    0.6007701808926789,
    0.37499442974282055,
    0.20176295522554094,
    0.10564682585332275,
    0.3738397737071501,
    0.3438921194874648,
    0.5260459262418801,
    0.04824346886668063,
    0.2896130940021964,
    0.47156127559377314,
    0.3400527892324191,
    0.24659477032271063,
    0.13230382692660694,
    0.40300943512116816,
    0.3352757041482722,
    0.4071054580063326,
    0.28452027969359084,
    0.5349354061593004,
    0.2092947018966414,
    0.30332351630846616,
    0.26227822922310334,
    0.4231996251149154,
    0.41485307586077685,
    0.5942507844168979,
    0.029704460314994113,
    0.21709794100525712,
    0.3270689127822955,
    0.21612608698622035,
    0.4995006013709284,
    0.07461434033029918,
    0.347216763400304,
    0.48204620727558534,
    0.43555274786885484,
    0.09959527676886702,
    0.09301120567688084,
    0.4429452787692805,
    0.5719594554668375,
    0.1821309836082104,
    0.3926999868699145,
    0.27305487432469777,
    0.11372394271639677,
    0.4806175108502104,
    0.36729289187477565,
    0.12639311996528713,
    0.31147436114977917,
    0.12577207017212122,
    0.3691380429537033,
    0.23749570778479628,
    0.45670839489529164,
    0.37716083964457475,
    0.2453635672978685,
    0.4730404973689412,
    0.5737389561180831,
    0.3985581084349903,
    0.35873421204795397,
    0.2722590458537066,
    0.21439646114378333,
    0.33260496234831416,
    0.13469640824395895,
    0.20001148204837574,
    0.5443694430924637,
    0.5842663627050058,
    0.20358360259405386,
    0.40391688558274325,
    0.03514309136858969,
    0.3797417525769284,
    0.10838766344435646,
    0.18050593222902556,
    0.5372024872784,
    0.41102610588443594,
    0.2616845563630335,
    0.4227780745569843,
    0.34263706329319243,
    0.24224335588939633,
    0.12701026651254627,
    0.5610665261642704,
    0.30788516390325893,
    0.3066103204207092,
    0.11374400106341766,
    0.38114648740937557,
    0.37162592852527887,
    0.3334986430257182,
    0.3542092658070346,
    0.5861566450647304,
    0.11037604196336305,
    0.3886415327266027,
    0.25089164773682754,
    0.3991474443551637,
    0.40628550530716756,
    0.30968119913785974,
    0.28163963000264663,
    0.362044001941648,
    0.2766627746245213,
    0.4365330047089409,
    0.4493345670481692,
    0.2525802352854948,
    0.14564712727064555,
    0.33083494875309183,
    0.280413848152675,
    0.2677873355500156,
    0.32317417812007315,
    0.3494241031723306,
    0.325387535396206,
    0.36639503689272135,
    0.38488124320116907,
    0.26548116776009956,
    0.3013215848522833,
    0.4280408426977805,
    0.33208203582030454,
    0.6388144410990977,
    0.31050874148184343,
    0.03362917407425036,
    0.2363440333953046,
    0.07494405618592374,
    0.5212669979582771,
    0.44566291373186845,
    0.23257783478926214,
    0.391876618830581,
    0.2399944899178616,
    0.11165164441039464,
    0.35731538216084346,
    0.22147727448915455,
    0.44805088705058055,
    0.39578300901877494,
    0.11052507006055344,
    0.26392724219521585,
    0.45991155027928265,
    0.1479523734608336,
    0.28843062733944025,
    0.4694749906566051,
    0.21419674506155365,
    0.38245906226902404,
    0.12090857156053832,
    0.146839839953907,
    0.3911435133528416,
    0.3215781300264456,
    0.2113352321179023,
    0.18164215627013627,
    0.3275622939072608,
    0.33909481342105086,
    0.3568208083774066,
    0.3911112573623621,
    0.0923146389177687,
    0.35043943501382885,
    0.2905773041646658,
    0.38352199202588544,
    0.347725106967912,
    0.36597516689900017,
    0.40363427973674343,
    0.10316549990334045,
    0.134029766370132,
    0.2589771674209509,
    0.4481586600070063,
    0.3264483508948679,
    0.3702808266164073,
    0.3009197131591322,
    0.4310164171607074,
    0.23904442902180428,
    0.3293195677415375,
    0.6431591874873213,
    0.44597766714485043,
    0.35283093209620675,
    0.4293859988184007,
    0.18798959307902458,
    0.4963193475334142,
    0.18112221138830542,
    0.28266596682913203,
    0.43190906781488597,
    0.3724185042913478,
    0.23255284317310906,
    0.19097048029332458,
    0.3056776072842375,
    0.5360942907113698,
