{
  "config": {
    "mf": 0.8,
    "mf1": 0.2,
    "mf2": 0.005,
    "T_coh": 20,
    "tStack": 1728000.0,
    "nStacks": 6,
    "gamma1": 1,
    "gamma2": 81,
    "gamma1_upper": 13.2664991614216,
    "gamma2_upper": 100.0
  },
  "mismatch_list": [
    0.4014489499346911,
    0.45070048626854353,
    0.22885061443053864,
    0.3943279656835294,
    0.4443589043285154,
    0.6094890022251754,
    0.12141940886858671,
    0.4177491759001021,
    0.5334320601559586,
    0.5210192502666947,
    0.5208486458935196,
    0.5110826704230349,
    0.5263355254034628,
    0.5117628652340381,
    0.4925501130694443,
    0.6396526902634506,
    0.4948447879686348,
    0.4095485646734778,
    0.513929708829782,
    0.5158932583678816,
    0.41304847516988064,
    0.5935922743053768,
    0.39396035581555994,
    0.3833697654355215,
    0.31134875252802935,
    0.37112913206014514,
    0.2857337554766064,
    0.4001636435846413,
    0.00529258460258397,
    0.4599615877233375,
    0.5205808398549163,
    0.5090803594846111,
    0.5423433874081071,
    0.534056687924539,
    0.5249885802951353,
    0.28233034189289863,
    0.47113289435550526,
    0.3711220845328134,
    0.4289551780514411,
    0.15820912789234587,
    0.3145635092262433,
    0.5579451220973268,
    0.006955367358867573,
    0.4859839318545308,
    0.4668543947241994,
    0.47198309721044773,
    0.2639477342362264,
    0.3176643128286791,
    0.4258594161416349,
    0.2611028100876788,
    0.31676168721273873,
    0.5925321364535736,
    0.47164768912120913,
    0.5374252975655781,
    0.09863833098072415,
    0.5485237978192349,
    0.5177436137746849,
    0.5114156931953304,
    0.3080414021630271,
    0.5282547297311216,
    0.5256185208150889,
    0.47084394573490695,
    0.546328357526049,
    0.03948219973494792,
    0.4003550110575704,
    0.15999215230725744,
    0.5111360689955095,
    0.46034416003394957,
    0.38504398687078184,
    0.4271243388741716,
    0.5100428348711219,
    0.01333706599293751,
    0.47327913748674116,
    0.45032127508635117,
    0.4089822145347553,
    0.5172784227590462,
    0.5392959281663972,
    0.2972513125477538,
    0.48561035869420377,
    0.4502486313430863,
    0.4806837576071281,
    0.5338922094789676,
    0.3024027839684583,
    0.3757705251372831,
    0.4926127818509474,
    0.5438740019210475,
    0.5269653574999189,
    0.4857911548761354,
    0.19862691398644686,
    0.15342396525764188,
    0.2868572939685201,
    0.4446708387305647,
    0.2880125463334263,
    0.4764970926781287,
    0.39686279862948365,
    0.3172270408636235,
    0.5214382528724366,
    0.27216688588090787,
    0.44373584870064736,
    0.33859232472230305,
    0.5245403033450926,
    0.43011086411033694,
    0.38370072816136624,
    0.17641945061163322,
    0.29846305355481073,
    0.38607216689672325,
    0.5399175200770501,
    0.42213035258345544,
    0.4683216899146523,
    0.364834063800506,
    0.5186515521419983,
    0.5184020154627087,
    0.4408799737788614,
    0.1802610577601245,
    0.07873107210346898,
    0.6096450236379488,
    0.5456042511985947,
    0.5591372384513524,
    0.37826719301214895,
    0.5689409181930617,
    0.507677251004625,
    0.3816304356900662,
    0.5934264405660877,
    0.3232038861583636,
    0.5540697681352665,
    0.43297633451164375,
    0.3234314670794277,
    0.33118640351994716,
    0.40327892172398133,
    0.38605449386664537,
    0.544155198261581,
    0.4245109531043436,
    0.3780749581512406,
    0.44537916943914585,
    0.1664214488566905,
    0.4766782141305525,
    0.5352291254137848,
    0.5386069510521037,
    0.5594616686614783,
    0.4704642466469762,
    0.24231968603157314,
    0.39120233310018665,
    0.5615087042925838,
    0.3319441211315987,
    0.4270379795584843,
    0.44978967467854875,
    0.27572707984187084,
    0.4950494915317454,
    0.26981675236279196,
    0.5348096891140531,
    0.5017603639039528,
    0.5865444217032182,
    0.5613132167267532,
    0.585055035225168,
    0.49528498736812043,
    0.5319074089353756,
    0.3782419303372524,
    0.11039490765191243,
    0.3930402740165365,
    0.4732348464880491,
    0.16744171396732094,
    0.39557554065648043,
    0.4165706124832526,
    0.4900667270730112,
    0.5764648583723486,
    0.3083749670528097,
    0.5670638906058955,
    0.44387441393033766,
    0.4649244022585482,
    0.32175263764552736,
    0.5086478039416928,
    0.48074854064683076,
    0.26794254378655835,
    0.25724553574381176,
    0.34489655476747333,
    0.5705009967914234,
    0.4575681390180062,
    0.4798985546388831,
    0.5288993074232256,
    0.4535000351834249,
    0.27876277513411174,
    0.45157752393909506,
    0.3274907343989701,
    0.2440019850173906,
    0.45973270572030445,
    0.2122509769770293,
    0.46909041251129097,
    0.4117457668484965,
    0.40389379137779485,
    0.1984137533905383,
    0.5170030812873729,
    0.4603228006049597,
    0.10346409821520829,
    0.45731567490428643,
    0.2798844704265695,
    0.5375537251982605,
    0.5299832713385846,
    0.44650276214280826,
    0.5416190100219092,
    0.21203570212292125,
    0.5046786907602472,
    0.5937021344141277,
    0.40799903026023915,
    0.3772331581173474,
    0.47869906548703345,
    0.4096604577228051,
    0.1066565196729557,
    0.5384521765095506,
    0.4233500085058234,
    0.5299967700640121,
    0.5813491200836856,
    0.12433947050083957,
    0.40656859905890574,
    0.5511957593835387,
    0.4637780948321783,
    0.3436377037507916,
    0.5252768783747491,
    0.5355492457898885,
    0.5131896100364596,
    0.5591568088926351,
    0.512684139691533,
    0.5467620244098157,
    0.339663603088465,
    0.3041915006169839,
    0.45081270458836314,
    0.6142503116904492,
    0.5146252455656687,
    0.5793017320762135,
    0.49959433348443955,
    0.44090268850156883,
    0.5671839967351516,
    0.03722980999974737,
    0.5193377644571078,
    0.08767319162888199,
    0.5203031672780487,
    0.5362748158345579,
    0.43420314638484075,
    0.30781008063130233,
    0.04838105828489423,
    0.2672037460752049,
    0.286906951930334,
    0.4996153134311884,
    0.4582957148973777,
    0.5113267317157053,
    0.49011389129438465,
    0.4784486614197645,
    0.12420285689410267,
    0.5809267021377753,
    0.177265370738428,
    0.27467260711780744,
    0.581288186078141,
    0.45134083544424847,
    0.4435465954859178,
    0.45196448740135226,
    0.3030656310198759,
    0.5114926738784917,
    0.4928572768376075,
    0.05293863999853411,
    0.5558295899217324,
    0.5537644475665593,
    0.26237255766585027,
    0.47964966850057783,
    0.6236426597888582,
    0.5282304428677017,
    0.511630696990695,
    0.5609428149537254,
    0.5945846745771728,
    0.5240382483403344,
    0.4698952401325672,
    0.31210169950579486,
    0.4186384654258609,
    0.5383843576119204,
    0.2643983965032121,
    0.531619436126254,
    0.5074533564824728,
    0.5314582103856049,
    0.2857739263823969,
    0.4466681079763589,
    0.5114148258073512,
    0.406521489049281,
    0.5782898697866323,
    0.2944974099252821,
    0.5209930659920701,
    0.05721269426644619,
    0.5098633939829079,
    0.49327394833815513,
    0.5089445590541047,
    0.40834463015823436,
    0.5584503755952586,
    0.47091620999593087,
    0.32737705236193543,
    0.31254455528096703,
    0.5820747985518524,
    0.5875561484634276,
    0.4601904155146218,
    0.4918142427925209,
    0.5416234011735542,
    0.46886087996727344,
    0.47363780241617426,
    0.514870065822821,
    0.39828981449064865,
    0.5595942705988111,
    0.44805668770769197,
    0.46865764012137795,
    0.1591371246066802,
    0.39545296789265816,
    0.028010885285446,
    0.52024114903753,
    0.48324716014464997,
    0.32411030659671325,
    0.48595774757990623,
    0.6247406374412575,
    0.2540175513789138,
    0.33929257788032713,
    0.5275445558230845,
    0.4533186426722576,
    0.09287464628189264,
    0.41555229899557555,
    0.4263954077010825,
