{
  "config": {
    "mf": 1.6,
    "mf1": 0.75,
    "mf2": 0.01,
    "T_coh": 60,
    "tStack": 5184000.0,
    "nStacks": 2,
    "gamma1": 1,
    "gamma2": 5,
    "gamma1_upper": 4.0,
    "gamma2_upper": 6.000000000000001
  },
  "mismatch_list": [
    0.47400539515303614,
    0.2287186366974493,
    0.5081989484366778,
    0.17381124481735702,
    0.012339894641277258,
    0.14571900678297375,
    0.4294564947118248,
    0.4587304042606096,
    0.17538801154204228,
    0.10278192999601002,
    0.5032317429293426,
    0.21944958452117294,
    0.4606817741553087,
    0.29458366824145765,
    0.12087455835496984,
    0.40807559864224874,
    0.34701647458842444,
    0.48144700548767444,
    0.4819477051806191,
    0.5002372667449243,
    0.10190724153284798,
    0.4388275011131479,
    0.49662076497834423,
    0.4622460360370779,
    0.4945062900082691,
    0.21600272938074283,
    0.4710786836520502,
    0.43578322240405243,
    0.4793805259840516,
    0.4595505918477098,
    0.485187832860125,
    0.45493576269422265,
    0.5006247000283347,
    0.1781360411257539,
    0.47255139996414797,
    0.21352214441431075,
    0.2749960967542343,
    0.4820626702248848,
    0.5028378765186517,
    0.48663608160385813,
    0.46680546078539087,
    0.4912511637454968,
    0.048472963517662906,
    0.21744599064377534,
    0.4647437157743172,
    0.352677626595271,
    0.475724811053992,
    0.46182907542227336,
    0.16983528302868742,
    0.4418407707031047,
    0.44360091769644894,
    0.44383059479682885,
    0.48343476953502224,
    0.039434347406220906,
    0.5038486726073104,
    0.4774868012467256,
    0.5010441905246541,
    0.2022035990817253,
    0.3650694199487663,
    0.48094135445519365,
    0.48212024309992885,
    0.2088570429010079,
    0.4599559150075463,
    0.2603592142621709,
    0.28522693760011103,
    0.4392282704862577,
    0.4759217442593374,
    0.42795743149080856,
    0.28947981299115844,
    0.06426650783829575,
    0.4959079889321298,
    0.4618235819652698,
    0.482648012525082,
    0.49378491236490435,
    0.4485644368050054,
    0.4700217352963286,
    0.4475573993974545,
    0.4391472419954549,
    0.4714055443437632,
    0.46893254902187553,
    0.21097679448109963,
    0.07768897492092314,
    0.484312566138331,
    0.06211712050331631,
    0.3455902719550346,
    0.45510248188604835,
    0.4496630920645568,
    0.47136325918130145,
    0.45178277136231954,
    0.4375832331018371,
    0.27028292749215016,
    0.02532078897607744,
    0.43811982097112756,
    0.3126272168990303,
    0.4520763460415305,
    0.14158662603436012,
    0.4659654316989817,
    0.44366579108672144,
    0.501006170019603,
    0.19503333661013225,
    0.350248072953109,
    0.4410334493705655,
    0.4804564845922987,
    0.4798149789224729,
    0.4838961114998294,
    0.37341846264160106,
    0.4330171222380922,
    0.4742245913157119,
    0.43562102085778887,
    0.4361584399738627,
    0.11272024425644614,
    0.2658319985196579,
    0.4551750894855233,
    0.24562634083720286,
    0.16904877900689863,
    0.499405586267514,
    0.47334726454754156,
    0.1196226284167857,
    0.4888057441321205,
    0.2587176825707066,
    0.29109250403335396,
    0.4619886025223642,
    0.4872143402358139,
    0.4379561376371196,
    0.2771145472524041,
    0.4360564496076515,
    0.08751872112320956,
    0.4820716332336801,
    0.4584807772374272,
    0.4407232858968502,
    0.4841785547003753,
    0.1459210358925133,
    0.4378648811967641,
    0.46027189720874556,
    0.43822484719515653,
    0.34116428038604546,
    0.0845664216777596,
    0.49264657410673496,
    0.4445223728264704,
    0.5119255000491519,
    0.4952464971983369,
    0.44013085992841156,
    0.4646350031515095,
    0.36931875350569293,
    0.43664938155239313,
    0.4866212637264143,
    0.4414154976204657,
    0.48191051592235146,
    0.48476147554255117,
    0.4795682070512858,
    0.4427287229736372,
    0.07660459542134815,
    0.05939887123915042,
    0.0656910479781187,
    0.16672309507150168,
    0.47926928347972914,
    0.1438102473212169,
    0.06012458582225486,
    0.4877325322523752,
    0.49417303233044013,
    0.33873747347238525,
    0.10654343011455303,
    0.4932483244956139,
    0.4999177065684398,
    0.4384679326675649,
    0.5055767623877455,
    0.46310095528326,
    0.018046150821416387,
    0.3657492352529592,
    0.4901096089236872,
    0.3359901667119636,
    0.46507137157164913,
    0.4595702165000318,
    0.32380069159732383,
    0.5049328714010628,
    0.46188682900313993,
    0.4608303504825568,
    0.4522593648985445,
    0.36977087947355336,
    0.4640219044369785,
    0.48754246586828426,
    0.23376387097893403,
    0.511866698374515,
    0.23067025958029988,
    0.4376836332568104,
    0.47467530777815686,
    0.1055264177456009,
    0.024076087270792735,
    0.4643964353246633,
    0.192123756021118,
    0.47830174836497374,
    0.29507020059791944,
    0.47891163051586455,
    0.26723326374954465,
    0.05068227290337877,
    0.12992488420370896,
    0.48119835427593344,
    0.20738898879913029,
    0.4435282016734805,
    0.44212671959660677,
    0.4548009561506479,
    0.022116224202436783,
    0.458816492514442,
    0.43081757096679063,
    0.4722677641051737,
    0.4916516439892907,
    0.4742931511047631,
    0.4801382977800651,
    0.4504073109238838,
    0.4381603352165289,
    0.34226571851526316,
    0.4800391987070137,
    0.4483202309564976,
    0.2251371195781025,
    0.49142424378227406,
    0.4345247509150943,
    0.4678827204755599,
    0.10791108406145733,
    0.21564558239318118,
    0.46858783459490094,
    0.09285648199013491,
    0.4973594542395032,
    0.4431179271741079,
    0.0756021118005239,
    0.4393636552884643,
    0.5003899631649251,
    0.03558993945632123,
    0.44983776231257194,
    0.43725807104485553,
    0.44523214915603154,
    0.494219546009148,
    0.4611796909785871,
    0.1655745288637796,
    0.49671679205241337,
    0.44262492554920113,
    0.4559383185973759,
    0.325261372901644,
    0.20534657931106268,
    0.031001890905726495,
    0.4461086446774184,
    0.4407695827285712,
    0.47172271920339093,
    0.4744321500234195,
    0.4778655606506566,
    0.48538899458171664,
    0.310527559806399,
    0.5004399825365893,
    0.43176016867804295,
    0.44861564883509797,
    0.4800624736169499,
    0.41994674237999685,
    0.45276516049568327,
    0.038235978673821655,
    0.4619146215586383,
    0.4396610970722765,
    0.11545107064585707,
    0.4996042542487553,
    0.4924265105561113,
    0.4345563382928649,
    0.08718304198735927,
    0.3878585926341415,
    0.48253456540972517,
    0.4360316206276419,
    0.45186828135751994,
    0.3920558829141922,
    0.49360807364701936,
    0.48489783615619925,
    0.44322017052847057,
    0.31324515852960394,
    0.4564115510053026,
    0.04764460802738633,
    0.24947147161039246,
    0.49243666622333504,
    0.4456478809712432,
    0.48864672300833273,
    0.444219979703122,
    0.08990425482701393,
    0.24642000080956208,
    0.2735002862380228,
    0.4578317542053859,
    0.17022820976910133,
    0.4357891134138655,
    0.48729804317278946,
    0.4411630515864526,
    0.21891245453441507,
    0.43223683449659694,
    0.25154069784251704,
    0.4320964622136897,
    0.13854216661944221,
    0.4810244429923728,
    0.48252122932002567,
    0.48281559910485566,
    0.19006884169013433,
    0.43749013346209226,
    0.4702856019383229,
    0.44102477549108615,
    0.4416698591361973,
    0.4575713932563478,
    0.48236209977274436,
    0.4443847111309004,
    0.304650283635859,
    0.457151866618864,
    0.4406637975400878,
    0.4362351315249258,
    0.14402022748694582,
    0.4528081323402705,
    0.23721094296635112,
    0.1116104213770651,
    0.43308709153255887,
    0.44593289019446836,
    0.44003208612584066,
    0.4858166529812124,
    0.06648405740951698,
    0.456191270607692,
    0.499509745103595,
    0.465706769384675,
    0.500856292610433,
