{
  "config": {
    "mf": 0.2,
    "mf1": 0.8,
    "mf2": 0.0005,
    "T_coh": 30,
    "tStack": 2592000.0,
    "nStacks": 4,
    "gamma1": 7,
    "gamma2": 29,
    "gamma1_upper": 8.717797887081348,
    "gamma2_upper": 47.70744176750625
  },
  "mismatch_list": [
    0.09361879849964971,
    0.12801825794332428,
    0.12456113771262214,
    0.12195413019901644,
    0.19985722790249053,
    0.05639281004574316,
    0.0923912273514099,
    0.06955969061997729,
    0.24943113790633883,
    0.10763145484998665,
    0.0498988191666192,
    0.11702765435968102,
    0.035172808305184176,
    0.07423686463453032,
    0.11733673368782525,
    0.10216531898634702,
    0.10239409262375967,
    0.08552201879398923,
    0.1196580813546522,
    0.120668660888512,
    0.07717275684015105,
    0.26135938813279946,
    0.17640015971508033,
    0.2151114058945967,
    0.05420475103211968,
    0.1878140487396994,
    0.12590067422084686,
    0.05528399879837822,
    0.09003655752128209,
    0.08622590431725129,
    0.17380045271881386,
    0.1478466076013854,
    0.1005854436647267,
    0.06828896690885108,
    0.12710446447597176,
    0.2072212814272815,
    0.026339905148209174,
    0.058208759522115364,
    0.056524002510799705,
    0.09438875009071435,
    0.014480250871797423,
    0.19377394533546094,
    0.22788535961481024,
    0.0031120442923109797,
    0.13351417413512,
    0.01863699196711789,
    0.012374738301752211,
    0.03310495483943343,
    0.23883844865885884,
    0.21548510564354567,
    0.1353817332093161,
    0.07956624229217162,
    0.01633443771126324,
    0.1286316459645198,
    0.19670542831773818,
    0.13594430673853652,
    0.04876658843788879,
    0.18751855849333512,
    0.07322715248886924,
    0.018953660942000933,
    0.23713215150727493,
    0.021677115321284926,
    0.04576296767041793,
    0.03278423805295636,
    0.04460767887207152,
    0.28556016941826295,
    0.1752855658797239,
    0.12261999520623455,
    0.21524830866529485,
    0.1081565138396124,
    0.2681713490691045,
    0.11551876030565604,
    0.22504357902875075,
    0.09509010573173013,
    0.008310157202545842,
    0.058579495694718674,
    0.27501056045131944,
    0.13000457691839526,
    0.018597814933475662,
    0.2486888704552834,
    0.005764589686349536,
    0.12960846964097936,
    0.07601616695950655,
    0.147715993395128,
    0.22175017832055718,
    0.24396912213664312,
    0.17291976456771252,
    0.06221594843550636,
    0.16410442602176162,
    0.010488819510683187,
    0.01715823965299846,
    0.15463045070358195,
    0.03494389010307174,
    0.029330731939748902,
    0.006665444613071135,
    0.12629056521617193,
    0.16309456931140076,
    0.023697407000805804,
    0.028415709672448195,
    0.26881393915965696,
    0.04351007138894005,
    0.036836386587981065,
    0.11553148199923728,
    0.28037499504865904,
    0.07762069056244053,
    0.16060176791062664,
    0.08668287333327744,
    0.172655644861202,
    0.10544881701260518,
    0.041408389783439185,
    0.11893525785571807,
    0.06831766300175877,
    0.009303461254781115,
    0.2887327863197846,
    0.03984116387305022,
    0.17994503071855306,
    0.011748194892876112,
    0.19895405994057233,
    0.24305055803419764,
    0.19078593755556705,
    0.019989756145373107,
    0.17223510614952212,
    0.159559890119263,
    0.09141201835740384,
    0.17554296332769434,
    0.1757617620008217,
    0.0828242246489174,
    0.10694462796129946,
    0.17306837707909337,
    0.15826654203262017,
    0.04625651155549015,
    0.1123535162038235,
    0.015125515409295916,
    0.06086361795135051,
    0.06337210462205149,
    0.0829252753740684,
    0.046023328694734,
    0.24641327751593897,
    0.24298535935459378,
    0.0786734107062882,
    0.012113943583336778,
    0.0027993508466720774,
    0.20324408968909627,
    0.12628232502828407,
    0.03265044342330366,
    0.09494098724390002,
    0.19574494045235452,
    0.17567856501609438,
    0.08718942804133047,
    0.07321479220703747,
    0.25419743605831047,
    0.2496030253343854,
    0.0054135143129172315,
    0.018467851268367308,
    0.058433051653834625,
    0.053451279816830746,
    0.016356194698581156,
    0.053026187317107586,
    0.06623087156033595,
    0.01714934892396157,
    0.003042219542313943,
    0.31209321300538734,
    0.10222495192500909,
    0.01140904610717622,
    0.2011578042241227,
    0.02094670217561199,
    0.12889627164747955,
    0.0062527846775296434,
    0.024415459864646962,
    0.11130202485992403,
    0.07131810334583433,
    0.060010107963809095,
    0.0761857413523565,
    0.01993561666530294,
    0.04976791583096223,
    0.06747788666069711,
    0.04122349153241184,
    0.07387928384960761,
    0.12072525796847854,
    0.220625248109166,
    0.29176409122726465,
    0.12918496735295384,
    0.053611023810095186,
    0.043856809821378746,
    0.05380408996666049,
    0.2797384766754976,
    0.0767070416597878,
    0.08392761472004034,
    0.23310241050071717,
    0.02862829206348472,
    0.2175400928510154,
    0.01996207200536393,
    0.20733042777562055,
    0.14290206117457663,
    0.03585811726452362,
    0.2950784538169273,
    0.2210621226319218,
    0.17128784595416893,
    0.20777481966276526,
    0.044038238519611216,
    0.0836395695557151,
    0.0329473070343159,
    0.02303732458157916,
    0.06784544240990512,
    0.05273141989424225,
    0.2635294488412995,
    0.2754004514466445,
    0.08837175043853701,
    0.08009231323469587,
    0.03879053991734947,
    0.28906709218804166,
    0.18148218717138637,
    0.14588833417807306,
    0.022671792738168176,
    0.169282516721076,
    0.11134980349320359,
    0.057700253190615204,
    0.15438772657263986,
    0.1696578789640725,
    0.22253805593439538,
    0.21178952594054518,
    0.10177116333237825,
    0.03457857510671043,
    0.0725144485189202,
    0.09089382619101796,
    0.13334568397751845,
    0.022392638302879814,
    0.12508316084355237,
    0.032820523792602856,
    0.11876756280396535,
    0.03693411232503696,
    0.1386152841317979,
    0.02055073946289588,
    0.1893569154981743,
    0.12744231217937357,
    0.00951134529307457,
    0.25472097711858843,
    0.054018407134094455,
    0.02891995134530464,
    0.23932657136768903,
    0.1185563537775768,
    0.08926740103606629,
    0.1601599059057282,
    0.236941542950606,
    0.19120409094970045,
    0.24322483077979065,
    0.04766955921355647,
    0.04537893154543423,
    0.14765505937416784,
    0.04936588140085507,
    0.029730019640560112,
    0.13559330364745412,
    0.2896350868935041,
    0.14940696668853448,
    0.057032508842299864,
    0.21674339679049018,
    0.056457864160647235,
    0.22393411724023676,
    0.056766943488791466,
    0.14928864048175897,
    0.05449077229064791,
    0.18109750050525364,
    0.06458384593566466,
    0.18860113124768876,
    0.2123826749037705,
    0.1883735864102243,
    0.07309798392960971,
    0.06865117376416698,
    0.286394958277182,
    0.24322251774459408,
    0.18531589844503318,
    0.12417392116424314,
    0.2023933987132007,
    0.27127074395018413,
    0.012424540840828772,
    0.03149103453101332,
    0.025725649738814957,
    0.12632901942631522,
    0.039609571223991724,
    0.19363039258857262,
    0.01101908282950126,
    0.04147387759244262,
    0.18216915862477337,
    0.278333813770019,
    0.14797873973699055,
    0.0784966080784489,
    0.1174667696352835,
    0.011714872729575249,
    0.14659843598342595,
    0.2425211621035783,
    0.12537959076046526,
    0.2450194569629443,
    0.0989747760620518,
    0.0533804431139352,
    0.11026238782140708,
    0.012026771069365323,
    0.04159292662271707,
    0.13977433161233876,
    0.22758596612155174,
    0.10193799099593223,
    0.23763661002718106,
    0.09327155409076177,
    0.10261260216748745,
    0.2371951094340321,
    0.06916951049525263,
    0.2932254234950598,
    0.07591873035185025,
    0.038426309156236564,
    0.11723835740962031,
    0.0371157578703191,
