{
  "config": {
    "mf": 0.75,
    "mf1": 0.3,
    "mf2": 0.0001,
    "T_coh": 20,
    "tStack": 1728000.0,
    "nStacks": 6,
    "gamma1": 7,
    "gamma2": 5,
    "gamma1_upper": 13.2664991614216,
    "gamma2_upper": 100.0
  },
  "mismatch_list": [
    0.12541535686564148,
    0.0748769420410268,
    0.009300133913861652,
    0.0627701574732034,
    0.19022973095901777,
    0.21570730122747325,
    0.2280429677983297,
    0.049400347584047995,
    0.183199388751691,
    0.073658370353633,
    0.27299166342570763,
    0.26827328966540837,
    0.11765472819150799,
    0.07902771879238342,
    0.06330848013784529,
    0.197276716173197,
    0.3589378855878391,
    0.2258334053446062,
    0.04509485050188695,
    0.2564855954504633,
    0.21680503492700334,
    0.16925162740959027,
    0.19325284912555907,
    0.12989205465021333,
    0.04420772944607628,
    0.30673278476103405,
    0.04490033874753296,
    0.09189097410163814,
    0.14015780823201068,
    0.18163749405974763,
    0.06977377328841854,
    0.274058279581481,
    0.05225372876539356,
    0.3599292558364098,
    0.10280553389193842,
    0.2577004807389452,
    0.11966061710534633,
    0.2639315791351123,
    0.33434461736426163,
    0.1282194053556654,
    0.20269246986883901,
    0.11761379832123563,
    0.1399570621265556,
    0.16213812437974984,
    0.05984510836006966,
    0.3117285058277088,
    0.03902779685730156,
    0.06038614161214682,
    0.20235852549681543,
    0.16057140484217172,
    0.05509746025546961,
    0.26062422877011,
    0.030506468925337735,
    0.037974571003458385,
    0.2508531031834982,
    0.31741851676005,
    0.03722276247241571,
    0.12409774031336343,
    0.2639664915012784,
    0.05616532328146317,
    0.1271214005973918,
    0.07804073969545791,
    0.07664326923733719,
    0.2768481788050928,
    0.16811014482885514,
    0.01080938899781234,
    0.11459848664650785,
    0.22085394780254303,
    0.22454126831421953,
    0.11037322295243038,
    0.37623717987013683,
    0.15768560503510048,
    0.273652342007177,
    0.15423063607837414,
    0.20106308154975777,
    0.19903805588862652,
    0.17077248380776383,
    0.26567687217292507,
    0.3179229028700025,
    0.04382868089913004,
    0.2213602855354489,
    0.20296287807138017,
    0.17517713417830655,
    0.2173146795765802,
    0.03498219089843288,
    0.11726472887132332,
    0.12614754074365292,
    0.14641341033859248,
    0.26262496756782133,
    0.14035752431424034,
    0.05779937381093306,
    0.08245997302640232,
    0.10749620544864938,
    0.27577012397034273,
    0.3923679941208443,
    0.3410204689468056,
    0.17802867216019616,
    0.12202690572457635,
    0.18651622617271668,
    0.13540755796347279,
    0.09934948070023798,
    0.1255370080297358,
    0.14571716884997257,
    0.2385239962342351,
    0.06324017333447685,
    0.33871099424021855,
    0.06555978563807174,
    0.23454160117435657,
    0.030649479518421858,
    0.20354744335766753,
    0.15591803096856988,
    0.37790961231768994,
    0.23200573820517695,
    0.26284192298613923,
    0.21461916300746398,
    0.046780185345631886,
    0.17951748941488502,
    0.2364732199924689,
    0.19944339713369474,
    0.05895419248184963,
    0.16237817400301613,
    0.10685900055436934,
    0.1919437438178277,
    0.0895402442542865,
    0.18437014567672688,
    0.2419827058016221,
    0.1055225725252906,
    0.14776095177615578,
    0.14750696973347227,
    0.23495930269812956,
    0.20036044307479065,
    0.16882736626422395,
    0.16169006427670196,
    0.18056214981243277,
    0.2750982777686401,
    0.17493627137880968,
    0.09896604100164663,
    0.04452400078802198,
    0.0825602647615068,
    0.1274049280431196,
    0.2413399170972254,
    0.16317524934422759,
    0.10015322408654016,
    0.025101123885447104,
    0.2335063194093348,
    0.17438764848191382,
    0.13158785236145834,
    0.2570016912981361,
    0.26124609173950647,
    0.31389659629367284,
    0.17025530372511694,
    0.2086885061226207,
    0.1655287982025119,
    0.31365524558843766,
    0.16594872240798178,
    0.3602679708423194,
    0.1954034834084401,
    0.32437805842356787,
    0.11002420771426678,
    0.30056912578025613,
    0.16178200740250587,
    0.35286259175745055,
    0.09241227427718662,
    0.3486237751261968,
    0.22622139883008877,
    0.3307986810932081,
    0.2406183587219602,
    0.08924966928122702,
    0.36483211217755257,
    0.19567280737600715,
    0.3636140826076458,
    0.22707539650744063,
    0.2631337990411676,
    0.18438429494313893,
    0.15270912913921608,
    0.10703735720760921,
    0.19338599318037886,
    0.14864671753824882,
    0.26503028864611905,
    0.2591299361288019,
    0.1920820922005232,
    0.2904714286194447,
    0.13197649638792538,
    0.23062751291784653,
    0.3021456576443499,
    0.16001410806548302,
    0.23817546890180985,
    0.13152865313187234,
    0.13135230231333458,
    0.06310507765670367,
    0.024481917291737165,
    0.18694135470606227,
    0.19412934467862353,
    0.029250816401829624,
    0.1715737334536256,
    0.10915953032242004,
    0.03712496447775166,
    0.07337061439150619,
    0.38587646248389773,
    0.2647284376293289,
    0.17900920005902576,
    0.27819403967844625,
    0.37992254875885995,
    0.3580079914623001,
    0.1213843338671745,
    0.26226874216707996,
    0.105826212529788,
    0.313900607963077,
    0.17549432711998025,
    0.23595408828686862,
    0.21219784946329825,
    0.004771718121025127,
    0.2189538260104284,
    0.11985035822581427,
    0.20436045695299832,
    0.2691371538810245,
    0.23749099136265892,
    0.14120669714595743,
    0.017853338354064087,
    0.17836895930681823,
    0.07555339624136935,
    0.1827056281444847,
    0.0673605915065586,
    0.2111489605493515,
    0.03641695903966272,
    0.25098402455662105,
    0.3070248776630573,
    0.09770773210245197,
    0.2568217625041838,
    0.23375970512278257,
    0.020717670308648087,
    0.14990887547160156,
    0.17778574931424848,
    0.06998541595536335,
    0.1649438534339836,
    0.1447666742599256,
    0.15590924866527964,
    0.03404074967041967,
    0.15910134485253483,
    0.2226486277434262,
    0.09009396305556064,
    0.14476586108369502,
    0.26064829878653506,
    0.27006715643006096,
    0.20591600887034317,
    0.1954627910615235,
    0.07687930719119931,
    0.0045027194239502955,
    0.07490589111483534,
    0.12374498446453917,
    0.1976680165753506,
    0.3307370423349304,
    0.19495059845975748,
    0.2368167598440133,
    0.14498926770010884,
    0.15496520527332858,
    0.2248220851725121,
    0.12516376013990102,
    0.15225076880391425,
    0.3403710121973182,
    0.11307416069641714,
    0.2748295501303088,
    0.12250407753667886,
    0.0710385333857091,
    0.15871448981377506,
    0.18145377044338595,
    0.33058053301641865,
    0.15144079106651098,
    0.12262518658328611,
    0.1102084192363668,
    0.244144941398726,
    0.1649313847317814,
    0.09258905878971403,
    0.2538362672912438,
    0.16954046760669117,
    0.19743067753951954,
    0.11227128469809423,
    0.24240403951255832,
    0.3021439228683913,
    0.07184108411353979,
    0.3416698172727956,
    0.14241675758880454,
    0.07244977362800094,
    0.04656810898469743,
    0.13673791427669654,
    0.1673218517909339,
    0.06918600950895756,
    0.31646352259486055,
    0.14710601964004916,
    0.1401359066855338,
    0.21347041605240238,
    0.08456306360566894,
    0.07383965444130293,
    0.11465969171079593,
    0.08169569579315746,
    0.21467841644879868,
    0.2884818574419666,
    0.18711347700820105,
    0.2294264516252845,
    0.24513549847106605,
    0.0565135795551449,
    0.20444649099819334,
    0.07136358703094504,
    0.2264989087717103,
    0.23150829119905872,
    0.2920396660859866,
    0.12823198248136497,
    0.26736811609727884,
    0.14372743503724836,
    0.06967087938937622,
    0.155845387225305,
    0.19074539311270092,
    0.1409949460555152,
