{
  "config": {
    "mf": 1.6,
    "mf1": 0.001,
    "mf2": 0.0001,
    "T_coh": 20,
    "tStack": 1728000.0,
    "nStacks": 6,
    "gamma1": 11,
    "gamma2": 71,
    "gamma1_upper": 13.2664991614216,
    "gamma2_upper": 100.0
  },
  "mismatch_list": [
    0.2947330683969033,
    0.2731407457346467,
    0.005603326346161748,
    0.4725903230076938,
    0.14202702932736339,
    0.264252621110944,
    0.022423497193403558,
    0.20978174024700824,
    0.4426824602115581,
    0.24688100835587368,
    0.03789975879024531,
    0.05130036095266523,
    0.14751271617883502,
    0.22898614380230145,
    0.03891384376152338,
    0.38980150151364623,
    0.23217552940212138,
    0.3433816074499086,
    0.1533493156796749,
    0.2942873393990498,
    0.2825627476595975,
    0.17476837759306993,
    0.17802720844298112,
    0.3091024887204325,
    0.47442349329015765,
    0.33581614107111357,
    0.3904491692754264,
    0.319819012992713,
    0.24361643106059974,
    0.39823267530751344,
    0.2937692919284236,
    0.285927237207735,
    0.16610626174971888,
    0.40240887736901276,
    0.5128941560060166,
    0.21851644562187544,
    0.29231029113552254,
    0.32282500024666344,
    0.25290252413154674,
    0.46950675874134634,
    0.23048244227831163,
    0.26037935430120895,
    0.20089459143478225,
    0.20743697369201416,
    0.15167953960780836,
    0.03604148846813103,
    0.2946611836181203,
    0.2581104299826533,
    0.13432353983636508,
    0.3136265133616239,
    0.245867953407821,
    0.06226371131680012,
    0.306234199308193,
    0.4236996200732227,
    0.20350694718138482,
    0.212755688357474,
    0.5345591224115381,
    0.2565888688317466,
    0.32236485092365436,
    0.27269891998269996,
    0.46538628635751583,
    0.13709972348755456,
    0.5175841770217431,
    0.05799507822375856,
    0.22766207605192748,
    0.2697839542548254,
    0.15218902162213913,
    0.07947464044870847,
    0.008775581033390859,
    0.36606819425977816,
    0.508418705091665,
    0.35960750910784484,
    0.4079517576153683,
    0.03609385701738018,
    0.4426737863317653,
    0.3243476456325443,
    0.3846405430369183,
    0.27775741825437517,
    0.3135299080254314,
    0.26650414345816525,
    0.22508213893105056,
    0.1802450110825078,
    0.21788899884236232,
    0.3450166337908552,
    0.4175007234557865,
    0.045209996256136635,
    0.1589877712389976,
    0.25749957199824397,
    0.3044055286008717,
    0.26814198881004453,
    0.5490591117318235,
    0.21552021648269187,
    0.3605030329847048,
    0.07499371414773764,
    0.36579957504494426,
    0.3784733060807258,
    0.2114237599035378,
    0.36241280446808893,
    0.4418878243990384,
    0.4148000025587945,
    0.43346901088387596,
    0.5293630889333979,
    0.4210467681503374,
    0.22201678981226797,
    0.24853956259575827,
    0.2763091513877178,
    0.1986779814537271,
    0.2806443565081692,
    0.16965691444290976,
    0.5561219267766248,
    0.18812468875679775,
    0.07544844229587623,
    0.12645790300498977,
    0.12119562276993195,
    0.4860798324379902,
    0.297761445103069,
    0.2673364564360351,
    0.20001180731886797,
    0.5353938749180996,
    0.16546320198657868,
    0.5419931795114719,
    0.5390622213177293,
    0.21758378669715248,
    0.4239911166460102,
    0.09320094679734879,
    0.5239672851612794,
    0.20919581966700324,
    0.48387520325339883,
    0.41296119425446537,
    0.3066432811639219,
    0.5095881067229833,
    0.24214127516658457,
    0.3092322174350839,
    0.1728019548322889,
    0.09054169788811628,
    0.13427740563821702,
    0.16913409633839754,
    0.32274021307168865,
    0.18676549179326285,
    0.37520195231686376,
    0.3115603951949742,
    0.5303577660986396,
    0.28148328331938105,
    0.3718329089818351,
    0.21770538364949807,
    0.3748279454625471,
    0.25832603010725363,
    0.371154340523293,
    0.30439490309812556,
    0.23708386112988344,
    0.5195229517906845,
    0.4386801152281561,
    0.32117582463930483,
    0.27208242397642524,
    0.3445042243420943,
    0.22827401827131094,
    0.382100939457078,
    0.31734175292388356,
    0.19136909928155338,
    0.11546180874463696,
    0.3296754678717866,
    0.2510336283066863,
    0.5164075110160984,
    0.4085177824835985,
    0.08807826181520667,
    0.3464827363228366,
    0.29012100387581474,
    0.4676248520967966,
    0.4025745484730556,
    0.2283413492632027,
    0.2795400089752971,
    0.24560448430911408,
    0.022773379819546438,
    0.08428170462988935,
    0.44482816122530694,
    0.4095753452773381,
    0.3031747592700193,
    0.3193806025809346,
    0.323536204177926,
    0.5272931217325901,
    0.4715597576648094,
    0.3460109856856046,
    0.2676462765798849,
    0.28730979943496177,
    0.2568404113457384,
    0.46644162646955856,
    0.10640091127781104,
    0.19809401249667546,
    0.29668648033799505,
    0.1196148081776905,
    0.504017415849542,
    0.24208381071295715,
    0.11047427365201673,
    0.0037650059475709506,
    0.2687526299474591,
    0.05574377272353211,
    0.36216299673005575,
    0.1807720034916703,
    0.5650087503183585,
    0.2773571729136852,
    0.11822595738761389,
    0.3953449780892375,
    0.4777870070268184,
    0.24444451552207053,
    0.051451937002044756,
    0.07452109612252636,
    0.5416176005164428,
    0.26068537962264937,
    0.5229032711694439,
    0.20858479904734778,
    0.04117197994208667,
    0.2031840077943484,
    0.4660279908269384,
    0.1280112322406377,
    0.28243404896817154,
    0.2993816716366191,
    0.42750035156319033,
    0.0006546610773630929,
    0.2116790430281902,
    0.21402890548756257,
    0.4300924321157772,
    0.24502658706791747,
    0.17656603918013186,
    0.28392367939909097,
    0.20300277791842714,
    0.056621786205560326,
    0.14777249887862998,
    0.16897970127808534,
    0.19082589755952803,
    0.2526151476516609,
    0.12003245548971478,
    0.2711209244013912,
    0.1311812642461699,
    0.05607836763654015,
    0.34551689980790606,
    0.2199364681674575,
    0.29502478181668557,
    0.3067889481326926,
    0.4559634170445858,
    0.18416885745378475,
    0.0867277387314646,
    0.5550060321412784,
    0.5308156927399518,
    0.4205989791060331,
    0.27818232994072595,
    0.11405924238213797,
    0.37082370306794044,
    0.5478675103894106,
    0.16050434490902346,
    0.4478412502183378,
    0.28535991125753585,
    0.15266955456266135,
    0.08262542728345036,
    0.26414625765998456,
    0.30694637905093225,
    0.09229062311309232,
    0.13825177735928718,
    0.5704910760414104,
    0.007907759360119214,
    0.06169492164938595,
    0.32779209751002186,
    0.14675863075434673,
    0.36443701695298963,
    0.2676461139446387,
    0.09135888578809734,
    0.4992680329689834,
    0.20327351139146055,
    0.27336941089068495,
    0.25149442817067985,
    0.36332643506901646,
    0.12630562220287705,
    0.316583493194745,
    0.11189668151454181,
    0.3037531444169543,
    0.26151124140242327,
    0.3006035502406839,
    0.3665184228327742,
    0.25111993341062483,
    0.44845270453198294,
    0.42535920433633273,
    0.33273160099328936,
    0.2919850206432918,
    0.4288873049420623,
    0.17129232026609728,
    0.14938101567445974,
    0.10465399188753707,
    0.12048783417883784,
    0.3544495864890444,
    0.1641126789028366,
    0.05409519344540926,
    0.35629701446141765,
    0.08560468814528922,
    0.4994827114938557,
    0.04256251129637314,
    0.10343699234085572,
    0.3926347701362222,
    0.11436136445767163,
    0.03346783991010391,
    0.23698866529915724,
    0.4719787060588026,
    0.5312821306258106,
    0.0635264113676399,
    0.45237844831446455,
    0.43245357061888023,
    0.18995433527559571,
    0.5642051695673024,
    0.21810069572105584,
    0.4367352687433597,
    0.13917381078126395,
    0.2563121720663556,
    0.10016927076415688,
    0.45184619736567766,
    0.17191814069314926,
    0.46483050750979094,
    0.2602364521316222,
