{
  "config": {
    "mf": 0.005,
    "mf1": 0.1,
    "mf2": 0.005,
    "T_coh": 15,
    "tStack": 1296000.0,
    "nStacks": 8,
    "gamma1": 5,
    "gamma2": 25,
    "gamma1_upper": 17.776388834631177,
    "gamma2_upper": 100.0
  },
  "mismatch_list": [
    0.06748361071420104,
    0.10705700643774962,
    0.10157663570478989,
    0.1353912293250974,
    0.2146586599095257,
    0.13885796010133397,
    0.18591568068808112,
    0.07313695296042226,
    0.07350985728006958,
    0.023690808757837568,
    0.02255106165332143,
    0.08237441241728738,
    0.21636712404970476,
    0.08918203050775127,
    0.1052858012722839,
    0.23376843415170376,
    0.07529978355791922,
    0.08947903842584214,
    0.0963724555912084,
    0.12856807054288624,
    0.10742774228878103,
    0.04862465600859523,
    0.10834825721622986,
    0.033218047904073886,
    0.10764285437547814,
    0.016275152067475804,
    0.03397918038825418,
    0.24184193193784187,
    0.10959209081430912,
    0.07734009567861792,
    0.03777819283873359,
    0.1662916179724992,
    0.07910110904158892,
    0.25251426707784685,
    0.08097893058066963,
    0.17393626494869982,
    0.2022634041719023,
    0.053837220867491535,
    0.005621610322141915,
    0.05992020902880941,
    0.08604071458847382,
    0.12954417054918926,
    0.18211659595531451,
    0.07095850938889085,
    0.03765169883613952,
    0.03127307612018752,
    0.09419010877616836,
    0.18823652036538985,
    0.22582381568363719,
    0.18229491635782855,
    0.010034082544058945,
    0.021619270689069936,
    0.15617274830555863,
    0.20390818761706117,
    0.037067079697293344,
    0.17444679474316946,
    0.04883290127800866,
    0.03304991930405458,
    0.054123964700800484,
    0.1798275604843723,
    0.22818484431262726,
    0.24209997970313377,
    0.15577656908943402,
    0.0130624212484481,
    0.24925476961900295,
    0.017626975402626796,
    0.06894349606871096,
    0.044650286729376855,
    0.10083776616506615,
    0.043419102531557,
    0.043668837833821285,
    0.13326519041178353,
    0.006229142946029418,
    0.012958190190310588,
    0.09686289090983739,
    0.16642028044370916,
    0.08389732792623275,
    0.22938046562514638,
    0.044212183786678204,
    0.02336561074774002,
    0.13227036929309657,
    0.18024267765974242,
    0.20218158062279576,
    0.2476398387584563,
    0.0013268859460681616,
    0.04808420134722618,
    0.14698762122462386,
    0.036093798700191,
    0.09751162443742696,
    0.08259516252238583,
    0.05482148877224777,
    0.20249543031380343,
    0.21685293330195318,
    0.18889905980983399,
    0.09495384342268773,
    0.12403719993454117,
    0.05425486792291354,
    0.04077400451388427,
    0.18882460905402146,
    0.22656825095947508,
    0.17924033918318702,
    0.24919744976525604,
    0.1636731198365148,
    0.008024562677706003,
    0.24219553688680767,
    0.19039132762900798,
    0.04583723416743238,
    0.2300019487304628,
    0.18545704957581863,
    0.14686423536037924,
    0.17079119035048815,
    0.15832943490864387,
    0.15623765779946117,
    0.07202879321541104,
    0.018334763558855997,
    0.07908578519670323,
    0.057748054016264094,
    0.08302979591529903,
    0.004717214344737936,
    0.16242054008168477,
    0.11802924078733337,
    0.06289542025210905,
    0.09101785603797076,
    0.20171095065085862,
    0.07009256758827546,
    0.07823393844209119,
    0.06487761741390168,
    0.10327657053507976,
    0.2333690745149425,
    0.1225673396243981,
    0.02319487998538163,
    0.19164130522149894,
    0.20934244225078946,
    0.10990471170643445,
    0.03214169236542917,
    0.13542924980816282,
    0.1310998299342347,
    0.04462990312438741,
    0.10101796590704729,
    0.131366117880267,
    0.05149578073833176,
    0.24280776785936295,
    0.1677622011055142,
    0.03839194173932,
    0.215744412145506,
    0.18728564687731847,
    0.07232775275525623,
    0.21017180921408338,
    0.1405610753522605,
    0.21001307731139962,
    0.1684791691122174,
    0.22827671509965414,
    0.012108078210591263,
    0.09900432595032414,
    0.14232071535177476,
    0.032860178300163474,
    0.09479200338165453,
    0.21540136041047087,
    0.09982140492479462,
    0.10550496116706402,
    0.07475238979697929,
    0.20200044121108104,
    0.07156640342421433,
    0.06817058157171761,
    0.07805648542702351,
    0.025651393515758406,
    0.1688433995574011,
    0.13037758532056617,
    0.17966788891195498,
    0.11950893148853516,
    0.0608093534436149,
    0.10083162217065443,
    0.11214539032724215,
    0.11249913984078236,
    0.015875647866140142,
    0.1269440321141528,
    0.09969548918049813,
    0.03932344357442271,
    0.1327796702886839,
    0.18647977165736346,
    0.11831309332915445,
    0.029536711017150562,
    0.0977878150568052,
    0.08033272693313194,
    0.1849008373758407,
    0.20546760568104083,
    0.17150295403251314,
    0.045324825033495615,
    0.15069136562057814,
    0.10936678692511728,
    0.02587648055808865,
    0.023055736582528158,
    0.17102126487063493,
    0.14562379902979822,
    0.16805494436866047,
    0.22997809557568794,
    0.1095967891629769,
    0.23546309237502827,
    0.20016223036538408,
    0.10107000915382885,
    0.08080639276113133,
    0.20471717097536563,
    0.12553069655259752,
    0.22178684994370657,
    0.006906933953072026,
    0.2274712735734223,
    0.20721727072492194,
    0.1234693502863246,
    0.20819532235297927,
    0.09671008615470375,
    0.11266170270468753,
    0.0668043017791273,
    0.04722122312038586,
    0.036282527752061346,
    0.18026031453781838,
    0.21594774221939003,
    0.12417431943335312,
    0.040197408708916915,
    0.20638819289077684,
    0.03094534823003809,
    0.24929517541754587,
    0.10011400362336649,
    0.16436449991355037,
    0.1312631156210118,
    0.10858693332855307,
    0.0842606187016829,
    0.23283078832218934,
    0.08541771355512623,
    0.16942881380140645,
    0.13623411307609706,
    0.045976305287998655,
    0.12017660297537025,
    0.22581268421140893,
    0.04855006068820833,
    0.10989777260686358,
    0.23744124172873787,
    0.10740121468937988,
    0.24753286097340532,
    0.12144428972822438,
    0.24031027027214572,
    0.09871693157643043,
    0.09029264785052717,
    0.013502475812901059,
    0.0014437664044650792,
    0.08909232818934026,
    0.08196196968654353,
    0.09794184861082118,
    0.10473551621985612,
    0.083069117479534,
    0.12993933781329312,
    0.1303681886232306,
    0.08593294169826367,
    0.03607912539589009,
    0.02141875962438654,
    0.17235769207861307,
    0.10626349148890525,
    0.1553055777060609,
    0.2162766989084218,
    0.11205438692766162,
    0.08643703836917283,
    0.1326111802772286,
    0.032123404946768436,
    0.015961663787904107,
    0.024880719769668155,
    0.18471008441992887,
    0.061587905959009585,
    0.04474577163076357,
    0.022180614931438806,
    0.20305612401558754,
    0.06129270509809863,
    0.15324914663531736,
    0.21337492648891393,
    0.14675176412150132,
    0.19787102642582594,
    0.23097407321097002,
    0.00025732494241993004,
    0.14927557246125814,
    0.06485773978492261,
    0.20320206195343749,
    0.18097388527702332,
    0.06593192685495142,
    0.20268914684349035,
    0.000442078468494464,
    0.027348003360837224,
    0.19733613750057102,
    0.014174773366116724,
    0.0028218282098684405,
    0.17664901918718856,
    0.1750627121123718,
    0.044011311310558826,
    0.12028726715706825,
    0.028885881303232292,
    0.17204261358872303,
    0.1703487504705577,
    0.001006169437776805,
    0.04793522755331397,
    0.14691490524370407,
    0.08616626892133432,
    0.136704309354311,
    0.01874597749071751,
    0.20308604888248694,
    0.058803592256196184,
    0.11405863018704922,
    0.01271597224591475,
    0.09675880441627427,
    0.11906360031711685,
    0.2096492805599391,
    0.0316615211315821,
    0.1939151614121299,
