{
  "config": {
    "mf": 0.9,
    "mf1": 0.1,
    "mf2": 0.0002,
    "T_coh": 20,
    "tStack": 1728000.0,
    "nStacks": 6,
    "gamma1": 13,
    "gamma2": 7,
    "gamma1_upper": 13.2664991614216,
    "gamma2_upper": 100.0
  },
  "mismatch_list": [
    0.2918342577701428,
    0.13134124311659873,
    0.19934131641088298,
    0.06018469075395857,
    0.10590796384683533,
    0.23307555285412387,
    0.028627381291720683,
    0.012143973827435112,
    0.18979928967429907,
    0.19575640189251045,
    0.14087801131355826,
    0.12120191133278174,
    0.20548502546813743,
    0.18656528780529483,
    0.07404424958091607,
    0.15880973985624997,
    0.017912429160152673,
    0.11992039980514128,
    0.1498428455616787,
    0.13166467040937352,
    0.22848392616229718,
    0.25307264059898343,
    0.25419054106903183,
    0.21779120084769826,
    0.032440310425146966,
    0.09126667160354991,
    0.05212264475702457,
    0.13162401159784468,
    0.2838882249154378,
    0.1875077048447847,
    0.07402191434044957,
    0.03856450325286756,
    0.12029944835208753,
    0.092107387402469,
    0.07405563404814415,
    0.018845088084875648,
    0.03575275669452753,
    0.28344802551595216,
    0.1262382912109853,
    0.09804232701545999,
    0.03167961116731665,
    0.03742779130601849,
    0.05878331704993108,
    0.0052261209986714866,
    0.05444355814258839,
    0.12192059648536559,
    0.1490853990087707,
    0.33799735078026427,
    0.12370389195902069,
    0.03499053950773347,
    0.0138774487040302,
    0.00418460488254862,
    0.03193245476327735,
    0.28752344793660867,
    0.04908353412461525,
    0.03814826544630961,
    0.07231793065515006,
    0.16285024991074035,
    0.29079561487670136,
    0.04211970973294967,
    0.03123182212301231,
    0.04904580274751648,
    0.07108222805516544,
    0.2858261322963999,
    0.024752433917775738,
    0.027691361238577992,
    0.0445633585175819,
    0.04598348948666136,
    0.15199814205494838,
    0.04505657700730113,
    0.035697569134345714,
    0.028324120769464212,
    0.26128902744448096,
    0.23434052979840927,
    0.02628912014657122,
    0.21876207905525835,
    0.02767357978500271,
    0.0826978541797204,
    0.06157034305086157,
    0.2364561975033755,
    0.21785349014696045,
    0.2642672040713457,
    0.06316807170869902,
    0.036667959436167456,
    0.10013197308104775,
    0.2055577776348997,
    0.20742428814281716,
    0.2815197678262596,
    0.07817095631584763,
    0.17712246856884128,
    0.026778652237378502,
    0.1320716380069029,
    0.04653276292454169,
    0.026393748821572114,
    0.04306125938446029,
    0.13909574586312856,
    0.02165911153666129,
    0.029353818724369363,
    0.11335904343586257,
    0.11992554992126828,
    0.09730239085738375,
    0.11929138088491573,
    0.06756236763523907,
    0.18991855552145034,
    0.04909134061642879,
    0.02608181441952282,
    0.18192069623498322,
    0.09220675753784549,
    0.22384649054281466,
    0.03692503154852716,
    0.07515450619439704,
    0.03685314676974416,
    0.05664867523291807,
    0.29899308182190076,
    0.10140822606906381,
    0.25516716572195464,
    0.019350775276797058,
    0.24880899498682274,
    0.08472407249932316,
    0.1188279246452356,
    0.12829953032025157,
    0.02337740712361894,
    0.03816637217037712,
    0.06189713147205607,
    0.20328164315376632,
    0.046369368713944446,
    0.20852554560601308,
    0.20021775775219874,
    0.07899128849725358,
    0.3200326614943599,
    0.2297132317759346,
    0.14773953813541726,
    0.07897329019668348,
    0.25800005486228966,
    0.06083013583404179,
    0.10060968701063733,
    0.04154636627864427,
    0.07038007748593667,
    0.024537863816400853,
    0.08711318426475803,
    0.2669517698672235,
    0.10786197211716286,
    0.2761068331415502,
    0.21420758741129467,
    0.04539431620173406,
    0.16902323331229557,
    0.05985801075626149,
    0.11366062339390919,
    0.2043772625950969,
    0.2609592573771077,
    0.2742006938453293,
    0.09967594385094024,
    0.06859108977866753,
    0.10533510829826827,
    0.08292348347783114,
    0.1486804372459434,
    0.2293368396046749,
    0.0500667183991314,
    0.01623229864428343,
    0.09437604066228109,
    0.04203687418092824,
    0.022551003226358012,
    0.12373121468036807,
    0.252118188551281,
    0.10776986635611285,
    0.2798910842599115,
    0.0989149193226177,
    0.25917910618487744,
    0.1698358132136367,
    0.2852952908530793,
    0.010070049168971841,
    0.18225095420809484,
    0.08696518619079305,
    0.167074375158095,
    0.2655719182274319,
    0.060892804615544915,
    0.20060304065024606,
    0.13454819332299914,
    0.163797491795865,
    0.1671652882606735,
    0.2412436370315251,
    0.05405399251639336,
    0.08961202060957209,
    0.029371274907452415,
    0.04888555281834413,
    0.07241442756784519,
    0.17244404886733766,
    0.29151787800469975,
    0.006868520137441963,
    0.2618432341514934,
    0.1664427540739316,
    0.027813771367154166,
    0.04573173012567476,
    0.08233539442787793,
    0.06131695733741382,
    0.2131606501203013,
    0.049096544944304474,
    0.13876272309083298,
    0.04037734412956695,
    0.0511921543022498,
    0.0658269411356906,
    0.29565282492543443,
    0.0232288669321669,
    0.021253390809352134,
    0.1923581384249297,
    0.2875935979394331,
    0.031722546872291105,
    0.02896793949708628,
    0.02004436038973043,
    0.09855229693552911,
    0.005993650936838651,
    0.2120205770450325,
    0.23437533374107797,
    0.04919575244443485,
    0.11552838077204686,
    0.08377178892156893,
    0.038493485862063845,
    0.2413926109169668,
    0.0566289421563894,
    0.23330020634075793,
    0.02512129065596541,
    0.25659710901754973,
    0.02239422284910279,
    0.12162638932514287,
    0.2255467336174535,
    0.11054133358516498,
    0.23720540387048034,
    0.06720055842438107,
    0.11270893614539071,
    0.16182548522496737,
    0.2867470814834026,
    0.06312014852284369,
    0.037809442016902575,
    0.00979291870959124,
    0.2697727866345921,
    0.30671440697822305,
    0.19843852815969654,
    0.061237591337309515,
    0.3015689530616248,
    0.263012581571063,
    0.1778386599809847,
    0.0211514727217865,
    0.0600707376581804,
    0.23480702189601688,
    0.048893901427644715,
    0.10822426923375922,
    0.07522725836115932,
    0.15228264531215288,
    0.06907270695416386,
    0.0833429739893114,
    0.28738987018779927,
    0.16099788866923492,
    0.20957969305958424,
    0.03174705058270582,
    0.28752426111283924,
    0.20043574319374205,
    0.1745185698550367,
    0.1263832534270228,
    0.2729627685636478,
    0.08052960107851022,
    0.13750349259191033,
    0.27255493357813915,
    0.1324262370551831,
    0.03719815033850358,
    0.0517538964423323,
    0.10792274348746131,
    0.06543325541659398,
    0.2512590407578022,
    0.060471796175100914,
    0.12481794339491101,
    0.02392646371450445,
    0.1026677818384787,
    0.27524090887948327,
    0.3338654939292057,
    0.05779308524808326,
    0.15105827296764762,
    0.11986472433922113,
    0.2076264979654873,
    0.2623568362587258,
    0.08831050494665943,
    0.04884066549041628,
    0.19027201612300776,
    0.201387159383517,
    0.21817312261732588,
    0.08802188159655334,
    0.021624524440987423,
    0.1689369824201057,
    0.22706623472190945,
    0.11076815554174722,
    0.32361318486108726,
    0.059431689564444376,
    0.2996200406956755,
    0.017267309350561682,
    0.259082121366444,
    0.026234799974368686,
    0.23423004625454824,
    0.19587794463310734,
    0.1789389958444526,
    0.24155616776281016,
    0.16807902728509838,
    0.260147328016751,
    0.03335074253290084,
    0.03247218693338558,
    0.08079903346957469,
    0.12876466712414153,
    0.06222738944516769,
    0.023283078680872024,
    0.004219517248714721,
    0.017969676766785285,
    0.20115253093512123,
    0.17336293800788954,
