{
  "config": {
    "mf": 0.75,
    "mf1": 0.65,
    "mf2": 0.07,
    "T_coh": 20,
    "tStack": 1728000.0,
    "nStacks": 6,
    "gamma1": 9,
    "gamma2": 97,
    "gamma1_upper": 13.2664991614216,
    "gamma2_upper": 100.0
  },
  "mismatch_list": [
    0.33607711642938004,
    0.46415177641600275,
    0.4087590247653363,
    0.2765252936298051,
    0.4947772943414969,
    0.5496383642667378,
    0.07787908026081923,
    0.4741596989209585,
    0.4379077062326055,
    0.6464217589478931,
    0.5775609928252919,
    0.539815114083746,
    0.7315948402558664,
    0.4759377900667379,
    0.5022561845576099,
    0.4143152411018733,
    0.6076269370806517,
    0.3132393330523719,
    0.37404095350659483,
    0.2116492807781511,
    0.17698130117521313,
    0.24878237701820854,
    0.18808039775810567,
    0.1485574849998802,
    0.13575332049671407,
    0.4588680283284577,
    0.06595444716864506,
    0.06962132985105973,
    0.23505623330481434,
    0.04949380863881563,
    0.21787756016338553,
    0.22252562128561426,
    0.22808368082160724,
    0.46939096244611217,
    0.2777765007899194,
    0.18270470654475673,
    0.13425875679666247,
    0.31908162478682583,
    0.33802873938276456,
    0.23380150238103423,
    0.1038725837417014,
    0.5147094906231564,
    0.39862245778070327,
    0.3956746397331134,
    0.5317772465267345,
    0.4431013543938026,
    0.18096309990585588,
    0.1263461725909085,
    0.1883874531027715,
    0.1236690338046033,
    0.6050484094652412,
    0.2520198484391299,
    0.26840448209727474,
    0.3229242619585425,
    0.0426785244386021,
    0.1787114691351372,
    0.47781676927685757,
    0.5146095241585442,
    0.36619586292797873,
    0.07752995659915822,
    0.6325990641100551,
    0.1860131953564818,
    0.27457974239227556,
    0.016700254459106074,
    0.0915520422487337,
    0.3302296745787991,
    0.07839159813307749,
    0.5717503607520817,
    0.31205014413277626,
    0.400258188874383,
    0.6738455038889882,
    0.3598941808349975,
    0.5118807215757231,
    0.03642162125005136,
    0.5525301273661667,
    0.40442560863259214,
    0.11077710048028357,
    0.3660150667460471,
    0.09047160209704055,
    0.2278158205712552,
    0.2458998841278083,
    0.17700493749764856,
    0.3282726304505441,
    0.6259813546279973,
    0.20835044165769553,
    0.40814252875906165,
    0.2304620044490498,
    0.3000514577918709,
    0.5346469996561891,
    0.023162078057762183,
    0.35879194756032495,
    0.5582792019987222,
    0.11065409402247164,
    0.41091020116570437,
    0.43204042288199845,
    0.21180020628654617,
    0.16019045888402078,
    0.2291821734856192,
    0.2044703441676236,
    0.17590557744565732,
    0.2524798893386416,
    0.34517905218997574,
    0.5074119387064622,
    0.258451530305506,
    0.30697451494851025,
    0.030065402137872836,
    0.3028649391261695,
    0.2130886569180209,
    0.5569377864887625,
    0.030908069559745305,
    0.32841298466794167,
    0.16064361489144693,
    0.3422367637407538,
    0.5062704561257271,
    0.34991911064975706,
    0.22591109078050065,
    0.0703286847481642,
    0.17243835663372364,
    0.5259797879084598,
    0.2762573249559557,
    0.5252242929785051,
    0.38357614956284186,
    0.702792653180446,
    0.12255677135642024,
    0.5881819688904796,
    0.18311438472972136,
    0.5088989669734437,
    0.14850473696839012,
    0.43020882474024713,
    0.05944556777211289,
    0.6514594670139399,
    0.32480280747467255,
    0.5236651088739971,
    0.2829574091901708,
    0.2493828263468665,
    0.38062388615185816,
    0.15398722532668813,
    0.15394819286762043,
    0.30241151205999983,
    0.19906087903483138,
    0.15082375294274925,
    0.43522801949411116,
    0.5595482990359091,
    0.04976909589874026,
    0.06403426702950951,
    0.5038052310651101,
    0.16442168587045583,
    0.5723307788395932,
    0.3412767278829347,
    0.6200509688018976,
    0.3971106547445635,
    0.2534545081568623,
    0.6851738348512804,
    0.6172092973582723,
    0.35288557753890154,
    0.3446909838163835,
    0.6308319779492628,
    0.1710852855977924,
    0.4629665449540626,
    0.5985525679942726,
    0.2533827318015768,
    0.223905256078411,
    0.5150317252574598,
    0.6105716650585655,
    0.35011454400383907,
    0.13685457795991,
    0.18581478035622107,
    0.4454439524788485,
    0.41300407574769116,
    0.6821183793766364,
    0.546000376446383,
    0.3397197122483748,
    0.2361972279798111,
    0.27135571548503307,
    0.33581679161209804,
    0.23404702739091973,
    0.0729232590411915,
    0.18206961590867618,
    0.034083576951896725,
    0.6365084088385534,
    0.3545371926749519,
    0.32134941065865863,
    0.24515056933720608,
    0.45085900142175733,
    0.16332118737174178,
    0.32041772754541237,
    0.18190768541529398,
    0.41070045590996423,
    0.5262134405453789,
    0.4830910303083792,
    0.24423748085376565,
    0.3116556994491978,
    0.18286354696846274,
    0.2644650227423707,
    0.2437103800211057,
    0.5908383445770308,
    0.1222421263669357,
    0.3574851191460392,
    0.2127132947699866,
    0.4712041285933038,
    0.2603650423995508,
    0.13409975373771033,
    0.564396889416598,
    0.2707693612110384,
    0.4521659382595405,
    0.1851191894085856,
    0.4032456357102764,
    0.5831510915047696,
    0.5238595664166024,
    0.46300807115357073,
    0.22288211774509917,
    0.2185446357312021,
    0.24546846703161293,
    0.26180647858587136,
    0.395715894873878,
    0.549453014297915,
    0.5995048515720268,
    0.4656891673975314,
    0.044981331100098415,
    0.6269115198122799,
    0.15442948477262455,
    0.20251487218008102,
    0.569394236835734,
    0.25831453721652814,
    0.14036717400550985,
    0.2937703761633977,
    0.09286613503734593,
    0.5700664354138032,
    0.5326260398762107,
    0.20149650448065523,
    0.3668113831227767,
    0.5567212918703086,
    0.24921742630156715,
    0.253099746473336,
    0.222127273356129,
    0.17541609956659876,
    0.21622328865164864,
    0.037623820989336226,
    0.6165222718669323,
    0.18342230746236649,
    0.6919470236286244,
    0.10828292634585816,
    0.6946554968056812,
    0.12236442807201445,
    0.47192731332103016,
    0.2097685125803242,
    0.11902411696379946,
    0.050858209930226224,
    0.14977979729793464,
    0.5239597497282094,
    0.18501049485243182,
    0.42791707727548667,
    0.567093923914678,
    0.3761049032032963,
    0.37754194823797177,
    0.47318405007951236,
    0.10847190850184422,
    0.4475784316606154,
    0.6150704270248604,
    0.31145240539155356,
    0.1807485840162297,
    0.13836448358484513,
    0.03879316840890577,
    0.07675798129759724,
    0.3376601537033184,
    0.4914644685898754,
    0.4053487805012917,
    0.19893657149505053,
    0.205199221128964,
    0.3903604246427961,
    0.2510001254459865,
    0.24578620209077368,
    0.2730536816662263,
    0.6591728772549512,
    0.15441929296386797,
    0.39624543523522965,
    0.3131174650412828,
    0.5909597788941302,
    0.5956979670485812,
    0.23098639469427448,
    0.23482366490286935,
    0.5973767964824815,
    0.16059856492827299,
    0.6322667460904926,
    0.25301972993224725,
    0.09677024833209423,
    0.4440617155221139,
    0.21113166700151456,
    0.2797377192228247,
    0.10910813758464757,
    0.3277745329034414,
    0.01853759904622018,
    0.5787297168097514,
    0.17122943463759935,
    0.37133676305768576,
    0.1750199201070617,
    0.3330410416548982,
    0.4505049444909641,
    0.21504532156403497,
    0.06497906938594245,
    0.6512470382766389,
    0.10952063478054488,
    0.37807625923320953,
    0.523199809434861,
    0.6382685558955115,
    0.03942365104634638,
    0.32637044861197867,
    0.41716948967119816,
    0.251905841131603,
    0.2916053757671098,
    0.3100404061847799,
    0.579402186446564,
    0.31516900024753086,
    0.5037338884038142,
    0.43776035869962493,
    0.6623625881252634,
    0.22264770614369822,
