{
  "config": {
    "mf": 0.45,
    "mf1": 0.7,
    "mf2": 0.07,
    "T_coh": 30,
    "tStack": 2592000.0,
    "nStacks": 4,
    "gamma1": 5,
    "gamma2": 23,
    "gamma1_upper": 8.717797887081348,
    "gamma2_upper": 47.70744176750625
  },
  "mismatch_list": [
    0.1583759052280089,
    0.22825392731691677,
    0.2412976387669325,
    0.3907413248892128,
    0.2004226927257067,
    0.08951251048455486,
    0.352786513501331,
    0.033665793592256424,
    0.07298327184032886,
    0.025466517514447073,
    0.17715926895366094,
    0.4580310244519625,
    0.09339262702683324,
    0.20655707891411093,
    0.22210147054103918,
    0.40884393344356873,
    0.38827591849904836,
    0.3283440923201738,
    0.006865883569325568,
    0.33766482905657946,
    0.07045548578220634,
    0.4047601252392907,
    0.3804956632035711,
    0.34034968466102034,
    0.08823398027964018,
    0.15269827120858112,
    0.22297615925709935,
    0.2959562506740329,
    0.1416745623086867,
    0.1033055007735657,
    0.03023281566641869,
    0.3178097349290578,
    0.3350932398944215,
    0.3007097548500734,
    0.08128229756099112,
    0.07802019511030142,
    0.42184998578929,
    0.05964154026170258,
    0.2592412261515229,
    0.2985678119756819,
    0.2161594999680512,
    0.31286995913734195,
    0.12114847112710446,
    0.3525136476304834,
    0.3717231158087571,
    0.2364598533709163,
    0.2601560315717739,
    0.29845541292159766,
    0.29163998243249767,
    0.34358330786585206,
    0.2877467105025387,
    0.2602851278486836,
    0.18761707933623986,
    0.35237450410693855,
    0.06649773799614243,
    0.3948151581292056,
    0.553164210464229,
    0.22450883420423928,
    0.3562703059191438,
    0.12017396048584147,
    0.18663071438959436,
    0.21658784517351956,
    0.2653485064587171,
    0.3502277183151042,
    0.3512793542237035,
    0.21519561483222255,
    0.03781154777039309,
    0.1343369641239567,
    0.3815588642881533,
    0.18126389447470825,
    0.26238745999533347,
    0.26232681510377287,
    0.17674198294772628,
    0.19218633580240202,
    0.1745942574853433,
    0.3503066506411878,
    0.22233523166059446,
    0.09209624308149487,
    0.2936949696399674,
    0.25758740598596164,
    0.2400008211274948,
    0.23432224743751842,
    0.15908752496270953,
    0.10871887052178315,
    0.37599131628761323,
    0.3233183005320848,
    0.3476866323046013,
    0.06403955984096726,
    0.3697654206442439,
    0.14594355789339164,
    0.2753643102716978,
    0.022564814860325924,
    0.33170413735496906,
    0.2515978736267438,
    0.20661071241773185,
    0.058558244683850014,
    0.24883415797856914,
    0.25880789346391186,
    0.1180999630203498,
    0.2078837491640546,
    0.24522770241298722,
    0.23552741105729127,
    0.5187926158664384,
    0.18227020934992436,
    0.1316048358626855,
    0.30590447048986324,
    0.2906852771551055,
    0.2875712812393474,
    0.31395549546804125,
    0.2879585700700763,
    0.30517824972048413,
    0.2606234815285346,
    0.35665622138522474,
    0.06637319550727609,
    0.2389253320434307,
    0.2880737881358064,
    0.2664405482009068,
    0.05055651626829936,
    0.3500546020871095,
    0.18741866428578244,
    0.42621800819334893,
    0.24193466311654316,
    0.008138486621548988,
    0.23590508633548435,
    0.2695357507056926,
    0.06666832434189089,
    0.4898955057437001,
    0.3666434013876476,
    0.3419456789466669,
    0.05265725820325161,
    0.08111648185033564,
    0.3055393723405516,
    0.2281194098637651,
    0.40278757605187443,
    0.17705395356986625,
    0.32003451337642713,
    0.30482197001785954,
    0.2671838276048607,
    0.294097365481824,
    0.12320909635786587,
    0.06363694715206096,
    0.3178147946935503,
    0.058302798859326696,
    0.4841053281054883,
    0.2772066428057811,
    0.27405397583283003,
    0.23107308352745964,
    0.26363808921318926,
    0.11078816963453177,
    0.20681050083283722,
    0.23568375778011072,
    0.26273087343967705,
    0.31024039953056953,
    0.3243555522530553,
    0.16756805166395414,
    0.31273283951959413,
    0.2248531150367816,
    0.10618718121676639,
    0.22703076539202044,
    0.17903962200378817,
    0.37761925937191265,
    0.43091505985412265,
    0.18916652378855506,
    0.14636460258152076,
    0.3162652056765353,
    0.2734072656483336,
    0.23300851572820563,
    0.36777678863397634,
    0.23255508854732426,
    0.27959492392860935,
    0.3314305486606225,
    0.19808414185960513,
    0.12286568291352226,
    0.29929764686255567,
    0.32932568663172634,
    0.275141752916376,
    0.5335909090777669,
    0.37170706912708074,
    0.3493160210358986,
    0.23684649166049615,
    0.3125393396689295,
    0.1708481524197673,
    0.3622559350314674,
    0.1378758356923883,
    0.5178539211295476,
    0.2532610182154413,
    0.34122509620057945,
    0.15866944385092605,
    0.16073968263422325,
    0.1365581284538314,
    0.18535428037282659,
    0.10624370601438303,
    0.09699937172181472,
    0.15336753348624424,
    0.35623322507364846,
    0.24338536987890394,
    0.0946965283365605,
    0.10586357313629358,
    0.3529093212137999,
    0.2367596082759243,
    0.1978036140596688,
    0.35057713119448897,
    0.28257946215570834,
    0.27611727551053744,
    0.1283876930336295,
    0.1413604232160499,
    0.07069098167815908,
    0.15226024016822706,
    0.33213891568957793,
    0.09252849153385749,
    0.08725968648542687,
    0.15369547850771065,
    0.07191392675600572,
    0.12029568396306198,
    0.31913568235550255,
    0.1635404791278932,
    0.07000191403662517,
    0.3051406628985396,
    0.2592105784351681,
    0.08885264491237789,
    0.2840882116450335,
    0.4276971942015677,
    0.16132892835055437,
    0.23781406319616938,
    0.2814470145799282,
    0.3497515221940064,
    0.12739576234604222,
    0.1384794655963482,
    0.29927805834573457,
    0.3257302902656781,
    0.13372531087915865,
    0.3191011313922535,
    0.39037803379864855,
    0.33399469274074145,
    0.2449505718834959,
    0.3010340857540451,
    0.3644543304211256,
    0.21812319456760554,
    0.1121648592706017,
    0.21237363961003383,
    0.18650631646542778,
    0.05245349425890208,
    0.22036756153179599,
    0.2539843476908247,
    0.2424693356587047,
    0.2621276049474666,
    0.22459665725935976,
    0.32126287963051575,
    0.19258309362096698,
    0.20406051883114235,
    0.126321718908976,
    0.0889535510728291,
    0.36823766089689675,
    0.19455604036130766,
    0.30130073534280194,
    0.3228864134914717,
    0.03690230809108386,
    0.17545832069596917,
    0.15533534817974248,
    0.23559485048974182,
    0.33069919584440094,
    0.09320736736405641,
    0.14802174773517712,
    0.31786589831492496,
    0.3021504866481489,
    0.239535467358881,
    0.3229919457223161,
    0.24329320988278982,
    0.18181027675755257,
    0.186672999564282,
    0.26738354373761625,
    0.37706470918353036,
    0.21544759110395098,
    0.158803744457028,
    0.3278022638253728,
    0.4934933597096447,
    0.09990035155243694,
    0.0792351168473099,
    0.11074595674219401,
    0.40257596947256147,
    0.11159303360059492,
    0.3048414139699808,
    0.293501975765752,
    0.3033650469734079,
    0.3936682540834468,
    0.17245397710499938,
    0.16455691353209437,
    0.2238664609607365,
    0.08296582577235859,
    0.29725509221926766,
    0.25547343638097886,
    0.3066284505063957,
    0.25742354189875327,
    0.2875029744186981,
    0.1455368251105414,
    0.3216503853082943,
    0.22508969516798275,
    0.3582539504472687,
    0.0603842414068574,
    0.24555680395205193,
    0.21913167791331842,
    0.3376353378578229,
    0.21286949653030265,
    0.3984276492710036,
    0.23616638703034903,
    0.3839605176457118,
    0.3675039950454786,
    0.13910073239368206,
    0.3412838617510428,
    0.2773631340933003,
    0.11661058520079604,
    0.3369498843337837,
    0.2024208660061602,
    0.3934783683502768,
    0.28340087877989706,
