{
  "config": {
    "mf": 0.1,
    "mf1": 0.005,
    "mf2": 0.01,
    "T_coh": 15,
    "tStack": 1296000.0,
    "nStacks": 8,
    "gamma1": 5,
    "gamma2": 5,
    "gamma1_upper": 17.776388834631177,
    "gamma2_upper": 100.0
  },
  "mismatch_list": [
    0.4755346503937072,
    0.5430279830755361,
    0.49414227958673035,
    0.06699462104131598,
    0.45495581094654525,
    0.48536533058159487,
    0.5128908953809306,
    0.5510156456456283,
    0.5370415279087694,
    0.5658109624473279,
    0.5471685654741631,
    0.20104349601088514,
    0.33286716076910666,
    0.562471665343419,
    0.5875677140466458,
    0.5425805195766455,
    0.5781899546703321,
    0.5063114724711464,
    0.19122120056831227,
    0.051208675493586826,
    0.2858526649901031,
    0.10175640175304786,
    0.5836943592637847,
    0.3147097779430311,
    0.10363068146005594,
    0.5587564280638004,
    0.5067422387616946,
    0.24216047997751733,
    0.5104190941468116,
    0.48778631736781447,
    0.21680284167692593,
    0.21139554833632196,
    0.5715028311526249,
    0.5272172085621549,
    0.2623309245020184,
    0.5710491152358917,
    0.5513412412083054,
    0.30874865771792676,
    0.08247799293484012,
    0.4305865244999367,
    0.06406191180288794,
    0.3668287765615721,
    0.01304297731319221,
    0.49291261331694164,
    0.4502321634782468,
    0.5035611314433154,
    0.49436574027759866,
    0.5370087478915256,
    0.1707601812492808,
    0.11148827205433777,
    0.03537928829125251,
    0.062450450492126726,
    0.59146922278037,
    0.5655298927735639,
    0.5493526470640959,
    0.46738597902888457,
    0.5816875499832016,
    0.5101956334559433,
    0.3361008534514214,
    0.498439353137138,
    0.5742014903451104,
    0.556483692248621,
    0.32176199929336835,
    0.4292641200556747,
    0.30792232661069513,
    0.5345767380565085,
    0.46072429887627064,
    0.5516802812764011,
    0.46272026581377423,
    0.3467241812007071,
    0.0262910917574484,
    0.13400832460645187,
    0.5100535987616021,
    0.12960633331617832,
    0.5246924966938081,
    0.37297313238471985,
    0.3952015259079956,
    0.07928354953447316,
    0.5400144260988787,
    0.4282350371328566,
    0.35421168648454227,
    0.13696510384651636,
    0.1655069214626928,
    0.564688563091739,
    0.48418416572651507,
    0.22854329217483524,
    0.3843148737864527,
    0.5860970586313435,
    0.5206722281622199,
    0.5426184677774237,
    0.07306293589833295,
    0.5126732895553252,
    0.48089326161388424,
    0.5497038666975842,
    0.38493223680139893,
    0.18199227042133634,
    0.5857892445113168,
    0.39503954130238805,
    0.17429608617436454,
    0.022239235866355254,
    0.45334149448543976,
    0.4169792032294569,
    0.04161775565233029,
    0.5456473847401104,
    0.4503495499126541,
    0.1848161225352463,
    0.3399276223001843,
    0.5537412661312381,
    0.5150558583058998,
    0.09502807733163865,
    0.523991358508001,
    0.5230500985641269,
    0.5072447090811418,
    0.5179714005011187,
    0.5106939114027332,
    0.5019862811110193,
    0.4281476117064923,
    0.29941130414015593,
    0.17480596542824942,
    0.5542948761688768,
    0.5691922555600981,
    0.44381020753112044,
    0.04748989638189566,
    0.4614985144544335,
    0.5527092196346448,
    0.2728967155506956,
    0.5131015621069651,
    0.06063464715546069,
    0.5900600434503285,
    0.35177996577867393,
    0.0015715614882286849,
    0.11403029553046815,
    0.1767419019262362,
    0.5645454080219461,
    0.5622564448332911,
    0.44257989072074694,
    0.25212061774177413,
    0.2057045470184713,
    0.4742478449758895,
    0.07108008819595554,
    0.46319324496004527,
    0.31204885010446237,
    0.06975269627387701,
    0.17198341439550902,
    0.0887421205078727,
    0.041763187614169875,
    0.3887276351375185,
    0.09534546885471896,
    0.586011006568436,
    0.2701856960870996,
    0.4464525588218797,
    0.06967564335572542,
    0.5606986892619169,
    0.49846591687768277,
    0.46751041298629353,
    0.5036394131603493,
    0.04741515649693436,
    0.26483174707444673,
    0.5346026151153249,
    0.43396810674185565,
    0.020591199718272557,
    0.5615081424550882,
    0.3005652185729626,
    0.5697263493801938,
    0.46437845762320806,
    0.5017579413657651,
    0.5389171448380906,
    0.5371870321528961,
    0.525052932318914,
    0.5528728305917143,
    0.5174674483947839,
    0.5917020801685738,
    0.5818648945748385,
    0.5474446838112542,
    0.5508585039532629,
    0.21533399331880362,
    0.4973186885564418,
    0.5664234102667448,
    0.4411638445734217,
    0.29351776785358036,
    0.008010178502553878,
    0.5739117829380264,
    0.46481992169226133,
    0.08301476119956214,
    0.5650798993946214,
    0.5688453005815544,
    0.07916428376059875,
    0.12860023616068872,
    0.5790326938567574,
    0.41676824737427365,
    0.46507764418726083,
    0.5667395729909427,
    0.47966070405260763,
    0.34148306483836816,
    0.5438473750831969,
    0.443166859033927,
    0.18483202463842954,
    0.5696490796151806,
    0.5118295022757355,
    0.3942582059189363,
    0.3903278926937642,
    0.4463752529157229,
    0.4459368247027319,
    0.01064306081369038,
    0.5426537415335757,
    0.080826125825536,
    0.5611698974921516,
    0.35288696900709005,
    0.40755207505098795,
    0.4850083283651308,
    0.10593460708216067,
    0.5647381487407558,
    0.4221375925140994,
    0.5142192992550298,
    0.5678336376899507,
    0.011418866602171592,
    0.4946318113767694,
    0.5643960728165979,
    0.3986009980159958,
    0.38293645056961334,
    0.24774284101771146,
    0.29852346080652,
    0.559648536052381,
    0.5854649861709528,
    0.09888079552150514,
    0.026257986469912353,
    0.4595991889349118,
    0.3937079208665085,
    0.58843394497641,
    0.5719293327882286,
    0.5471857686585159,
    0.5547305576549544,
    0.5363384019600643,
    0.4724274878551301,
    0.28333196478869577,
    0.037271204876336575,
    0.5703093060264345,
    0.4899282945254552,
    0.5642658201350695,
    0.03618277819573003,
    0.3599658625214028,
    0.057794025550921134,
    0.3962961327241575,
    0.5801146874138033,
    0.07153821333220765,
    0.2700167000996339,
    0.1602220020343127,
    0.5060629298266208,
    0.055075416447169456,
    0.4134796924359767,
    0.5699787591270844,
    0.4903747099311815,
    0.29548876126085755,
    0.4444603867044539,
    0.4102537700995356,
    0.25348487363032296,
    0.37631987456421007,
    0.41333769388277897,
    0.004614862626067537,
    0.5645696948704442,
    0.45344341251038695,
    0.24034171306707622,
    0.315886533578592,
    0.565315937203462,
    0.20245473538611175,
    0.03092041084095526,
    0.4780277387614054,
    0.5741621687808753,
    0.5513778521867705,
    0.43888836203132886,
    0.5876135048755848,
    0.14607498506647945,
    0.5850203055401193,
    0.0931231499348592,
    0.400907670365014,
    0.48600679973932115,
    0.5688467462272982,
    0.5348692283316496,
    0.5749426006357372,
    0.18767647720419053,
    0.195422174817892,
    0.10380097852869115,
    0.19032808062771095,
    0.2906939157396704,
    0.36597692980696,
    0.5893852882993481,
    0.5564982571294911,
    0.405333008834052,
    0.4482733496363623,
    0.5676004188903108,
    0.15012539531182867,
    0.5869910098182476,
    0.4803247614250829,
    0.5842135629327179,
    0.5126836259223942,
    0.3470983866015239,
    0.5823236341105318,
    0.3418326942615381,
    0.5206088727374921,
    0.357893890758912,
    0.41598514107478557,
    0.0806875606809801,
    0.3573345704205846,
    0.283817340347221,
    0.5390311340049996,
    0.5218930759929707,
    0.03283148223214642,
    0.2844162713789321,
    0.524356022646908,
    0.03478874200485621,
    0.461577916546919,
    0.5520298384172839,
    0.025437727074805228,
    0.3321991278708356,
    0.1978017799946916,
    0.0232786551562425,
    0.3243340199186853,
    0.4971153584825577,
