{
  "config": {
    "mf": 0.005,
    "mf1": 0.08,
    "mf2": 0.0008,
    "T_coh": 10,
    "tStack": 864000.0,
    "nStacks": 12,
    "gamma1": 5,
    "gamma2": 99,
    "gamma1_upper": 26.758176320519304,
    "gamma2_upper": 100.0
  },
  "mismatch_list": [
    0.27592842227656167,
    0.015958204042830316,
    0.0958063634401171,
    0.04823544552787227,
    0.01055416008490861,
    0.18233400660711108,
    0.015269064293290766,
    0.13770619032031878,
    0.19212437736451318,
    0.007390579277472319,
    0.22883071871876387,
    0.0038960899559399432,
    0.30017863855433313,
    0.007579669856955795,
    0.010027980851976663,
    0.0077330891057913005,
    0.3085384696869044,
    0.2322432940880028,
    0.16597745463479552,
    0.29162570517287423,
    0.15485661914067222,
    0.010998262730300995,
    0.13998660752959988,
    0.0008498233727015439,
    0.031077643909694936,
    0.08308373340700348,
    0.042733820422281334,
    0.21441033935145185,
    0.005140358012219979,
    0.19838784017465724,
    0.005227964198127461,
    0.0035729879336573967,
    0.050671287820690955,
    0.28632818730115805,
    0.0072528814357613,
    0.0034539389335009416,
    0.023535271735848268,
    0.18993752963349714,
    0.22744354849289714,
    0.006965017050137085,
    0.06394557660862793,
    0.1471338302671349,
    0.2946650868640271,
    0.29953373559173696,
    0.001997919786778687,
    0.06072539873554349,
    0.03269705726701444,
    0.26944448028443385,
    0.215816917383355,
    0.003388017447075509,
    0.23263855194781186,
    0.22582679151126417,
    0.07975762577694923,
    0.07280355950005057,
    0.0072709881598288124,
    0.21104812669675996,
    0.2803206039449022,
    0.2727176772477519,
    0.08749993088002041,
    0.18568320844211372,
    0.3038623810905951,
    0.10363063670723043,
    0.24277240834500963,
    0.011330147055873773,
    0.00022768934456152617,
    0.07897231438520678,
    0.15244029307738738,
    0.008509292923751284,
    0.04381848909037348,
    0.19950763805591032,
    0.15549658883413622,
    0.04414289219462495,
    0.28257825221972716,
    0.1595177452943389,
    0.2991314844163449,
    0.2148794336129973,
    0.19281021019738173,
    0.002502414320228583,
    0.14941717491084608,
    0.034883850786281784,
    0.19014282952584344,
    0.1704630973579037,
    0.042253504328753924,
    0.28169411281009527,
    0.01362623146053065,
    0.00888866674118975,
    0.2741504395542797,
    0.20574567555591167,
    0.25946127833688765,
    0.06955801052857213,
    0.09277289082957312,
    0.1728028222202682,
    0.27550947388256847,
    0.26663370953757054,
    0.00420206106563167,
    0.0308318478410659,
    0.017956882794090877,
    0.02449210910049373,
    0.10924697387308141,
    0.0616478658515099,
    0.15255348720868367,
    0.23641320758665232,
    0.0551776936435532,
    0.09773082630740035,
    0.005310908173646303,
    0.3056585247486933,
    0.08831028809966461,
    0.14586955807558266,
    0.10419676999895805,
    0.033246330704894765,
    0.28064603707237906,
    0.1598309265666084,
    0.005423234916963322,
    0.006156069335959206,
    0.1624644791069547,
    0.09043983401229934,
    0.17726878607859642,
    0.09816289394458019,
    0.0420480418011615,
    0.2775141701379353,
    0.03358818999222929,
    0.006121915934274977,
    0.0069672939435827,
    0.06873182347830603,
    0.261713884919083,
    0.27476259862065794,
    0.284501685063785,
    0.0019279866309490753,
    0.26143382702527235,
    0.008357933721366574,
    0.13676550805678744,
    0.2781141315608549,
    0.29987413116185646,
    0.2821906382164855,
    0.015149039481657618,
    0.27806078720012906,
    0.2704426270015926,
    0.2619073124384629,
    0.005437655242118886,
    0.30267736647564975,
    0.1049747085928766,
    0.27668662779395153,
    0.017264273492634194,
    0.12447966208299104,
    0.00260498294877868,
    0.031651637904984806,
    0.04932748699378831,
    0.13542197828862834,
    0.0984865922960985,
    0.031007385483373093,
    0.22514453665381018,
    0.05877529371112272,
    0.04480319129385337,
    0.16176303329045907,
    0.12764579084261646,
    0.01563043981015913,
    0.004994636831700602,
    0.07652974983554867,
    0.27250863674474496,
    0.00932084280186701,
    0.2560578105414312,
    0.05847159949487661,
    0.0033335888513755635,
    0.2795549714179397,
    0.04520630985722469,
    0.02220404803464521,
    0.3021990020050757,
    0.05392052319108134,
    0.26376823913626374,
    0.2313071656113627,
    0.0002232439811677059,
    0.18357556407595588,
    0.1142902386433705,
    0.1944070714672399,
    0.20828012901962498,
    0.17569301317898453,
    0.30469935627885353,
    0.18173935793556456,
    0.01944770588348182,
    0.030272707864921235,
    0.13174571697368767,
    0.22363479366412115,
    0.24906899453361253,
    0.0692868433615491,
    0.05787841454054513,
    0.2569089892078503,
    0.0030185101679013754,
    0.26477983036710134,
    0.031860027867007305,
    0.1551653550495479,
    0.3086551333701178,
    0.02305235347838301,
    0.04249778246841922,
    0.29686630070845,
    0.0009051193563807716,
    0.13327833732133026,
    0.23338103605807725,
    0.29797975581510455,
    0.29103392972400904,
    0.2952685178388638,
    0.27956906647260304,
    0.03299565557888227,
    0.27188259947069815,
    0.3070821794814386,
    0.03432514450412676,
    0.18507733793858525,
    0.10770627597488175,
    0.2270456342574015,
    0.06745275147935731,
    0.309061775697155,
    0.13386978749970319,
    0.04956775346404942,
    0.019084704014152302,
    0.006585643232698619,
    0.27160183682415434,
    0.23084246250146237,
    0.01860460476761971,
    0.15276686465158706,
    0.28646886678904787,
    0.012076100718056296,
    0.14294700270288938,
    0.29587487624813064,
    0.18793532711857075,
    0.06655511334429784,
    0.013186682602029492,
    0.09786115135128746,
    0.12892426651232944,
    0.1059711205340768,
    0.1872030348170619,
    0.2516154830055384,
    0.1781317286944846,
    0.19374942874369802,
    0.05367266707600151,
    0.011215543419111138,
    0.1600762889412478,
    0.24831274063917602,
    0.15577279769378885,
    0.22753527477170618,
    0.008266641136547143,
    0.303086014637389,
    0.21948867912315315,
    0.23971275145984108,
    0.2597110860749208,
    0.29673163872466646,
    0.2735773129469691,
    0.059377911509728896,
    0.13400987065835723,
    0.009903185406457465,
    0.13098409611612938,
    0.10298334842769123,
    0.18035023608674444,
    0.07326891315093538,
    0.05100967755610835,
    0.11018348183196244,
    0.09611846047741252,
    0.23065028185230269,
    0.06427832832217999,
    0.11604821723038031,
    0.024634143882101157,
    0.2955926498843718,
    0.29601273672508777,
    0.04610752596769869,
    0.2472736098399962,
    0.007951779300067775,
    0.15791855291928641,
    0.23011163391716857,
    0.0057853693983135595,
    0.013254989405397951,
    0.23879131436710005,
    0.00608429298067362,
    0.13768846307849222,
    0.2969536358356139,
    0.0644296875245647,
    0.020944058571240688,
    0.019911975299392513,
    0.07838184001831056,
    0.06290048251709053,
    0.16633687852871049,
    0.02604766101783859,
    0.28690315710792463,
    0.00770283895001384,
    0.024879831527232783,
    0.006620555598864719,
    0.23770068240665035,
    0.03165705907985532,
    0.12972535352294506,
    0.049694066838532364,
    0.2848820346927002,
    0.2733862165327835,
    0.06408609346127161,
    0.18926530394955357,
    0.012407985043629072,
    0.28263517455586756,
    0.07250832231660247,
    0.012630253213320087,
    0.3095119500584023,
    0.293552824415844,
    0.06815338411962234,
    0.2395234982451115,
    0.30989679926246,
    0.10010730673538693,
    0.17230954951880026,
    0.02214820993347893,
    0.01786678286774296,
    0.24487913111143952,
    0.2909051768208344,
    0.22060001997160822,
    0.29061481869476974,
    0.310894349650383,
