{
  "config": {
    "mf": 0.3,
    "mf1": 0.5,
    "mf2": 0.008,
    "T_coh": 60,
    "tStack": 5184000.0,
    "nStacks": 2,
    "gamma1": 3,
    "gamma2": 5,
    "gamma1_upper": 4.0,
    "gamma2_upper": 6.000000000000001
  },
  "mismatch_list": [
    0.07110839168926694,
    0.14008633401375098,
    0.03569460426870522,
    0.008460863455789237,
    0.07783664771905882,
    0.20011319412720532,
    0.006055307546853406,
    0.10754251646591455,
    0.03279745624027803,
    0.02083661013224775,
    0.11330038222895572,
    0.16844240254896406,
    0.18618250998941788,
    0.02123756021118005,
    0.10454294437730219,
    0.020443900238820815,
    0.17251594548177618,
    0.18926043612266022,
    0.03689290071877548,
    0.09283552011472651,
    0.12294212209352755,
    0.13552517448954218,
    0.08331405804560148,
    0.02472923039558673,
    0.06483985127187986,
    0.02016055350916251,
    0.035832085258452696,
    0.1331710835988504,
    0.13628471720261603,
    0.11335394343474062,
    0.074151116328289,
    0.03841111875697525,
    0.12011935258163567,
    0.09547707782782927,
    0.2511296282375255,
    0.08559702312456269,
    0.19926720174865412,
    0.09804353420110679,
    0.0571251582983005,
    0.04708738355316799,
    0.12533379979529644,
    0.08234764330694547,
    0.09997152076237618,
    0.19949879433075238,
    0.21867674185956412,
    0.147270040998537,
    0.1479168232783795,
    0.05095889737644059,
    0.059110464746462504,
    0.029519235773392008,
    0.15645712501373366,
    0.21755853423001972,
    0.06967120214186998,
    0.06013658468886794,
    0.055686739951310626,
    0.050655889853295784,
    0.025852353223502742,
    0.14739104161727373,
    0.20359141979841905,
    0.0859925520288204,
    0.10289476271157037,
    0.020818828679315112,
    0.09770149422030497,
    0.05045465584937519,
    0.035198747491803184,
    0.08063137168730086,
    0.0806961366540799,
    0.09330239167770177,
    0.14343886071484332,
    0.1851762676874859,
    0.0582367159535774,
    0.0506256035574471,
    0.025631458426095655,
    0.06663997039315804,
    0.04214891027160808,
    0.005094024853556002,
    0.17212547634054806,
    0.08327798916343324,
    0.2199830281091521,
    0.08378114645556371,
    0.04152258389087103,
    0.11132519530685295,
    0.19451073537150226,
    0.04117931511047631,
    0.04809593888962777,
    0.11552306384553555,
    0.01554142355710015,
    0.13624510648632707,
    0.04580025212076353,
    0.0181570319140939,
    0.03233203032388266,
    0.2067161848808498,
    0.08851361509948939,
    0.08164925144420093,
    0.06104437845870944,
    0.07681312994049719,
    0.008661302354090891,
    0.03540533038806937,
    0.09470401831923346,
    0.013304574604037401,
    0.19145557817189315,
    0.009473466602672712,
    0.05728070987029659,
    0.0672728021835046,
    0.09341247766476034,
    0.0426684756524203,
    0.13175514505617783,
    0.1898548859963107,
    0.07510141210757923,
    0.17326247737563102,
    0.03514670421492717,
    0.11902449214435648,
    0.0423679980107903,
    0.17901716271619644,
    0.017593591159582034,
    0.1125078787738604,
    0.016272631597208168,
    0.020118268346700746,
    0.06335083529459386,
    0.07109545315237693,
    0.09988622761416271,
    0.11462676296600417,
    0.029322194144553095,
    0.035059604008488836,
    0.05317883226451863,
    0.18738716728443963,
    0.12444053477358283,
    0.032842921825215546,
    0.0626031468834751,
    0.2061623576760942,
    0.10431207461849387,
    0.006573065869440766,
    0.03480307402288748,
    0.057571501679841326,
    0.03590451215210515,
    0.04698611601024674,
    0.18864227764509955,
    0.19584087478965842,
    0.13006344942839135,
    0.039746390220490015,
    0.21366193843858605,
    0.10125496579600192,
    0.1726334765487212,
    0.017109950096280063,
    0.10687592882792758,
    0.13107605257527483,
    0.016441916811713208,
    0.18257121255052536,
    0.006442234853960782,
    0.0702247402173096,
    0.17635963060838591,
    0.1453409702023327,
    0.0672295773507659,
    0.06557243267623877,
    0.07033150121723442,
    0.1825118687584209,
    0.037191137608206644,
    0.13266669750712703,
    0.02762941428183169,
    0.18896378944446693,
    0.1408710309773149,
    0.17643639444177803,
    0.04527743403514656,
    0.14103785859263415,
    0.01443810608732862,
    0.035204963772096705,
    0.062470725656757244,
    0.010472263824718244,
    0.026596282953513788,
    0.024696558782881232,
    0.07076974897792787,
    0.11337280912260818,
    0.07951359775173043,
    0.02843008564010339,
    0.03375808839261448,
    0.11067609999248264,
    0.07418957052731405,
    0.17611199134925087,
    0.038662444414889,
    0.18178738297490935,
    0.11330963436706701,
    0.12051126736944366,
    0.04076730583520786,
    0.09746664893340196,
    0.014411578472587649,
    0.06322376296022159,
    0.060269295044901784,
    0.06561269393348869,
    0.08491684640872477,
    0.08953330191461432,
    0.03844870556805237,
    0.23013797250958465,
    0.055869831090653604,
    0.03874137671815096,
    0.10497179543522636,
    0.11381908022182001,
    0.07516350262818548,
    0.030185678846720986,
    0.18688653987382398,
    0.052635269150480245,
    0.01646446889835948,
    0.0503122596612561,
    0.16361307558418578,
    0.17963517662909914,
    0.035222600660371355,
    0.10086977326479041,
    0.021486645116894982,
    0.06120390555880023,
    0.0878890957769772,
    0.053264848236022046,
    0.03379733769725848,
    0.07638912179861565,
    0.01575024720556516,
    0.019194283335164486,
    0.13655664332429324,
    0.03206986231661973,
    0.17082497267727964,
    0.008924699160946724,
    0.12493653611514285,
    0.07811623576760943,
    0.12226129483672868,
    0.040775546020713226,
    0.04179429316556123,
    0.13446479272319337,
    0.04606184186939451,
    0.06566907415010438,
    0.07370354414715526,
    0.022390318793983798,
    0.037644926069633905,
    0.05455928018365494,
    0.11387733977898955,
    0.19404162305632816,
    0.13313833970381592,
    0.15625184319938937,
    0.09120598728987526,
    0.14994174044283046,
    0.020659157014566335,
    0.11195650916829061,
    0.12511941040749885,
    0.1857225052476971,
    0.02084000740171049,
    0.07333924120902315,
    0.237108157494521,
    0.17668656358242787,
    0.027370860391018485,
    0.154297473588037,
    0.04984343647539799,
    0.06668276153192276,
    0.007612485760381188,
    0.08221984814928325,
    0.12593302030266057,
    0.1421249848207109,
    0.011285440025905986,
    0.13798855626167358,
    0.21214299757709634,
    0.14036650032093353,
    0.018452522075023275,
    0.15222080227602597,
    0.07240267907224185,
    0.13015336864566046,
    0.06769876194826899,
    0.21485083818588702,
    0.01444735822543991,
    0.0462304042606096,
    0.17878889512123192,
    0.024929163317585424,
    0.0968768251288071,
    0.23024878131993315,
    0.13716873008621835,
    0.11866062290019834,
    0.1330692377972972,
    0.082719319042635,
    0.21576564334164097,
    0.05477757281721823,
    0.09420252352066985,
    0.029570556226978077,
    0.05483077261135816,
    0.019726136711905765,
    0.03167903176374665,
    0.09378155123660609,
    0.19071519027600284,
    0.01987185788715861,
    0.020739101270434216,
    0.18658512256191703,
    0.22150500482845958,
    0.05331616868960811,
    0.21268844003168857,
    0.15228339877293517,
    0.12082699658249149,
    0.04356925803634934,
    0.06792139152157194,
    0.010356539815998104,
    0.04214218801501159,
    0.07061340230031284,
    0.1342281403780655,
    0.14351858812372423,
    0.21014959550808696,
    0.08790333539578912,
    0.15278547183013075,
    0.06863033660434967,
    0.13676149144466354,
    0.004476300069969294,
    0.06835624201280265,
    0.20751924155597834,
    0.08412080111950872,
    0.004468493578437892,
    0.10617464567202327,
    0.015996007124146346,
    0.1619267288487449,
