{
  "config": {
    "mf": 1.4,
    "mf1": 0.9,
    "mf2": 0.005,
    "T_coh": 40,
    "tStack": 3456000.0,
    "nStacks": 3,
    "gamma1": 3,
    "gamma2": 5,
    "gamma1_upper": 6.4031242374328485,
    "gamma2_upper": 23.685438564654024
  },
  "mismatch_list": [
    0.40707572214594634,
    0.06875973709926846,
    0.32325293846397213,
    0.2566383041885804,
    0.2458046919360419,
    0.2467548604314319,
    0.37360373696438975,
    0.0771741521642233,
    0.06312670760083837,
    0.43551084391247585,
    0.06540674335020293,
    0.5623887508116847,
    0.10720130897406414,
    0.22641359993780832,
    0.41004522231730955,
    0.5304369430628593,
    0.21412825252591292,
    0.4232412178940684,
    0.01887564713863591,
    0.5361966110964197,
    0.1981211091584056,
    0.11381795558782236,
    0.33430025324454327,
    0.5720089425454628,
    0.36273250179088357,
    0.198760753026558,
    0.20062737033889144,
    0.5658760811575195,
    0.24505841365067996,
    0.5583771933105796,
    0.34863556194386247,
    0.18557435292099697,
    0.323328617999521,
    0.42540160841781954,
    0.08180914423467768,
    0.1707169313227731,
    0.3519773338706797,
    0.5102920373527299,
    0.3404014549987038,
    0.05996009368215744,
    0.5162716422600164,
    0.33089619207249277,
    0.3383127323445769,
    0.15268758305910343,
    0.4976781128169365,
    0.3384933657345832,
    0.38203533713877796,
    0.33223343211789613,
    0.33263074967952755,
    0.4466042928511788,
    0.16867455967358483,
    0.4342645168907941,
    0.031962026654592635,
    0.44450901058114833,
    0.3598789062377177,
    0.565878574895797,
    0.6297903221487003,
    0.4205472215906559,
    0.45972753632427965,
    0.5443684830080469,
    0.5384723099096497,
    0.4272722373960775,
    0.29237059206008914,
    0.3849456923436055,
    0.42433244523723634,
    0.04656134634110588,
    0.3394789344711719,
    0.20756733554148438,
    0.2571482736663081,
    0.24427348242201835,
    0.02234172649741123,
    0.3068628436357793,
    0.457094365550155,
    0.44090382399585565,
    0.3672679611770488,
    0.20188925611895608,
    0.3824498398098427,
    0.3687452300478982,
    0.3056829801603604,
    0.3883738777229047,
    0.023044093304410308,
    0.4029113960694998,
    0.3297263577618851,
    0.32996244972271255,
    0.25526983820300786,
    0.12771263157586585,
    0.34357479116839335,
    0.3317311064901057,
    0.5699901529865063,
    0.19262973483647203,
    0.44638137433386016,
    0.21227925401662628,
    0.4886808677471926,
    0.406151575267364,
    0.3630828178071562,
    0.5745979307827161,
    0.3441725836028468,
    0.06787803798310352,
    0.5813531425059749,
    0.3846181994537412,
    0.4073126272822991,
    0.3852950325492478,
    0.522197794429444,
    0.08038402702084689,
    0.3996234021507517,
    0.24460531224801724,
    0.5154047971501126,
    0.3234260906391462,
    0.4117065941270729,
    0.35650390253776904,
    0.07960576383149225,
    0.228582447487022,
    0.3413830662810697,
    0.446296695655832,
    0.3010464159505572,
    0.42852609984429313,
    0.30622536823569424,
    0.04084851721779909,
    0.19541177094341697,
    0.03966637685090947,
    0.07117302521136872,
    0.07450227423509728,
    0.3387284818847804,
    0.4081968743484431,
    0.08835911045536637,
    0.28680256239197643,
    0.42303196072557375,
    0.4196378202949312,
    0.5420938684288505,
    0.027687433976923814,
    0.5013351257890377,
    0.03974129742263475,
    0.26446403438496446,
    0.1329267672553949,
    0.16889037645798305,
    0.3693840607405253,
    0.1055374976377251,
    0.19546403102383894,
    0.3919984720973998,
    0.40384042200123366,
    0.187593196691655,
    0.040260537101350184,
    0.3438131058089898,
    0.36773586237427086,
    0.09031951401161063,
    0.436248719384077,
    0.43536945979448777,
    0.3905544349996818,
    0.3494391419979029,
    0.3975509972188313,
    0.4518788745780839,
    0.2883488427590677,
    0.3091600644945773,
    0.02201309516181163,
    0.19122716969054118,
    0.3329309198717438,
    0.07901941006609382,
    0.4727672937767894,
    0.38502088397383916,
    0.3811215989069186,
    0.4974415871624956,
    0.06904304745226145,
    0.4581489999946873,
    0.4671023335860683,
    0.11523532052831255,
    0.20768399912350521,
    0.4925049069721778,
    0.31887854204350574,
    0.23902687393318148,
    0.431051823025683,
    0.537555047917181,
    0.5828476778038102,
    0.364836837415095,
    0.32763633402691783,
    0.34521464093258875,
    0.3219876373467015,
    0.2109190282097095,
    0.3600976504540067,
    0.44936388531362714,
    0.38566795484512206,
    0.41861007485443347,
    0.23844165861351838,
    0.444893642604586,
    0.43184938558083663,
    0.3449378901954993,
    0.46392043196751287,
    0.24908428304102925,
    0.3172190676433013,
    0.42596822912380555,
    0.47938545831819473,
    0.07956326185737313,
    0.5751807065758036,
    0.08360116624549596,
    0.12254002205982564,
    0.25117723420788735,
    0.5320202500221997,
    0.34076667923293913,
    0.3452393072568543,
    0.10538315692303489,
    0.17004226669533382
  ],
  "statistics": {
    "mean_mismatch": 0.31754665106670743,
    "std_mismatch": 0.15274450862248196,
    "min_mismatch": 0.01887564713863591,
    "max_mismatch": 0.6297903221487003,
    "valid_samples": 200,
    "total_runs": 200
  },
  "perfect_2F": 4611554.5
}